wall_time_iso,ros_time_sec,robot_id,phase,anchor_class,decision,reason,candidate_kind,candidate_id,track_id,track_lifecycle,track_age,track_missed_updates,score,centroid_distance,normal_angle_deg,plane_offset,projected_gap,axis_angle_deg,axis_distance,radius_diff,axial_overlap_ratio,axial_gap,xy_distance,vertical_overlap_ratio,height_diff,footprint_diff,threshold_normal_angle,threshold_plane_offset,threshold_projected_gap,threshold_centroid_distance,threshold_axis_angle,threshold_axis_distance,threshold_radius_diff,threshold_axial_overlap,threshold_axial_gap,threshold_xy_distance,threshold_vertical_overlap,threshold_height_diff,threshold_footprint_diff,debug_margin_scale,debug_centroid_margin_scale,candidate_inlier_count,track_inlier_count,candidate_age
2026-06-01T19:59:29,1778158926.761856556,r1,track_association,wall_like,accepted,selected_best_match,detection,0,5,candidate,1,0,0.122891914,0.121372969,0.428157545,0.008674369,0.000000000,nan,nan,nan,nan,nan,nan,nan,nan,nan,8.000000000,0.300000000,1.800000000,3.000000000,nan,nan,nan,nan,nan,nan,nan,nan,nan,1.500000000,2.000000000,1208,1155,0
2026-06-01T19:59:29,1778158926.761856556,r1,track_association,wall_like,accepted,selected_best_match,detection,1,6,candidate,1,0,0.197631613,0.127650309,0.427538267,0.030491768,0.000000000,nan,nan,nan,nan,nan,nan,nan,nan,nan,8.000000000,0.300000000,1.800000000,3.000000000,nan,nan,nan,nan,nan,nan,nan,nan,nan,1.500000000,2.000000000,296,315,0
2026-06-01T19:59:29,1778158926.962856293,r1,track_association,wall_like,accepted,selected_best_match,detection,0,5,weak_tracked,2,0,0.205604267,0.234434491,0.931037223,0.003323935,0.000000000,nan,nan,nan,nan,nan,nan,nan,nan,nan,8.000000000,0.300000000,1.800000000,3.000000000,nan,nan,nan,nan,nan,nan,nan,nan,nan,1.500000000,2.000000000,1309,1208,0
2026-06-01T19:59:29,1778158926.962856293,r1,track_association,wall_like,accepted,selected_best_match,detection,1,6,weak_tracked,2,0,0.748401786,0.338133571,0.950618671,0.155058979,0.000000000,nan,nan,nan,nan,nan,nan,nan,nan,nan,8.000000000,0.300000000,1.800000000,3.000000000,nan,nan,nan,nan,nan,nan,nan,nan,nan,1.500000000,2.000000000,474,296,0
2026-06-01T19:59:29,1778158926.962856293,r1,track_association,wall_like,accepted,selected_best_match,detection,2,7,candidate,1,1,0.348555793,0.136456518,1.388709630,0.038844475,0.000000000,nan,nan,nan,nan,nan,nan,nan,nan,nan,8.000000000,0.300000000,1.800000000,3.000000000,nan,nan,nan,nan,nan,nan,nan,nan,nan,1.500000000,2.000000000,618,435,0
2026-06-01T19:59:29,1778158926.962856293,r1,track_association,pillar_like,accepted,selected_best_match,detection,4,8,candidate,1,1,0.380954401,0.175697638,nan,nan,nan,nan,nan,nan,nan,nan,0.155951552,1.000000000,0.498649597,0.011511803,nan,nan,nan,nan,nan,nan,nan,nan,nan,0.500000000,0.300000000,0.800000000,0.600000000,1.500000000,2.000000000,129,150,0
2026-06-01T19:59:30,1778158927.163856268,r1,track_association,wall_like,accepted,selected_best_match,detection,0,5,confirmed,3,0,0.257336731,0.271390856,1.089891430,0.009191005,0.000000000,nan,nan,nan,nan,nan,nan,nan,nan,nan,8.000000000,0.300000000,1.800000000,3.000000000,nan,nan,nan,nan,nan,nan,nan,nan,nan,1.500000000,2.000000000,1302,1309,0
2026-06-01T19:59:30,1778158927.163856268,r1,track_association,wall_like,accepted,selected_best_match,detection,1,6,confirmed,3,0,0.745349775,0.219186847,1.099451029,0.160456834,0.000000000,nan,nan,nan,nan,nan,nan,nan,nan,nan,8.000000000,0.300000000,1.800000000,3.000000000,nan,nan,nan,nan,nan,nan,nan,nan,nan,1.500000000,2.000000000,350,474,0
2026-06-01T19:59:30,1778158927.163856268,r1,track_association,wall_like,accepted,selected_best_match,detection,2,7,weak_tracked,2,0,0.779720676,1.516782633,1.182184606,0.037906017,0.000000000,nan,nan,nan,nan,nan,nan,nan,nan,nan,8.000000000,0.300000000,1.800000000,3.000000000,nan,nan,nan,nan,nan,nan,nan,nan,nan,1.500000000,2.000000000,611,618,0
2026-06-01T19:59:30,1778158927.340856552,r1,track_association,wall_like,accepted,selected_best_match,detection,0,5,confirmed,4,0,0.884411145,2.018291922,0.870750589,0.030841004,0.000000000,nan,nan,nan,nan,nan,nan,nan,nan,nan,8.000000000,0.300000000,1.800000000,3.000000000,nan,nan,nan,nan,nan,nan,nan,nan,nan,1.500000000,2.000000000,1800,1302,0
2026-06-01T19:59:30,1778158927.340856552,r1,track_association,wall_like,accepted,selected_best_match,detection,2,7,confirmed,3,0,0.740564083,1.634158776,1.053397978,0.019250923,0.000000000,nan,nan,nan,nan,nan,nan,nan,nan,nan,8.000000000,0.300000000,1.800000000,3.000000000,nan,nan,nan,nan,nan,nan,nan,nan,nan,1.500000000,2.000000000,767,611,0
2026-06-01T19:59:30,1778158927.562861204,r1,track_association,wall_like,accepted,selected_best_match,detection,0,5,confirmed,5,0,0.731418355,1.785820949,0.542193525,0.020511154,0.000000000,nan,nan,nan,nan,nan,nan,nan,nan,nan,8.000000000,0.300000000,1.800000000,3.000000000,nan,nan,nan,nan,nan,nan,nan,nan,nan,1.500000000,2.000000000,1874,1800,0
2026-06-01T19:59:30,1778158927.562861204,r1,track_association,wall_like,accepted,selected_best_match,detection,2,7,confirmed,4,0,0.564580533,1.268035088,0.780462756,0.013303298,0.000000000,nan,nan,nan,nan,nan,nan,nan,nan,nan,8.000000000,0.300000000,1.800000000,3.000000000,nan,nan,nan,nan,nan,nan,nan,nan,nan,1.500000000,2.000000000,701,767,0
2026-06-01T19:59:30,1778158927.760861158,r1,track_association,wall_like,accepted,selected_best_match,detection,0,5,confirmed,6,0,0.534751668,1.301246198,0.343838017,0.017406955,0.000000000,nan,nan,nan,nan,nan,nan,nan,nan,nan,8.000000000,0.300000000,1.800000000,3.000000000,nan,nan,nan,nan,nan,nan,nan,nan,nan,1.500000000,2.000000000,1861,1874,0
2026-06-01T19:59:30,1778158927.760861158,r1,track_association,wall_like,accepted,selected_best_match,detection,2,7,confirmed,5,0,0.143122570,0.216421004,0.444365432,0.004630967,0.000000000,nan,nan,nan,nan,nan,nan,nan,nan,nan,8.000000000,0.300000000,1.800000000,3.000000000,nan,nan,nan,nan,nan,nan,nan,nan,nan,1.500000000,2.000000000,768,701,0
2026-06-01T19:59:30,1778158927.961861610,r1,track_association,wall_like,accepted,selected_best_match,detection,0,5,confirmed,7,0,0.478172339,0.697698394,1.573238767,0.014685408,0.000000000,nan,nan,nan,nan,nan,nan,nan,nan,nan,8.000000000,0.300000000,1.800000000,3.000000000,nan,nan,nan,nan,nan,nan,nan,nan,nan,1.500000000,2.000000000,879,1861,0
2026-06-01T19:59:30,1778158927.961861610,r1,track_association,wall_like,accepted,selected_best_match,detection,4,7,confirmed,6,0,0.329535668,0.440380435,0.906045192,0.020845962,0.000000000,nan,nan,nan,nan,nan,nan,nan,nan,nan,8.000000000,0.300000000,1.800000000,3.000000000,nan,nan,nan,nan,nan,nan,nan,nan,nan,1.500000000,2.000000000,712,768,0
2026-06-01T19:59:31,1778158928.162861586,r1,track_association,wall_like,accepted,selected_best_match,detection,0,5,confirmed,8,0,0.424291445,1.013258312,0.428102584,0.009907755,0.000000000,nan,nan,nan,nan,nan,nan,nan,nan,nan,8.000000000,0.300000000,1.800000000,3.000000000,nan,nan,nan,nan,nan,nan,nan,nan,nan,1.500000000,2.000000000,1812,879,0
2026-06-01T19:59:31,1778158928.162861586,r1,track_association,wall_like,accepted,selected_best_match,detection,2,7,confirmed,7,0,0.255183927,0.634399822,0.245668081,0.003902643,0.000000000,nan,nan,nan,nan,nan,nan,nan,nan,nan,8.000000000,0.300000000,1.800000000,3.000000000,nan,nan,nan,nan,nan,nan,nan,nan,nan,1.500000000,2.000000000,687,712,0
2026-06-01T19:59:31,1778158928.345861435,r1,track_association,wall_like,accepted,selected_best_match,detection,0,5,confirmed,9,0,0.460347856,1.134939484,0.503055265,0.005745836,0.000000000,nan,nan,nan,nan,nan,nan,nan,nan,nan,8.000000000,0.300000000,1.800000000,3.000000000,nan,nan,nan,nan,nan,nan,nan,nan,nan,1.500000000,2.000000000,1422,1812,0
2026-06-01T19:59:31,1778158928.345861435,r1,track_association,wall_like,accepted,selected_best_match,detection,2,7,confirmed,8,0,0.109900478,0.145250644,0.477653262,0.000533082,0.000000000,nan,nan,nan,nan,nan,nan,nan,nan,nan,8.000000000,0.300000000,1.800000000,3.000000000,nan,nan,nan,nan,nan,nan,nan,nan,nan,1.500000000,2.000000000,653,687,0
2026-06-01T19:59:31,1778158928.603861332,r1,track_association,wall_like,accepted,selected_best_match,detection,0,12,candidate,1,2,1.614357742,2.157371920,2.088403414,0.190255003,0.000000000,nan,nan,nan,nan,nan,nan,nan,nan,nan,8.000000000,0.300000000,1.800000000,3.000000000,nan,nan,nan,nan,nan,nan,nan,nan,nan,1.500000000,2.000000000,269,210,0
2026-06-01T19:59:31,1778158928.603861332,r1,track_association,wall_like,accepted,selected_best_match,detection,2,5,confirmed,10,0,0.429607416,0.680187882,1.182953519,0.016502680,0.000000000,nan,nan,nan,nan,nan,nan,nan,nan,nan,8.000000000,0.300000000,1.800000000,3.000000000,nan,nan,nan,nan,nan,nan,nan,nan,nan,1.500000000,2.000000000,1423,1422,0
2026-06-01T19:59:31,1778158928.603861332,r1,track_association,wall_like,accepted,selected_best_match,detection,4,7,confirmed,9,0,0.245928564,0.129978162,1.144431098,0.017864587,0.000000000,nan,nan,nan,nan,nan,nan,nan,nan,nan,8.000000000,0.300000000,1.800000000,3.000000000,nan,nan,nan,nan,nan,nan,nan,nan,nan,1.500000000,2.000000000,675,653,0
2026-06-01T19:59:31,1778158928.603861332,r1,track_association,pillar_like,accepted,selected_best_match,detection,6,9,candidate,1,9,0.989675930,0.323327678,nan,nan,nan,nan,nan,nan,nan,nan,0.189830459,0.870181904,0.013713479,0.287295341,nan,nan,nan,nan,nan,nan,nan,nan,nan,0.500000000,0.300000000,0.800000000,0.600000000,1.500000000,2.000000000,58,127,0
2026-06-01T19:59:31,1778158928.741861343,r1,track_association,wall_like,accepted,selected_best_match,detection,0,5,confirmed,11,0,0.332141379,0.508587038,0.849817204,0.016915565,0.000000000,nan,nan,nan,nan,nan,nan,nan,nan,nan,8.000000000,0.300000000,1.800000000,3.000000000,nan,nan,nan,nan,nan,nan,nan,nan,nan,1.500000000,2.000000000,1689,1423,0
2026-06-01T19:59:31,1778158928.741861343,r1,track_association,pillar_like,accepted,selected_best_match,detection,2,9,weak_tracked,2,0,0.591455339,0.372664469,nan,nan,nan,nan,nan,nan,nan,nan,0.151507719,0.886865466,0.305930376,0.086827397,nan,nan,nan,nan,nan,nan,nan,nan,nan,0.500000000,0.300000000,0.800000000,0.600000000,1.500000000,2.000000000,45,58,0
2026-06-01T19:59:31,1778158928.960861444,r1,track_association,wall_like,accepted,selected_best_match,detection,0,5,confirmed,12,0,0.304624429,0.350364132,1.279123650,0.008383779,0.000000000,nan,nan,nan,nan,nan,nan,nan,nan,nan,8.000000000,0.300000000,1.800000000,3.000000000,nan,nan,nan,nan,nan,nan,nan,nan,nan,1.500000000,2.000000000,1746,1689,0
2026-06-01T19:59:31,1778158928.960861444,r1,track_association,wall_like,accepted,selected_best_match,detection,5,7,confirmed,10,1,0.229063760,0.303293258,0.736942361,0.010754464,0.000000000,nan,nan,nan,nan,nan,nan,nan,nan,nan,8.000000000,0.300000000,1.800000000,3.000000000,nan,nan,nan,nan,nan,nan,nan,nan,nan,1.500000000,2.000000000,697,675,0
2026-06-01T19:59:31,1778158928.960861444,r1,track_association,pillar_like,accepted,selected_best_match,detection,7,9,weak_tracked,3,0,0.564409336,0.180940812,nan,nan,nan,nan,nan,nan,nan,nan,0.114860898,1.000000000,0.296021581,0.183051229,nan,nan,nan,nan,nan,nan,nan,nan,nan,0.500000000,0.300000000,0.800000000,0.600000000,1.500000000,2.000000000,74,45,0
2026-06-01T19:59:32,1778158929.182861567,r1,track_association,wall_like,accepted,selected_best_match,detection,0,5,confirmed,13,0,0.805257012,2.118211404,0.531060583,0.009841191,0.000000000,nan,nan,nan,nan,nan,nan,nan,nan,nan,8.000000000,0.300000000,1.800000000,3.000000000,nan,nan,nan,nan,nan,nan,nan,nan,nan,1.500000000,2.000000000,1241,1746,0
2026-06-01T19:59:32,1778158929.182861567,r1,track_association,pillar_like,accepted,selected_best_match,detection,3,13,candidate,1,0,0.756756473,0.194592859,nan,nan,nan,nan,nan,nan,nan,nan,0.141817157,0.945754692,0.069372296,0.247163773,nan,nan,nan,nan,nan,nan,nan,nan,nan,0.500000000,0.300000000,0.800000000,0.600000000,1.500000000,2.000000000,49,30,0
2026-06-01T19:59:32,1778158929.182861567,r1,track_association,pillar_like,accepted,selected_best_match,detection,4,9,confirmed,4,0,0.381715761,0.273687293,nan,nan,nan,nan,nan,nan,nan,nan,0.083259553,0.932996542,0.299836755,0.070925713,nan,nan,nan,nan,nan,nan,nan,nan,nan,0.500000000,0.300000000,0.800000000,0.600000000,1.500000000,2.000000000,48,74,0
2026-06-01T19:59:32,1778158929.359861374,r1,track_association,wall_like,accepted,selected_best_match,detection,0,5,confirmed,14,0,0.389052022,0.861365279,0.492341345,0.012116278,0.000000000,nan,nan,nan,nan,nan,nan,nan,nan,nan,8.000000000,0.300000000,1.800000000,3.000000000,nan,nan,nan,nan,nan,nan,nan,nan,nan,1.500000000,2.000000000,1695,1241,0
2026-06-01T19:59:32,1778158929.359861374,r1,track_association,wall_like,accepted,selected_best_match,detection,2,7,confirmed,11,1,0.331768513,0.479267100,0.866763965,0.019100195,0.000000000,nan,nan,nan,nan,nan,nan,nan,nan,nan,8.000000000,0.300000000,1.800000000,3.000000000,nan,nan,nan,nan,nan,nan,nan,nan,nan,1.500000000,2.000000000,599,697,0
2026-06-01T19:59:32,1778158929.359861374,r1,track_association,pillar_like,accepted,selected_best_match,detection,3,9,confirmed,5,0,0.281927184,0.081055980,nan,nan,nan,nan,nan,nan,nan,nan,0.063977072,1.000000000,0.538650513,0.060064793,nan,nan,nan,nan,nan,nan,nan,nan,nan,0.500000000,0.300000000,0.800000000,0.600000000,1.500000000,2.000000000,62,48,0
2026-06-01T19:59:32,1778158929.560861349,r1,track_association,wall_like,accepted,selected_best_match,detection,0,5,confirmed,15,0,0.542603663,1.203893019,0.817429121,0.011738205,0.000000000,nan,nan,nan,nan,nan,nan,nan,nan,nan,8.000000000,0.300000000,1.800000000,3.000000000,nan,nan,nan,nan,nan,nan,nan,nan,nan,1.500000000,2.000000000,1616,1695,0
2026-06-01T19:59:32,1778158929.560861349,r1,track_association,wall_like,accepted,selected_best_match,detection,6,7,confirmed,12,0,0.166829616,0.239923154,0.420123709,0.010301930,0.000000000,nan,nan,nan,nan,nan,nan,nan,nan,nan,8.000000000,0.300000000,1.800000000,3.000000000,nan,nan,nan,nan,nan,nan,nan,nan,nan,1.500000000,2.000000000,611,599,0
2026-06-01T19:59:32,1778158929.560861349,r1,track_association,pillar_like,accepted,selected_best_match,detection,8,13,weak_tracked,2,1,0.724047264,0.521727520,nan,nan,nan,nan,nan,nan,nan,nan,0.139011093,0.867209601,0.504773378,0.157654405,nan,nan,nan,nan,nan,nan,nan,nan,nan,0.500000000,0.300000000,0.800000000,0.600000000,1.500000000,2.000000000,48,49,0
2026-06-01T19:59:32,1778158929.761861324,r1,track_association,wall_like,accepted,selected_best_match,detection,0,5,confirmed,16,0,0.230354724,0.482588106,0.165751936,0.014631909,0.000000000,nan,nan,nan,nan,nan,nan,nan,nan,nan,8.000000000,0.300000000,1.800000000,3.000000000,nan,nan,nan,nan,nan,nan,nan,nan,nan,1.500000000,2.000000000,1680,1616,0
2026-06-01T19:59:32,1778158929.761861324,r1,track_association,wall_like,accepted,selected_best_match,detection,2,7,confirmed,13,0,0.410302184,0.869331649,0.442849273,0.019550643,0.000000000,nan,nan,nan,nan,nan,nan,nan,nan,nan,8.000000000,0.300000000,1.800000000,3.000000000,nan,nan,nan,nan,nan,nan,nan,nan,nan,1.500000000,2.000000000,539,611,0
2026-06-01T19:59:32,1778158929.761861324,r1,track_association,pillar_like,accepted,selected_best_match,detection,3,9,confirmed,6,1,0.220185260,0.093689533,nan,nan,nan,nan,nan,nan,nan,nan,0.056526990,0.967917095,0.008763552,0.044503212,nan,nan,nan,nan,nan,nan,nan,nan,nan,0.500000000,0.300000000,0.800000000,0.600000000,1.500000000,2.000000000,73,62,0
2026-06-01T19:59:32,1778158929.761861324,r1,track_association,pillar_like,accepted,selected_best_match,detection,4,13,confirmed,3,0,0.738916133,0.164778859,nan,nan,nan,nan,nan,nan,nan,nan,0.046690300,0.958864307,0.130033493,0.354837894,nan,nan,nan,nan,nan,nan,nan,nan,nan,0.500000000,0.300000000,0.800000000,0.600000000,1.500000000,2.000000000,51,48,0
2026-06-01T19:59:32,1778158929.938861609,r1,track_association,wall_like,accepted,selected_best_match,detection,0,5,confirmed,17,0,0.292308157,0.405264826,0.541031682,0.026877277,0.000000000,nan,nan,nan,nan,nan,nan,nan,nan,nan,8.000000000,0.300000000,1.800000000,3.000000000,nan,nan,nan,nan,nan,nan,nan,nan,nan,1.500000000,2.000000000,1683,1680,0
2026-06-01T19:59:32,1778158929.938861609,r1,track_association,wall_like,accepted,selected_best_match,detection,2,7,confirmed,14,0,0.272984185,0.484417977,0.396759143,0.018574990,0.000000000,nan,nan,nan,nan,nan,nan,nan,nan,nan,8.000000000,0.300000000,1.800000000,3.000000000,nan,nan,nan,nan,nan,nan,nan,nan,nan,1.500000000,2.000000000,524,539,0
2026-06-01T19:59:33,1778158930.139861345,r1,track_association,wall_like,accepted,selected_best_match,detection,0,5,confirmed,18,0,0.789379760,2.114148718,0.336450269,0.012782171,0.000000000,nan,nan,nan,nan,nan,nan,nan,nan,nan,8.000000000,0.300000000,1.800000000,3.000000000,nan,nan,nan,nan,nan,nan,nan,nan,nan,1.500000000,2.000000000,1198,1683,0
2026-06-01T19:59:33,1778158930.361861229,r1,track_association,wall_like,accepted,selected_best_match,detection,0,5,confirmed,19,0,0.646649768,1.884151873,0.130919716,0.000670254,0.000000000,nan,nan,nan,nan,nan,nan,nan,nan,nan,8.000000000,0.300000000,1.800000000,3.000000000,nan,nan,nan,nan,nan,nan,nan,nan,nan,1.500000000,2.000000000,798,1198,0
2026-06-01T19:59:33,1778158930.361861229,r1,track_association,pillar_like,accepted,selected_best_match,detection,2,9,confirmed,7,2,0.431185053,0.107959323,nan,nan,nan,nan,nan,nan,nan,nan,0.071258045,0.983187266,0.088193417,0.157822132,nan,nan,nan,nan,nan,nan,nan,nan,nan,0.500000000,0.300000000,0.800000000,0.600000000,1.500000000,2.000000000,65,73,0
2026-06-01T19:59:33,1778158930.361861229,r1,track_association,pillar_like,accepted,selected_best_match,detection,3,18,candidate,1,2,1.163750890,0.224326725,nan,nan,nan,nan,nan,nan,nan,nan,0.119493941,0.927379159,0.121923208,0.503969908,nan,nan,nan,nan,nan,nan,nan,nan,nan,0.500000000,0.300000000,0.800000000,0.600000000,1.500000000,2.000000000,30,38,0
2026-06-01T19:59:33,1778158930.559861183,r1,track_association,wall_like,accepted,selected_best_match,detection,0,5,confirmed,20,0,0.382588112,0.853267636,0.614103438,0.006420791,0.000000000,nan,nan,nan,nan,nan,nan,nan,nan,nan,8.000000000,0.300000000,1.800000000,3.000000000,nan,nan,nan,nan,nan,nan,nan,nan,nan,1.500000000,2.000000000,1339,798,0
2026-06-01T19:59:33,1778158930.559861183,r1,track_association,pillar_like,accepted,selected_best_match,detection,2,9,confirmed,8,0,0.328086928,0.217744662,nan,nan,nan,nan,nan,nan,nan,nan,0.062799742,0.989685577,0.377548695,0.092650890,nan,nan,nan,nan,nan,nan,nan,nan,nan,0.500000000,0.300000000,0.800000000,0.600000000,1.500000000,2.000000000,63,65,0
2026-06-01T19:59:33,1778158930.739861488,r1,track_association,wall_like,accepted,selected_best_match,detection,0,5,confirmed,21,0,0.346801391,0.904668537,0.133979739,0.008549324,0.000000000,nan,nan,nan,nan,nan,nan,nan,nan,nan,8.000000000,0.300000000,1.800000000,3.000000000,nan,nan,nan,nan,nan,nan,nan,nan,nan,1.500000000,2.000000000,1583,1339,0
2026-06-01T19:59:33,1778158930.958861589,r1,track_association,wall_like,accepted,selected_best_match,detection,0,5,confirmed,22,0,0.295436786,0.514872040,0.480802695,0.019113731,0.000000000,nan,nan,nan,nan,nan,nan,nan,nan,nan,8.000000000,0.300000000,1.800000000,3.000000000,nan,nan,nan,nan,nan,nan,nan,nan,nan,1.500000000,2.000000000,1333,1583,0
2026-06-01T19:59:33,1778158930.958861589,r1,track_association,pillar_like,accepted,selected_best_match,detection,2,9,confirmed,9,1,0.383740305,0.090790717,nan,nan,nan,nan,nan,nan,nan,nan,0.087270180,1.000000000,0.189474821,0.114151478,nan,nan,nan,nan,nan,nan,nan,nan,nan,0.500000000,0.300000000,0.800000000,0.600000000,1.500000000,2.000000000,61,63,0
2026-06-01T19:59:34,1778158931.141861439,r1,track_association,wall_like,accepted,selected_best_match,detection,0,5,confirmed,23,0,0.413367659,0.531518534,1.151612909,0.027672960,0.000000000,nan,nan,nan,nan,nan,nan,nan,nan,nan,8.000000000,0.300000000,1.800000000,3.000000000,nan,nan,nan,nan,nan,nan,nan,nan,nan,1.500000000,2.000000000,1663,1333,0
2026-06-01T19:59:34,1778158931.141861439,r1,track_association,pillar_like,accepted,selected_best_match,detection,5,18,weak_tracked,2,3,0.482590296,0.328282062,nan,nan,nan,nan,nan,nan,nan,nan,0.073178666,0.846146076,0.093912601,0.103792667,nan,nan,nan,nan,nan,nan,nan,nan,nan,0.500000000,0.300000000,0.800000000,0.600000000,1.500000000,2.000000000,32,30,0
2026-06-01T19:59:34,1778158931.360861301,r1,track_association,wall_like,accepted,selected_best_match,detection,0,5,confirmed,24,0,0.087129612,0.129999685,0.343044640,0.000274741,0.000000000,nan,nan,nan,nan,nan,nan,nan,nan,nan,8.000000000,0.300000000,1.800000000,3.000000000,nan,nan,nan,nan,nan,nan,nan,nan,nan,1.500000000,2.000000000,1590,1663,0
2026-06-01T19:59:34,1778158931.360861301,r1,track_association,wall_like,accepted,selected_best_match,detection,2,19,candidate,1,6,0.789555427,2.088077288,0.452364918,0.011095215,0.000000000,nan,nan,nan,nan,nan,nan,nan,nan,nan,8.000000000,0.300000000,1.800000000,3.000000000,nan,nan,nan,nan,nan,nan,nan,nan,nan,1.500000000,2.000000000,359,69,0
2026-06-01T19:59:34,1778158931.360861301,r1,track_association,wall_like,accepted,selected_best_match,detection,3,7,stale,15,6,0.672853715,1.863827772,0.209879484,0.007602857,0.000000000,nan,nan,nan,nan,nan,nan,nan,nan,nan,8.000000000,0.300000000,1.800000000,3.000000000,nan,nan,nan,nan,nan,nan,nan,nan,nan,1.500000000,2.000000000,314,524,0
2026-06-01T19:59:34,1778158931.360861301,r1,track_association,pillar_like,accepted,selected_best_match,detection,4,22,candidate,1,3,1.430683615,0.627117837,nan,nan,nan,nan,nan,nan,nan,nan,0.190991129,0.669678013,0.009309769,0.430469036,nan,nan,nan,nan,nan,nan,nan,nan,nan,0.500000000,0.300000000,0.800000000,0.600000000,1.500000000,2.000000000,103,53,0
2026-06-01T19:59:34,1778158931.360861301,r1,track_association,pillar_like,accepted,selected_best_match,detection,5,9,confirmed,10,1,0.619128143,0.399181251,nan,nan,nan,nan,nan,nan,nan,nan,0.073554313,0.877351904,0.356817126,0.188213825,nan,nan,nan,nan,nan,nan,nan,nan,nan,0.500000000,0.300000000,0.800000000,0.600000000,1.500000000,2.000000000,51,61,0
2026-06-01T19:59:34,1778158931.552861452,r1,track_association,wall_like,accepted,selected_best_match,detection,0,5,confirmed,25,0,0.217928636,0.235989859,1.059587967,0.002045056,0.000000000,nan,nan,nan,nan,nan,nan,nan,nan,nan,8.000000000,0.300000000,1.800000000,3.000000000,nan,nan,nan,nan,nan,nan,nan,nan,nan,1.500000000,2.000000000,1215,1590,0
2026-06-01T19:59:34,1778158931.552861452,r1,track_association,pillar_like,accepted,selected_best_match,detection,2,22,weak_tracked,2,0,0.592137972,0.492042335,nan,nan,nan,nan,nan,nan,nan,nan,0.136919282,0.750602886,0.091029406,0.035879612,nan,nan,nan,nan,nan,nan,nan,nan,nan,0.500000000,0.300000000,0.800000000,0.600000000,1.500000000,2.000000000,93,103,0
2026-06-01T19:59:34,1778158931.741861343,r1,track_association,wall_like,accepted,selected_best_match,detection,0,5,confirmed,26,0,0.179211573,0.135940880,0.557200207,0.019274376,0.000000000,nan,nan,nan,nan,nan,nan,nan,nan,nan,8.000000000,0.300000000,1.800000000,3.000000000,nan,nan,nan,nan,nan,nan,nan,nan,nan,1.500000000,2.000000000,1522,1215,0
2026-06-01T19:59:34,1778158931.741861343,r1,track_association,wall_like,accepted,selected_best_match,detection,2,19,weak_tracked,2,1,1.038771848,2.080104907,1.151589608,0.060436453,0.000000000,nan,nan,nan,nan,nan,nan,nan,nan,nan,8.000000000,0.300000000,1.800000000,3.000000000,nan,nan,nan,nan,nan,nan,nan,nan,nan,1.500000000,2.000000000,444,359,0
2026-06-01T19:59:34,1778158931.741861343,r1,track_association,wall_like,accepted,selected_best_match,detection,3,7,confirmed,16,1,0.980294302,1.763293751,0.891149387,0.084340814,0.000000000,nan,nan,nan,nan,nan,nan,nan,nan,nan,8.000000000,0.300000000,1.800000000,3.000000000,nan,nan,nan,nan,nan,nan,nan,nan,nan,1.500000000,2.000000000,205,314,0
2026-06-01T19:59:34,1778158931.741861343,r1,track_association,pillar_like,accepted,selected_best_match,detection,4,22,weak_tracked,3,0,0.377131071,0.122276966,nan,nan,nan,nan,nan,nan,nan,nan,0.122225145,1.000000000,0.848210335,0.028715849,nan,nan,nan,nan,nan,nan,nan,nan,nan,0.500000000,0.300000000,0.800000000,0.600000000,1.500000000,2.000000000,146,93,0
2026-06-01T19:59:34,1778158931.942861557,r1,track_association,wall_like,accepted,selected_best_match,detection,0,5,confirmed,27,0,0.176887707,0.178227747,0.501212149,0.016448082,0.000000000,nan,nan,nan,nan,nan,nan,nan,nan,nan,8.000000000,0.300000000,1.800000000,3.000000000,nan,nan,nan,nan,nan,nan,nan,nan,nan,1.500000000,2.000000000,1480,1522,0
2026-06-01T19:59:35,1778158932.161861420,r1,track_association,wall_like,accepted,selected_best_match,detection,0,5,confirmed,28,0,0.144637302,0.260687352,0.272106696,0.007118454,0.000000000,nan,nan,nan,nan,nan,nan,nan,nan,nan,8.000000000,0.300000000,1.800000000,3.000000000,nan,nan,nan,nan,nan,nan,nan,nan,nan,1.500000000,2.000000000,1320,1480,0
2026-06-01T19:59:35,1778158932.359861374,r1,track_association,wall_like,accepted,selected_best_match,detection,0,5,confirmed,29,0,0.138254695,0.293984857,0.217187824,0.003933379,0.000000000,nan,nan,nan,nan,nan,nan,nan,nan,nan,8.000000000,0.300000000,1.800000000,3.000000000,nan,nan,nan,nan,nan,nan,nan,nan,nan,1.500000000,2.000000000,1393,1320,0
2026-06-01T19:59:35,1778158932.359861374,r1,track_association,wall_like,accepted,selected_best_match,detection,1,19,weak_tracked,3,2,0.891835391,2.045651297,0.770330046,0.034098111,0.000000000,nan,nan,nan,nan,nan,nan,nan,nan,nan,8.000000000,0.300000000,1.800000000,3.000000000,nan,nan,nan,nan,nan,nan,nan,nan,nan,1.500000000,2.000000000,568,444,0
2026-06-01T19:59:35,1778158932.359861374,r1,track_association,wall_like,accepted,selected_best_match,detection,2,7,confirmed,17,2,0.956645177,1.930596076,1.033709893,0.055169824,0.000000000,nan,nan,nan,nan,nan,nan,nan,nan,nan,8.000000000,0.300000000,1.800000000,3.000000000,nan,nan,nan,nan,nan,nan,nan,nan,nan,1.500000000,2.000000000,61,205,0
2026-06-01T19:59:35,1778158932.542866468,r1,track_association,wall_like,accepted,selected_best_match,detection,0,5,confirmed,30,0,0.194002348,0.475002986,0.208120431,0.002895890,0.000000000,nan,nan,nan,nan,nan,nan,nan,nan,nan,8.000000000,0.300000000,1.800000000,3.000000000,nan,nan,nan,nan,nan,nan,nan,nan,nan,1.500000000,2.000000000,1380,1393,0
2026-06-01T19:59:35,1778158932.761866331,r1,track_association,wall_like,accepted,selected_best_match,detection,0,5,confirmed,31,0,0.188092105,0.153664464,0.822694987,0.010210123,0.000000000,nan,nan,nan,nan,nan,nan,nan,nan,nan,8.000000000,0.300000000,1.800000000,3.000000000,nan,nan,nan,nan,nan,nan,nan,nan,nan,1.500000000,2.000000000,1199,1380,0
2026-06-01T19:59:35,1778158932.941866159,r1,track_association,wall_like,accepted,selected_best_match,detection,0,5,confirmed,32,0,0.510658740,0.519457203,2.041954544,0.024678606,0.000000000,nan,nan,nan,nan,nan,nan,nan,nan,nan,8.000000000,0.300000000,1.800000000,3.000000000,nan,nan,nan,nan,nan,nan,nan,nan,nan,1.500000000,2.000000000,1009,1199,0
2026-06-01T19:59:36,1778158933.160866261,r1,track_association,wall_like,accepted,selected_best_match,detection,0,5,confirmed,33,0,0.074926288,0.053385010,0.157894138,0.011218355,0.000000000,nan,nan,nan,nan,nan,nan,nan,nan,nan,8.000000000,0.300000000,1.800000000,3.000000000,nan,nan,nan,nan,nan,nan,nan,nan,nan,1.500000000,2.000000000,1000,1009,0
2026-06-01T19:59:36,1778158933.160866261,r1,track_association,wall_like,accepted,selected_best_match,detection,1,19,weak_tracked,4,3,0.766995521,1.908073949,0.660323436,0.014529132,0.000000000,nan,nan,nan,nan,nan,nan,nan,nan,nan,8.000000000,0.300000000,1.800000000,3.000000000,nan,nan,nan,nan,nan,nan,nan,nan,nan,1.500000000,2.000000000,732,568,0
2026-06-01T19:59:36,1778158933.361866474,r1,track_association,wall_like,accepted,selected_best_match,detection,0,19,confirmed,5,0,0.576357330,1.372193520,0.666990086,0.010675719,0.000000000,nan,nan,nan,nan,nan,nan,nan,nan,nan,8.000000000,0.300000000,1.800000000,3.000000000,nan,nan,nan,nan,nan,nan,nan,nan,nan,1.500000000,2.000000000,804,732,0
2026-06-01T19:59:36,1778158933.559866428,r1,track_association,wall_like,accepted,selected_best_match,detection,0,19,confirmed,18,0,0.452424947,1.110908742,0.515876995,0.005291223,0.000000000,nan,nan,nan,nan,nan,nan,nan,nan,nan,8.000000000,0.300000000,1.800000000,3.000000000,nan,nan,nan,nan,nan,nan,nan,nan,nan,1.500000000,2.000000000,747,804,0
2026-06-01T19:59:36,1778158933.559866428,r1,track_association,wall_like,accepted,selected_best_match,detection,2,5,confirmed,34,1,0.092416974,0.152352455,0.061797060,0.010172457,0.000000000,nan,nan,nan,nan,nan,nan,nan,nan,nan,8.000000000,0.300000000,1.800000000,3.000000000,nan,nan,nan,nan,nan,nan,nan,nan,nan,1.500000000,2.000000000,854,1000,0
2026-06-01T19:59:36,1778158933.799866199,r1,track_association,wall_like,accepted,selected_best_match,detection,0,5,confirmed,35,0,0.927717128,2.457373823,0.397063460,0.017687876,0.000000000,nan,nan,nan,nan,nan,nan,nan,nan,nan,8.000000000,0.300000000,1.800000000,3.000000000,nan,nan,nan,nan,nan,nan,nan,nan,nan,1.500000000,2.000000000,314,854,0
2026-06-01T19:59:36,1778158933.958866358,r1,track_association,wall_like,accepted,selected_best_match,detection,0,5,confirmed,36,0,0.627290498,1.231088155,0.908892724,0.030994857,0.000000000,nan,nan,nan,nan,nan,nan,nan,nan,nan,8.000000000,0.300000000,1.800000000,3.000000000,nan,nan,nan,nan,nan,nan,nan,nan,nan,1.500000000,2.000000000,833,314,0
2026-06-01T19:59:37,1778158934.162866354,r1,track_association,wall_like,accepted,selected_best_match,detection,0,5,confirmed,37,0,0.300470076,0.313140609,1.464667225,0.003901941,0.000000000,nan,nan,nan,nan,nan,nan,nan,nan,nan,8.000000000,0.300000000,1.800000000,3.000000000,nan,nan,nan,nan,nan,nan,nan,nan,nan,1.500000000,2.000000000,699,833,0
2026-06-01T19:59:37,1778158934.540866613,r1,track_association,wall_like,accepted,selected_best_match,detection,0,19,stale,19,4,0.606814475,1.197442546,1.008105525,0.024496131,0.000000000,nan,nan,nan,nan,nan,nan,nan,nan,nan,8.000000000,0.300000000,1.800000000,3.000000000,nan,nan,nan,nan,nan,nan,nan,nan,nan,1.500000000,2.000000000,910,747,0
2026-06-01T19:59:37,1778158934.540866613,r1,track_association,wall_like,accepted,selected_best_match,detection,2,5,confirmed,38,1,0.507206156,0.896028402,1.235921535,0.016211949,0.000000000,nan,nan,nan,nan,nan,nan,nan,nan,nan,8.000000000,0.300000000,1.800000000,3.000000000,nan,nan,nan,nan,nan,nan,nan,nan,nan,1.500000000,2.000000000,301,699,0
2026-06-01T19:59:37,1778158934.738866329,r1,track_association,wall_like,accepted,selected_best_match,detection,0,19,confirmed,20,0,2.150758911,2.447650453,7.909422086,0.103859300,0.000000000,nan,nan,nan,nan,nan,nan,nan,nan,nan,8.000000000,0.300000000,1.800000000,3.000000000,nan,nan,nan,nan,nan,nan,nan,nan,nan,1.500000000,2.000000000,204,910,0
2026-06-01T19:59:37,1778158934.738866329,r1,track_association,wall_like,accepted,selected_best_match,detection,1,5,confirmed,39,0,0.329464074,0.695540812,0.603344224,0.006659733,0.000000000,nan,nan,nan,nan,nan,nan,nan,nan,nan,8.000000000,0.300000000,1.800000000,3.000000000,nan,nan,nan,nan,nan,nan,nan,nan,nan,1.500000000,2.000000000,622,301,0
2026-06-01T19:59:37,1778158934.960866213,r1,track_association,wall_like,accepted,selected_best_match,detection,0,19,confirmed,21,0,0.469890903,0.356162490,2.392850508,0.015619128,0.000000000,nan,nan,nan,nan,nan,nan,nan,nan,nan,8.000000000,0.300000000,1.800000000,3.000000000,nan,nan,nan,nan,nan,nan,nan,nan,nan,1.500000000,2.000000000,881,204,0
2026-06-01T19:59:37,1778158934.960866213,r1,track_association,pillar_like,rejected,footprint_diff,detection,2,13,stale,4,25,nan,0.422092969,nan,nan,nan,nan,nan,nan,nan,nan,0.386766232,0.991293852,0.304002762,0.622968197,nan,nan,nan,nan,nan,nan,nan,nan,nan,0.800000000,0.300000000,0.800000000,0.600000000,1.500000000,2.000000000,79,51,0
2026-06-01T19:59:38,1778158935.200866222,r1,track_association,wall_like,accepted,selected_best_match,detection,0,19,confirmed,22,0,0.306251325,0.396671691,1.170221110,0.008324937,0.000000000,nan,nan,nan,nan,nan,nan,nan,nan,nan,8.000000000,0.300000000,1.800000000,3.000000000,nan,nan,nan,nan,nan,nan,nan,nan,nan,1.500000000,2.000000000,975,881,0
2026-06-01T19:59:38,1778158935.200866222,r1,track_association,pillar_like,accepted,selected_best_match,detection,2,13,stale,4,26,0.725259632,0.393913208,nan,nan,nan,nan,nan,nan,nan,nan,0.263525674,0.984286697,0.531203389,0.196211338,nan,nan,nan,nan,nan,nan,nan,nan,nan,0.800000000,0.300000000,0.800000000,0.600000000,1.500000000,2.000000000,56,51,0
2026-06-01T19:59:38,1778158935.341866493,r1,track_association,wall_like,accepted,selected_best_match,detection,0,19,confirmed,23,0,0.150479345,0.337900827,0.264755359,0.001425395,0.000000000,nan,nan,nan,nan,nan,nan,nan,nan,nan,8.000000000,0.300000000,1.800000000,3.000000000,nan,nan,nan,nan,nan,nan,nan,nan,nan,1.500000000,2.000000000,948,975,0
2026-06-01T19:59:38,1778158935.560866594,r1,track_association,wall_like,accepted,selected_best_match,detection,0,19,confirmed,24,0,0.267184313,0.254030630,0.981534293,0.017944695,0.000000000,nan,nan,nan,nan,nan,nan,nan,nan,nan,8.000000000,0.300000000,1.800000000,3.000000000,nan,nan,nan,nan,nan,nan,nan,nan,nan,1.500000000,2.000000000,933,948,0
2026-06-01T19:59:38,1778158935.560866594,r1,track_association,pillar_like,rejected,footprint_diff,detection,2,13,stale,5,1,nan,0.418956289,nan,nan,nan,nan,nan,nan,nan,nan,0.126603119,0.827736107,0.189924717,0.614097118,nan,nan,nan,nan,nan,nan,nan,nan,nan,0.800000000,0.300000000,0.800000000,0.600000000,1.500000000,2.000000000,56,79,0
2026-06-01T19:59:38,1778158935.761866331,r1,track_association,wall_like,accepted,selected_best_match,detection,0,19,confirmed,25,0,0.310017505,0.374680290,1.101578342,0.014228035,0.000000000,nan,nan,nan,nan,nan,nan,nan,nan,nan,8.000000000,0.300000000,1.800000000,3.000000000,nan,nan,nan,nan,nan,nan,nan,nan,nan,1.500000000,2.000000000,370,933,0
2026-06-01T19:59:38,1778158935.761866331,r1,track_association,pillar_like,accepted,selected_best_match,detection,2,26,candidate,1,1,0.169825924,0.126776671,nan,nan,nan,nan,nan,nan,nan,nan,0.054967396,1.000000000,0.420486808,0.010705471,nan,nan,nan,nan,nan,nan,nan,nan,nan,0.500000000,0.300000000,0.800000000,0.600000000,1.500000000,2.000000000,73,55,0
2026-06-01T19:59:38,1778158935.941866159,r1,track_association,wall_like,accepted,selected_best_match,detection,0,19,confirmed,26,0,0.709334381,1.344406053,1.433044947,0.024620523,0.000000000,nan,nan,nan,nan,nan,nan,nan,nan,nan,8.000000000,0.300000000,1.800000000,3.000000000,nan,nan,nan,nan,nan,nan,nan,nan,nan,1.500000000,2.000000000,377,370,0
2026-06-01T19:59:38,1778158935.941866159,r1,track_association,pillar_like,accepted,selected_best_match,detection,1,26,weak_tracked,2,0,0.270525343,0.159698375,nan,nan,nan,nan,nan,nan,nan,nan,0.102300115,1.000000000,0.654681444,0.000274181,nan,nan,nan,nan,nan,nan,nan,nan,nan,0.500000000,0.300000000,0.800000000,0.600000000,1.500000000,2.000000000,83,73,0
2026-06-01T19:59:39,1778158936.160866261,r1,track_association,wall_like,accepted,selected_best_match,detection,0,19,confirmed,27,0,0.387337465,0.234526272,1.447780905,0.038456828,0.000000000,nan,nan,nan,nan,nan,nan,nan,nan,nan,8.000000000,0.300000000,1.800000000,3.000000000,nan,nan,nan,nan,nan,nan,nan,nan,nan,1.500000000,2.000000000,767,377,0
2026-06-01T19:59:39,1778158936.160866261,r1,track_association,pillar_like,accepted,selected_best_match,detection,2,26,confirmed,3,0,0.402057190,0.222214145,nan,nan,nan,nan,nan,nan,nan,nan,0.141188991,0.987871571,0.280890465,0.047677040,nan,nan,nan,nan,nan,nan,nan,nan,nan,0.500000000,0.300000000,0.800000000,0.600000000,1.500000000,2.000000000,84,83,0
2026-06-01T19:59:39,1778158936.361866474,r1,track_association,wall_like,accepted,selected_best_match,detection,0,5,stale,40,7,0.299295087,0.225810328,1.297041598,0.018568434,0.000000000,nan,nan,nan,nan,nan,nan,nan,nan,nan,8.000000000,0.300000000,1.800000000,3.000000000,nan,nan,nan,nan,nan,nan,nan,nan,nan,1.500000000,2.000000000,651,622,0
2026-06-01T19:59:39,1778158936.361866474,r1,track_association,wall_like,accepted,selected_best_match,detection,1,19,confirmed,28,0,0.300003592,0.116803222,0.979642457,0.041584163,0.000000000,nan,nan,nan,nan,nan,nan,nan,nan,nan,8.000000000,0.300000000,1.800000000,3.000000000,nan,nan,nan,nan,nan,nan,nan,nan,nan,1.500000000,2.000000000,854,767,0
2026-06-01T19:59:39,1778158936.361866474,r1,track_association,wall_like,accepted,selected_best_match,detection,3,17,candidate,1,33,1.275877292,1.433692744,2.445938526,0.147671218,0.000000000,nan,nan,nan,nan,nan,nan,nan,nan,nan,8.000000000,0.300000000,1.800000000,3.000000000,nan,nan,nan,nan,nan,nan,nan,nan,nan,1.500000000,2.000000000,294,320,0
2026-06-01T19:59:39,1778158936.361866474,r1,track_association,pillar_like,accepted,selected_best_match,detection,4,26,confirmed,4,0,0.325492046,0.199159846,nan,nan,nan,nan,nan,nan,nan,nan,0.123753114,1.000000000,0.464148283,0.018942595,nan,nan,nan,nan,nan,nan,nan,nan,nan,0.500000000,0.300000000,0.800000000,0.600000000,1.500000000,2.000000000,68,84,0
2026-06-01T19:59:39,1778158936.541866541,r1,track_association,pillar_like,accepted,selected_best_match,detection,0,26,confirmed,5,0,0.122476140,0.139436545,nan,nan,nan,nan,nan,nan,nan,nan,0.030391438,0.945847869,0.049656153,0.001545310,nan,nan,nan,nan,nan,nan,nan,nan,nan,0.500000000,0.300000000,0.800000000,0.600000000,1.500000000,2.000000000,73,68,0
2026-06-01T19:59:39,1778158936.781866550,r1,track_association,wall_like,accepted,selected_best_match,detection,0,19,confirmed,29,1,0.521749676,0.811216670,0.773716584,0.046388864,0.000000000,nan,nan,nan,nan,nan,nan,nan,nan,nan,8.000000000,0.300000000,1.800000000,3.000000000,nan,nan,nan,nan,nan,nan,nan,nan,nan,1.500000000,2.000000000,830,854,0
2026-06-01T19:59:39,1778158936.961866379,r1,track_association,wall_like,accepted,selected_best_match,detection,0,19,confirmed,30,0,0.287658925,0.356058376,0.628193697,0.027134576,0.000000000,nan,nan,nan,nan,nan,nan,nan,nan,nan,8.000000000,0.300000000,1.800000000,3.000000000,nan,nan,nan,nan,nan,nan,nan,nan,nan,1.500000000,2.000000000,933,830,0
2026-06-01T19:59:39,1778158936.961866379,r1,track_association,wall_like,accepted,selected_best_match,detection,2,17,weak_tracked,2,2,0.111816750,0.179438798,0.246824777,0.006345216,0.000000000,nan,nan,nan,nan,nan,nan,nan,nan,nan,8.000000000,0.300000000,1.800000000,3.000000000,nan,nan,nan,nan,nan,nan,nan,nan,nan,1.500000000,2.000000000,554,294,0
2026-06-01T19:59:40,1778158937.339866400,r1,track_association,wall_like,accepted,selected_best_match,detection,0,19,confirmed,31,1,0.409172046,0.838614643,0.496460350,0.020272886,0.000000000,nan,nan,nan,nan,nan,nan,nan,nan,nan,8.000000000,0.300000000,1.800000000,3.000000000,nan,nan,nan,nan,nan,nan,nan,nan,nan,1.500000000,2.000000000,771,933,0
2026-06-01T19:59:40,1778158937.600871325,r1,track_association,wall_like,accepted,selected_best_match,detection,0,19,confirmed,32,0,0.165981456,0.139912625,0.539646110,0.015566445,0.000000000,nan,nan,nan,nan,nan,nan,nan,nan,nan,8.000000000,0.300000000,1.800000000,3.000000000,nan,nan,nan,nan,nan,nan,nan,nan,nan,1.500000000,2.000000000,794,771,0
2026-06-01T19:59:40,1778158937.759871483,r1,track_association,wall_like,accepted,selected_best_match,detection,0,19,confirmed,33,0,0.357693004,0.528763535,0.728952971,0.027095811,0.000000000,nan,nan,nan,nan,nan,nan,nan,nan,nan,8.000000000,0.300000000,1.800000000,3.000000000,nan,nan,nan,nan,nan,nan,nan,nan,nan,1.500000000,2.000000000,889,794,0
2026-06-01T19:59:40,1778158937.759871483,r1,track_association,wall_like,accepted,selected_best_match,detection,1,17,weak_tracked,3,3,0.271673448,0.352115905,0.817489895,0.015634573,0.000000000,nan,nan,nan,nan,nan,nan,nan,nan,nan,8.000000000,0.300000000,1.800000000,3.000000000,nan,nan,nan,nan,nan,nan,nan,nan,nan,1.500000000,2.000000000,546,554,0
2026-06-01T19:59:40,1778158937.963871479,r1,track_association,wall_like,accepted,selected_best_match,detection,0,5,stale,41,7,0.187303683,0.282782759,0.456258391,0.010803139,0.000000000,nan,nan,nan,nan,nan,nan,nan,nan,nan,8.000000000,0.300000000,1.800000000,3.000000000,nan,nan,nan,nan,nan,nan,nan,nan,nan,1.500000000,2.000000000,515,651,0
2026-06-01T19:59:40,1778158937.963871479,r1,track_association,wall_like,accepted,selected_best_match,detection,1,19,confirmed,34,0,0.203193912,0.407961583,0.395265530,0.005339558,0.000000000,nan,nan,nan,nan,nan,nan,nan,nan,nan,8.000000000,0.300000000,1.800000000,3.000000000,nan,nan,nan,nan,nan,nan,nan,nan,nan,1.500000000,2.000000000,810,889,0
2026-06-01T19:59:41,1778158938.161871195,r1,track_association,wall_like,accepted,selected_best_match,detection,0,19,confirmed,35,0,0.318582047,0.334130710,0.676335916,0.036798946,0.000000000,nan,nan,nan,nan,nan,nan,nan,nan,nan,8.000000000,0.300000000,1.800000000,3.000000000,nan,nan,nan,nan,nan,nan,nan,nan,nan,1.500000000,2.000000000,960,810,0
2026-06-01T19:59:41,1778158938.362871170,r1,track_association,wall_like,accepted,selected_best_match,detection,0,19,confirmed,36,0,0.144948957,0.361864486,0.084667316,0.004123214,0.000000000,nan,nan,nan,nan,nan,nan,nan,nan,nan,8.000000000,0.300000000,1.800000000,3.000000000,nan,nan,nan,nan,nan,nan,nan,nan,nan,1.500000000,2.000000000,849,960,0
2026-06-01T19:59:41,1778158938.560871363,r1,track_association,wall_like,accepted,selected_best_match,detection,0,19,confirmed,37,0,0.267620722,0.506322912,0.481449325,0.011599576,0.000000000,nan,nan,nan,nan,nan,nan,nan,nan,nan,8.000000000,0.300000000,1.800000000,3.000000000,nan,nan,nan,nan,nan,nan,nan,nan,nan,1.500000000,2.000000000,950,849,0
2026-06-01T19:59:41,1778158938.560871363,r1,track_association,pillar_like,accepted,selected_best_match,detection,1,10,candidate,1,59,0.846258737,0.396992987,nan,nan,nan,nan,nan,nan,nan,nan,0.027273920,0.856155284,0.298606873,0.370803297,nan,nan,nan,nan,nan,nan,nan,nan,nan,0.500000000,0.300000000,0.800000000,0.600000000,1.500000000,2.000000000,83,54,0
2026-06-01T19:59:41,1778158938.761871338,r1,track_association,wall_like,accepted,selected_best_match,detection,0,19,confirmed,38,0,0.162442590,0.208751437,0.349316451,0.014758267,0.000000000,nan,nan,nan,nan,nan,nan,nan,nan,nan,8.000000000,0.300000000,1.800000000,3.000000000,nan,nan,nan,nan,nan,nan,nan,nan,nan,1.500000000,2.000000000,1000,950,0
2026-06-01T19:59:41,1778158939.001871586,r1,track_association,wall_like,accepted,selected_best_match,detection,0,19,confirmed,39,0,0.257297849,0.652906704,0.203353439,0.004272930,0.000000000,nan,nan,nan,nan,nan,nan,nan,nan,nan,8.000000000,0.300000000,1.800000000,3.000000000,nan,nan,nan,nan,nan,nan,nan,nan,nan,1.500000000,2.000000000,871,1000,0
2026-06-01T19:59:42,1778158939.142871380,r1,track_association,wall_like,accepted,selected_best_match,detection,0,19,confirmed,40,0,0.305542983,0.651624010,0.299627088,0.015264478,0.000000000,nan,nan,nan,nan,nan,nan,nan,nan,nan,8.000000000,0.300000000,1.800000000,3.000000000,nan,nan,nan,nan,nan,nan,nan,nan,nan,1.500000000,2.000000000,917,871,0
2026-06-01T19:59:42,1778158939.142871380,r1,track_association,wall_like,accepted,selected_best_match,detection,1,17,weak_tracked,4,6,0.932885964,1.936951384,0.840455412,0.054653573,0.000000000,nan,nan,nan,nan,nan,nan,nan,nan,nan,8.000000000,0.300000000,1.800000000,3.000000000,nan,nan,nan,nan,nan,nan,nan,nan,nan,1.500000000,2.000000000,202,546,0
2026-06-01T19:59:42,1778158939.382871151,r1,track_association,wall_like,accepted,selected_best_match,detection,0,19,confirmed,41,0,0.218954931,0.431508047,0.169041624,0.016196614,0.000000000,nan,nan,nan,nan,nan,nan,nan,nan,nan,8.000000000,0.300000000,1.800000000,3.000000000,nan,nan,nan,nan,nan,nan,nan,nan,nan,1.500000000,2.000000000,951,917,0
2026-06-01T19:59:42,1778158939.382871151,r1,track_association,wall_like,accepted,selected_best_match,detection,1,17,weak_tracked,5,0,0.784336890,1.659908799,1.092751391,0.028332010,0.000000000,nan,nan,nan,nan,nan,nan,nan,nan,nan,8.000000000,0.300000000,1.800000000,3.000000000,nan,nan,nan,nan,nan,nan,nan,nan,nan,1.500000000,2.000000000,287,202,0
2026-06-01T19:59:42,1778158939.541871309,r1,track_association,wall_like,accepted,selected_best_match,detection,0,19,confirmed,42,0,0.286581070,0.574014339,0.347637322,0.015536488,0.000000000,nan,nan,nan,nan,nan,nan,nan,nan,nan,8.000000000,0.300000000,1.800000000,3.000000000,nan,nan,nan,nan,nan,nan,nan,nan,nan,1.500000000,2.000000000,925,951,0
2026-06-01T19:59:42,1778158939.541871309,r1,track_association,wall_like,accepted,selected_best_match,detection,1,17,confirmed,6,0,0.170952046,0.125492014,0.190509555,0.031592304,0.000000000,nan,nan,nan,nan,nan,nan,nan,nan,nan,8.000000000,0.300000000,1.800000000,3.000000000,nan,nan,nan,nan,nan,nan,nan,nan,nan,1.500000000,2.000000000,442,287,0
2026-06-01T19:59:42,1778158939.760871410,r1,track_association,pillar_like,accepted,selected_best_match,detection,0,10,weak_tracked,2,5,0.698524682,0.625659490,nan,nan,nan,nan,nan,nan,nan,nan,0.027048942,0.695355813,0.058960676,0.200331926,nan,nan,nan,nan,nan,nan,nan,nan,nan,0.500000000,0.300000000,0.800000000,0.600000000,1.500000000,2.000000000,73,83,0
2026-06-01T19:59:42,1778158939.961871624,r1,track_association,wall_like,accepted,selected_best_match,detection,0,19,confirmed,43,1,0.379891548,0.771191619,0.496611922,0.018225355,0.000000000,nan,nan,nan,nan,nan,nan,nan,nan,nan,8.000000000,0.300000000,1.800000000,3.000000000,nan,nan,nan,nan,nan,nan,nan,nan,nan,1.500000000,2.000000000,813,925,0
2026-06-01T19:59:43,1778158940.162871599,r1,track_association,wall_like,accepted,selected_best_match,detection,0,17,confirmed,7,2,0.161827722,0.186632927,0.449269689,0.013037411,0.000000000,nan,nan,nan,nan,nan,nan,nan,nan,nan,8.000000000,0.300000000,1.800000000,3.000000000,nan,nan,nan,nan,nan,nan,nan,nan,nan,1.500000000,2.000000000,524,442,0
2026-06-01T19:59:43,1778158940.162871599,r1,track_association,wall_like,accepted,selected_best_match,detection,2,19,confirmed,44,0,0.244397955,0.616729708,0.097954000,0.007973141,0.000000000,nan,nan,nan,nan,nan,nan,nan,nan,nan,8.000000000,0.300000000,1.800000000,3.000000000,nan,nan,nan,nan,nan,nan,nan,nan,nan,1.500000000,2.000000000,839,813,0
2026-06-01T19:59:43,1778158940.582871199,r1,track_association,wall_like,accepted,selected_best_match,detection,0,19,confirmed,45,1,0.230177280,0.488723454,0.299129016,0.008963500,0.000000000,nan,nan,nan,nan,nan,nan,nan,nan,nan,8.000000000,0.300000000,1.800000000,3.000000000,nan,nan,nan,nan,nan,nan,nan,nan,nan,1.500000000,2.000000000,692,839,0
2026-06-01T19:59:43,1778158940.741871595,r1,track_association,wall_like,accepted,selected_best_match,detection,0,19,confirmed,46,0,0.306221969,0.672320130,0.330565516,0.012238371,0.000000000,nan,nan,nan,nan,nan,nan,nan,nan,nan,8.000000000,0.300000000,1.800000000,3.000000000,nan,nan,nan,nan,nan,nan,nan,nan,nan,1.500000000,2.000000000,762,692,0
2026-06-01T19:59:43,1778158940.960871458,r1,track_association,wall_like,accepted,selected_best_match,detection,0,19,confirmed,47,0,0.162202040,0.309167856,0.211468845,0.009813745,0.000000000,nan,nan,nan,nan,nan,nan,nan,nan,nan,8.000000000,0.300000000,1.800000000,3.000000000,nan,nan,nan,nan,nan,nan,nan,nan,nan,1.500000000,2.000000000,824,762,0
2026-06-01T19:59:43,1778158940.960871458,r1,track_association,pillar_like,accepted,selected_best_match,detection,1,32,candidate,1,1,0.057121878,0.082049810,nan,nan,nan,nan,nan,nan,nan,nan,0.014089351,1.000000000,0.269873500,0.001173496,nan,nan,nan,nan,nan,nan,nan,nan,nan,0.500000000,0.300000000,0.800000000,0.600000000,1.500000000,2.000000000,42,41,0
2026-06-01T19:59:44,1778158941.362871170,r1,track_association,wall_like,accepted,selected_best_match,detection,0,19,confirmed,48,1,0.305847229,0.642938807,0.329075718,0.015119949,0.000000000,nan,nan,nan,nan,nan,nan,nan,nan,nan,8.000000000,0.300000000,1.800000000,3.000000000,nan,nan,nan,nan,nan,nan,nan,nan,nan,1.500000000,2.000000000,791,824,0
2026-06-01T19:59:44,1778158941.560871363,r1,track_association,wall_like,accepted,selected_best_match,detection,0,17,stale,8,6,0.105316329,0.198294793,0.193897139,0.004494277,0.000000000,nan,nan,nan,nan,nan,nan,nan,nan,nan,8.000000000,0.300000000,1.800000000,3.000000000,nan,nan,nan,nan,nan,nan,nan,nan,nan,1.500000000,2.000000000,382,524,0
2026-06-01T19:59:45,1778158942.541871309,r1,track_association,wall_like,accepted,selected_best_match,detection,0,33,candidate,1,0,0.175436601,0.093242042,0.294570175,0.032260394,0.000000000,nan,nan,nan,nan,nan,nan,nan,nan,nan,8.000000000,0.300000000,1.800000000,3.000000000,nan,nan,nan,nan,nan,nan,nan,nan,nan,1.500000000,2.000000000,554,687,0
2026-06-01T19:59:45,1778158942.541871309,r1,track_association,wall_like,accepted,selected_best_match,detection,1,19,stale,49,5,0.336880450,0.701848789,0.353047160,0.017639987,0.000000000,nan,nan,nan,nan,nan,nan,nan,nan,nan,8.000000000,0.300000000,1.800000000,3.000000000,nan,nan,nan,nan,nan,nan,nan,nan,nan,1.500000000,2.000000000,550,791,0
2026-06-01T19:59:45,1778158942.961871624,r1,track_association,wall_like,accepted,selected_best_match,detection,0,19,confirmed,50,1,0.341602317,0.644255334,0.433358760,0.021804208,0.000000000,nan,nan,nan,nan,nan,nan,nan,nan,nan,8.000000000,0.300000000,1.800000000,3.000000000,nan,nan,nan,nan,nan,nan,nan,nan,nan,1.500000000,2.000000000,651,550,0
2026-06-01T19:59:46,1778158943.162871599,r1,track_association,wall_like,accepted,selected_best_match,detection,0,19,confirmed,51,0,0.242399898,0.596423958,0.207561972,0.005294000,0.000000000,nan,nan,nan,nan,nan,nan,nan,nan,nan,8.000000000,0.300000000,1.800000000,3.000000000,nan,nan,nan,nan,nan,nan,nan,nan,nan,1.500000000,2.000000000,644,651,0
2026-06-01T19:59:46,1778158943.162871599,r1,track_association,wall_like,accepted,selected_best_match,detection,1,33,weak_tracked,2,2,0.180616698,0.160247425,0.325950170,0.025937136,0.000000000,nan,nan,nan,nan,nan,nan,nan,nan,nan,8.000000000,0.300000000,1.800000000,3.000000000,nan,nan,nan,nan,nan,nan,nan,nan,nan,1.500000000,2.000000000,667,554,0
2026-06-01T19:59:46,1778158943.363871336,r1,track_association,wall_like,accepted,selected_best_match,detection,0,33,weak_tracked,3,0,0.260351698,0.110325882,0.677206360,0.041677683,0.000000000,nan,nan,nan,nan,nan,nan,nan,nan,nan,8.000000000,0.300000000,1.800000000,3.000000000,nan,nan,nan,nan,nan,nan,nan,nan,nan,1.500000000,2.000000000,760,667,0
2026-06-01T19:59:46,1778158943.363871336,r1,track_association,wall_like,accepted,selected_best_match,detection,1,19,confirmed,52,0,0.361839924,0.594005801,0.604535664,0.026481310,0.000000000,nan,nan,nan,nan,nan,nan,nan,nan,nan,8.000000000,0.300000000,1.800000000,3.000000000,nan,nan,nan,nan,nan,nan,nan,nan,nan,1.500000000,2.000000000,525,644,0
2026-06-01T19:59:46,1778158943.561876535,r1,track_association,wall_like,accepted,selected_best_match,detection,0,33,confirmed,4,0,0.182657443,0.150087597,0.303308907,0.028414389,0.000000000,nan,nan,nan,nan,nan,nan,nan,nan,nan,8.000000000,0.300000000,1.800000000,3.000000000,nan,nan,nan,nan,nan,nan,nan,nan,nan,1.500000000,2.000000000,787,760,0
2026-06-01T19:59:46,1778158943.963876247,r1,track_association,wall_like,accepted,selected_best_match,detection,0,33,confirmed,5,1,0.256307709,0.226127190,0.640626039,0.030256117,0.000000000,nan,nan,nan,nan,nan,nan,nan,nan,nan,8.000000000,0.300000000,1.800000000,3.000000000,nan,nan,nan,nan,nan,nan,nan,nan,nan,1.500000000,2.000000000,704,787,0
2026-06-01T19:59:47,1778158944.161876202,r1,track_association,wall_like,accepted,selected_best_match,detection,0,33,confirmed,6,0,0.182821599,0.099421196,0.531842043,0.024960283,0.000000000,nan,nan,nan,nan,nan,nan,nan,nan,nan,8.000000000,0.300000000,1.800000000,3.000000000,nan,nan,nan,nan,nan,nan,nan,nan,nan,1.500000000,2.000000000,762,704,0
2026-06-01T19:59:47,1778158944.353876352,r1,track_association,wall_like,accepted,selected_best_match,detection,0,33,confirmed,7,0,0.085919819,0.072281431,0.307881930,0.007002230,0.000000000,nan,nan,nan,nan,nan,nan,nan,nan,nan,8.000000000,0.300000000,1.800000000,3.000000000,nan,nan,nan,nan,nan,nan,nan,nan,nan,1.500000000,2.000000000,740,762,0
2026-06-01T19:59:47,1778158944.542876244,r1,track_association,wall_like,accepted,selected_best_match,detection,0,33,confirmed,8,0,0.067800429,0.066765842,0.129738944,0.008798334,0.000000000,nan,nan,nan,nan,nan,nan,nan,nan,nan,8.000000000,0.300000000,1.800000000,3.000000000,nan,nan,nan,nan,nan,nan,nan,nan,nan,1.500000000,2.000000000,831,740,0
2026-06-01T19:59:47,1778158944.761876345,r1,track_association,wall_like,accepted,selected_best_match,detection,3,33,confirmed,9,0,0.149718457,0.104284997,0.452859402,0.017504810,0.000000000,nan,nan,nan,nan,nan,nan,nan,nan,nan,8.000000000,0.300000000,1.800000000,3.000000000,nan,nan,nan,nan,nan,nan,nan,nan,nan,1.500000000,2.000000000,708,831,0
2026-06-01T19:59:47,1778158944.761876345,r1,track_association,wall_like,accepted,selected_best_match,detection,4,19,stale,53,6,0.389621808,0.308146130,0.731196107,0.058652075,0.000000000,nan,nan,nan,nan,nan,nan,nan,nan,nan,8.000000000,0.300000000,1.800000000,3.000000000,nan,nan,nan,nan,nan,nan,nan,nan,nan,1.500000000,2.000000000,479,525,0
2026-06-01T19:59:47,1778158944.962876320,r1,track_association,wall_like,accepted,selected_best_match,detection,0,33,confirmed,10,0,0.099346611,0.083902288,0.314225473,0.009630299,0.000000000,nan,nan,nan,nan,nan,nan,nan,nan,nan,8.000000000,0.300000000,1.800000000,3.000000000,nan,nan,nan,nan,nan,nan,nan,nan,nan,1.500000000,2.000000000,835,708,0
2026-06-01T19:59:48,1778158945.361876488,r1,track_association,wall_like,accepted,selected_best_match,detection,0,19,confirmed,54,2,0.336780701,0.325924154,0.573892818,0.046920814,0.000000000,nan,nan,nan,nan,nan,nan,nan,nan,nan,8.000000000,0.300000000,1.800000000,3.000000000,nan,nan,nan,nan,nan,nan,nan,nan,nan,1.500000000,2.000000000,442,479,0
2026-06-01T19:59:48,1778158945.541876316,r1,track_association,wall_like,accepted,selected_best_match,detection,0,33,confirmed,11,2,0.236160709,0.270082203,0.841220074,0.012294240,0.000000000,nan,nan,nan,nan,nan,nan,nan,nan,nan,8.000000000,0.300000000,1.800000000,3.000000000,nan,nan,nan,nan,nan,nan,nan,nan,nan,1.500000000,2.000000000,684,835,0
2026-06-01T19:59:48,1778158945.964876175,r1,track_association,wall_like,accepted,selected_best_match,detection,0,33,confirmed,12,1,0.185224449,0.397367461,0.118980863,0.011368806,0.000000000,nan,nan,nan,nan,nan,nan,nan,nan,nan,8.000000000,0.300000000,1.800000000,3.000000000,nan,nan,nan,nan,nan,nan,nan,nan,nan,1.500000000,2.000000000,469,684,0
2026-06-01T19:59:49,1778158946.162876368,r1,track_association,wall_like,accepted,selected_best_match,detection,0,33,confirmed,13,0,0.425962646,0.738490796,0.373990991,0.039915052,0.000000000,nan,nan,nan,nan,nan,nan,nan,nan,nan,8.000000000,0.300000000,1.800000000,3.000000000,nan,nan,nan,nan,nan,nan,nan,nan,nan,1.500000000,2.000000000,477,469,0
2026-06-01T19:59:49,1778158946.360876560,r1,track_association,wall_like,accepted,selected_best_match,detection,0,33,confirmed,14,0,0.381566476,0.947632772,0.340382581,0.006942319,0.000000000,nan,nan,nan,nan,nan,nan,nan,nan,nan,8.000000000,0.300000000,1.800000000,3.000000000,nan,nan,nan,nan,nan,nan,nan,nan,nan,1.500000000,2.000000000,297,477,0
2026-06-01T19:59:49,1778158946.741876364,r1,track_association,wall_like,accepted,selected_best_match,detection,0,33,confirmed,15,1,0.533620801,1.040087540,0.772112924,0.027123252,0.000000000,nan,nan,nan,nan,nan,nan,nan,nan,nan,8.000000000,0.300000000,1.800000000,3.000000000,nan,nan,nan,nan,nan,nan,nan,nan,nan,1.500000000,2.000000000,223,297,0
2026-06-01T19:59:49,1778158946.963876247,r1,track_association,wall_like,accepted,selected_best_match,detection,0,33,confirmed,16,0,0.387999425,0.896785510,0.483351365,0.008595600,0.000000000,nan,nan,nan,nan,nan,nan,nan,nan,nan,8.000000000,0.300000000,1.800000000,3.000000000,nan,nan,nan,nan,nan,nan,nan,nan,nan,1.500000000,2.000000000,241,223,0
2026-06-01T19:59:50,1778158947.560876608,r1,track_association,wall_like,accepted,selected_best_match,detection,0,37,candidate,1,1,0.267710382,0.185872554,1.042619058,0.022627644,0.000000000,nan,nan,nan,nan,nan,nan,nan,nan,nan,8.000000000,0.300000000,1.800000000,3.000000000,nan,nan,nan,nan,nan,nan,nan,nan,nan,1.500000000,2.000000000,245,230,0
2026-06-01T19:59:50,1778158947.560876608,r1,track_association,wall_like,accepted,selected_best_match,detection,2,19,stale,55,10,0.844435277,1.462531463,1.055811591,0.067484502,0.000000000,nan,nan,nan,nan,nan,nan,nan,nan,nan,8.000000000,0.300000000,1.800000000,3.000000000,nan,nan,nan,nan,nan,nan,nan,nan,nan,1.500000000,2.000000000,316,442,0
2026-06-01T19:59:50,1778158947.560876608,r1,track_association,pillar_like,accepted,selected_best_match,detection,3,38,candidate,1,0,0.235811856,0.195443630,nan,nan,nan,nan,nan,nan,nan,nan,0.048576743,0.939625309,0.174660802,0.036490560,nan,nan,nan,nan,nan,nan,nan,nan,nan,0.500000000,0.300000000,0.800000000,0.600000000,1.500000000,2.000000000,57,59,0
2026-06-01T19:59:51,1778158948.364876509,r1,track_association,wall_like,accepted,selected_best_match,detection,0,19,confirmed,56,3,0.479935381,0.911479109,0.410818561,0.037427007,0.000000000,nan,nan,nan,nan,nan,nan,nan,nan,nan,8.000000000,0.300000000,1.800000000,3.000000000,nan,nan,nan,nan,nan,nan,nan,nan,nan,1.500000000,2.000000000,324,316,0
2026-06-01T19:59:51,1778158948.562876463,r1,track_association,wall_like,accepted,selected_best_match,detection,0,37,weak_tracked,2,4,0.215881393,0.203015329,0.590345196,0.022324940,0.000000000,nan,nan,nan,nan,nan,nan,nan,nan,nan,8.000000000,0.300000000,1.800000000,3.000000000,nan,nan,nan,nan,nan,nan,nan,nan,nan,1.500000000,2.000000000,289,245,0
2026-06-01T19:59:51,1778158948.961876154,r1,track_association,wall_like,accepted,selected_best_match,detection,0,19,confirmed,57,2,0.576809015,1.027339415,0.790154100,0.040677984,0.000000000,nan,nan,nan,nan,nan,nan,nan,nan,nan,8.000000000,0.300000000,1.800000000,3.000000000,nan,nan,nan,nan,nan,nan,nan,nan,nan,1.500000000,2.000000000,296,324,0
2026-06-01T19:59:52,1778158949.183876276,r1,track_association,wall_like,accepted,selected_best_match,detection,0,37,weak_tracked,3,2,0.144966297,0.128903964,0.519446775,0.011120239,0.000000000,nan,nan,nan,nan,nan,nan,nan,nan,nan,8.000000000,0.300000000,1.800000000,3.000000000,nan,nan,nan,nan,nan,nan,nan,nan,nan,1.500000000,2.000000000,275,289,0
2026-06-01T19:59:52,1778158949.183876276,r1,track_association,wall_like,rejected,plane_offset,detection,0,35,candidate,1,21,nan,5.137010112,2.948663782,0.432491151,2.498896406,nan,nan,nan,nan,nan,nan,nan,nan,nan,8.000000000,0.300000000,1.800000000,3.000000000,nan,nan,nan,nan,nan,nan,nan,nan,nan,1.500000000,2.000000000,275,262,0
2026-06-01T19:59:52,1778158949.183876276,r1,track_association,wall_like,accepted,selected_best_match,detection,1,35,candidate,1,21,2.305766358,3.447736186,3.310132113,0.114104933,0.652328411,nan,nan,nan,nan,nan,nan,nan,nan,nan,8.000000000,0.300000000,1.800000000,3.000000000,nan,nan,nan,nan,nan,nan,nan,nan,nan,1.500000000,2.000000000,55,262,0
2026-06-01T19:59:52,1778158949.360876560,r1,track_association,wall_like,accepted,selected_best_match,detection,2,33,stale,17,11,0.703949516,1.411267246,0.891428091,0.036629577,0.000000000,nan,nan,nan,nan,nan,nan,nan,nan,nan,8.000000000,0.300000000,1.800000000,3.000000000,nan,nan,nan,nan,nan,nan,nan,nan,nan,1.500000000,2.000000000,580,241,0
2026-06-01T19:59:52,1778158949.582876444,r1,track_association,wall_like,accepted,selected_best_match,detection,0,35,weak_tracked,2,1,1.513553275,2.579734911,0.669269718,0.011611598,0.956299675,nan,nan,nan,nan,nan,nan,nan,nan,nan,8.000000000,0.300000000,1.800000000,3.000000000,nan,nan,nan,nan,nan,nan,nan,nan,nan,1.500000000,2.000000000,105,55,0
2026-06-01T19:59:52,1778158949.582876444,r1,track_association,wall_like,accepted,selected_best_match,detection,1,33,confirmed,18,0,0.862832143,1.614493788,0.929535240,0.062542693,0.000000000,nan,nan,nan,nan,nan,nan,nan,nan,nan,8.000000000,0.300000000,1.800000000,3.000000000,nan,nan,nan,nan,nan,nan,nan,nan,nan,1.500000000,2.000000000,332,580,0
2026-06-01T19:59:52,1778158949.582876444,r1,track_association,pillar_like,rejected,xy_distance,detection,2,31,candidate,1,46,nan,0.557780901,nan,nan,nan,nan,nan,nan,nan,nan,0.556750104,0.992948937,0.038845778,0.226999611,nan,nan,nan,nan,nan,nan,nan,nan,nan,0.500000000,0.300000000,0.800000000,0.600000000,1.500000000,2.000000000,30,26,0
2026-06-01T19:59:52,1778158949.762876272,r1,track_association,wall_like,accepted,selected_best_match,detection,0,37,weak_tracked,4,2,0.533867817,0.434168421,2.041428262,0.040189943,0.000000000,nan,nan,nan,nan,nan,nan,nan,nan,nan,8.000000000,0.300000000,1.800000000,3.000000000,nan,nan,nan,nan,nan,nan,nan,nan,nan,1.500000000,2.000000000,255,275,0
2026-06-01T19:59:53,1778158950.161876202,r1,track_association,wall_like,accepted,selected_best_match,detection,0,37,confirmed,5,1,0.495260217,0.244066041,1.562681309,0.065570912,0.000000000,nan,nan,nan,nan,nan,nan,nan,nan,nan,8.000000000,0.300000000,1.800000000,3.000000000,nan,nan,nan,nan,nan,nan,nan,nan,nan,1.500000000,2.000000000,205,255,0
2026-06-01T19:59:53,1778158950.161876202,r1,track_association,wall_like,accepted,selected_best_match,detection,1,35,weak_tracked,3,2,0.955069844,2.036086184,1.344682634,0.032486736,0.000000000,nan,nan,nan,nan,nan,nan,nan,nan,nan,8.000000000,0.300000000,1.800000000,3.000000000,nan,nan,nan,nan,nan,nan,nan,nan,nan,1.500000000,2.000000000,335,105,0
2026-06-01T19:59:53,1778158950.362876415,r1,track_association,wall_like,accepted,selected_best_match,detection,0,33,confirmed,19,3,0.917444046,1.363798677,1.775385705,0.072276382,0.000000000,nan,nan,nan,nan,nan,nan,nan,nan,nan,8.000000000,0.300000000,1.800000000,3.000000000,nan,nan,nan,nan,nan,nan,nan,nan,nan,1.500000000,2.000000000,225,332,0
2026-06-01T19:59:53,1778158950.362876415,r1,track_association,wall_like,accepted,selected_best_match,detection,1,35,weak_tracked,4,0,1.729198232,2.144400183,4.575758111,0.132728522,0.000000000,nan,nan,nan,nan,nan,nan,nan,nan,nan,8.000000000,0.300000000,1.800000000,3.000000000,nan,nan,nan,nan,nan,nan,nan,nan,nan,1.500000000,2.000000000,167,335,0
2026-06-01T19:59:53,1778158950.563876390,r1,track_association,wall_like,accepted,selected_best_match,detection,0,33,confirmed,20,0,0.418923151,0.523571582,0.832968856,0.042083455,0.000000000,nan,nan,nan,nan,nan,nan,nan,nan,nan,8.000000000,0.300000000,1.800000000,3.000000000,nan,nan,nan,nan,nan,nan,nan,nan,nan,1.500000000,2.000000000,537,225,0
2026-06-01T19:59:53,1778158950.740876198,r1,track_association,wall_like,accepted,selected_best_match,detection,0,33,confirmed,21,0,0.514307464,0.350467463,1.200666865,0.074220486,0.000000000,nan,nan,nan,nan,nan,nan,nan,nan,nan,8.000000000,0.300000000,1.800000000,3.000000000,nan,nan,nan,nan,nan,nan,nan,nan,nan,1.500000000,2.000000000,570,537,0
2026-06-01T19:59:53,1778158950.740876198,r1,track_association,wall_like,accepted,selected_best_match,detection,2,35,confirmed,5,1,0.709010039,0.780518293,2.947651941,0.024114235,0.000000000,nan,nan,nan,nan,nan,nan,nan,nan,nan,8.000000000,0.300000000,1.800000000,3.000000000,nan,nan,nan,nan,nan,nan,nan,nan,nan,1.500000000,2.000000000,372,167,0
2026-06-01T19:59:53,1778158950.983876228,r1,track_association,wall_like,accepted,selected_best_match,detection,0,37,confirmed,6,3,0.505219161,0.427841226,2.480932122,0.015746671,0.000000000,nan,nan,nan,nan,nan,nan,nan,nan,nan,8.000000000,0.300000000,1.800000000,3.000000000,nan,nan,nan,nan,nan,nan,nan,nan,nan,1.500000000,2.000000000,144,205,0
2026-06-01T19:59:53,1778158950.983876228,r1,track_association,wall_like,rejected,plane_offset,detection,0,35,confirmed,6,0,nan,3.897407169,4.279537430,0.405998845,0.596554228,nan,nan,nan,nan,nan,nan,nan,nan,nan,8.000000000,0.300000000,1.800000000,3.000000000,nan,nan,nan,nan,nan,nan,nan,nan,nan,1.500000000,2.000000000,144,372,0
2026-06-01T19:59:53,1778158950.983876228,r1,track_association,wall_like,accepted,selected_best_match,detection,1,35,confirmed,6,0,0.265975733,0.470539042,0.632054508,0.009036772,0.000000000,nan,nan,nan,nan,nan,nan,nan,nan,nan,8.000000000,0.300000000,1.800000000,3.000000000,nan,nan,nan,nan,nan,nan,nan,nan,nan,1.500000000,2.000000000,135,372,0
2026-06-01T19:59:54,1778158951.160876513,r1,track_association,wall_like,accepted,selected_best_match,detection,0,33,confirmed,22,1,0.733521774,0.793083621,0.846504702,0.109004244,0.000000000,nan,nan,nan,nan,nan,nan,nan,nan,nan,8.000000000,0.300000000,1.800000000,3.000000000,nan,nan,nan,nan,nan,nan,nan,nan,nan,1.500000000,2.000000000,360,570,0
2026-06-01T19:59:54,1778158951.160876513,r1,track_association,wall_like,accepted,selected_best_match,detection,1,35,confirmed,7,0,0.655631283,0.822414747,2.410820604,0.024042137,0.000000000,nan,nan,nan,nan,nan,nan,nan,nan,nan,8.000000000,0.300000000,1.800000000,3.000000000,nan,nan,nan,nan,nan,nan,nan,nan,nan,1.500000000,2.000000000,127,135,0
2026-06-01T19:59:54,1778158951.160876513,r1,track_association,wall_like,accepted,selected_best_match,detection,2,37,confirmed,7,0,0.690296731,0.894586300,2.569733469,0.021265384,0.000000000,nan,nan,nan,nan,nan,nan,nan,nan,nan,8.000000000,0.300000000,1.800000000,3.000000000,nan,nan,nan,nan,nan,nan,nan,nan,nan,1.500000000,2.000000000,73,144,0
2026-06-01T19:59:54,1778158951.361876488,r1,track_association,wall_like,accepted,selected_best_match,detection,0,37,confirmed,8,0,0.639583028,0.321213906,2.530049787,0.064876651,0.000000000,nan,nan,nan,nan,nan,nan,nan,nan,nan,8.000000000,0.300000000,1.800000000,3.000000000,nan,nan,nan,nan,nan,nan,nan,nan,nan,1.500000000,2.000000000,202,73,0
2026-06-01T19:59:54,1778158951.580876589,r1,track_association,wall_like,rejected,normal_angle,detection,0,43,candidate,1,3,nan,1.702100493,8.509450851,0.235138287,0.000000000,nan,nan,nan,nan,nan,nan,nan,nan,nan,8.000000000,0.300000000,1.800000000,3.000000000,nan,nan,nan,nan,nan,nan,nan,nan,nan,1.500000000,2.000000000,88,57,0
2026-06-01T19:59:54,1778158951.580876589,r1,track_association,wall_like,accepted,selected_best_match,detection,2,35,confirmed,8,1,0.350572091,0.104211898,2.194114103,0.012471159,0.000000000,nan,nan,nan,nan,nan,nan,nan,nan,nan,8.000000000,0.300000000,1.800000000,3.000000000,nan,nan,nan,nan,nan,nan,nan,nan,nan,1.500000000,2.000000000,334,127,0
2026-06-01T19:59:54,1778158951.742876291,r1,track_association,wall_like,accepted,selected_best_match,detection,0,33,confirmed,23,2,0.050938506,0.054750700,0.248284605,0.000495809,0.000000000,nan,nan,nan,nan,nan,nan,nan,nan,nan,8.000000000,0.300000000,1.800000000,3.000000000,nan,nan,nan,nan,nan,nan,nan,nan,nan,1.500000000,2.000000000,588,360,0
2026-06-01T19:59:54,1778158951.742876291,r1,track_association,wall_like,accepted,selected_best_match,detection,2,37,confirmed,9,1,0.732373347,0.899148753,2.187221639,0.047776317,0.000000000,nan,nan,nan,nan,nan,nan,nan,nan,nan,8.000000000,0.300000000,1.800000000,3.000000000,nan,nan,nan,nan,nan,nan,nan,nan,nan,1.500000000,2.000000000,120,202,0
2026-06-01T19:59:54,1778158951.742876291,r1,track_association,wall_like,rejected,plane_offset,detection,2,35,confirmed,9,0,nan,4.347547161,3.434579362,0.355182220,1.909308741,nan,nan,nan,nan,nan,nan,nan,nan,nan,8.000000000,0.300000000,1.800000000,3.000000000,nan,nan,nan,nan,nan,nan,nan,nan,nan,1.500000000,2.000000000,120,334,0
2026-06-01T19:59:54,1778158951.742876291,r1,track_association,wall_like,accepted,selected_best_match,detection,3,35,confirmed,9,0,3.793089658,3.908340149,5.655431133,0.283265811,1.510490427,nan,nan,nan,nan,nan,nan,nan,nan,nan,8.000000000,0.300000000,1.800000000,3.000000000,nan,nan,nan,nan,nan,nan,nan,nan,nan,1.500000000,2.000000000,54,334,0
2026-06-01T19:59:54,1778158951.742876291,r1,track_association,wall_like,rejected,normal_angle,detection,3,48,candidate,1,0,nan,4.124254751,11.045683356,0.386007901,0.000000000,nan,nan,nan,nan,nan,nan,nan,nan,nan,8.000000000,0.300000000,1.800000000,3.000000000,nan,nan,nan,nan,nan,nan,nan,nan,nan,1.500000000,2.000000000,54,75,0
2026-06-01T19:59:54,1778158951.964876175,r1,track_association,wall_like,accepted,selected_best_match,detection,0,33,confirmed,24,0,0.419087441,0.280223138,0.819026950,0.066990408,0.000000000,nan,nan,nan,nan,nan,nan,nan,nan,nan,8.000000000,0.300000000,1.800000000,3.000000000,nan,nan,nan,nan,nan,nan,nan,nan,nan,1.500000000,2.000000000,630,588,0
2026-06-01T19:59:54,1778158951.964876175,r1,track_association,wall_like,accepted,selected_best_match,detection,2,35,confirmed,10,0,0.330382353,0.260083491,1.036888300,0.034223046,0.000000000,nan,nan,nan,nan,nan,nan,nan,nan,nan,8.000000000,0.300000000,1.800000000,3.000000000,nan,nan,nan,nan,nan,nan,nan,nan,nan,1.500000000,2.000000000,309,54,0
2026-06-01T19:59:54,1778158951.964876175,r1,track_association,wall_like,accepted,selected_best_match,detection,4,43,candidate,1,5,1.371738405,0.498583597,1.967249547,0.287891304,0.000000000,nan,nan,nan,nan,nan,nan,nan,nan,nan,8.000000000,0.300000000,1.800000000,3.000000000,nan,nan,nan,nan,nan,nan,nan,nan,nan,1.500000000,2.000000000,56,57,0
2026-06-01T19:59:54,1778158951.964876175,r1,track_association,wall_like,rejected,normal_angle,detection,4,47,candidate,1,1,nan,1.389207462,8.167618601,0.113899927,0.000000000,nan,nan,nan,nan,nan,nan,nan,nan,nan,8.000000000,0.300000000,1.800000000,3.000000000,nan,nan,nan,nan,nan,nan,nan,nan,nan,1.500000000,2.000000000,56,88,0
2026-06-01T19:59:55,1778158952.159876585,r1,track_association,wall_like,accepted,selected_best_match,detection,0,35,confirmed,11,0,0.705333979,1.183388834,1.939994015,0.020511535,0.000000000,nan,nan,nan,nan,nan,nan,nan,nan,nan,8.000000000,0.300000000,1.800000000,3.000000000,nan,nan,nan,nan,nan,nan,nan,nan,nan,1.500000000,2.000000000,396,309,0
2026-06-01T19:59:55,1778158952.159876585,r1,track_association,wall_like,rejected,plane_offset,detection,0,37,confirmed,10,1,nan,4.311675669,3.139394503,0.351312579,2.009875239,nan,nan,nan,nan,nan,nan,nan,nan,nan,8.000000000,0.300000000,1.800000000,3.000000000,nan,nan,nan,nan,nan,nan,nan,nan,nan,1.500000000,2.000000000,396,120,0
2026-06-01T19:59:55,1778158952.159876585,r1,track_association,wall_like,accepted,selected_best_match,detection,1,37,confirmed,10,1,1.192063158,0.482243846,6.488695561,0.066068479,0.000000000,nan,nan,nan,nan,nan,nan,nan,nan,nan,8.000000000,0.300000000,1.800000000,3.000000000,nan,nan,nan,nan,nan,nan,nan,nan,nan,1.500000000,2.000000000,72,120,0
2026-06-01T19:59:55,1778158952.159876585,r1,track_association,wall_like,rejected,plane_offset,detection,1,47,candidate,1,2,nan,3.664138734,1.915196562,0.370707267,0.000000000,nan,nan,nan,nan,nan,nan,nan,nan,nan,8.000000000,0.300000000,1.800000000,3.000000000,nan,nan,nan,nan,nan,nan,nan,nan,nan,1.500000000,2.000000000,72,88,0
2026-06-01T19:59:55,1778158952.159876585,r1,track_association,wall_like,accepted,selected_best_match,detection,3,33,confirmed,25,0,0.599564166,0.337299449,1.240785420,0.099609852,0.000000000,nan,nan,nan,nan,nan,nan,nan,nan,nan,8.000000000,0.300000000,1.800000000,3.000000000,nan,nan,nan,nan,nan,nan,nan,nan,nan,1.500000000,2.000000000,561,630,0
2026-06-01T19:59:55,1778158952.345876455,r1,track_association,wall_like,accepted,selected_best_match,detection,0,35,confirmed,12,0,0.452758738,1.021006546,0.450307070,0.016840452,0.000000000,nan,nan,nan,nan,nan,nan,nan,nan,nan,8.000000000,0.300000000,1.800000000,3.000000000,nan,nan,nan,nan,nan,nan,nan,nan,nan,1.500000000,2.000000000,492,396,0
2026-06-01T19:59:55,1778158952.345876455,r1,track_association,wall_like,rejected,normal_angle,detection,2,47,candidate,1,3,nan,0.345786833,8.357457643,0.209065158,0.000000000,nan,nan,nan,nan,nan,nan,nan,nan,nan,8.000000000,0.300000000,1.800000000,3.000000000,nan,nan,nan,nan,nan,nan,nan,nan,nan,1.500000000,2.000000000,93,88,0
2026-06-01T19:59:55,1778158952.345876455,r1,track_association,wall_like,rejected,plane_offset,detection,2,43,weak_tracked,2,1,nan,1.710122468,2.275416039,0.328622760,0.000000000,nan,nan,nan,nan,nan,nan,nan,nan,nan,8.000000000,0.300000000,1.800000000,3.000000000,nan,nan,nan,nan,nan,nan,nan,nan,nan,1.500000000,2.000000000,93,56,0
2026-06-01T19:59:55,1778158952.345876455,r1,track_association,wall_like,rejected,plane_offset,detection,2,37,confirmed,11,0,nan,3.382405113,2.446975179,0.413908890,0.000000000,nan,nan,nan,nan,nan,nan,nan,nan,nan,8.000000000,0.300000000,1.800000000,3.000000000,nan,nan,nan,nan,nan,nan,nan,nan,nan,1.500000000,2.000000000,93,72,0
2026-06-01T19:59:55,1778158952.561876535,r1,track_association,wall_like,accepted,selected_best_match,detection,0,37,confirmed,11,1,0.639378944,0.301982883,2.471006257,0.068952660,0.000000000,nan,nan,nan,nan,nan,nan,nan,nan,nan,8.000000000,0.300000000,1.800000000,3.000000000,nan,nan,nan,nan,nan,nan,nan,nan,nan,1.500000000,2.000000000,243,72,0
2026-06-01T19:59:55,1778158952.561876535,r1,track_association,wall_like,accepted,selected_best_match,detection,1,35,confirmed,13,0,0.478775703,1.012111474,0.629430930,0.018817904,0.000000000,nan,nan,nan,nan,nan,nan,nan,nan,nan,8.000000000,0.300000000,1.800000000,3.000000000,nan,nan,nan,nan,nan,nan,nan,nan,nan,1.500000000,2.000000000,259,492,0
2026-06-01T19:59:55,1778158952.561876535,r1,track_association,pillar_like,accepted,selected_best_match,detection,3,50,candidate,1,2,0.167156854,0.062546597,nan,nan,nan,nan,nan,nan,nan,nan,0.052380556,0.981311160,0.001780272,0.026117325,nan,nan,nan,nan,nan,nan,nan,nan,nan,0.500000000,0.300000000,0.800000000,0.600000000,1.500000000,2.000000000,125,135,0
2026-06-01T19:59:55,1778158952.762881517,r1,track_association,wall_like,accepted,selected_best_match,detection,0,33,confirmed,26,2,0.794878081,0.729674879,1.518927634,0.108536150,0.000000000,nan,nan,nan,nan,nan,nan,nan,nan,nan,8.000000000,0.300000000,1.800000000,3.000000000,nan,nan,nan,nan,nan,nan,nan,nan,nan,1.500000000,2.000000000,402,561,0
2026-06-01T19:59:55,1778158952.762881517,r1,track_association,wall_like,accepted,selected_best_match,detection,2,35,confirmed,14,0,0.659307418,0.969675554,1.997425069,0.025921230,0.000000000,nan,nan,nan,nan,nan,nan,nan,nan,nan,8.000000000,0.300000000,1.800000000,3.000000000,nan,nan,nan,nan,nan,nan,nan,nan,nan,1.500000000,2.000000000,135,259,0
2026-06-01T19:59:55,1778158952.960881472,r1,track_association,wall_like,accepted,selected_best_match,detection,0,37,confirmed,12,1,1.043761920,0.269260885,3.485431669,0.155498800,0.000000000,nan,nan,nan,nan,nan,nan,nan,nan,nan,8.000000000,0.300000000,1.800000000,3.000000000,nan,nan,nan,nan,nan,nan,nan,nan,nan,1.500000000,2.000000000,196,243,0
2026-06-01T19:59:55,1778158952.960881472,r1,track_association,wall_like,accepted,selected_best_match,detection,1,35,confirmed,15,0,0.854838045,1.248304146,2.533320886,0.036621466,0.000000000,nan,nan,nan,nan,nan,nan,nan,nan,nan,8.000000000,0.300000000,1.800000000,3.000000000,nan,nan,nan,nan,nan,nan,nan,nan,nan,1.500000000,2.000000000,136,135,0
2026-06-01T19:59:55,1778158952.960881472,r1,track_association,wall_like,accepted,selected_best_match,detection,2,33,confirmed,27,0,0.812999337,0.246111434,1.769973307,0.152914659,0.000000000,nan,nan,nan,nan,nan,nan,nan,nan,nan,8.000000000,0.300000000,1.800000000,3.000000000,nan,nan,nan,nan,nan,nan,nan,nan,nan,1.500000000,2.000000000,504,402,0
2026-06-01T19:59:56,1778158953.179881334,r1,track_association,wall_like,accepted,selected_best_match,detection,0,35,confirmed,16,0,0.415401397,0.766107761,0.867138277,0.015491958,0.000000000,nan,nan,nan,nan,nan,nan,nan,nan,nan,8.000000000,0.300000000,1.800000000,3.000000000,nan,nan,nan,nan,nan,nan,nan,nan,nan,1.500000000,2.000000000,349,136,0
2026-06-01T19:59:56,1778158953.179881334,r1,track_association,wall_like,rejected,plane_offset,detection,0,37,confirmed,13,0,nan,4.363948240,2.645028796,0.438792486,2.112050748,nan,nan,nan,nan,nan,nan,nan,nan,nan,8.000000000,0.300000000,1.800000000,3.000000000,nan,nan,nan,nan,nan,nan,nan,nan,nan,1.500000000,2.000000000,349,196,0
2026-06-01T19:59:56,1778158953.179881334,r1,track_association,wall_like,rejected,plane_offset,detection,2,43,weak_tracked,2,5,nan,3.504252216,3.427424995,0.371755368,0.000000000,nan,nan,nan,nan,nan,nan,nan,nan,nan,8.000000000,0.300000000,1.800000000,3.000000000,nan,nan,nan,nan,nan,nan,nan,nan,nan,1.500000000,2.000000000,58,56,0
2026-06-01T19:59:56,1778158953.179881334,r1,track_association,wall_like,rejected,plane_offset,detection,2,37,confirmed,13,0,nan,2.306900631,2.127896702,0.433209164,0.000000000,nan,nan,nan,nan,nan,nan,nan,nan,nan,8.000000000,0.300000000,1.800000000,3.000000000,nan,nan,nan,nan,nan,nan,nan,nan,nan,1.500000000,2.000000000,58,196,0
2026-06-01T19:59:56,1778158953.179881334,r1,track_association,pillar_like,accepted,selected_best_match,detection,3,50,weak_tracked,2,2,0.128606299,0.050267080,nan,nan,nan,nan,nan,nan,nan,nan,0.047315456,1.000000000,0.070114374,0.016178370,nan,nan,nan,nan,nan,nan,nan,nan,nan,0.500000000,0.300000000,0.800000000,0.600000000,1.500000000,2.000000000,112,125,0
2026-06-01T19:59:56,1778158953.362881184,r1,track_association,wall_like,accepted,selected_best_match,detection,0,33,confirmed,28,1,0.042886346,0.027871687,0.241527207,0.001021465,0.000000000,nan,nan,nan,nan,nan,nan,nan,nan,nan,8.000000000,0.300000000,1.800000000,3.000000000,nan,nan,nan,nan,nan,nan,nan,nan,nan,1.500000000,2.000000000,491,504,0
2026-06-01T19:59:56,1778158953.362881184,r1,track_association,wall_like,accepted,selected_best_match,detection,2,37,confirmed,13,1,0.375467871,0.190176792,2.414962260,0.003061597,0.000000000,nan,nan,nan,nan,nan,nan,nan,nan,nan,8.000000000,0.300000000,1.800000000,3.000000000,nan,nan,nan,nan,nan,nan,nan,nan,nan,1.500000000,2.000000000,143,196,0
2026-06-01T19:59:56,1778158953.362881184,r1,track_association,wall_like,rejected,plane_offset,detection,2,35,confirmed,17,0,nan,4.706257330,4.383010850,0.394915248,2.630046302,nan,nan,nan,nan,nan,nan,nan,nan,nan,8.000000000,0.300000000,1.800000000,3.000000000,nan,nan,nan,nan,nan,nan,nan,nan,nan,1.500000000,2.000000000,143,349,0
2026-06-01T19:59:56,1778158953.362881184,r1,track_association,wall_like,accepted,selected_best_match,detection,3,35,confirmed,17,0,0.732329222,1.040393223,1.684281557,0.052498886,0.000000000,nan,nan,nan,nan,nan,nan,nan,nan,nan,8.000000000,0.300000000,1.800000000,3.000000000,nan,nan,nan,nan,nan,nan,nan,nan,nan,1.500000000,2.000000000,98,349,0
2026-06-01T19:59:56,1778158953.362881184,r1,track_association,wall_like,rejected,projected_gap,detection,3,54,candidate,1,0,nan,4.985155933,1.798278436,0.116453634,2.500006184,nan,nan,nan,nan,nan,nan,nan,nan,nan,8.000000000,0.300000000,1.800000000,3.000000000,nan,nan,nan,nan,nan,nan,nan,nan,nan,1.500000000,2.000000000,98,58,0
2026-06-01T19:59:56,1778158953.800881386,r1,track_association,wall_like,accepted,selected_best_match,detection,0,35,confirmed,18,1,0.819721144,0.575362267,4.246167113,0.029148850,0.000000000,nan,nan,nan,nan,nan,nan,nan,nan,nan,8.000000000,0.300000000,1.800000000,3.000000000,nan,nan,nan,nan,nan,nan,nan,nan,nan,1.500000000,2.000000000,144,98,0
2026-06-01T19:59:56,1778158953.800881386,r1,track_association,wall_like,rejected,projected_gap,detection,0,54,candidate,1,2,nan,5.221096934,3.655898647,0.010145908,1.882151247,nan,nan,nan,nan,nan,nan,nan,nan,nan,8.000000000,0.300000000,1.800000000,3.000000000,nan,nan,nan,nan,nan,nan,nan,nan,nan,1.500000000,2.000000000,144,58,0
2026-06-01T19:59:56,1778158953.800881386,r1,track_association,wall_like,rejected,projected_gap,detection,0,37,confirmed,14,1,nan,4.202277179,4.504046387,0.268004747,2.059454660,nan,nan,nan,nan,nan,nan,nan,nan,nan,8.000000000,0.300000000,1.800000000,3.000000000,nan,nan,nan,nan,nan,nan,nan,nan,nan,1.500000000,2.000000000,144,143,0
2026-06-01T19:59:56,1778158953.800881386,r1,track_association,pillar_like,accepted,selected_best_match,detection,1,50,weak_tracked,3,2,0.560556945,0.116478948,nan,nan,nan,nan,nan,nan,nan,nan,0.082112909,1.000000000,0.300204515,0.219786406,nan,nan,nan,nan,nan,nan,nan,nan,nan,0.500000000,0.300000000,0.800000000,0.600000000,1.500000000,2.000000000,114,112,0
2026-06-01T19:59:56,1778158953.965881586,r1,track_association,wall_like,accepted,selected_best_match,detection,0,37,confirmed,14,2,0.196606632,0.156424362,0.871763474,0.010648423,0.000000000,nan,nan,nan,nan,nan,nan,nan,nan,nan,8.000000000,0.300000000,1.800000000,3.000000000,nan,nan,nan,nan,nan,nan,nan,nan,nan,1.500000000,2.000000000,211,143,0
2026-06-01T19:59:56,1778158953.965881586,r1,track_association,wall_like,rejected,plane_offset,detection,0,35,confirmed,19,0,nan,4.393190698,2.365226519,0.370944030,1.895052081,nan,nan,nan,nan,nan,nan,nan,nan,nan,8.000000000,0.300000000,1.800000000,3.000000000,nan,nan,nan,nan,nan,nan,nan,nan,nan,1.500000000,2.000000000,211,144,0
2026-06-01T19:59:56,1778158953.965881586,r1,track_association,wall_like,accepted,selected_best_match,detection,1,33,confirmed,29,2,0.094422773,0.112573470,0.215560763,0.008985956,0.000000000,nan,nan,nan,nan,nan,nan,nan,nan,nan,8.000000000,0.300000000,1.800000000,3.000000000,nan,nan,nan,nan,nan,nan,nan,nan,nan,1.500000000,2.000000000,483,491,0
2026-06-01T19:59:57,1778158954.181881189,r1,track_association,wall_like,accepted,selected_best_match,detection,0,35,confirmed,19,1,0.583902490,0.866596906,2.114387512,0.009221525,0.000000000,nan,nan,nan,nan,nan,nan,nan,nan,nan,8.000000000,0.300000000,1.800000000,3.000000000,nan,nan,nan,nan,nan,nan,nan,nan,nan,1.500000000,2.000000000,261,144,0
2026-06-01T19:59:57,1778158954.181881189,r1,track_association,pillar_like,accepted,selected_best_match,detection,2,50,confirmed,4,1,0.068690129,0.025079870,nan,nan,nan,nan,nan,nan,nan,nan,0.022318147,1.000000000,0.065539122,0.010499954,nan,nan,nan,nan,nan,nan,nan,nan,nan,0.500000000,0.300000000,0.800000000,0.600000000,1.500000000,2.000000000,114,114,0
2026-06-01T19:59:57,1778158954.382881165,r1,track_association,pillar_like,accepted,selected_best_match,detection,0,50,confirmed,5,0,0.168954650,0.055595402,nan,nan,nan,nan,nan,nan,nan,nan,0.049539927,0.989500155,0.006810665,0.035216331,nan,nan,nan,nan,nan,nan,nan,nan,nan,0.500000000,0.300000000,0.800000000,0.600000000,1.500000000,2.000000000,119,114,0
2026-06-01T19:59:57,1778158954.562881231,r1,track_association,wall_like,accepted,selected_best_match,detection,0,35,confirmed,20,1,0.277795949,0.103359253,1.083850921,0.032358450,0.000000000,nan,nan,nan,nan,nan,nan,nan,nan,nan,8.000000000,0.300000000,1.800000000,3.000000000,nan,nan,nan,nan,nan,nan,nan,nan,nan,1.500000000,2.000000000,372,261,0
2026-06-01T19:59:57,1778158954.562881231,r1,track_association,wall_like,rejected,projected_gap,detection,0,54,candidate,1,6,nan,5.923455435,0.761429758,0.091226245,2.545307169,nan,nan,nan,nan,nan,nan,nan,nan,nan,8.000000000,0.300000000,1.800000000,3.000000000,nan,nan,nan,nan,nan,nan,nan,nan,nan,1.500000000,2.000000000,372,58,0
2026-06-01T19:59:57,1778158954.562881231,r1,track_association,wall_like,rejected,plane_offset,detection,0,37,confirmed,15,2,nan,4.745639427,3.050520218,0.442732464,2.299397697,nan,nan,nan,nan,nan,nan,nan,nan,nan,8.000000000,0.300000000,1.800000000,3.000000000,nan,nan,nan,nan,nan,nan,nan,nan,nan,1.500000000,2.000000000,372,211,0
2026-06-01T19:59:57,1778158954.562881231,r1,track_association,wall_like,accepted,selected_best_match,detection,2,37,confirmed,15,2,0.082556219,0.137234927,0.231303595,0.002369488,0.000000000,nan,nan,nan,nan,nan,nan,nan,nan,nan,8.000000000,0.300000000,1.800000000,3.000000000,nan,nan,nan,nan,nan,nan,nan,nan,nan,1.500000000,2.000000000,165,211,0
2026-06-01T19:59:57,1778158954.562881231,r1,track_association,wall_like,rejected,plane_offset,detection,2,54,candidate,1,6,nan,2.276346644,2.376213335,0.441990297,0.000000000,nan,nan,nan,nan,nan,nan,nan,nan,nan,8.000000000,0.300000000,1.800000000,3.000000000,nan,nan,nan,nan,nan,nan,nan,nan,nan,1.500000000,2.000000000,165,58,0
2026-06-01T19:59:57,1778158954.562881231,r1,track_association,pillar_like,accepted,selected_best_match,detection,3,50,confirmed,6,0,0.083176924,0.100261804,nan,nan,nan,nan,nan,nan,nan,nan,0.013833315,1.000000000,0.407354951,0.008864880,nan,nan,nan,nan,nan,nan,nan,nan,nan,0.500000000,0.300000000,0.800000000,0.600000000,1.500000000,2.000000000,96,119,0
2026-06-01T19:59:57,1778158954.784881353,r1,track_association,wall_like,accepted,selected_best_match,detection,0,35,confirmed,21,0,0.292328201,0.748341123,0.119683872,0.008376203,0.000000000,nan,nan,nan,nan,nan,nan,nan,nan,nan,8.000000000,0.300000000,1.800000000,3.000000000,nan,nan,nan,nan,nan,nan,nan,nan,nan,1.500000000,2.000000000,289,372,0
2026-06-01T19:59:57,1778158954.961881399,r1,track_association,pillar_like,accepted,selected_best_match,detection,0,50,confirmed,7,1,0.291626108,0.207870151,nan,nan,nan,nan,nan,nan,nan,nan,0.056869704,0.900588590,0.066214919,0.043112278,nan,nan,nan,nan,nan,nan,nan,nan,nan,0.500000000,0.300000000,0.800000000,0.600000000,1.500000000,2.000000000,82,96,0
2026-06-01T19:59:58,1778158955.360881329,r1,track_association,wall_like,accepted,selected_best_match,detection,0,35,confirmed,22,2,0.472783423,0.214642343,2.644528383,0.021200978,0.000000000,nan,nan,nan,nan,nan,nan,nan,nan,nan,8.000000000,0.300000000,1.800000000,3.000000000,nan,nan,nan,nan,nan,nan,nan,nan,nan,1.500000000,2.000000000,421,289,0
2026-06-01T19:59:58,1778158955.360881329,r1,track_association,wall_like,accepted,selected_best_match,detection,2,37,confirmed,16,3,0.849029705,0.897717853,2.800739209,0.059909406,0.000000000,nan,nan,nan,nan,nan,nan,nan,nan,nan,8.000000000,0.300000000,1.800000000,3.000000000,nan,nan,nan,nan,nan,nan,nan,nan,nan,1.500000000,2.000000000,66,165,0
2026-06-01T19:59:58,1778158955.360881329,r1,track_association,wall_like,rejected,plane_offset,detection,2,54,candidate,1,10,nan,2.770754504,2.499204254,0.358092153,0.000000000,nan,nan,nan,nan,nan,nan,nan,nan,nan,8.000000000,0.300000000,1.800000000,3.000000000,nan,nan,nan,nan,nan,nan,nan,nan,nan,1.500000000,2.000000000,66,58,0
2026-06-01T19:59:58,1778158955.360881329,r1,track_association,wall_like,accepted,selected_best_match,detection,4,53,candidate,1,10,1.392102198,3.073335991,0.301280060,0.098999058,0.000000000,nan,nan,nan,nan,nan,nan,nan,nan,nan,8.000000000,0.300000000,1.800000000,3.000000000,nan,nan,nan,nan,nan,nan,nan,nan,nan,1.500000000,2.000000000,100,77,0
2026-06-01T19:59:58,1778158955.561881304,r1,track_association,wall_like,accepted,selected_best_match,detection,0,35,confirmed,23,0,0.111158155,0.043836651,0.756001416,0.000613728,0.000000000,nan,nan,nan,nan,nan,nan,nan,nan,nan,8.000000000,0.300000000,1.800000000,3.000000000,nan,nan,nan,nan,nan,nan,nan,nan,nan,1.500000000,2.000000000,383,421,0
2026-06-01T19:59:58,1778158955.561881304,r1,track_association,wall_like,rejected,plane_offset,detection,0,37,confirmed,17,0,nan,5.010904481,1.970123241,0.390708292,2.548912560,nan,nan,nan,nan,nan,nan,nan,nan,nan,8.000000000,0.300000000,1.800000000,3.000000000,nan,nan,nan,nan,nan,nan,nan,nan,nan,1.500000000,2.000000000,383,66,0
2026-06-01T19:59:58,1778158955.561881304,r1,track_association,wall_like,accepted,selected_best_match,detection,2,53,weak_tracked,2,0,0.806421273,1.198204481,0.718152033,0.095175233,0.000000000,nan,nan,nan,nan,nan,nan,nan,nan,nan,8.000000000,0.300000000,1.800000000,3.000000000,nan,nan,nan,nan,nan,nan,nan,nan,nan,1.500000000,2.000000000,153,100,0
2026-06-01T19:59:58,1778158955.561881304,r1,track_association,wall_like,accepted,selected_best_match,detection,4,37,confirmed,17,0,0.425884019,0.200035323,1.343058397,0.057396983,0.000000000,nan,nan,nan,nan,nan,nan,nan,nan,nan,8.000000000,0.300000000,1.800000000,3.000000000,nan,nan,nan,nan,nan,nan,nan,nan,nan,1.500000000,2.000000000,185,66,0
2026-06-01T19:59:58,1778158955.561881304,r1,track_association,pillar_like,accepted,selected_best_match,detection,6,50,confirmed,8,2,0.321102276,0.090199004,nan,nan,nan,nan,nan,nan,nan,nan,0.061140028,1.000000000,0.267046690,0.103270531,nan,nan,nan,nan,nan,nan,nan,nan,nan,0.500000000,0.300000000,0.800000000,0.600000000,1.500000000,2.000000000,102,82,0
2026-06-01T19:59:58,1778158955.762030840,r1,track_association,wall_like,accepted,selected_best_match,detection,0,33,stale,30,8,0.339412040,0.576805532,0.541977888,0.023818888,0.000000000,nan,nan,nan,nan,nan,nan,nan,nan,nan,8.000000000,0.300000000,1.800000000,3.000000000,nan,nan,nan,nan,nan,nan,nan,nan,nan,1.500000000,2.000000000,398,483,0
2026-06-01T19:59:58,1778158955.963030577,r1,track_association,wall_like,accepted,selected_best_match,detection,0,35,confirmed,24,1,0.607412128,1.096812543,1.534182278,0.015010549,0.000000000,nan,nan,nan,nan,nan,nan,nan,nan,nan,8.000000000,0.300000000,1.800000000,3.000000000,nan,nan,nan,nan,nan,nan,nan,nan,nan,1.500000000,2.000000000,223,383,0
2026-06-01T19:59:58,1778158955.963030577,r1,track_association,wall_like,rejected,projected_gap,detection,0,54,candidate,1,13,nan,5.033578694,1.003119409,0.106702745,1.897992903,nan,nan,nan,nan,nan,nan,nan,nan,nan,8.000000000,0.300000000,1.800000000,3.000000000,nan,nan,nan,nan,nan,nan,nan,nan,nan,1.500000000,2.000000000,223,58,0
2026-06-01T19:59:59,1778158956.143030643,r1,track_association,wall_like,accepted,selected_best_match,detection,0,35,confirmed,25,0,0.460948139,0.774856440,1.282163274,0.012717675,0.000000000,nan,nan,nan,nan,nan,nan,nan,nan,nan,8.000000000,0.300000000,1.800000000,3.000000000,nan,nan,nan,nan,nan,nan,nan,nan,nan,1.500000000,2.000000000,230,223,0
2026-06-01T19:59:59,1778158956.143030643,r1,track_association,wall_like,rejected,projected_gap,detection,0,54,candidate,1,14,nan,5.050676737,1.073139829,0.094305798,1.892566070,nan,nan,nan,nan,nan,nan,nan,nan,nan,8.000000000,0.300000000,1.800000000,3.000000000,nan,nan,nan,nan,nan,nan,nan,nan,nan,1.500000000,2.000000000,230,58,0
2026-06-01T19:59:59,1778158956.341030598,r1,track_association,pillar_like,accepted,selected_best_match,detection,0,50,confirmed,9,3,0.488055944,0.409399043,nan,nan,nan,nan,nan,nan,nan,nan,0.052718070,0.811860099,0.055109262,0.113381386,nan,nan,nan,nan,nan,nan,nan,nan,nan,0.500000000,0.300000000,0.800000000,0.600000000,1.500000000,2.000000000,97,102,0
2026-06-01T19:59:59,1778158956.542030573,r1,track_association,wall_like,accepted,selected_best_match,detection,0,33,confirmed,31,3,0.252535042,0.460862286,0.132710777,0.024697630,0.000000000,nan,nan,nan,nan,nan,nan,nan,nan,nan,8.000000000,0.300000000,1.800000000,3.000000000,nan,nan,nan,nan,nan,nan,nan,nan,nan,1.500000000,2.000000000,424,398,0
2026-06-01T19:59:59,1778158956.542030573,r1,track_association,wall_like,accepted,selected_best_match,detection,2,35,confirmed,26,1,0.605891510,1.249895695,1.002728848,0.019175552,0.000000000,nan,nan,nan,nan,nan,nan,nan,nan,nan,8.000000000,0.300000000,1.800000000,3.000000000,nan,nan,nan,nan,nan,nan,nan,nan,nan,1.500000000,2.000000000,89,230,0
2026-06-01T19:59:59,1778158956.962030649,r1,track_association,wall_like,accepted,selected_best_match,detection,0,44,candidate,1,29,0.476307267,0.212684268,2.202250276,0.039039368,0.000000000,nan,nan,nan,nan,nan,nan,nan,nan,nan,8.000000000,0.300000000,1.800000000,3.000000000,nan,nan,nan,nan,nan,nan,nan,nan,nan,1.500000000,2.000000000,93,86,0
2026-06-01T19:59:59,1778158956.962030649,r1,track_association,wall_like,rejected,projected_gap,detection,0,46,candidate,1,29,nan,3.519516788,4.905314102,0.242441705,2.687869206,nan,nan,nan,nan,nan,nan,nan,nan,nan,8.000000000,0.300000000,1.800000000,3.000000000,nan,nan,nan,nan,nan,nan,nan,nan,nan,1.500000000,2.000000000,93,59,0
2026-06-01T19:59:59,1778158956.962030649,r1,track_association,wall_like,accepted,selected_best_match,detection,2,45,candidate,1,29,1.651633622,2.883517734,1.328627086,0.157314797,0.000000000,nan,nan,nan,nan,nan,nan,nan,nan,nan,8.000000000,0.300000000,1.800000000,3.000000000,nan,nan,nan,nan,nan,nan,nan,nan,nan,1.500000000,2.000000000,61,64,0
2026-06-01T19:59:59,1778158956.962030649,r1,track_association,wall_like,rejected,plane_offset,detection,2,46,candidate,1,29,nan,4.168739306,4.612421044,0.355716155,0.886569187,nan,nan,nan,nan,nan,nan,nan,nan,nan,8.000000000,0.300000000,1.800000000,3.000000000,nan,nan,nan,nan,nan,nan,nan,nan,nan,1.500000000,2.000000000,61,59,0
2026-06-01T19:59:59,1778158956.962030649,r1,track_association,wall_like,accepted,selected_best_match,detection,3,46,candidate,1,29,0.555478775,0.331821982,3.109827904,0.016842888,0.000000000,nan,nan,nan,nan,nan,nan,nan,nan,nan,8.000000000,0.300000000,1.800000000,3.000000000,nan,nan,nan,nan,nan,nan,nan,nan,nan,1.500000000,2.000000000,52,59,0
2026-06-01T20:00:00,1778158957.163030624,r1,track_association,wall_like,accepted,selected_best_match,detection,0,35,confirmed,27,2,0.984661408,1.642212184,2.009128110,0.055834900,0.000000000,nan,nan,nan,nan,nan,nan,nan,nan,nan,8.000000000,0.300000000,1.800000000,3.000000000,nan,nan,nan,nan,nan,nan,nan,nan,nan,1.500000000,2.000000000,381,89,0
2026-06-01T20:00:00,1778158957.163030624,r1,track_association,pillar_like,accepted,selected_best_match,detection,2,50,confirmed,10,3,0.255729924,0.033409571,nan,nan,nan,nan,nan,nan,nan,nan,0.016251267,1.000000000,1.034665585,0.071856499,nan,nan,nan,nan,nan,nan,nan,nan,nan,0.500000000,0.300000000,0.800000000,0.600000000,1.500000000,2.000000000,104,97,0
2026-06-01T20:00:00,1778158957.361030579,r1,track_association,wall_like,accepted,selected_best_match,detection,0,33,confirmed,32,3,0.749473043,0.524997102,0.904637263,0.138418305,0.000000000,nan,nan,nan,nan,nan,nan,nan,nan,nan,8.000000000,0.300000000,1.800000000,3.000000000,nan,nan,nan,nan,nan,nan,nan,nan,nan,1.500000000,2.000000000,317,424,0
2026-06-01T20:00:00,1778158957.361030579,r1,track_association,pillar_like,accepted,selected_best_match,detection,1,58,candidate,1,0,0.423748747,0.221865983,nan,nan,nan,nan,nan,nan,nan,nan,0.052076310,1.000000000,0.599269032,0.155801535,nan,nan,nan,nan,nan,nan,nan,nan,nan,0.500000000,0.300000000,0.800000000,0.600000000,1.500000000,2.000000000,85,53,0
2026-06-01T20:00:00,1778158957.580030680,r1,track_association,pillar_like,accepted,selected_best_match,detection,0,58,weak_tracked,2,0,0.549600684,0.092126061,nan,nan,nan,nan,nan,nan,nan,nan,0.018990538,1.000000000,0.228468180,0.293263674,nan,nan,nan,nan,nan,nan,nan,nan,nan,0.500000000,0.300000000,0.800000000,0.600000000,1.500000000,2.000000000,88,85,0
2026-06-01T20:00:01,1778158958.162030697,r1,track_association,wall_like,accepted,selected_best_match,detection,0,53,weak_tracked,3,12,0.749407658,1.630043020,1.080246405,0.021308755,0.000000000,nan,nan,nan,nan,nan,nan,nan,nan,nan,8.000000000,0.300000000,1.800000000,3.000000000,nan,nan,nan,nan,nan,nan,nan,nan,nan,1.500000000,2.000000000,307,153,0
2026-06-01T20:00:01,1778158958.162030697,r1,track_association,wall_like,accepted,selected_best_match,detection,1,35,stale,28,4,1.010726834,2.453285341,0.383778778,0.043497812,0.000000000,nan,nan,nan,nan,nan,nan,nan,nan,nan,8.000000000,0.300000000,1.800000000,3.000000000,nan,nan,nan,nan,nan,nan,nan,nan,nan,1.500000000,2.000000000,159,381,0
2026-06-01T20:00:01,1778158958.162030697,r1,track_association,wall_like,accepted,selected_best_match,detection,2,54,candidate,1,24,2.616146429,4.349141518,0.404885420,0.038410124,1.778018701,nan,nan,nan,nan,nan,nan,nan,nan,nan,8.000000000,0.300000000,1.800000000,3.000000000,nan,nan,nan,nan,nan,nan,nan,nan,nan,1.500000000,2.000000000,118,58,0
2026-06-01T20:00:01,1778158958.162030697,r1,track_association,wall_like,rejected,plane_offset,detection,2,37,stale,18,12,nan,3.685538228,1.920354777,0.432109423,1.600479508,nan,nan,nan,nan,nan,nan,nan,nan,nan,8.000000000,0.300000000,1.800000000,3.000000000,nan,nan,nan,nan,nan,nan,nan,nan,nan,1.500000000,2.000000000,118,185,0
2026-06-01T20:00:01,1778158958.360030651,r1,track_association,wall_like,accepted,selected_best_match,detection,0,35,confirmed,29,0,0.985139946,1.617969512,1.527340901,0.076469749,0.000000000,nan,nan,nan,nan,nan,nan,nan,nan,nan,8.000000000,0.300000000,1.800000000,3.000000000,nan,nan,nan,nan,nan,nan,nan,nan,nan,1.500000000,2.000000000,102,159,0
2026-06-01T20:00:01,1778158958.561030626,r1,track_association,wall_like,accepted,selected_best_match,detection,0,53,weak_tracked,4,1,1.498704873,1.905279167,3.170351181,0.140195376,0.000000000,nan,nan,nan,nan,nan,nan,nan,nan,nan,8.000000000,0.300000000,1.800000000,3.000000000,nan,nan,nan,nan,nan,nan,nan,nan,nan,1.500000000,2.000000000,111,307,0
2026-06-01T20:00:01,1778158958.981030703,r1,track_association,wall_like,accepted,selected_best_match,detection,0,53,weak_tracked,5,1,0.324775865,0.600296938,0.372023699,0.023452177,0.000000000,nan,nan,nan,nan,nan,nan,nan,nan,nan,8.000000000,0.300000000,1.800000000,3.000000000,nan,nan,nan,nan,nan,nan,nan,nan,nan,1.500000000,2.000000000,240,111,0
2026-06-01T20:00:01,1778158958.981030703,r1,track_association,wall_like,accepted,selected_best_match,detection,1,35,confirmed,30,2,1.712878055,2.653218738,0.418062647,0.046949251,1.115489657,nan,nan,nan,nan,nan,nan,nan,nan,nan,8.000000000,0.300000000,1.800000000,3.000000000,nan,nan,nan,nan,nan,nan,nan,nan,nan,1.500000000,2.000000000,69,102,0
2026-06-01T20:00:01,1778158958.981030703,r1,track_association,wall_like,rejected,projected_gap,detection,1,54,weak_tracked,2,3,nan,3.085769228,0.109272499,0.041248503,2.016668738,nan,nan,nan,nan,nan,nan,nan,nan,nan,8.000000000,0.300000000,1.800000000,3.000000000,nan,nan,nan,nan,nan,nan,nan,nan,nan,1.500000000,2.000000000,69,118,0
2026-06-01T20:00:01,1778158958.981030703,r1,track_association,wall_like,rejected,plane_offset,detection,1,37,stale,18,16,nan,3.597142346,2.098862516,0.442837605,1.615674118,nan,nan,nan,nan,nan,nan,nan,nan,nan,8.000000000,0.300000000,1.800000000,3.000000000,nan,nan,nan,nan,nan,nan,nan,nan,nan,1.500000000,2.000000000,69,185,0
2026-06-01T20:00:01,1778158958.981030703,r1,plane_young_span_merge,wall_like,accepted,young_span_merged_duplicate_track,track,61,35,confirmed,31,0,0.489710139,nan,1.509233791,0.013350993,0.000431452,nan,nan,nan,nan,nan,nan,nan,nan,nan,4.000000000,0.120000000,0.500000000,nan,nan,nan,nan,nan,nan,nan,nan,nan,nan,1.000000000,1.000000000,54,69,1
2026-06-01T20:00:03,1778158960.559030771,r1,track_association,wall_like,accepted,selected_best_match,detection,0,59,candidate,1,9,0.915000337,1.436005325,1.366100575,0.079670797,0.000000000,nan,nan,nan,nan,nan,nan,nan,nan,nan,8.000000000,0.300000000,1.800000000,3.000000000,nan,nan,nan,nan,nan,nan,nan,nan,nan,1.500000000,2.000000000,365,177,0
2026-06-01T20:00:03,1778158960.559030771,r1,track_association,wall_like,accepted,selected_best_match,detection,1,60,candidate,1,9,0.417211133,0.964374687,0.051655322,0.026788797,0.000000000,nan,nan,nan,nan,nan,nan,nan,nan,nan,8.000000000,0.300000000,1.800000000,3.000000000,nan,nan,nan,nan,nan,nan,nan,nan,nan,1.500000000,2.000000000,168,59,0
2026-06-01T20:00:04,1778158961.165030479,r1,track_association,wall_like,accepted,selected_best_match,detection,0,53,stale,6,10,0.778515257,1.398544527,1.102998264,0.052337689,0.000000000,nan,nan,nan,nan,nan,nan,nan,nan,nan,8.000000000,0.300000000,1.800000000,3.000000000,nan,nan,nan,nan,nan,nan,nan,nan,nan,1.500000000,2.000000000,402,240,0
2026-06-01T20:00:04,1778158961.351030588,r1,track_association,wall_like,accepted,selected_best_match,detection,0,60,weak_tracked,2,3,0.717796024,1.639730787,0.157397053,0.045463339,0.000000000,nan,nan,nan,nan,nan,nan,nan,nan,nan,8.000000000,0.300000000,1.800000000,3.000000000,nan,nan,nan,nan,nan,nan,nan,nan,nan,1.500000000,2.000000000,422,168,0
2026-06-01T20:00:04,1778158961.351030588,r1,track_association,wall_like,accepted,selected_best_match,detection,1,59,weak_tracked,2,3,1.465302579,2.576065348,1.468634076,0.126910461,0.000000000,nan,nan,nan,nan,nan,nan,nan,nan,nan,8.000000000,0.300000000,1.800000000,3.000000000,nan,nan,nan,nan,nan,nan,nan,nan,nan,1.500000000,2.000000000,360,365,0
2026-06-01T20:00:04,1778158961.561030626,r1,track_association,wall_like,accepted,selected_best_match,detection,0,60,weak_tracked,3,0,0.654307699,1.302557764,0.322357238,0.053948137,0.000000000,nan,nan,nan,nan,nan,nan,nan,nan,nan,8.000000000,0.300000000,1.800000000,3.000000000,nan,nan,nan,nan,nan,nan,nan,nan,nan,1.500000000,2.000000000,429,422,0
2026-06-01T20:00:04,1778158961.561030626,r1,track_association,wall_like,accepted,selected_best_match,detection,1,59,weak_tracked,3,0,0.926819844,1.826038577,0.674130365,0.070162207,0.000000000,nan,nan,nan,nan,nan,nan,nan,nan,nan,8.000000000,0.300000000,1.800000000,3.000000000,nan,nan,nan,nan,nan,nan,nan,nan,nan,1.500000000,2.000000000,387,360,0
2026-06-01T20:00:04,1778158961.741030693,r1,track_association,wall_like,accepted,selected_best_match,detection,0,53,confirmed,7,2,0.373981691,0.714502888,0.600113790,0.018239951,0.000000000,nan,nan,nan,nan,nan,nan,nan,nan,nan,8.000000000,0.300000000,1.800000000,3.000000000,nan,nan,nan,nan,nan,nan,nan,nan,nan,1.500000000,2.000000000,488,402,0
2026-06-01T20:00:04,1778158961.741030693,r1,track_association,wall_like,accepted,selected_best_match,detection,1,60,weak_tracked,4,0,0.476808554,1.001666571,0.257917839,0.033203990,0.000000000,nan,nan,nan,nan,nan,nan,nan,nan,nan,8.000000000,0.300000000,1.800000000,3.000000000,nan,nan,nan,nan,nan,nan,nan,nan,nan,1.500000000,2.000000000,439,429,0
2026-06-01T20:00:04,1778158961.741030693,r1,track_association,wall_like,accepted,selected_best_match,detection,2,59,weak_tracked,4,0,0.867939889,1.429165595,1.104255453,0.076055828,0.000000000,nan,nan,nan,nan,nan,nan,nan,nan,nan,8.000000000,0.300000000,1.800000000,3.000000000,nan,nan,nan,nan,nan,nan,nan,nan,nan,1.500000000,2.000000000,390,387,0
2026-06-01T20:00:04,1778158961.963030577,r1,track_association,wall_like,accepted,selected_best_match,detection,0,60,confirmed,5,0,0.478897273,0.747806641,0.796818413,0.039007827,0.000000000,nan,nan,nan,nan,nan,nan,nan,nan,nan,8.000000000,0.300000000,1.800000000,3.000000000,nan,nan,nan,nan,nan,nan,nan,nan,nan,1.500000000,2.000000000,325,439,0
2026-06-01T20:00:04,1778158961.963030577,r1,track_association,wall_like,accepted,selected_best_match,detection,1,59,confirmed,5,0,0.698047412,1.361081724,0.649379950,0.048954303,0.000000000,nan,nan,nan,nan,nan,nan,nan,nan,nan,8.000000000,0.300000000,1.800000000,3.000000000,nan,nan,nan,nan,nan,nan,nan,nan,nan,1.500000000,2.000000000,305,390,0
2026-06-01T20:00:05,1778158962.161030531,r1,track_association,wall_like,accepted,selected_best_match,detection,0,60,confirmed,6,0,0.342848058,0.474804275,0.803644361,0.025237327,0.000000000,nan,nan,nan,nan,nan,nan,nan,nan,nan,8.000000000,0.300000000,1.800000000,3.000000000,nan,nan,nan,nan,nan,nan,nan,nan,nan,1.500000000,2.000000000,357,325,0
2026-06-01T20:00:05,1778158962.161030531,r1,track_association,wall_like,accepted,selected_best_match,detection,1,59,confirmed,6,0,0.567190346,0.917715018,0.924185903,0.043728631,0.000000000,nan,nan,nan,nan,nan,nan,nan,nan,nan,8.000000000,0.300000000,1.800000000,3.000000000,nan,nan,nan,nan,nan,nan,nan,nan,nan,1.500000000,2.000000000,351,305,0
2026-06-01T20:00:05,1778158962.380030632,r1,track_association,wall_like,accepted,selected_best_match,detection,0,60,confirmed,7,0,0.304944233,0.481595411,0.569670392,0.021961089,0.000000000,nan,nan,nan,nan,nan,nan,nan,nan,nan,8.000000000,0.300000000,1.800000000,3.000000000,nan,nan,nan,nan,nan,nan,nan,nan,nan,1.500000000,2.000000000,301,357,0
2026-06-01T20:00:05,1778158962.380030632,r1,track_association,wall_like,accepted,selected_best_match,detection,1,59,confirmed,7,0,0.257085882,0.386420635,0.676494877,0.013115143,0.000000000,nan,nan,nan,nan,nan,nan,nan,nan,nan,8.000000000,0.300000000,1.800000000,3.000000000,nan,nan,nan,nan,nan,nan,nan,nan,nan,1.500000000,2.000000000,328,351,0
2026-06-01T20:00:05,1778158962.563030481,r1,track_association,wall_like,accepted,selected_best_match,detection,0,60,confirmed,8,0,0.158829267,0.360383222,0.299938941,0.000362748,0.000000000,nan,nan,nan,nan,nan,nan,nan,nan,nan,8.000000000,0.300000000,1.800000000,3.000000000,nan,nan,nan,nan,nan,nan,nan,nan,nan,1.500000000,2.000000000,425,301,0
2026-06-01T20:00:05,1778158962.563030481,r1,track_association,wall_like,accepted,selected_best_match,detection,1,59,confirmed,8,0,0.136410170,0.275741613,0.324068619,0.001196316,0.000000000,nan,nan,nan,nan,nan,nan,nan,nan,nan,8.000000000,0.300000000,1.800000000,3.000000000,nan,nan,nan,nan,nan,nan,nan,nan,nan,1.500000000,2.000000000,353,328,0
2026-06-01T20:00:05,1778158962.761030912,r1,track_association,wall_like,accepted,selected_best_match,detection,0,60,confirmed,9,0,0.262072578,0.485797923,0.378081718,0.015863917,0.000000000,nan,nan,nan,nan,nan,nan,nan,nan,nan,8.000000000,0.300000000,1.800000000,3.000000000,nan,nan,nan,nan,nan,nan,nan,nan,nan,1.500000000,2.000000000,532,425,0
2026-06-01T20:00:05,1778158962.761030912,r1,track_association,wall_like,accepted,selected_best_match,detection,1,59,confirmed,9,0,0.288054155,0.490811054,0.735979806,0.009735898,0.000000000,nan,nan,nan,nan,nan,nan,nan,nan,nan,8.000000000,0.300000000,1.800000000,3.000000000,nan,nan,nan,nan,nan,nan,nan,nan,nan,1.500000000,2.000000000,504,353,0
2026-06-01T20:00:05,1778158962.761030912,r1,track_association,wall_like,accepted,selected_best_match,detection,3,53,stale,8,4,0.410849445,1.036644570,0.035990971,0.018240715,0.000000000,nan,nan,nan,nan,nan,nan,nan,nan,nan,8.000000000,0.300000000,1.800000000,3.000000000,nan,nan,nan,nan,nan,nan,nan,nan,nan,1.500000000,2.000000000,356,488,0
2026-06-01T20:00:05,1778158962.962030649,r1,track_association,wall_like,accepted,selected_best_match,detection,0,60,confirmed,10,0,0.402656790,0.409547299,0.988103184,0.042788438,0.000000000,nan,nan,nan,nan,nan,nan,nan,nan,nan,8.000000000,0.300000000,1.800000000,3.000000000,nan,nan,nan,nan,nan,nan,nan,nan,nan,1.500000000,2.000000000,472,532,0
2026-06-01T20:00:05,1778158962.962030649,r1,track_association,wall_like,accepted,selected_best_match,detection,1,59,confirmed,10,0,0.647616080,0.564151307,0.883358125,0.104743764,0.000000000,nan,nan,nan,nan,nan,nan,nan,nan,nan,8.000000000,0.300000000,1.800000000,3.000000000,nan,nan,nan,nan,nan,nan,nan,nan,nan,1.500000000,2.000000000,459,504,0
2026-06-01T20:00:06,1778158963.160030603,r1,track_association,wall_like,accepted,selected_best_match,detection,0,60,confirmed,11,0,0.654821617,0.476900414,1.766670050,0.082506317,0.000000000,nan,nan,nan,nan,nan,nan,nan,nan,nan,8.000000000,0.300000000,1.800000000,3.000000000,nan,nan,nan,nan,nan,nan,nan,nan,nan,1.500000000,2.000000000,602,472,0
2026-06-01T20:00:06,1778158963.160030603,r1,track_association,wall_like,accepted,selected_best_match,detection,1,59,confirmed,11,0,0.835206143,0.411990741,1.780248283,0.142603458,0.000000000,nan,nan,nan,nan,nan,nan,nan,nan,nan,8.000000000,0.300000000,1.800000000,3.000000000,nan,nan,nan,nan,nan,nan,nan,nan,nan,1.500000000,2.000000000,386,459,0
2026-06-01T20:00:06,1778158963.361030579,r1,track_association,wall_like,accepted,selected_best_match,detection,0,60,confirmed,12,0,0.306597547,0.547842241,0.575933981,0.015597516,0.000000000,nan,nan,nan,nan,nan,nan,nan,nan,nan,8.000000000,0.300000000,1.800000000,3.000000000,nan,nan,nan,nan,nan,nan,nan,nan,nan,1.500000000,2.000000000,681,602,0
2026-06-01T20:00:06,1778158963.562030554,r1,track_association,wall_like,accepted,selected_best_match,detection,0,60,confirmed,13,0,0.289844003,0.464392477,0.495021247,0.021950656,0.000000000,nan,nan,nan,nan,nan,nan,nan,nan,nan,8.000000000,0.300000000,1.800000000,3.000000000,nan,nan,nan,nan,nan,nan,nan,nan,nan,1.500000000,2.000000000,666,681,0
2026-06-01T20:00:06,1778158963.562030554,r1,track_association,wall_like,accepted,selected_best_match,detection,1,59,confirmed,12,1,0.681046436,1.133860871,0.467214176,0.073407312,0.000000000,nan,nan,nan,nan,nan,nan,nan,nan,nan,8.000000000,0.300000000,1.800000000,3.000000000,nan,nan,nan,nan,nan,nan,nan,nan,nan,1.500000000,2.000000000,363,386,0
2026-06-01T20:00:06,1778158963.796030521,r1,track_association,wall_like,accepted,selected_best_match,detection,0,60,confirmed,14,0,0.839153583,1.720221582,1.345002457,0.029286324,0.000000000,nan,nan,nan,nan,nan,nan,nan,nan,nan,8.000000000,0.300000000,1.800000000,3.000000000,nan,nan,nan,nan,nan,nan,nan,nan,nan,1.500000000,2.000000000,314,666,0
2026-06-01T20:00:06,1778158963.796030521,r1,track_association,wall_like,accepted,selected_best_match,detection,1,59,confirmed,13,0,0.539803978,0.650413907,1.180077822,0.052646884,0.000000000,nan,nan,nan,nan,nan,nan,nan,nan,nan,8.000000000,0.300000000,1.800000000,3.000000000,nan,nan,nan,nan,nan,nan,nan,nan,nan,1.500000000,2.000000000,209,363,0
2026-06-01T20:00:06,1778158963.961030483,r1,track_association,wall_like,accepted,selected_best_match,detection,0,60,confirmed,15,0,0.297795615,0.415639157,0.826127646,0.016794982,0.000000000,nan,nan,nan,nan,nan,nan,nan,nan,nan,8.000000000,0.300000000,1.800000000,3.000000000,nan,nan,nan,nan,nan,nan,nan,nan,nan,1.500000000,2.000000000,957,314,0
2026-06-01T20:00:06,1778158963.961030483,r1,track_association,wall_like,accepted,selected_best_match,detection,1,59,confirmed,14,0,1.154120402,2.420944194,0.502400367,0.085301687,0.000000000,nan,nan,nan,nan,nan,nan,nan,nan,nan,8.000000000,0.300000000,1.800000000,3.000000000,nan,nan,nan,nan,nan,nan,nan,nan,nan,1.500000000,2.000000000,164,209,0
2026-06-01T20:00:06,1778158963.961030483,r1,track_association,wall_like,accepted,selected_best_match,detection,2,65,candidate,1,0,0.312037944,0.378758147,0.712269456,0.029025464,0.000000000,nan,nan,nan,nan,nan,nan,nan,nan,nan,8.000000000,0.300000000,1.800000000,3.000000000,nan,nan,nan,nan,nan,nan,nan,nan,nan,1.500000000,2.000000000,467,467,0
2026-06-01T20:00:06,1778158963.961030483,r1,track_association,wall_like,accepted,selected_best_match,detection,3,53,stale,9,5,0.292381363,0.595555141,0.645231054,0.003962730,0.000000000,nan,nan,nan,nan,nan,nan,nan,nan,nan,8.000000000,0.300000000,1.800000000,3.000000000,nan,nan,nan,nan,nan,nan,nan,nan,nan,1.500000000,2.000000000,164,356,0
2026-06-01T20:00:07,1778158964.162030697,r1,track_association,wall_like,accepted,selected_best_match,detection,0,60,confirmed,16,0,0.310934597,0.311508339,0.832127383,0.030924768,0.000000000,nan,nan,nan,nan,nan,nan,nan,nan,nan,8.000000000,0.300000000,1.800000000,3.000000000,nan,nan,nan,nan,nan,nan,nan,nan,nan,1.500000000,2.000000000,962,957,0
2026-06-01T20:00:07,1778158964.162030697,r1,track_association,wall_like,accepted,selected_best_match,detection,1,59,confirmed,15,0,0.922464737,1.759592230,0.571328170,0.079355392,0.000000000,nan,nan,nan,nan,nan,nan,nan,nan,nan,8.000000000,0.300000000,1.800000000,3.000000000,nan,nan,nan,nan,nan,nan,nan,nan,nan,1.500000000,2.000000000,233,164,0
2026-06-01T20:00:07,1778158964.363030672,r1,track_association,wall_like,accepted,selected_best_match,detection,0,60,confirmed,17,0,0.226233483,0.342006779,0.581439569,0.011865383,0.000000000,nan,nan,nan,nan,nan,nan,nan,nan,nan,8.000000000,0.300000000,1.800000000,3.000000000,nan,nan,nan,nan,nan,nan,nan,nan,nan,1.500000000,2.000000000,1116,962,0
2026-06-01T20:00:07,1778158964.363030672,r1,track_association,wall_like,accepted,selected_best_match,detection,1,59,confirmed,16,0,0.810026104,1.572465113,0.518800913,0.066306286,0.000000000,nan,nan,nan,nan,nan,nan,nan,nan,nan,8.000000000,0.300000000,1.800000000,3.000000000,nan,nan,nan,nan,nan,nan,nan,nan,nan,1.500000000,2.000000000,244,233,0
2026-06-01T20:00:07,1778158964.363030672,r1,track_association,wall_like,accepted,selected_best_match,detection,2,53,confirmed,10,1,1.643899546,1.702118898,5.489183993,0.117113574,0.000000000,nan,nan,nan,nan,nan,nan,nan,nan,nan,8.000000000,0.300000000,1.800000000,3.000000000,nan,nan,nan,nan,nan,nan,nan,nan,nan,1.500000000,2.000000000,89,164,0
2026-06-01T20:00:07,1778158964.582030535,r1,track_association,wall_like,accepted,selected_best_match,detection,0,60,confirmed,18,0,0.192784131,0.352865458,0.228099212,0.013994973,0.000000000,nan,nan,nan,nan,nan,nan,nan,nan,nan,8.000000000,0.300000000,1.800000000,3.000000000,nan,nan,nan,nan,nan,nan,nan,nan,nan,1.500000000,2.000000000,1075,1116,0
2026-06-01T20:00:07,1778158964.582030535,r1,track_association,wall_like,accepted,selected_best_match,detection,1,59,confirmed,17,0,0.542389578,1.131528418,0.178288891,0.042878198,0.000000000,nan,nan,nan,nan,nan,nan,nan,nan,nan,8.000000000,0.300000000,1.800000000,3.000000000,nan,nan,nan,nan,nan,nan,nan,nan,nan,1.500000000,2.000000000,261,244,0
2026-06-01T20:00:07,1778158964.582030535,r1,track_association,wall_like,accepted,selected_best_match,detection,2,53,confirmed,11,0,0.857227833,2.271226301,0.351240020,0.016874219,0.000000000,nan,nan,nan,nan,nan,nan,nan,nan,nan,8.000000000,0.300000000,1.800000000,3.000000000,nan,nan,nan,nan,nan,nan,nan,nan,nan,1.500000000,2.000000000,272,89,0
2026-06-01T20:00:07,1778158964.582030535,r1,track_association,wall_like,accepted,selected_best_match,detection,4,66,candidate,1,2,0.141476481,0.177301435,0.014404175,0.024172644,0.000000000,nan,nan,nan,nan,nan,nan,nan,nan,nan,8.000000000,0.300000000,1.800000000,3.000000000,nan,nan,nan,nan,nan,nan,nan,nan,nan,1.500000000,2.000000000,55,64,0
2026-06-01T20:00:07,1778158964.762030840,r1,track_association,wall_like,accepted,selected_best_match,detection,0,60,confirmed,19,0,0.304993250,0.412541123,0.722839969,0.023137364,0.000000000,nan,nan,nan,nan,nan,nan,nan,nan,nan,8.000000000,0.300000000,1.800000000,3.000000000,nan,nan,nan,nan,nan,nan,nan,nan,nan,1.500000000,2.000000000,1173,1075,0
2026-06-01T20:00:07,1778158964.762030840,r1,track_association,wall_like,accepted,selected_best_match,detection,1,59,confirmed,18,0,0.648893238,0.884028221,0.597846823,0.083845893,0.000000000,nan,nan,nan,nan,nan,nan,nan,nan,nan,8.000000000,0.300000000,1.800000000,3.000000000,nan,nan,nan,nan,nan,nan,nan,nan,nan,1.500000000,2.000000000,264,261,0
2026-06-01T20:00:07,1778158964.762030840,r1,track_association,wall_like,accepted,selected_best_match,detection,2,65,weak_tracked,2,3,0.422742077,0.960589284,0.603291279,0.008140272,0.000000000,nan,nan,nan,nan,nan,nan,nan,nan,nan,8.000000000,0.300000000,1.800000000,3.000000000,nan,nan,nan,nan,nan,nan,nan,nan,nan,1.500000000,2.000000000,555,467,0
2026-06-01T20:00:07,1778158964.963030577,r1,track_association,wall_like,accepted,selected_best_match,detection,0,60,confirmed,20,0,0.330408501,0.606834851,0.523613568,0.018803557,0.000000000,nan,nan,nan,nan,nan,nan,nan,nan,nan,8.000000000,0.300000000,1.800000000,3.000000000,nan,nan,nan,nan,nan,nan,nan,nan,nan,1.500000000,2.000000000,1277,1173,0
2026-06-01T20:00:07,1778158964.963030577,r1,track_association,wall_like,accepted,selected_best_match,detection,1,59,confirmed,19,0,0.730045074,1.304527040,0.448406311,0.071745581,0.000000000,nan,nan,nan,nan,nan,nan,nan,nan,nan,8.000000000,0.300000000,1.800000000,3.000000000,nan,nan,nan,nan,nan,nan,nan,nan,nan,1.500000000,2.000000000,193,264,0
2026-06-01T20:00:07,1778158964.963030577,r1,track_association,wall_like,accepted,selected_best_match,detection,2,65,weak_tracked,3,0,0.644808539,1.455106870,0.872500061,0.015213122,0.000000000,nan,nan,nan,nan,nan,nan,nan,nan,nan,8.000000000,0.300000000,1.800000000,3.000000000,nan,nan,nan,nan,nan,nan,nan,nan,nan,1.500000000,2.000000000,398,555,0
2026-06-01T20:00:07,1778158964.963030577,r1,track_association,wall_like,accepted,selected_best_match,detection,4,53,confirmed,12,1,0.693682334,0.145300058,3.647557809,0.056791276,0.000000000,nan,nan,nan,nan,nan,nan,nan,nan,nan,8.000000000,0.300000000,1.800000000,3.000000000,nan,nan,nan,nan,nan,nan,nan,nan,nan,1.500000000,2.000000000,244,272,0
2026-06-01T20:00:08,1778158965.182030678,r1,track_association,wall_like,accepted,selected_best_match,detection,0,60,confirmed,21,0,0.431820135,0.915174790,0.600052355,0.015526598,0.000000000,nan,nan,nan,nan,nan,nan,nan,nan,nan,8.000000000,0.300000000,1.800000000,3.000000000,nan,nan,nan,nan,nan,nan,nan,nan,nan,1.500000000,2.000000000,1170,1277,0
2026-06-01T20:00:08,1778158965.362030506,r1,track_association,wall_like,accepted,selected_best_match,detection,0,60,confirmed,22,0,0.364265824,0.468276741,0.961542861,0.026394216,0.000000000,nan,nan,nan,nan,nan,nan,nan,nan,nan,8.000000000,0.300000000,1.800000000,3.000000000,nan,nan,nan,nan,nan,nan,nan,nan,nan,1.500000000,2.000000000,1288,1170,0
2026-06-01T20:00:08,1778158965.563030481,r1,track_association,wall_like,accepted,selected_best_match,detection,0,60,confirmed,23,0,0.484066381,1.141593655,0.486035905,0.012834202,0.000000000,nan,nan,nan,nan,nan,nan,nan,nan,nan,8.000000000,0.300000000,1.800000000,3.000000000,nan,nan,nan,nan,nan,nan,nan,nan,nan,1.500000000,2.000000000,1246,1288,0
2026-06-01T20:00:08,1778158965.563030481,r1,track_association,wall_like,accepted,selected_best_match,detection,1,53,confirmed,13,2,0.981454383,1.403825503,3.643717536,0.017414357,0.000000000,nan,nan,nan,nan,nan,nan,nan,nan,nan,8.000000000,0.300000000,1.800000000,3.000000000,nan,nan,nan,nan,nan,nan,nan,nan,nan,1.500000000,2.000000000,208,244,0
2026-06-01T20:00:08,1778158965.563030481,r1,track_association,wall_like,rejected,plane_offset,detection,1,66,weak_tracked,2,4,nan,4.798510183,3.528917759,0.303484993,1.030098985,nan,nan,nan,nan,nan,nan,nan,nan,nan,8.000000000,0.300000000,1.800000000,3.000000000,nan,nan,nan,nan,nan,nan,nan,nan,nan,1.500000000,2.000000000,208,55,0
2026-06-01T20:00:08,1778158965.767030478,r1,track_association,wall_like,accepted,selected_best_match,detection,0,60,confirmed,24,0,0.330814459,0.731329765,0.178518169,0.019416930,0.000000000,nan,nan,nan,nan,nan,nan,nan,nan,nan,8.000000000,0.300000000,1.800000000,3.000000000,nan,nan,nan,nan,nan,nan,nan,nan,nan,1.500000000,2.000000000,1465,1246,0
2026-06-01T20:00:08,1778158965.767030478,r1,track_association,wall_like,accepted,selected_best_match,detection,1,65,confirmed,4,3,0.568698384,1.359259481,0.490962260,0.016272482,0.000000000,nan,nan,nan,nan,nan,nan,nan,nan,nan,8.000000000,0.300000000,1.800000000,3.000000000,nan,nan,nan,nan,nan,nan,nan,nan,nan,1.500000000,2.000000000,511,398,0
2026-06-01T20:00:08,1778158965.767030478,r1,track_association,wall_like,accepted,selected_best_match,detection,2,53,confirmed,14,0,0.557104166,0.593221417,2.303145710,0.021441144,0.000000000,nan,nan,nan,nan,nan,nan,nan,nan,nan,8.000000000,0.300000000,1.800000000,3.000000000,nan,nan,nan,nan,nan,nan,nan,nan,nan,1.500000000,2.000000000,246,208,0
2026-06-01T20:00:08,1778158965.962030649,r1,track_association,wall_like,accepted,selected_best_match,detection,0,60,confirmed,25,0,0.454691849,0.864031416,0.653894670,0.025483363,0.000000000,nan,nan,nan,nan,nan,nan,nan,nan,nan,8.000000000,0.300000000,1.800000000,3.000000000,nan,nan,nan,nan,nan,nan,nan,nan,nan,1.500000000,2.000000000,1489,1465,0
2026-06-01T20:00:08,1778158965.962030649,r1,track_association,pillar_like,accepted,selected_best_match,detection,1,68,candidate,1,5,0.390089100,0.180286978,nan,nan,nan,nan,nan,nan,nan,nan,0.066494256,0.948676786,0.157225013,0.114032924,nan,nan,nan,nan,nan,nan,nan,nan,nan,0.500000000,0.300000000,0.800000000,0.600000000,1.500000000,2.000000000,160,90,0
2026-06-01T20:00:09,1778158966.160030603,r1,track_association,wall_like,accepted,selected_best_match,detection,0,60,confirmed,26,0,0.517959666,0.934375951,1.047913844,0.022653536,0.000000000,nan,nan,nan,nan,nan,nan,nan,nan,nan,8.000000000,0.300000000,1.800000000,3.000000000,nan,nan,nan,nan,nan,nan,nan,nan,nan,1.500000000,2.000000000,1504,1489,0
2026-06-01T20:00:09,1778158966.160030603,r1,track_association,wall_like,accepted,selected_best_match,detection,3,53,confirmed,15,1,1.261689321,1.230690801,5.429445484,0.051833511,0.000000000,nan,nan,nan,nan,nan,nan,nan,nan,nan,8.000000000,0.300000000,1.800000000,3.000000000,nan,nan,nan,nan,nan,nan,nan,nan,nan,1.500000000,2.000000000,170,246,0
2026-06-01T20:00:09,1778158966.160030603,r1,track_association,wall_like,rejected,projected_gap,detection,3,66,weak_tracked,2,7,nan,4.717388892,4.986388153,0.110549806,2.530210025,nan,nan,nan,nan,nan,nan,nan,nan,nan,8.000000000,0.300000000,1.800000000,3.000000000,nan,nan,nan,nan,nan,nan,nan,nan,nan,1.500000000,2.000000000,170,55,0
2026-06-01T20:00:09,1778158966.382030487,r1,track_association,wall_like,accepted,selected_best_match,detection,0,60,confirmed,27,0,0.254524516,0.284198124,0.591255569,0.025765458,0.000000000,nan,nan,nan,nan,nan,nan,nan,nan,nan,8.000000000,0.300000000,1.800000000,3.000000000,nan,nan,nan,nan,nan,nan,nan,nan,nan,1.500000000,2.000000000,1223,1504,0
2026-06-01T20:00:09,1778158966.382030487,r1,track_association,pillar_like,accepted,selected_best_match,detection,2,68,weak_tracked,2,1,0.716339565,0.165545966,nan,nan,nan,nan,nan,nan,nan,nan,0.094441216,0.948936947,0.078845859,0.281105697,nan,nan,nan,nan,nan,nan,nan,nan,nan,0.500000000,0.300000000,0.800000000,0.600000000,1.500000000,2.000000000,178,160,0
2026-06-01T20:00:09,1778158966.562030554,r1,track_association,wall_like,accepted,selected_best_match,detection,0,60,confirmed,28,0,0.888157566,2.121213809,0.387658775,0.039788685,0.000000000,nan,nan,nan,nan,nan,nan,nan,nan,nan,8.000000000,0.300000000,1.800000000,3.000000000,nan,nan,nan,nan,nan,nan,nan,nan,nan,1.500000000,2.000000000,705,1223,0
2026-06-01T20:00:09,1778158966.562030554,r1,track_association,wall_like,rejected,projected_gap,detection,1,59,stale,20,7,nan,5.970225479,1.367517352,0.047290668,2.118935627,nan,nan,nan,nan,nan,nan,nan,nan,nan,8.000000000,0.300000000,1.800000000,3.000000000,nan,nan,nan,nan,nan,nan,nan,nan,nan,1.500000000,2.000000000,676,193,0
2026-06-01T20:00:09,1778158966.760030508,r1,track_association,wall_like,accepted,selected_best_match,detection,0,60,confirmed,29,0,0.720598375,1.636322491,0.918377876,0.018108093,0.000000000,nan,nan,nan,nan,nan,nan,nan,nan,nan,8.000000000,0.300000000,1.800000000,3.000000000,nan,nan,nan,nan,nan,nan,nan,nan,nan,1.500000000,2.000000000,697,705,0
2026-06-01T20:00:09,1778158966.760030508,r1,track_association,wall_like,accepted,selected_best_match,detection,5,59,stale,20,8,0.609299643,0.986725259,0.976484868,0.047499184,0.000000000,nan,nan,nan,nan,nan,nan,nan,nan,nan,8.000000000,0.300000000,1.800000000,3.000000000,nan,nan,nan,nan,nan,nan,nan,nan,nan,1.500000000,2.000000000,91,193,0
2026-06-01T20:00:09,1778158966.760030508,r1,track_association,wall_like,accepted,selected_best_match,detection,6,53,confirmed,16,2,0.322036543,0.627040534,0.718997202,0.006944514,0.000000000,nan,nan,nan,nan,nan,nan,nan,nan,nan,8.000000000,0.300000000,1.800000000,3.000000000,nan,nan,nan,nan,nan,nan,nan,nan,nan,1.500000000,2.000000000,434,170,0
2026-06-01T20:00:09,1778158966.760030508,r1,track_association,pillar_like,accepted,selected_best_match,detection,8,68,weak_tracked,3,1,0.738344878,0.098723506,nan,nan,nan,nan,nan,nan,nan,nan,0.097496801,0.992242909,0.000474453,0.321328044,nan,nan,nan,nan,nan,nan,nan,nan,nan,0.500000000,0.300000000,0.800000000,0.600000000,1.500000000,2.000000000,173,178,0
2026-06-01T20:00:09,1778158967.003030777,r1,track_association,wall_like,accepted,selected_best_match,detection,0,60,confirmed,30,0,0.471436073,1.230482476,0.181482428,0.011576983,0.000000000,nan,nan,nan,nan,nan,nan,nan,nan,nan,8.000000000,0.300000000,1.800000000,3.000000000,nan,nan,nan,nan,nan,nan,nan,nan,nan,1.500000000,2.000000000,715,697,0
2026-06-01T20:00:09,1778158967.003030777,r1,track_association,wall_like,accepted,selected_best_match,detection,2,59,confirmed,21,0,0.276039312,0.210939058,0.391887806,0.047022095,0.000000000,nan,nan,nan,nan,nan,nan,nan,nan,nan,8.000000000,0.300000000,1.800000000,3.000000000,nan,nan,nan,nan,nan,nan,nan,nan,nan,1.500000000,2.000000000,262,91,0
2026-06-01T20:00:09,1778158967.003030777,r1,track_association,pillar_like,accepted,selected_best_match,detection,3,68,confirmed,4,0,0.588534281,0.044852722,nan,nan,nan,nan,nan,nan,nan,nan,0.044704158,1.000000000,0.103503942,0.293265343,nan,nan,nan,nan,nan,nan,nan,nan,nan,0.500000000,0.300000000,0.800000000,0.600000000,1.500000000,2.000000000,151,173,0
2026-06-01T20:00:09,1778158967.003030777,r1,plane_young_span_merge,wall_like,accepted,young_span_merged_duplicate_track,track,72,60,confirmed,31,0,0.567773258,nan,0.129020652,0.000928550,0.263890088,nan,nan,nan,nan,nan,nan,nan,nan,nan,4.000000000,0.120000000,0.500000000,nan,nan,nan,nan,nan,nan,nan,nan,nan,nan,1.000000000,1.000000000,687,715,1
2026-06-01T20:00:10,1778158967.162030697,r1,track_association,wall_like,accepted,selected_best_match,detection,0,60,confirmed,32,0,1.168996523,2.818944526,1.020923472,0.030519874,0.000000000,nan,nan,nan,nan,nan,nan,nan,nan,nan,8.000000000,0.300000000,1.800000000,3.000000000,nan,nan,nan,nan,nan,nan,nan,nan,nan,1.500000000,2.000000000,1117,1402,0
2026-06-01T20:00:10,1778158967.162030697,r1,track_association,wall_like,accepted,selected_best_match,detection,2,59,confirmed,22,0,0.367227466,0.446188001,0.549777586,0.044932780,0.000000000,nan,nan,nan,nan,nan,nan,nan,nan,nan,8.000000000,0.300000000,1.800000000,3.000000000,nan,nan,nan,nan,nan,nan,nan,nan,nan,1.500000000,2.000000000,325,262,0
2026-06-01T20:00:10,1778158967.363030672,r1,track_association,wall_like,rejected,normal_angle,detection,0,60,confirmed,33,0,nan,0.516280441,8.679458987,0.034322625,0.000000000,nan,nan,nan,nan,nan,nan,nan,nan,nan,8.000000000,0.300000000,1.800000000,3.000000000,nan,nan,nan,nan,nan,nan,nan,nan,nan,1.500000000,2.000000000,361,1117,0
2026-06-01T20:00:10,1778158967.363030672,r1,track_association,wall_like,accepted,selected_best_match,detection,2,60,confirmed,33,0,2.526216096,5.097829420,0.733797633,0.054209567,0.998129452,nan,nan,nan,nan,nan,nan,nan,nan,nan,8.000000000,0.300000000,1.800000000,3.000000000,nan,nan,nan,nan,nan,nan,nan,nan,nan,1.500000000,2.000000000,511,1117,0
2026-06-01T20:00:10,1778158967.363030672,r1,track_association,wall_like,rejected,normal_angle,detection,2,73,candidate,1,0,nan,5.256094260,11.356979743,0.146465636,2.391383071,nan,nan,nan,nan,nan,nan,nan,nan,nan,8.000000000,0.300000000,1.800000000,3.000000000,nan,nan,nan,nan,nan,nan,nan,nan,nan,1.500000000,2.000000000,511,120,0
2026-06-01T20:00:10,1778158967.363030672,r1,track_association,wall_like,accepted,selected_best_match,detection,3,59,confirmed,23,0,3.343705304,5.759106414,2.305128126,0.063180790,1.665467131,nan,nan,nan,nan,nan,nan,nan,nan,nan,8.000000000,0.300000000,1.800000000,3.000000000,nan,nan,nan,nan,nan,nan,nan,nan,nan,1.500000000,2.000000000,400,325,0
2026-06-01T20:00:10,1778158967.363030672,r1,track_association,wall_like,accepted,selected_best_match,detection,5,53,confirmed,17,2,0.654706304,0.227490582,4.200114309,0.016158546,0.000000000,nan,nan,nan,nan,nan,nan,nan,nan,nan,8.000000000,0.300000000,1.800000000,3.000000000,nan,nan,nan,nan,nan,nan,nan,nan,nan,1.500000000,2.000000000,216,434,0
2026-06-01T20:00:10,1778158967.561030626,r1,track_association,wall_like,accepted,selected_best_match,detection,0,60,confirmed,34,0,0.467475095,0.808177222,0.792081650,0.029721745,0.000000000,nan,nan,nan,nan,nan,nan,nan,nan,nan,8.000000000,0.300000000,1.800000000,3.000000000,nan,nan,nan,nan,nan,nan,nan,nan,nan,1.500000000,2.000000000,1164,511,0
2026-06-01T20:00:10,1778158967.561030626,r1,track_association,wall_like,rejected,normal_angle,detection,0,74,candidate,1,0,nan,1.628835220,9.214026303,0.041002177,0.000000000,nan,nan,nan,nan,nan,nan,nan,nan,nan,8.000000000,0.300000000,1.800000000,3.000000000,nan,nan,nan,nan,nan,nan,nan,nan,nan,1.500000000,2.000000000,1164,361,0
2026-06-01T20:00:10,1778158967.561030626,r1,track_association,wall_like,rejected,normal_angle,detection,0,73,candidate,1,1,nan,2.281353801,10.570296847,0.234860025,0.000000000,nan,nan,nan,nan,nan,nan,nan,nan,nan,8.000000000,0.300000000,1.800000000,3.000000000,nan,nan,nan,nan,nan,nan,nan,nan,nan,1.500000000,2.000000000,1164,120,0
2026-06-01T20:00:10,1778158967.561030626,r1,track_association,wall_like,accepted,selected_best_match,detection,2,59,confirmed,24,0,1.057615188,1.702755255,1.404503279,0.094340158,0.000000000,nan,nan,nan,nan,nan,nan,nan,nan,nan,8.000000000,0.300000000,1.800000000,3.000000000,nan,nan,nan,nan,nan,nan,nan,nan,nan,1.500000000,2.000000000,315,400,0
2026-06-01T20:00:10,1778158967.765030622,r1,track_association,wall_like,accepted,selected_best_match,detection,0,60,confirmed,35,0,0.223039016,0.273334832,0.469388768,0.021976143,0.000000000,nan,nan,nan,nan,nan,nan,nan,nan,nan,8.000000000,0.300000000,1.800000000,3.000000000,nan,nan,nan,nan,nan,nan,nan,nan,nan,1.500000000,2.000000000,1197,1164,0
2026-06-01T20:00:10,1778158967.765030622,r1,track_association,wall_like,rejected,normal_angle,detection,0,74,candidate,1,1,nan,0.804265990,8.534487191,0.042595001,0.000000000,nan,nan,nan,nan,nan,nan,nan,nan,nan,8.000000000,0.300000000,1.800000000,3.000000000,nan,nan,nan,nan,nan,nan,nan,nan,nan,1.500000000,2.000000000,1197,361,0
2026-06-01T20:00:10,1778158967.765030622,r1,track_association,wall_like,rejected,normal_angle,detection,0,73,candidate,1,2,nan,1.473458878,11.248888209,0.224536892,0.000000000,nan,nan,nan,nan,nan,nan,nan,nan,nan,8.000000000,0.300000000,1.800000000,3.000000000,nan,nan,nan,nan,nan,nan,nan,nan,nan,1.500000000,2.000000000,1197,120,0
2026-06-01T20:00:10,1778158967.765030622,r1,track_association,wall_like,accepted,selected_best_match,detection,2,59,confirmed,25,0,0.794081626,1.389373430,0.991064596,0.062122223,0.000000000,nan,nan,nan,nan,nan,nan,nan,nan,nan,8.000000000,0.300000000,1.800000000,3.000000000,nan,nan,nan,nan,nan,nan,nan,nan,nan,1.500000000,2.000000000,343,315,0
2026-06-01T20:00:10,1778158967.960030556,r1,track_association,wall_like,accepted,selected_best_match,detection,0,60,confirmed,36,0,0.223445887,0.470139438,0.336896687,0.007386197,0.000000000,nan,nan,nan,nan,nan,nan,nan,nan,nan,8.000000000,0.300000000,1.800000000,3.000000000,nan,nan,nan,nan,nan,nan,nan,nan,nan,1.500000000,2.000000000,849,1197,0
2026-06-01T20:00:10,1778158967.960030556,r1,track_association,wall_like,rejected,normal_angle,detection,0,74,candidate,1,2,nan,1.421059133,9.058556244,0.077714497,0.000000000,nan,nan,nan,nan,nan,nan,nan,nan,nan,8.000000000,0.300000000,1.800000000,3.000000000,nan,nan,nan,nan,nan,nan,nan,nan,nan,1.500000000,2.000000000,849,361,0
2026-06-01T20:00:10,1778158967.960030556,r1,track_association,wall_like,rejected,normal_angle,detection,0,73,candidate,1,3,nan,2.130472835,10.793387146,0.284997938,0.000000000,nan,nan,nan,nan,nan,nan,nan,nan,nan,8.000000000,0.300000000,1.800000000,3.000000000,nan,nan,nan,nan,nan,nan,nan,nan,nan,1.500000000,2.000000000,849,120,0
2026-06-01T20:00:10,1778158967.960030556,r1,track_association,wall_like,accepted,selected_best_match,detection,2,59,confirmed,26,0,0.412083344,0.954829135,0.590335260,0.006004518,0.000000000,nan,nan,nan,nan,nan,nan,nan,nan,nan,8.000000000,0.300000000,1.800000000,3.000000000,nan,nan,nan,nan,nan,nan,nan,nan,nan,1.500000000,2.000000000,309,343,0
2026-06-01T20:00:11,1778158968.161030531,r1,track_association,wall_like,accepted,selected_best_match,detection,0,60,confirmed,37,0,0.309620345,0.167453146,0.853185122,0.044146347,0.000000000,nan,nan,nan,nan,nan,nan,nan,nan,nan,8.000000000,0.300000000,1.800000000,3.000000000,nan,nan,nan,nan,nan,nan,nan,nan,nan,1.500000000,2.000000000,1413,849,0
2026-06-01T20:00:11,1778158968.161030531,r1,track_association,wall_like,rejected,normal_angle,detection,0,74,candidate,1,3,nan,1.230114241,8.914752315,0.083977424,0.000000000,nan,nan,nan,nan,nan,nan,nan,nan,nan,8.000000000,0.300000000,1.800000000,3.000000000,nan,nan,nan,nan,nan,nan,nan,nan,nan,1.500000000,2.000000000,1413,361,0
2026-06-01T20:00:11,1778158968.161030531,r1,track_association,wall_like,rejected,normal_angle,detection,0,73,candidate,1,4,nan,1.905795786,11.284857461,0.190683294,0.000000000,nan,nan,nan,nan,nan,nan,nan,nan,nan,8.000000000,0.300000000,1.800000000,3.000000000,nan,nan,nan,nan,nan,nan,nan,nan,nan,1.500000000,2.000000000,1413,120,0
2026-06-01T20:00:11,1778158968.161030531,r1,track_association,wall_like,accepted,selected_best_match,detection,2,59,confirmed,27,0,0.530766678,0.622787649,0.680597721,0.071428824,0.000000000,nan,nan,nan,nan,nan,nan,nan,nan,nan,8.000000000,0.300000000,1.800000000,3.000000000,nan,nan,nan,nan,nan,nan,nan,nan,nan,1.500000000,2.000000000,436,309,0
2026-06-01T20:00:11,1778158968.362030506,r1,track_association,wall_like,accepted,selected_best_match,detection,0,60,confirmed,38,0,0.311029133,0.129344020,0.894349155,0.046836244,0.000000000,nan,nan,nan,nan,nan,nan,nan,nan,nan,8.000000000,0.300000000,1.800000000,3.000000000,nan,nan,nan,nan,nan,nan,nan,nan,nan,1.500000000,2.000000000,1419,1413,0
2026-06-01T20:00:11,1778158968.362030506,r1,track_association,wall_like,rejected,normal_angle,detection,0,74,candidate,1,4,nan,1.224579486,9.242152896,0.096275195,0.000000000,nan,nan,nan,nan,nan,nan,nan,nan,nan,8.000000000,0.300000000,1.800000000,3.000000000,nan,nan,nan,nan,nan,nan,nan,nan,nan,1.500000000,2.000000000,1419,361,0
2026-06-01T20:00:11,1778158968.362030506,r1,track_association,wall_like,rejected,normal_angle,detection,0,73,candidate,1,5,nan,1.897794974,11.043831080,0.175042442,0.000000000,nan,nan,nan,nan,nan,nan,nan,nan,nan,8.000000000,0.300000000,1.800000000,3.000000000,nan,nan,nan,nan,nan,nan,nan,nan,nan,1.500000000,2.000000000,1419,120,0
2026-06-01T20:00:11,1778158968.362030506,r1,track_association,wall_like,accepted,selected_best_match,detection,2,59,confirmed,28,0,0.465104205,0.507773378,0.708364012,0.062190273,0.000000000,nan,nan,nan,nan,nan,nan,nan,nan,nan,8.000000000,0.300000000,1.800000000,3.000000000,nan,nan,nan,nan,nan,nan,nan,nan,nan,1.500000000,2.000000000,475,436,0
2026-06-01T20:00:11,1778158968.362030506,r1,track_association,pillar_like,accepted,selected_best_match,detection,3,76,candidate,1,4,0.153399799,0.065514245,nan,nan,nan,nan,nan,nan,nan,nan,0.039282779,0.984059177,0.039427042,0.032970428,nan,nan,nan,nan,nan,nan,nan,nan,nan,0.500000000,0.300000000,0.800000000,0.600000000,1.500000000,2.000000000,137,95,0
2026-06-01T20:00:11,1778158968.362030506,r1,track_association,pillar_like,accepted,selected_best_match,detection,4,68,stale,5,6,0.560212162,0.366036314,nan,nan,nan,nan,nan,nan,nan,nan,0.041995224,0.877516113,0.290462255,0.213712811,nan,nan,nan,nan,nan,nan,nan,nan,nan,0.800000000,0.300000000,0.800000000,0.600000000,1.500000000,2.000000000,131,151,0
2026-06-01T20:00:11,1778158968.563030481,r1,track_association,wall_like,accepted,selected_best_match,detection,0,59,confirmed,29,0,1.731852617,3.656271807,2.664392346,0.054013892,0.000000000,nan,nan,nan,nan,nan,nan,nan,nan,nan,8.000000000,0.300000000,1.800000000,3.000000000,nan,nan,nan,nan,nan,nan,nan,nan,nan,1.500000000,2.000000000,1309,475,0
2026-06-01T20:00:11,1778158968.563030481,r1,track_association,wall_like,accepted,selected_best_match,detection,2,60,confirmed,39,0,1.554567580,3.601515090,0.808490510,0.075900371,0.000000000,nan,nan,nan,nan,nan,nan,nan,nan,nan,8.000000000,0.300000000,1.800000000,3.000000000,nan,nan,nan,nan,nan,nan,nan,nan,nan,1.500000000,2.000000000,575,1419,0
2026-06-01T20:00:11,1778158968.563030481,r1,track_association,wall_like,rejected,normal_angle,detection,2,74,candidate,1,5,nan,4.729286056,9.382871361,0.282671479,0.077206832,nan,nan,nan,nan,nan,nan,nan,nan,nan,8.000000000,0.300000000,1.800000000,3.000000000,nan,nan,nan,nan,nan,nan,nan,nan,nan,1.500000000,2.000000000,575,361,0
2026-06-01T20:00:11,1778158968.563030481,r1,track_association,wall_like,rejected,normal_angle,detection,2,73,candidate,1,6,nan,5.329586573,10.928806224,0.113159286,2.045486355,nan,nan,nan,nan,nan,nan,nan,nan,nan,8.000000000,0.300000000,1.800000000,3.000000000,nan,nan,nan,nan,nan,nan,nan,nan,nan,1.500000000,2.000000000,575,120,0
2026-06-01T20:00:11,1778158968.563030481,r1,track_association,pillar_like,accepted,selected_best_match,detection,11,68,confirmed,6,0,0.303901575,0.178623348,nan,nan,nan,nan,nan,nan,nan,nan,0.079498820,0.945841625,0.126785755,0.046840191,nan,nan,nan,nan,nan,nan,nan,nan,nan,0.500000000,0.300000000,0.800000000,0.600000000,1.500000000,2.000000000,120,131,0
2026-06-01T20:00:11,1778158968.761035681,r1,track_association,wall_like,accepted,selected_best_match,detection,0,60,confirmed,40,0,0.386525647,0.628123640,0.700928381,0.026860516,0.000000000,nan,nan,nan,nan,nan,nan,nan,nan,nan,8.000000000,0.300000000,1.800000000,3.000000000,nan,nan,nan,nan,nan,nan,nan,nan,nan,1.500000000,2.000000000,1192,575,0
2026-06-01T20:00:11,1778158968.761035681,r1,track_association,wall_like,rejected,normal_angle,detection,0,74,candidate,1,6,nan,1.410378738,8.789819119,0.106136574,0.000000000,nan,nan,nan,nan,nan,nan,nan,nan,nan,8.000000000,0.300000000,1.800000000,3.000000000,nan,nan,nan,nan,nan,nan,nan,nan,nan,1.500000000,2.000000000,1192,361,0
2026-06-01T20:00:11,1778158968.761035681,r1,track_association,wall_like,rejected,normal_angle,detection,0,73,candidate,1,7,nan,2.072427106,11.530147238,0.166694287,0.000000000,nan,nan,nan,nan,nan,nan,nan,nan,nan,8.000000000,0.300000000,1.800000000,3.000000000,nan,nan,nan,nan,nan,nan,nan,nan,nan,1.500000000,2.000000000,1192,120,0
2026-06-01T20:00:11,1778158968.761035681,r1,track_association,wall_like,accepted,selected_best_match,detection,2,59,confirmed,30,0,0.633367854,1.275570503,0.367794818,0.048661000,0.000000000,nan,nan,nan,nan,nan,nan,nan,nan,nan,8.000000000,0.300000000,1.800000000,3.000000000,nan,nan,nan,nan,nan,nan,nan,nan,nan,1.500000000,2.000000000,470,1309,0
2026-06-01T20:00:11,1778158968.761035681,r1,track_association,wall_like,accepted,selected_best_match,detection,3,65,stale,5,14,0.846929563,1.607317934,1.685190545,0.030152430,0.000000000,nan,nan,nan,nan,nan,nan,nan,nan,nan,8.000000000,0.300000000,1.800000000,3.000000000,nan,nan,nan,nan,nan,nan,nan,nan,nan,1.500000000,2.000000000,478,511,0
2026-06-01T20:00:11,1778158968.761035681,r1,track_association,pillar_like,accepted,selected_best_match,detection,7,76,weak_tracked,2,1,0.465643506,0.399344984,nan,nan,nan,nan,nan,nan,nan,nan,0.044216932,0.817008636,0.042630434,0.113973141,nan,nan,nan,nan,nan,nan,nan,nan,nan,0.500000000,0.300000000,0.800000000,0.600000000,1.500000000,2.000000000,127,137,0
2026-06-01T20:00:11,1778158968.962035656,r1,track_association,wall_like,accepted,selected_best_match,detection,0,60,confirmed,41,0,0.332337474,0.606965544,0.532328292,0.019042377,0.000000000,nan,nan,nan,nan,nan,nan,nan,nan,nan,8.000000000,0.300000000,1.800000000,3.000000000,nan,nan,nan,nan,nan,nan,nan,nan,nan,1.500000000,2.000000000,1291,1192,0
2026-06-01T20:00:11,1778158968.962035656,r1,track_association,wall_like,rejected,normal_angle,detection,0,74,candidate,1,7,nan,1.273220148,9.473111948,0.092548536,0.000000000,nan,nan,nan,nan,nan,nan,nan,nan,nan,8.000000000,0.300000000,1.800000000,3.000000000,nan,nan,nan,nan,nan,nan,nan,nan,nan,1.500000000,2.000000000,1291,361,0
2026-06-01T20:00:11,1778158968.962035656,r1,track_association,wall_like,rejected,normal_angle,detection,0,73,candidate,1,8,nan,1.932398652,10.711111508,0.161767097,0.000000000,nan,nan,nan,nan,nan,nan,nan,nan,nan,8.000000000,0.300000000,1.800000000,3.000000000,nan,nan,nan,nan,nan,nan,nan,nan,nan,1.500000000,2.000000000,1291,120,0
2026-06-01T20:00:11,1778158968.962035656,r1,track_association,wall_like,accepted,selected_best_match,detection,2,59,confirmed,31,0,0.385034410,0.936341865,0.527684053,0.002087985,0.000000000,nan,nan,nan,nan,nan,nan,nan,nan,nan,8.000000000,0.300000000,1.800000000,3.000000000,nan,nan,nan,nan,nan,nan,nan,nan,nan,1.500000000,2.000000000,489,470,0
2026-06-01T20:00:11,1778158968.962035656,r1,track_association,wall_like,accepted,selected_best_match,detection,3,65,weak_tracked,6,0,0.669466227,0.768733293,2.324946934,0.036781029,0.000000000,nan,nan,nan,nan,nan,nan,nan,nan,nan,8.000000000,0.300000000,1.800000000,3.000000000,nan,nan,nan,nan,nan,nan,nan,nan,nan,1.500000000,2.000000000,301,478,0
2026-06-01T20:00:11,1778158968.962035656,r1,track_association,pillar_like,accepted,selected_best_match,detection,4,68,confirmed,7,1,0.262883026,0.085768665,nan,nan,nan,nan,nan,nan,nan,nan,0.074532701,1.000000000,0.277519941,0.051639378,nan,nan,nan,nan,nan,nan,nan,nan,nan,0.500000000,0.300000000,0.800000000,0.600000000,1.500000000,2.000000000,153,120,0
2026-06-01T20:00:12,1778158969.163035631,r1,track_association,wall_like,accepted,selected_best_match,detection,0,60,confirmed,42,0,0.308419966,0.494386642,0.565768799,0.021870996,0.000000000,nan,nan,nan,nan,nan,nan,nan,nan,nan,8.000000000,0.300000000,1.800000000,3.000000000,nan,nan,nan,nan,nan,nan,nan,nan,nan,1.500000000,2.000000000,1248,1291,0
2026-06-01T20:00:12,1778158969.163035631,r1,track_association,wall_like,rejected,normal_angle,detection,0,74,candidate,1,8,nan,1.240951633,9.596544181,0.107086882,0.000000000,nan,nan,nan,nan,nan,nan,nan,nan,nan,8.000000000,0.300000000,1.800000000,3.000000000,nan,nan,nan,nan,nan,nan,nan,nan,nan,1.500000000,2.000000000,1248,361,0
2026-06-01T20:00:12,1778158969.163035631,r1,track_association,wall_like,rejected,normal_angle,detection,0,73,candidate,1,9,nan,1.915067479,10.640747990,0.168411401,0.000000000,nan,nan,nan,nan,nan,nan,nan,nan,nan,8.000000000,0.300000000,1.800000000,3.000000000,nan,nan,nan,nan,nan,nan,nan,nan,nan,1.500000000,2.000000000,1248,120,0
2026-06-01T20:00:12,1778158969.163035631,r1,track_association,wall_like,accepted,selected_best_match,detection,2,59,confirmed,32,0,0.339975294,0.697071578,0.521485671,0.012729718,0.000000000,nan,nan,nan,nan,nan,nan,nan,nan,nan,8.000000000,0.300000000,1.800000000,3.000000000,nan,nan,nan,nan,nan,nan,nan,nan,nan,1.500000000,2.000000000,525,489,0
2026-06-01T20:00:12,1778158969.163035631,r1,track_association,wall_like,accepted,selected_best_match,detection,3,65,confirmed,7,0,0.441608145,0.548622128,0.814670444,0.047070089,0.000000000,nan,nan,nan,nan,nan,nan,nan,nan,nan,8.000000000,0.300000000,1.800000000,3.000000000,nan,nan,nan,nan,nan,nan,nan,nan,nan,1.500000000,2.000000000,378,301,0
2026-06-01T20:00:12,1778158969.163035631,r1,track_association,pillar_like,accepted,selected_best_match,detection,4,68,confirmed,8,0,0.561715659,0.245610187,nan,nan,nan,nan,nan,nan,nan,nan,0.043546667,0.942881041,0.263688445,0.234680712,nan,nan,nan,nan,nan,nan,nan,nan,nan,0.500000000,0.300000000,0.800000000,0.600000000,1.500000000,2.000000000,133,153,0
2026-06-01T20:00:12,1778158969.343035698,r1,track_association,wall_like,accepted,selected_best_match,detection,0,60,confirmed,43,0,0.293644705,0.505204542,0.461190020,0.020278331,0.000000000,nan,nan,nan,nan,nan,nan,nan,nan,nan,8.000000000,0.300000000,1.800000000,3.000000000,nan,nan,nan,nan,nan,nan,nan,nan,nan,1.500000000,2.000000000,1258,1248,0
2026-06-01T20:00:12,1778158969.343035698,r1,track_association,wall_like,rejected,normal_angle,detection,0,74,candidate,1,9,nan,1.120684251,9.342161348,0.076291245,0.000000000,nan,nan,nan,nan,nan,nan,nan,nan,nan,8.000000000,0.300000000,1.800000000,3.000000000,nan,nan,nan,nan,nan,nan,nan,nan,nan,1.500000000,2.000000000,1258,361,0
2026-06-01T20:00:12,1778158969.343035698,r1,track_association,wall_like,rejected,normal_angle,detection,0,73,candidate,1,10,nan,1.812698362,10.639027653,0.211395092,0.000000000,nan,nan,nan,nan,nan,nan,nan,nan,nan,8.000000000,0.300000000,1.800000000,3.000000000,nan,nan,nan,nan,nan,nan,nan,nan,nan,1.500000000,2.000000000,1258,120,0
2026-06-01T20:00:12,1778158969.343035698,r1,track_association,wall_like,accepted,selected_best_match,detection,2,59,confirmed,33,0,0.360841569,0.427252191,0.432892801,0.049293771,0.000000000,nan,nan,nan,nan,nan,nan,nan,nan,nan,8.000000000,0.300000000,1.800000000,3.000000000,nan,nan,nan,nan,nan,nan,nan,nan,nan,1.500000000,2.000000000,464,525,0
2026-06-01T20:00:12,1778158969.343035698,r1,track_association,wall_like,accepted,selected_best_match,detection,3,65,confirmed,8,0,0.339555802,0.386791146,0.933514428,0.028180835,0.000000000,nan,nan,nan,nan,nan,nan,nan,nan,nan,8.000000000,0.300000000,1.800000000,3.000000000,nan,nan,nan,nan,nan,nan,nan,nan,nan,1.500000000,2.000000000,711,378,0
2026-06-01T20:00:12,1778158969.343035698,r1,track_association,wall_like,accepted,selected_best_match,detection,4,53,stale,18,9,0.728391961,1.305047660,0.954841998,0.052206247,0.000000000,nan,nan,nan,nan,nan,nan,nan,nan,nan,8.000000000,0.300000000,1.800000000,3.000000000,nan,nan,nan,nan,nan,nan,nan,nan,nan,1.500000000,2.000000000,294,216,0
2026-06-01T20:00:12,1778158969.343035698,r1,track_association,pillar_like,accepted,selected_best_match,detection,6,68,confirmed,9,0,0.108671939,0.083951757,nan,nan,nan,nan,nan,nan,nan,nan,0.035573359,1.000000000,0.232520938,0.008563876,nan,nan,nan,nan,nan,nan,nan,nan,nan,0.500000000,0.300000000,0.800000000,0.600000000,1.500000000,2.000000000,146,133,0
2026-06-01T20:00:12,1778158969.562035561,r1,track_association,wall_like,accepted,selected_best_match,detection,0,59,confirmed,34,0,1.400655806,3.048894479,1.219791540,0.069565111,0.000000000,nan,nan,nan,nan,nan,nan,nan,nan,nan,8.000000000,0.300000000,1.800000000,3.000000000,nan,nan,nan,nan,nan,nan,nan,nan,nan,1.500000000,2.000000000,1054,464,0
2026-06-01T20:00:12,1778158969.562035561,r1,track_association,wall_like,rejected,normal_angle,detection,0,74,candidate,1,10,nan,3.887367261,8.590634232,0.062590865,0.000000000,nan,nan,nan,nan,nan,nan,nan,nan,nan,8.000000000,0.300000000,1.800000000,3.000000000,nan,nan,nan,nan,nan,nan,nan,nan,nan,1.500000000,2.000000000,1054,361,0
2026-06-01T20:00:12,1778158969.562035561,r1,track_association,wall_like,rejected,normal_angle,detection,0,73,candidate,1,11,nan,3.450792019,11.169907245,0.349592337,0.000000000,nan,nan,nan,nan,nan,nan,nan,nan,nan,8.000000000,0.300000000,1.800000000,3.000000000,nan,nan,nan,nan,nan,nan,nan,nan,nan,1.500000000,2.000000000,1054,120,0
2026-06-01T20:00:12,1778158969.562035561,r1,track_association,wall_like,accepted,selected_best_match,detection,2,60,confirmed,44,0,1.486336113,2.983442379,0.902774805,0.113702541,0.000000000,nan,nan,nan,nan,nan,nan,nan,nan,nan,8.000000000,0.300000000,1.800000000,3.000000000,nan,nan,nan,nan,nan,nan,nan,nan,nan,1.500000000,2.000000000,405,1258,0
2026-06-01T20:00:12,1778158969.562035561,r1,track_association,wall_like,rejected,normal_angle,detection,2,74,candidate,1,10,nan,4.452775194,9.110596446,0.118834784,0.000000000,nan,nan,nan,nan,nan,nan,nan,nan,nan,8.000000000,0.300000000,1.800000000,3.000000000,nan,nan,nan,nan,nan,nan,nan,nan,nan,1.500000000,2.000000000,405,361,0
2026-06-01T20:00:12,1778158969.562035561,r1,track_association,wall_like,rejected,normal_angle,detection,2,73,candidate,1,11,nan,5.053956282,10.686252995,0.208242815,1.742588727,nan,nan,nan,nan,nan,nan,nan,nan,nan,8.000000000,0.300000000,1.800000000,3.000000000,nan,nan,nan,nan,nan,nan,nan,nan,nan,1.500000000,2.000000000,405,120,0
2026-06-01T20:00:12,1778158969.763035536,r1,track_association,wall_like,accepted,selected_best_match,detection,0,60,confirmed,45,0,0.296612208,0.453431259,0.501454627,0.024835988,0.000000000,nan,nan,nan,nan,nan,nan,nan,nan,nan,8.000000000,0.300000000,1.800000000,3.000000000,nan,nan,nan,nan,nan,nan,nan,nan,nan,1.500000000,2.000000000,1106,405,0
2026-06-01T20:00:12,1778158969.763035536,r1,track_association,wall_like,rejected,normal_angle,detection,0,74,candidate,1,11,nan,1.804205291,9.355136518,0.035117534,0.000000000,nan,nan,nan,nan,nan,nan,nan,nan,nan,8.000000000,0.300000000,1.800000000,3.000000000,nan,nan,nan,nan,nan,nan,nan,nan,nan,1.500000000,2.000000000,1106,361,0
2026-06-01T20:00:12,1778158969.763035536,r1,track_association,wall_like,rejected,normal_angle,detection,0,73,candidate,1,12,nan,2.418683475,10.523347055,0.183503846,0.000000000,nan,nan,nan,nan,nan,nan,nan,nan,nan,8.000000000,0.300000000,1.800000000,3.000000000,nan,nan,nan,nan,nan,nan,nan,nan,nan,1.500000000,2.000000000,1106,120,0
2026-06-01T20:00:12,1778158969.763035536,r1,track_association,wall_like,accepted,selected_best_match,detection,2,59,confirmed,35,0,0.680063972,1.447825207,0.499278649,0.040513721,0.000000000,nan,nan,nan,nan,nan,nan,nan,nan,nan,8.000000000,0.300000000,1.800000000,3.000000000,nan,nan,nan,nan,nan,nan,nan,nan,nan,1.500000000,2.000000000,419,1054,0
2026-06-01T20:00:12,1778158969.763035536,r1,track_association,wall_like,accepted,selected_best_match,detection,3,74,candidate,1,11,1.020261755,2.571948053,0.787008316,0.019370909,0.000000000,nan,nan,nan,nan,nan,nan,nan,nan,nan,8.000000000,0.300000000,1.800000000,3.000000000,nan,nan,nan,nan,nan,nan,nan,nan,nan,1.500000000,2.000000000,143,361,0
2026-06-01T20:00:12,1778158969.964035511,r1,track_association,wall_like,accepted,selected_best_match,detection,0,59,confirmed,36,0,0.919103097,2.464048895,0.303792364,0.017933826,0.000000000,nan,nan,nan,nan,nan,nan,nan,nan,nan,8.000000000,0.300000000,1.800000000,3.000000000,nan,nan,nan,nan,nan,nan,nan,nan,nan,1.500000000,2.000000000,1303,419,0
2026-06-01T20:00:12,1778158969.964035511,r1,track_association,wall_like,rejected,normal_angle,detection,0,74,weak_tracked,2,0,nan,3.431476175,9.276527995,0.083678976,0.000000000,nan,nan,nan,nan,nan,nan,nan,nan,nan,8.000000000,0.300000000,1.800000000,3.000000000,nan,nan,nan,nan,nan,nan,nan,nan,nan,1.500000000,2.000000000,1303,143,0
2026-06-01T20:00:12,1778158969.964035511,r1,track_association,wall_like,rejected,normal_angle,detection,0,73,candidate,1,13,nan,3.621292141,10.413664010,0.365135842,0.000000000,nan,nan,nan,nan,nan,nan,nan,nan,nan,8.000000000,0.300000000,1.800000000,3.000000000,nan,nan,nan,nan,nan,nan,nan,nan,nan,1.500000000,2.000000000,1303,120,0
2026-06-01T20:00:12,1778158969.964035511,r1,track_association,wall_like,accepted,selected_best_match,detection,2,60,confirmed,46,0,1.052420038,2.367149707,0.623509083,0.055629450,0.000000000,nan,nan,nan,nan,nan,nan,nan,nan,nan,8.000000000,0.300000000,1.800000000,3.000000000,nan,nan,nan,nan,nan,nan,nan,nan,nan,1.500000000,2.000000000,561,1106,0
2026-06-01T20:00:12,1778158969.964035511,r1,track_association,wall_like,rejected,normal_angle,detection,2,74,weak_tracked,2,0,nan,5.097637401,9.465129194,0.108459210,0.000000000,nan,nan,nan,nan,nan,nan,nan,nan,nan,8.000000000,0.300000000,1.800000000,3.000000000,nan,nan,nan,nan,nan,nan,nan,nan,nan,1.500000000,2.000000000,561,143,0
2026-06-01T20:00:12,1778158969.964035511,r1,track_association,wall_like,rejected,normal_angle,detection,2,73,candidate,1,13,nan,5.068760999,10.268131765,0.176805377,1.765894421,nan,nan,nan,nan,nan,nan,nan,nan,nan,8.000000000,0.300000000,1.800000000,3.000000000,nan,nan,nan,nan,nan,nan,nan,nan,nan,1.500000000,2.000000000,561,120,0
2026-06-01T20:00:12,1778158969.964035511,r1,track_association,wall_like,accepted,selected_best_match,detection,3,53,confirmed,32,2,0.811668498,1.052593671,2.469476720,0.045635805,0.000000000,nan,nan,nan,nan,nan,nan,nan,nan,nan,8.000000000,0.300000000,1.800000000,3.000000000,nan,nan,nan,nan,nan,nan,nan,nan,nan,1.500000000,2.000000000,172,381,0
2026-06-01T20:00:12,1778158969.964035511,r1,track_association,wall_like,accepted,selected_best_match,detection,4,65,confirmed,9,2,0.347716973,0.443072173,1.260641525,0.012733817,0.000000000,nan,nan,nan,nan,nan,nan,nan,nan,nan,8.000000000,0.300000000,1.800000000,3.000000000,nan,nan,nan,nan,nan,nan,nan,nan,nan,1.500000000,2.000000000,761,711,0
2026-06-01T20:00:13,1778158970.162035942,r1,track_association,wall_like,accepted,selected_best_match,detection,0,59,confirmed,37,0,1.611140742,4.159111849,0.667927580,0.042383753,0.000000000,nan,nan,nan,nan,nan,nan,nan,nan,nan,8.000000000,0.300000000,1.800000000,3.000000000,nan,nan,nan,nan,nan,nan,nan,nan,nan,1.500000000,2.000000000,1860,1303,0
2026-06-01T20:00:13,1778158970.162035942,r1,track_association,wall_like,rejected,normal_angle,detection,0,74,weak_tracked,2,1,nan,1.129759736,9.299732112,0.050148716,0.000000000,nan,nan,nan,nan,nan,nan,nan,nan,nan,8.000000000,0.300000000,1.800000000,3.000000000,nan,nan,nan,nan,nan,nan,nan,nan,nan,1.500000000,2.000000000,1860,143,0
2026-06-01T20:00:13,1778158970.162035942,r1,track_association,wall_like,rejected,normal_angle,detection,0,73,candidate,1,14,nan,1.472110838,10.303468381,0.317730914,0.000000000,nan,nan,nan,nan,nan,nan,nan,nan,nan,8.000000000,0.300000000,1.800000000,3.000000000,nan,nan,nan,nan,nan,nan,nan,nan,nan,1.500000000,2.000000000,1860,120,0
2026-06-01T20:00:13,1778158970.363035679,r1,track_association,wall_like,accepted,selected_best_match,detection,0,74,weak_tracked,2,2,2.125574409,2.765061126,7.283652352,0.088029247,0.000000000,nan,nan,nan,nan,nan,nan,nan,nan,nan,8.000000000,0.300000000,1.800000000,3.000000000,nan,nan,nan,nan,nan,nan,nan,nan,nan,1.500000000,2.000000000,690,143,0
2026-06-01T20:00:13,1778158970.363035679,r1,track_association,wall_like,accepted,selected_best_match,detection,2,65,confirmed,10,1,0.631054170,1.231747446,1.213593515,0.020631750,0.000000000,nan,nan,nan,nan,nan,nan,nan,nan,nan,8.000000000,0.300000000,1.800000000,3.000000000,nan,nan,nan,nan,nan,nan,nan,nan,nan,1.500000000,2.000000000,871,761,0
2026-06-01T20:00:13,1778158970.561035633,r1,track_association,wall_like,accepted,selected_best_match,detection,0,60,confirmed,47,0,1.694163505,4.295706846,1.046339812,0.039440624,0.000000000,nan,nan,nan,nan,nan,nan,nan,nan,nan,8.000000000,0.300000000,1.800000000,3.000000000,nan,nan,nan,nan,nan,nan,nan,nan,nan,1.500000000,2.000000000,1581,1860,0
2026-06-01T20:00:13,1778158970.561035633,r1,track_association,wall_like,rejected,normal_angle,detection,0,73,candidate,1,16,nan,1.353880010,10.007159005,0.289156703,0.000000000,nan,nan,nan,nan,nan,nan,nan,nan,nan,8.000000000,0.300000000,1.800000000,3.000000000,nan,nan,nan,nan,nan,nan,nan,nan,nan,1.500000000,2.000000000,1581,120,0
2026-06-01T20:00:13,1778158970.561035633,r1,track_association,wall_like,accepted,selected_best_match,detection,2,65,confirmed,11,0,0.578352453,1.141848380,0.812597184,0.028848503,0.000000000,nan,nan,nan,nan,nan,nan,nan,nan,nan,8.000000000,0.300000000,1.800000000,3.000000000,nan,nan,nan,nan,nan,nan,nan,nan,nan,1.500000000,2.000000000,694,871,0
2026-06-01T20:00:13,1778158970.561035633,r1,track_association,pillar_like,accepted,selected_best_match,detection,5,68,stale,10,5,0.480030037,0.445641991,nan,nan,nan,nan,nan,nan,nan,nan,0.106828889,0.879119713,0.453719735,0.108144999,nan,nan,nan,nan,nan,nan,nan,nan,nan,0.800000000,0.300000000,0.800000000,0.600000000,1.500000000,2.000000000,87,146,0
2026-06-01T20:00:13,1778158970.762035608,r1,track_association,wall_like,accepted,selected_best_match,detection,0,60,confirmed,48,0,2.112019025,5.907968267,0.425997631,0.026833970,0.000000000,nan,nan,nan,nan,nan,nan,nan,nan,nan,8.000000000,0.300000000,1.800000000,3.000000000,nan,nan,nan,nan,nan,nan,nan,nan,nan,1.500000000,2.000000000,1190,1581,0
2026-06-01T20:00:13,1778158970.762035608,r1,track_association,wall_like,rejected,normal_angle,detection,0,73,candidate,1,17,nan,3.837926893,10.303969500,0.365519404,0.000000000,nan,nan,nan,nan,nan,nan,nan,nan,nan,8.000000000,0.300000000,1.800000000,3.000000000,nan,nan,nan,nan,nan,nan,nan,nan,nan,1.500000000,2.000000000,1190,120,0
2026-06-01T20:00:13,1778158970.762035608,r1,track_association,wall_like,rejected,normal_angle,detection,1,73,candidate,1,17,nan,5.232226470,10.373420373,0.117596738,2.280549880,nan,nan,nan,nan,nan,nan,nan,nan,nan,8.000000000,0.300000000,1.800000000,3.000000000,nan,nan,nan,nan,nan,nan,nan,nan,nan,1.500000000,2.000000000,458,120,0
2026-06-01T20:00:13,1778158970.762035608,r1,track_association,pillar_like,accepted,selected_best_match,detection,2,76,weak_tracked,3,9,0.344694460,0.069177231,nan,nan,nan,nan,nan,nan,nan,nan,0.067082733,1.000000000,0.047570705,0.123463154,nan,nan,nan,nan,nan,nan,nan,nan,nan,0.500000000,0.300000000,0.800000000,0.600000000,1.500000000,2.000000000,134,127,0
2026-06-01T20:00:13,1778158971.002035618,r1,track_association,wall_like,accepted,selected_best_match,detection,0,60,confirmed,49,0,1.818804026,4.325669071,1.050919178,0.073664831,0.000000000,nan,nan,nan,nan,nan,nan,nan,nan,nan,8.000000000,0.300000000,1.800000000,3.000000000,nan,nan,nan,nan,nan,nan,nan,nan,nan,1.500000000,2.000000000,1199,1190,0
2026-06-01T20:00:13,1778158971.002035618,r1,track_association,wall_like,rejected,normal_angle,detection,0,73,candidate,1,18,nan,3.737086686,10.406375333,0.367805708,0.000000000,nan,nan,nan,nan,nan,nan,nan,nan,nan,8.000000000,0.300000000,1.800000000,3.000000000,nan,nan,nan,nan,nan,nan,nan,nan,nan,1.500000000,2.000000000,1199,120,0
2026-06-01T20:00:13,1778158971.002035618,r1,track_association,wall_like,rejected,normal_angle,detection,1,73,candidate,1,18,nan,5.371086674,10.374925639,0.078423385,2.392427992,nan,nan,nan,nan,nan,nan,nan,nan,nan,8.000000000,0.300000000,1.800000000,3.000000000,nan,nan,nan,nan,nan,nan,nan,nan,nan,1.500000000,2.000000000,464,120,0
2026-06-01T20:00:13,1778158971.002035618,r1,track_association,wall_like,accepted,selected_best_match,detection,2,65,confirmed,12,1,0.570090232,0.883143928,1.354319820,0.031925684,0.000000000,nan,nan,nan,nan,nan,nan,nan,nan,nan,8.000000000,0.300000000,1.800000000,3.000000000,nan,nan,nan,nan,nan,nan,nan,nan,nan,1.500000000,2.000000000,785,694,0
2026-06-01T20:00:13,1778158971.002035618,r1,track_association,pillar_like,accepted,selected_best_match,detection,3,68,confirmed,11,1,0.337106541,0.145645349,nan,nan,nan,nan,nan,nan,nan,nan,0.134737984,1.000000000,0.486623883,0.011380911,nan,nan,nan,nan,nan,nan,nan,nan,nan,0.500000000,0.300000000,0.800000000,0.600000000,1.500000000,2.000000000,103,87,0
2026-06-01T20:00:14,1778158971.161035776,r1,track_association,wall_like,accepted,selected_best_match,detection,0,60,confirmed,50,0,0.560599433,0.821263241,0.931360365,0.051127492,0.000000000,nan,nan,nan,nan,nan,nan,nan,nan,nan,8.000000000,0.300000000,1.800000000,3.000000000,nan,nan,nan,nan,nan,nan,nan,nan,nan,1.500000000,2.000000000,1412,1199,0
2026-06-01T20:00:14,1778158971.161035776,r1,track_association,wall_like,rejected,normal_angle,detection,0,73,candidate,1,19,nan,1.460480154,11.178033995,0.263426129,0.000000000,nan,nan,nan,nan,nan,nan,nan,nan,nan,8.000000000,0.300000000,1.800000000,3.000000000,nan,nan,nan,nan,nan,nan,nan,nan,nan,1.500000000,2.000000000,1412,120,0
2026-06-01T20:00:14,1778158971.161035776,r1,track_association,pillar_like,accepted,selected_best_match,detection,6,68,confirmed,12,0,0.512040649,0.215904488,nan,nan,nan,nan,nan,nan,nan,nan,0.108797583,1.000000000,0.850050926,0.125664234,nan,nan,nan,nan,nan,nan,nan,nan,nan,0.500000000,0.300000000,0.800000000,0.600000000,1.500000000,2.000000000,120,103,0
2026-06-01T20:00:14,1778158971.161035776,r1,track_association,pillar_like,accepted,selected_best_match,detection,7,76,weak_tracked,4,1,0.215994912,0.215824639,nan,nan,nan,nan,nan,nan,nan,nan,0.071667026,1.000000000,0.485726357,0.014452934,nan,nan,nan,nan,nan,nan,nan,nan,nan,0.500000000,0.300000000,0.800000000,0.600000000,1.500000000,2.000000000,74,134,0
2026-06-01T20:00:14,1778158971.341035604,r1,track_association,wall_like,accepted,selected_best_match,detection,0,65,confirmed,13,1,0.535443653,1.046144661,0.729631108,0.028657463,0.000000000,nan,nan,nan,nan,nan,nan,nan,nan,nan,8.000000000,0.300000000,1.800000000,3.000000000,nan,nan,nan,nan,nan,nan,nan,nan,nan,1.500000000,2.000000000,833,785,0
2026-06-01T20:00:14,1778158971.341035604,r1,track_association,wall_like,accepted,selected_best_match,detection,1,60,confirmed,51,0,0.404007454,0.318968937,0.883285154,0.056182149,0.000000000,nan,nan,nan,nan,nan,nan,nan,nan,nan,8.000000000,0.300000000,1.800000000,3.000000000,nan,nan,nan,nan,nan,nan,nan,nan,nan,1.500000000,2.000000000,1589,1412,0
2026-06-01T20:00:14,1778158971.341035604,r1,track_association,wall_like,rejected,normal_angle,detection,1,73,candidate,1,20,nan,1.228512601,10.126313863,0.236160839,0.000000000,nan,nan,nan,nan,nan,nan,nan,nan,nan,8.000000000,0.300000000,1.800000000,3.000000000,nan,nan,nan,nan,nan,nan,nan,nan,nan,1.500000000,2.000000000,1589,120,0
2026-06-01T20:00:14,1778158971.584035635,r1,track_association,wall_like,accepted,selected_best_match,detection,0,60,confirmed,52,0,0.325409759,0.153052336,0.864310677,0.049906044,0.000000000,nan,nan,nan,nan,nan,nan,nan,nan,nan,8.000000000,0.300000000,1.800000000,3.000000000,nan,nan,nan,nan,nan,nan,nan,nan,nan,1.500000000,2.000000000,1683,1589,0
2026-06-01T20:00:14,1778158971.584035635,r1,track_association,wall_like,rejected,normal_angle,detection,0,73,candidate,1,21,nan,1.116766471,10.293026100,0.214964855,0.000000000,nan,nan,nan,nan,nan,nan,nan,nan,nan,8.000000000,0.300000000,1.800000000,3.000000000,nan,nan,nan,nan,nan,nan,nan,nan,nan,1.500000000,2.000000000,1683,120,0
2026-06-01T20:00:14,1778158971.584035635,r1,track_association,pillar_like,accepted,selected_best_match,detection,2,76,confirmed,5,1,0.325110626,0.152130927,nan,nan,nan,nan,nan,nan,nan,nan,0.089803540,0.949156258,0.077109337,0.052169323,nan,nan,nan,nan,nan,nan,nan,nan,nan,0.500000000,0.300000000,0.800000000,0.600000000,1.500000000,2.000000000,78,74,0
2026-06-01T20:00:14,1778158971.797040701,r1,track_association,wall_like,accepted,selected_best_match,detection,0,65,confirmed,14,1,0.562378031,0.758753841,1.487741169,0.037047731,0.000000000,nan,nan,nan,nan,nan,nan,nan,nan,nan,8.000000000,0.300000000,1.800000000,3.000000000,nan,nan,nan,nan,nan,nan,nan,nan,nan,1.500000000,2.000000000,752,833,0
2026-06-01T20:00:14,1778158971.797040701,r1,track_association,wall_like,accepted,selected_best_match,detection,1,60,confirmed,53,0,0.704959746,1.234113380,1.664680332,0.025651073,0.000000000,nan,nan,nan,nan,nan,nan,nan,nan,nan,8.000000000,0.300000000,1.800000000,3.000000000,nan,nan,nan,nan,nan,nan,nan,nan,nan,1.500000000,2.000000000,1093,1683,0
2026-06-01T20:00:14,1778158971.797040701,r1,track_association,wall_like,rejected,normal_angle,detection,1,73,candidate,1,22,nan,2.255002430,9.547037005,0.369322446,0.000000000,nan,nan,nan,nan,nan,nan,nan,nan,nan,8.000000000,0.300000000,1.800000000,3.000000000,nan,nan,nan,nan,nan,nan,nan,nan,nan,1.500000000,2.000000000,1093,120,0
2026-06-01T20:00:14,1778158971.797040701,r1,track_association,pillar_like,rejected,footprint_diff,detection,3,80,candidate,1,2,nan,0.470945521,nan,nan,nan,nan,nan,nan,nan,nan,0.225884527,0.898704493,0.479140043,0.746691704,nan,nan,nan,nan,nan,nan,nan,nan,nan,0.500000000,0.300000000,0.800000000,0.600000000,1.500000000,2.000000000,27,43,0
2026-06-01T20:00:14,1778158971.965040684,r1,track_association,wall_like,accepted,selected_best_match,detection,0,60,confirmed,54,0,0.130391910,0.244883735,0.163446322,0.008499963,0.000000000,nan,nan,nan,nan,nan,nan,nan,nan,nan,8.000000000,0.300000000,1.800000000,3.000000000,nan,nan,nan,nan,nan,nan,nan,nan,nan,1.500000000,2.000000000,1589,1093,0
2026-06-01T20:00:14,1778158971.965040684,r1,track_association,wall_like,rejected,normal_angle,detection,0,73,candidate,1,23,nan,1.407509370,10.140085093,0.269744768,0.000000000,nan,nan,nan,nan,nan,nan,nan,nan,nan,8.000000000,0.300000000,1.800000000,3.000000000,nan,nan,nan,nan,nan,nan,nan,nan,nan,1.500000000,2.000000000,1589,120,0
2026-06-01T20:00:15,1778158972.160040617,r1,track_association,wall_like,accepted,selected_best_match,detection,0,60,confirmed,55,0,0.334641539,0.393747260,1.054674852,0.021467429,0.000000000,nan,nan,nan,nan,nan,nan,nan,nan,nan,8.000000000,0.300000000,1.800000000,3.000000000,nan,nan,nan,nan,nan,nan,nan,nan,nan,1.500000000,2.000000000,1743,1589,0
2026-06-01T20:00:15,1778158972.160040617,r1,track_association,wall_like,rejected,normal_angle,detection,0,73,candidate,1,24,nan,1.557068649,11.217749692,0.239880107,0.000000000,nan,nan,nan,nan,nan,nan,nan,nan,nan,8.000000000,0.300000000,1.800000000,3.000000000,nan,nan,nan,nan,nan,nan,nan,nan,nan,1.500000000,2.000000000,1743,120,0
2026-06-01T20:00:15,1778158972.160040617,r1,track_association,pillar_like,accepted,selected_best_match,detection,6,76,confirmed,6,2,0.240248368,0.074340097,nan,nan,nan,nan,nan,nan,nan,nan,0.057399975,1.000000000,0.598093987,0.039383411,nan,nan,nan,nan,nan,nan,nan,nan,nan,0.500000000,0.300000000,0.800000000,0.600000000,1.500000000,2.000000000,104,78,0
2026-06-01T20:00:15,1778158972.361040592,r1,track_association,wall_like,accepted,selected_best_match,detection,0,60,confirmed,56,0,0.447521251,0.730612247,1.383091472,0.009329221,0.000000000,nan,nan,nan,nan,nan,nan,nan,nan,nan,8.000000000,0.300000000,1.800000000,3.000000000,nan,nan,nan,nan,nan,nan,nan,nan,nan,1.500000000,2.000000000,965,1743,0
2026-06-01T20:00:15,1778158972.361040592,r1,track_association,wall_like,rejected,normal_angle,detection,0,73,candidate,1,25,nan,2.130987326,9.092990644,0.370601343,0.000000000,nan,nan,nan,nan,nan,nan,nan,nan,nan,8.000000000,0.300000000,1.800000000,3.000000000,nan,nan,nan,nan,nan,nan,nan,nan,nan,1.500000000,2.000000000,965,120,0
2026-06-01T20:00:15,1778158972.361040592,r1,track_association,wall_like,accepted,selected_best_match,detection,2,65,confirmed,15,2,0.824353265,2.077482889,0.529019201,0.019719471,0.000000000,nan,nan,nan,nan,nan,nan,nan,nan,nan,8.000000000,0.300000000,1.800000000,3.000000000,nan,nan,nan,nan,nan,nan,nan,nan,nan,1.500000000,2.000000000,348,752,0
2026-06-01T20:00:15,1778158972.562040806,r1,track_association,wall_like,accepted,selected_best_match,detection,0,60,confirmed,57,0,0.217236829,0.137138553,0.604317715,0.028795279,0.000000000,nan,nan,nan,nan,nan,nan,nan,nan,nan,8.000000000,0.300000000,1.800000000,3.000000000,nan,nan,nan,nan,nan,nan,nan,nan,nan,1.500000000,2.000000000,1190,965,0
2026-06-01T20:00:15,1778158972.562040806,r1,track_association,wall_like,rejected,normal_angle,detection,0,73,candidate,1,26,nan,1.467176650,10.767326917,0.243115291,0.000000000,nan,nan,nan,nan,nan,nan,nan,nan,nan,8.000000000,0.300000000,1.800000000,3.000000000,nan,nan,nan,nan,nan,nan,nan,nan,nan,1.500000000,2.000000000,1190,120,0
2026-06-01T20:00:15,1778158972.562040806,r1,track_association,wall_like,accepted,selected_best_match,detection,2,65,confirmed,16,0,0.625004370,1.627564746,0.401458936,0.009690126,0.000000000,nan,nan,nan,nan,nan,nan,nan,nan,nan,8.000000000,0.300000000,1.800000000,3.000000000,nan,nan,nan,nan,nan,nan,nan,nan,nan,1.500000000,2.000000000,656,348,0
2026-06-01T20:00:15,1778158972.763040543,r1,track_association,wall_like,accepted,selected_best_match,detection,0,60,confirmed,58,0,0.101787216,0.183599864,0.280724120,0.001649024,0.000000000,nan,nan,nan,nan,nan,nan,nan,nan,nan,8.000000000,0.300000000,1.800000000,3.000000000,nan,nan,nan,nan,nan,nan,nan,nan,nan,1.500000000,2.000000000,1435,1190,0
2026-06-01T20:00:15,1778158972.763040543,r1,track_association,wall_like,rejected,normal_angle,detection,0,73,candidate,1,27,nan,1.445183791,10.019025149,0.248548861,0.000000000,nan,nan,nan,nan,nan,nan,nan,nan,nan,8.000000000,0.300000000,1.800000000,3.000000000,nan,nan,nan,nan,nan,nan,nan,nan,nan,1.500000000,2.000000000,1435,120,0
2026-06-01T20:00:15,1778158972.763040543,r1,track_association,wall_like,accepted,selected_best_match,detection,2,65,confirmed,17,0,0.685084902,1.757890359,0.755700863,0.001397652,0.000000000,nan,nan,nan,nan,nan,nan,nan,nan,nan,8.000000000,0.300000000,1.800000000,3.000000000,nan,nan,nan,nan,nan,nan,nan,nan,nan,1.500000000,2.000000000,648,656,0
2026-06-01T20:00:15,1778158972.763040543,r1,track_association,wall_like,accepted,selected_best_match,detection,3,77,candidate,1,13,1.535250321,3.383889711,1.084219235,0.081527904,0.000000000,nan,nan,nan,nan,nan,nan,nan,nan,nan,8.000000000,0.300000000,1.800000000,3.000000000,nan,nan,nan,nan,nan,nan,nan,nan,nan,1.500000000,2.000000000,209,242,0
2026-06-01T20:00:15,1778158972.964040518,r1,track_association,wall_like,accepted,selected_best_match,detection,0,60,confirmed,59,0,0.296784796,0.807751494,0.185503324,0.001303915,0.000000000,nan,nan,nan,nan,nan,nan,nan,nan,nan,8.000000000,0.300000000,1.800000000,3.000000000,nan,nan,nan,nan,nan,nan,nan,nan,nan,1.500000000,2.000000000,1212,1435,0
2026-06-01T20:00:15,1778158972.964040518,r1,track_association,wall_like,rejected,normal_angle,detection,0,73,candidate,1,28,nan,2.159707065,10.099153004,0.277599719,0.000000000,nan,nan,nan,nan,nan,nan,nan,nan,nan,8.000000000,0.300000000,1.800000000,3.000000000,nan,nan,nan,nan,nan,nan,nan,nan,nan,1.500000000,2.000000000,1212,120,0
2026-06-01T20:00:15,1778158972.964040518,r1,track_association,wall_like,accepted,selected_best_match,detection,1,65,confirmed,18,0,1.149862882,2.965545996,0.944604587,0.012981593,0.000000000,nan,nan,nan,nan,nan,nan,nan,nan,nan,8.000000000,0.300000000,1.800000000,3.000000000,nan,nan,nan,nan,nan,nan,nan,nan,nan,1.500000000,2.000000000,252,648,0
2026-06-01T20:00:15,1778158972.964040518,r1,track_association,pillar_like,accepted,selected_best_match,detection,4,76,confirmed,7,3,0.144309010,0.222125981,nan,nan,nan,nan,nan,nan,nan,nan,0.038871967,1.000000000,0.514715910,0.009056091,nan,nan,nan,nan,nan,nan,nan,nan,nan,0.500000000,0.300000000,0.800000000,0.600000000,1.500000000,2.000000000,64,104,0
2026-06-01T20:00:15,1778158972.964040518,r1,plane_young_span_merge,wall_like,accepted,young_span_merged_duplicate_track,track,84,65,confirmed,19,0,0.288955429,nan,0.896101576,0.007791604,0.000000000,nan,nan,nan,nan,nan,nan,nan,nan,nan,4.000000000,0.120000000,0.500000000,nan,nan,nan,nan,nan,nan,nan,nan,nan,nan,1.000000000,1.000000000,199,252,1
2026-06-01T20:00:16,1778158973.144040585,r1,track_association,wall_like,accepted,selected_best_match,detection,0,65,confirmed,20,0,0.293475583,0.464658370,0.762397499,0.012986932,0.000000000,nan,nan,nan,nan,nan,nan,nan,nan,nan,8.000000000,0.300000000,1.800000000,3.000000000,nan,nan,nan,nan,nan,nan,nan,nan,nan,1.500000000,2.000000000,853,648,0
2026-06-01T20:00:16,1778158973.144040585,r1,track_association,wall_like,accepted,selected_best_match,detection,2,60,confirmed,60,0,0.485538434,0.703773516,0.816658746,0.044659476,0.000000000,nan,nan,nan,nan,nan,nan,nan,nan,nan,8.000000000,0.300000000,1.800000000,3.000000000,nan,nan,nan,nan,nan,nan,nan,nan,nan,1.500000000,2.000000000,1254,1212,0
2026-06-01T20:00:16,1778158973.144040585,r1,track_association,wall_like,rejected,normal_angle,detection,2,73,candidate,1,29,nan,2.301773742,10.306575326,0.267022096,0.000000000,nan,nan,nan,nan,nan,nan,nan,nan,nan,8.000000000,0.300000000,1.800000000,3.000000000,nan,nan,nan,nan,nan,nan,nan,nan,nan,1.500000000,2.000000000,1254,120,0
2026-06-01T20:00:16,1778158973.363040686,r1,track_association,wall_like,accepted,selected_best_match,detection,0,60,confirmed,61,0,0.673718200,1.378199653,1.094891292,0.023237071,0.000000000,nan,nan,nan,nan,nan,nan,nan,nan,nan,8.000000000,0.300000000,1.800000000,3.000000000,nan,nan,nan,nan,nan,nan,nan,nan,nan,1.500000000,2.000000000,1081,1254,0
2026-06-01T20:00:16,1778158973.363040686,r1,track_association,wall_like,rejected,normal_angle,detection,0,73,candidate,1,30,nan,3.109783808,10.484189374,0.352588459,0.000000000,nan,nan,nan,nan,nan,nan,nan,nan,nan,8.000000000,0.300000000,1.800000000,3.000000000,nan,nan,nan,nan,nan,nan,nan,nan,nan,1.500000000,2.000000000,1081,120,0
2026-06-01T20:00:16,1778158973.543040752,r1,track_association,wall_like,accepted,selected_best_match,detection,0,60,confirmed,62,0,0.532353773,0.966901552,0.669176970,0.037921840,0.000000000,nan,nan,nan,nan,nan,nan,nan,nan,nan,8.000000000,0.300000000,1.800000000,3.000000000,nan,nan,nan,nan,nan,nan,nan,nan,nan,1.500000000,2.000000000,1236,1081,0
2026-06-01T20:00:16,1778158973.543040752,r1,track_association,wall_like,rejected,normal_angle,detection,0,73,candidate,1,31,nan,3.016148373,10.466526351,0.294024407,0.000000000,nan,nan,nan,nan,nan,nan,nan,nan,nan,8.000000000,0.300000000,1.800000000,3.000000000,nan,nan,nan,nan,nan,nan,nan,nan,nan,1.500000000,2.000000000,1236,120,0
2026-06-01T20:00:16,1778158973.543040752,r1,track_association,wall_like,accepted,selected_best_match,detection,1,65,confirmed,21,1,0.228295977,0.270441075,0.864831887,0.009013490,0.000000000,nan,nan,nan,nan,nan,nan,nan,nan,nan,8.000000000,0.300000000,1.800000000,3.000000000,nan,nan,nan,nan,nan,nan,nan,nan,nan,1.500000000,2.000000000,819,853,0
2026-06-01T20:00:16,1778158973.543040752,r1,track_association,wall_like,accepted,selected_best_match,detection,2,85,candidate,1,1,0.239974102,0.180422308,0.490331416,0.035562572,0.000000000,nan,nan,nan,nan,nan,nan,nan,nan,nan,8.000000000,0.300000000,1.800000000,3.000000000,nan,nan,nan,nan,nan,nan,nan,nan,nan,1.500000000,2.000000000,68,50,0
2026-06-01T20:00:16,1778158973.543040752,r1,track_association,wall_like,accepted,selected_best_match,detection,3,77,weak_tracked,2,3,1.527843950,2.701747338,2.139225039,0.107957512,0.000000000,nan,nan,nan,nan,nan,nan,nan,nan,nan,8.000000000,0.300000000,1.800000000,3.000000000,nan,nan,nan,nan,nan,nan,nan,nan,nan,1.500000000,2.000000000,208,209,0
2026-06-01T20:00:16,1778158973.543040752,r1,track_association,wall_like,accepted,selected_best_match,detection,4,53,stale,33,17,0.537173195,0.271109408,2.228708277,0.050464457,0.000000000,nan,nan,nan,nan,nan,nan,nan,nan,nan,8.000000000,0.300000000,1.800000000,3.000000000,nan,nan,nan,nan,nan,nan,nan,nan,nan,1.500000000,2.000000000,251,172,0
2026-06-01T20:00:16,1778158973.543040752,r1,track_association,pillar_like,accepted,selected_best_match,detection,7,64,candidate,1,55,0.899429134,0.424472937,nan,nan,nan,nan,nan,nan,nan,nan,0.221137469,0.929205079,0.482972264,0.202837229,nan,nan,nan,nan,nan,nan,nan,nan,nan,0.500000000,0.300000000,0.800000000,0.600000000,1.500000000,2.000000000,88,59,0
2026-06-01T20:00:16,1778158973.963040590,r1,track_association,wall_like,accepted,selected_best_match,detection,0,60,confirmed,63,1,0.594447488,1.358419766,0.894801364,0.008937219,0.000000000,nan,nan,nan,nan,nan,nan,nan,nan,nan,8.000000000,0.300000000,1.800000000,3.000000000,nan,nan,nan,nan,nan,nan,nan,nan,nan,1.500000000,2.000000000,956,1236,0
2026-06-01T20:00:16,1778158973.963040590,r1,track_association,wall_like,rejected,normal_angle,detection,0,73,candidate,1,33,nan,3.667095872,9.574879817,0.362761402,0.000000000,nan,nan,nan,nan,nan,nan,nan,nan,nan,8.000000000,0.300000000,1.800000000,3.000000000,nan,nan,nan,nan,nan,nan,nan,nan,nan,1.500000000,2.000000000,956,120,0
2026-06-01T20:00:16,1778158973.963040590,r1,track_association,wall_like,accepted,selected_best_match,detection,1,65,confirmed,22,1,0.613542420,1.408808603,0.510264907,0.024046932,0.000000000,nan,nan,nan,nan,nan,nan,nan,nan,nan,8.000000000,0.300000000,1.800000000,3.000000000,nan,nan,nan,nan,nan,nan,nan,nan,nan,1.500000000,2.000000000,729,819,0
2026-06-01T20:00:16,1778158973.963040590,r1,track_association,pillar_like,accepted,selected_best_match,detection,3,83,candidate,1,6,1.026973636,0.685078362,nan,nan,nan,nan,nan,nan,nan,nan,0.245494930,0.690670866,0.080327511,0.131173134,nan,nan,nan,nan,nan,nan,nan,nan,nan,0.500000000,0.300000000,0.800000000,0.600000000,1.500000000,2.000000000,33,25,0
2026-06-01T20:00:17,1778158974.161040545,r1,track_association,wall_like,accepted,selected_best_match,detection,0,60,confirmed,64,0,0.269221235,0.594849722,0.457865960,0.004111425,0.000000000,nan,nan,nan,nan,nan,nan,nan,nan,nan,8.000000000,0.300000000,1.800000000,3.000000000,nan,nan,nan,nan,nan,nan,nan,nan,nan,1.500000000,2.000000000,871,956,0
2026-06-01T20:00:17,1778158974.161040545,r1,track_association,wall_like,rejected,normal_angle,detection,0,73,candidate,1,34,nan,3.224538940,10.046647899,0.325575371,0.000000000,nan,nan,nan,nan,nan,nan,nan,nan,nan,8.000000000,0.300000000,1.800000000,3.000000000,nan,nan,nan,nan,nan,nan,nan,nan,nan,1.500000000,2.000000000,871,120,0
2026-06-01T20:00:17,1778158974.344040632,r1,track_association,wall_like,accepted,selected_best_match,detection,0,65,confirmed,23,1,0.521933019,1.274391961,0.271352262,0.018965000,0.000000000,nan,nan,nan,nan,nan,nan,nan,nan,nan,8.000000000,0.300000000,1.800000000,3.000000000,nan,nan,nan,nan,nan,nan,nan,nan,nan,1.500000000,2.000000000,654,729,0
2026-06-01T20:00:17,1778158974.563040495,r1,track_association,wall_like,accepted,selected_best_match,detection,0,60,confirmed,65,1,0.927771125,0.505260176,5.521247301,0.020758546,0.000000000,nan,nan,nan,nan,nan,nan,nan,nan,nan,8.000000000,0.300000000,1.800000000,3.000000000,nan,nan,nan,nan,nan,nan,nan,nan,nan,1.500000000,2.000000000,318,871,0
2026-06-01T20:00:17,1778158974.764040470,r1,track_association,wall_like,accepted,selected_best_match,detection,0,65,confirmed,24,1,0.530965827,1.369682928,0.216062034,0.014219129,0.000000000,nan,nan,nan,nan,nan,nan,nan,nan,nan,8.000000000,0.300000000,1.800000000,3.000000000,nan,nan,nan,nan,nan,nan,nan,nan,nan,1.500000000,2.000000000,843,654,0
2026-06-01T20:00:17,1778158974.764040470,r1,track_association,wall_like,accepted,selected_best_match,detection,2,60,confirmed,66,0,0.579382392,0.748746845,2.043845084,0.022295842,0.000000000,nan,nan,nan,nan,nan,nan,nan,nan,nan,8.000000000,0.300000000,1.800000000,3.000000000,nan,nan,nan,nan,nan,nan,nan,nan,nan,1.500000000,2.000000000,689,318,0
2026-06-01T20:00:17,1778158974.764040470,r1,track_association,wall_like,rejected,normal_angle,detection,2,73,candidate,1,37,nan,3.614457530,9.143707953,0.385006799,0.000000000,nan,nan,nan,nan,nan,nan,nan,nan,nan,8.000000000,0.300000000,1.800000000,3.000000000,nan,nan,nan,nan,nan,nan,nan,nan,nan,1.500000000,2.000000000,689,120,0
2026-06-01T20:00:17,1778158974.764040470,r1,track_association,pillar_like,accepted,selected_best_match,detection,5,64,weak_tracked,2,5,0.649531957,0.167636154,nan,nan,nan,nan,nan,nan,nan,nan,0.161465931,1.000000000,0.408343673,0.171459436,nan,nan,nan,nan,nan,nan,nan,nan,nan,0.500000000,0.300000000,0.800000000,0.600000000,1.500000000,2.000000000,141,88,0
2026-06-01T20:00:17,1778158974.962040663,r1,track_association,wall_like,accepted,selected_best_match,detection,0,65,confirmed,25,0,0.405986307,0.962072535,0.369800068,0.011721136,0.000000000,nan,nan,nan,nan,nan,nan,nan,nan,nan,8.000000000,0.300000000,1.800000000,3.000000000,nan,nan,nan,nan,nan,nan,nan,nan,nan,1.500000000,2.000000000,880,843,0
2026-06-01T20:00:17,1778158974.962040663,r1,track_association,wall_like,accepted,selected_best_match,detection,2,60,confirmed,67,0,0.843367567,1.273787361,2.165464807,0.044426604,0.000000000,nan,nan,nan,nan,nan,nan,nan,nan,nan,8.000000000,0.300000000,1.800000000,3.000000000,nan,nan,nan,nan,nan,nan,nan,nan,nan,1.500000000,2.000000000,365,689,0
2026-06-01T20:00:17,1778158974.962040663,r1,track_association,wall_like,rejected,normal_angle,detection,2,73,candidate,1,38,nan,3.068953701,8.615874266,0.093966099,0.000000000,nan,nan,nan,nan,nan,nan,nan,nan,nan,8.000000000,0.300000000,1.800000000,3.000000000,nan,nan,nan,nan,nan,nan,nan,nan,nan,1.500000000,2.000000000,365,120,0
2026-06-01T20:00:18,1778158975.163040638,r1,track_association,wall_like,accepted,selected_best_match,detection,0,65,confirmed,26,0,0.300439258,0.547032219,0.474299418,0.017642328,0.000000000,nan,nan,nan,nan,nan,nan,nan,nan,nan,8.000000000,0.300000000,1.800000000,3.000000000,nan,nan,nan,nan,nan,nan,nan,nan,nan,1.500000000,2.000000000,913,880,0
2026-06-01T20:00:18,1778158975.163040638,r1,track_association,wall_like,accepted,selected_best_match,detection,2,60,confirmed,68,0,0.488872638,0.884788630,0.882977163,0.025071285,0.000000000,nan,nan,nan,nan,nan,nan,nan,nan,nan,8.000000000,0.300000000,1.800000000,3.000000000,nan,nan,nan,nan,nan,nan,nan,nan,nan,1.500000000,2.000000000,465,365,0
2026-06-01T20:00:18,1778158975.163040638,r1,track_association,wall_like,rejected,normal_angle,detection,2,73,candidate,1,39,nan,3.750834140,11.056679644,0.379886633,0.000000000,nan,nan,nan,nan,nan,nan,nan,nan,nan,8.000000000,0.300000000,1.800000000,3.000000000,nan,nan,nan,nan,nan,nan,nan,nan,nan,1.500000000,2.000000000,465,120,0
2026-06-01T20:00:18,1778158975.565045595,r1,track_association,wall_like,accepted,selected_best_match,detection,0,65,confirmed,27,1,0.217739578,0.459960892,0.322204173,0.007243128,0.000000000,nan,nan,nan,nan,nan,nan,nan,nan,nan,8.000000000,0.300000000,1.800000000,3.000000000,nan,nan,nan,nan,nan,nan,nan,nan,nan,1.500000000,2.000000000,916,913,0
2026-06-01T20:00:18,1778158975.799045563,r1,track_association,wall_like,accepted,selected_best_match,detection,0,65,confirmed,28,0,0.204789698,0.448443974,0.113886853,0.012321755,0.000000000,nan,nan,nan,nan,nan,nan,nan,nan,nan,8.000000000,0.300000000,1.800000000,3.000000000,nan,nan,nan,nan,nan,nan,nan,nan,nan,1.500000000,2.000000000,898,916,0
2026-06-01T20:00:18,1778158975.799045563,r1,track_association,wall_like,accepted,selected_best_match,detection,2,77,weak_tracked,3,10,0.910304468,2.179077654,0.584575582,0.033261991,0.000000000,nan,nan,nan,nan,nan,nan,nan,nan,nan,8.000000000,0.300000000,1.800000000,3.000000000,nan,nan,nan,nan,nan,nan,nan,nan,nan,1.500000000,2.000000000,299,208,0
2026-06-01T20:00:18,1778158975.799045563,r1,track_association,pillar_like,accepted,selected_best_match,detection,4,64,weak_tracked,3,4,0.662142375,0.356870287,nan,nan,nan,nan,nan,nan,nan,nan,0.219214229,0.904173925,0.221794009,0.063425064,nan,nan,nan,nan,nan,nan,nan,nan,nan,0.500000000,0.300000000,0.800000000,0.600000000,1.500000000,2.000000000,180,141,0
2026-06-01T20:00:18,1778158975.982045650,r1,track_association,wall_like,accepted,selected_best_match,detection,0,65,confirmed,29,0,0.333648459,0.871625613,0.202515911,0.005337630,0.000000000,nan,nan,nan,nan,nan,nan,nan,nan,nan,8.000000000,0.300000000,1.800000000,3.000000000,nan,nan,nan,nan,nan,nan,nan,nan,nan,1.500000000,2.000000000,711,898,0
2026-06-01T20:00:19,1778158976.144045591,r1,track_association,wall_like,accepted,selected_best_match,detection,0,65,confirmed,30,0,0.305290883,0.524603137,0.721595785,0.012067109,0.000000000,nan,nan,nan,nan,nan,nan,nan,nan,nan,8.000000000,0.300000000,1.800000000,3.000000000,nan,nan,nan,nan,nan,nan,nan,nan,nan,1.500000000,2.000000000,880,711,0
2026-06-01T20:00:19,1778158976.144045591,r1,track_association,pillar_like,accepted,selected_best_match,detection,2,88,candidate,1,2,0.157641636,0.074520459,nan,nan,nan,nan,nan,nan,nan,nan,0.059336184,0.997293861,0.079787374,0.016970634,nan,nan,nan,nan,nan,nan,nan,nan,nan,0.500000000,0.300000000,0.800000000,0.600000000,1.500000000,2.000000000,72,59,0
2026-06-01T20:00:19,1778158976.363045692,r1,track_association,pillar_like,accepted,selected_best_match,detection,0,88,weak_tracked,2,0,0.617394933,0.940055996,nan,nan,nan,nan,nan,nan,nan,nan,0.016773219,0.510577274,0.123565316,0.049241543,nan,nan,nan,nan,nan,nan,nan,nan,nan,0.500000000,0.300000000,0.800000000,0.600000000,1.500000000,2.000000000,70,72,0
2026-06-01T20:00:19,1778158976.564045668,r1,track_association,wall_like,accepted,selected_best_match,detection,0,65,confirmed,31,1,1.262736793,0.966358418,5.537925304,0.074512997,0.000000000,nan,nan,nan,nan,nan,nan,nan,nan,nan,8.000000000,0.300000000,1.800000000,3.000000000,nan,nan,nan,nan,nan,nan,nan,nan,nan,1.500000000,2.000000000,230,880,0
2026-06-01T20:00:19,1778158976.744045496,r1,track_association,wall_like,accepted,selected_best_match,detection,0,60,stale,69,7,0.233363034,0.179940890,1.116929615,0.010129961,0.000000000,nan,nan,nan,nan,nan,nan,nan,nan,nan,8.000000000,0.300000000,1.800000000,3.000000000,nan,nan,nan,nan,nan,nan,nan,nan,nan,1.500000000,2.000000000,637,465,0
2026-06-01T20:00:19,1778158976.744045496,r1,track_association,wall_like,rejected,normal_angle,detection,0,73,candidate,1,47,nan,3.365845313,9.965109005,0.293250654,0.000000000,nan,nan,nan,nan,nan,nan,nan,nan,nan,8.000000000,0.300000000,1.800000000,3.000000000,nan,nan,nan,nan,nan,nan,nan,nan,nan,1.500000000,2.000000000,637,120,0
2026-06-01T20:00:19,1778158976.744045496,r1,track_association,wall_like,accepted,selected_best_match,detection,1,65,confirmed,32,0,0.445555937,0.417652516,1.367869174,0.040606436,0.000000000,nan,nan,nan,nan,nan,nan,nan,nan,nan,8.000000000,0.300000000,1.800000000,3.000000000,nan,nan,nan,nan,nan,nan,nan,nan,nan,1.500000000,2.000000000,941,230,0
2026-06-01T20:00:19,1778158976.966045618,r1,track_association,wall_like,accepted,selected_best_match,detection,0,65,confirmed,33,0,0.256666431,0.349597078,0.713064241,0.015300312,0.000000000,nan,nan,nan,nan,nan,nan,nan,nan,nan,8.000000000,0.300000000,1.800000000,3.000000000,nan,nan,nan,nan,nan,nan,nan,nan,nan,1.500000000,2.000000000,808,941,0
2026-06-01T20:00:20,1778158977.161045551,r1,track_association,wall_like,accepted,selected_best_match,detection,0,65,confirmed,34,0,0.137448122,0.157194413,0.592188276,0.003307935,0.000000000,nan,nan,nan,nan,nan,nan,nan,nan,nan,8.000000000,0.300000000,1.800000000,3.000000000,nan,nan,nan,nan,nan,nan,nan,nan,nan,1.500000000,2.000000000,859,808,0
2026-06-01T20:00:20,1778158977.545045614,r1,track_association,wall_like,accepted,selected_best_match,detection,0,65,confirmed,35,1,0.388534297,0.152097444,1.161628843,0.057789463,0.000000000,nan,nan,nan,nan,nan,nan,nan,nan,nan,8.000000000,0.300000000,1.800000000,3.000000000,nan,nan,nan,nan,nan,nan,nan,nan,nan,1.500000000,2.000000000,744,859,0
2026-06-01T20:00:20,1778158977.764045477,r1,track_association,wall_like,accepted,selected_best_match,detection,0,65,confirmed,36,0,0.325669118,0.468672929,0.904912683,0.016899217,0.000000000,nan,nan,nan,nan,nan,nan,nan,nan,nan,8.000000000,0.300000000,1.800000000,3.000000000,nan,nan,nan,nan,nan,nan,nan,nan,nan,1.500000000,2.000000000,814,744,0
2026-06-01T20:00:20,1778158977.764045477,r1,track_association,pillar_like,accepted,selected_best_match,detection,1,88,stale,3,6,0.607197845,0.294056561,nan,nan,nan,nan,nan,nan,nan,nan,0.104648833,0.939533418,0.332631707,0.229594231,nan,nan,nan,nan,nan,nan,nan,nan,nan,0.800000000,0.300000000,0.800000000,0.600000000,1.500000000,2.000000000,89,70,0
2026-06-01T20:00:20,1778158977.962045670,r1,track_association,wall_like,accepted,selected_best_match,detection,0,65,confirmed,37,0,0.354133967,0.718279484,0.546716251,0.013910382,0.000000000,nan,nan,nan,nan,nan,nan,nan,nan,nan,8.000000000,0.300000000,1.800000000,3.000000000,nan,nan,nan,nan,nan,nan,nan,nan,nan,1.500000000,2.000000000,889,814,0
2026-06-01T20:00:21,1778158978.163045883,r1,track_association,wall_like,accepted,selected_best_match,detection,0,65,confirmed,38,0,0.514645250,0.891443009,1.366180834,0.014017493,0.000000000,nan,nan,nan,nan,nan,nan,nan,nan,nan,8.000000000,0.300000000,1.800000000,3.000000000,nan,nan,nan,nan,nan,nan,nan,nan,nan,1.500000000,2.000000000,823,889,0
2026-06-01T20:00:21,1778158978.361045599,r1,track_association,wall_like,accepted,selected_best_match,detection,0,77,weak_tracked,4,12,0.796962412,0.990774158,1.907548913,0.068478224,0.000000000,nan,nan,nan,nan,nan,nan,nan,nan,nan,8.000000000,0.300000000,1.800000000,3.000000000,nan,nan,nan,nan,nan,nan,nan,nan,nan,1.500000000,2.000000000,346,299,0
2026-06-01T20:00:21,1778158978.361045599,r1,track_association,wall_like,accepted,selected_best_match,detection,1,65,confirmed,39,0,0.317144080,0.601908532,0.312840456,0.023220854,0.000000000,nan,nan,nan,nan,nan,nan,nan,nan,nan,8.000000000,0.300000000,1.800000000,3.000000000,nan,nan,nan,nan,nan,nan,nan,nan,nan,1.500000000,2.000000000,907,823,0
2026-06-01T20:00:21,1778158978.361045599,r1,track_association,pillar_like,accepted,selected_best_match,detection,2,88,confirmed,4,2,0.524483774,0.142857010,nan,nan,nan,nan,nan,nan,nan,nan,0.063771914,1.000000000,0.397758007,0.214298487,nan,nan,nan,nan,nan,nan,nan,nan,nan,0.500000000,0.300000000,0.800000000,0.600000000,1.500000000,2.000000000,88,89,0
2026-06-01T20:00:21,1778158978.544045687,r1,track_association,wall_like,accepted,selected_best_match,detection,0,65,confirmed,40,0,0.380503117,0.798448776,0.763560214,0.005672550,0.000000000,nan,nan,nan,nan,nan,nan,nan,nan,nan,8.000000000,0.300000000,1.800000000,3.000000000,nan,nan,nan,nan,nan,nan,nan,nan,nan,1.500000000,2.000000000,998,907,0
2026-06-01T20:00:21,1778158978.544045687,r1,track_association,wall_like,accepted,selected_best_match,detection,1,77,weak_tracked,5,0,0.442423032,0.804437561,0.556266478,0.031423160,0.000000000,nan,nan,nan,nan,nan,nan,nan,nan,nan,8.000000000,0.300000000,1.800000000,3.000000000,nan,nan,nan,nan,nan,nan,nan,nan,nan,1.500000000,2.000000000,426,346,0
2026-06-01T20:00:21,1778158978.742045641,r1,track_association,wall_like,accepted,selected_best_match,detection,0,65,confirmed,41,0,0.185934929,0.245247894,0.435642875,0.014919081,0.000000000,nan,nan,nan,nan,nan,nan,nan,nan,nan,8.000000000,0.300000000,1.800000000,3.000000000,nan,nan,nan,nan,nan,nan,nan,nan,nan,1.500000000,2.000000000,766,998,0
2026-06-01T20:00:21,1778158978.964045525,r1,track_association,wall_like,accepted,selected_best_match,detection,0,65,confirmed,42,0,0.251661519,0.528524402,0.275596159,0.012311160,0.000000000,nan,nan,nan,nan,nan,nan,nan,nan,nan,8.000000000,0.300000000,1.800000000,3.000000000,nan,nan,nan,nan,nan,nan,nan,nan,nan,1.500000000,2.000000000,917,766,0
2026-06-01T20:00:22,1778158979.345045567,r1,track_association,wall_like,accepted,selected_best_match,detection,0,65,confirmed,43,1,0.322659123,0.606426864,0.437172575,0.019761079,0.000000000,nan,nan,nan,nan,nan,nan,nan,nan,nan,8.000000000,0.300000000,1.800000000,3.000000000,nan,nan,nan,nan,nan,nan,nan,nan,nan,1.500000000,2.000000000,742,917,0
2026-06-01T20:00:22,1778158979.345045567,r1,track_association,pillar_like,accepted,selected_best_match,detection,1,88,stale,5,4,0.362054396,0.186970851,nan,nan,nan,nan,nan,nan,nan,nan,0.052337848,0.911272618,0.052159309,0.121613264,nan,nan,nan,nan,nan,nan,nan,nan,nan,0.800000000,0.300000000,0.800000000,0.600000000,1.500000000,2.000000000,100,88,0
2026-06-01T20:00:22,1778158979.345045567,r1,track_association,pillar_like,accepted,selected_best_match,detection,2,92,candidate,1,12,1.339328734,0.693826494,nan,nan,nan,nan,nan,nan,nan,nan,0.150816996,0.619032672,0.003857017,0.393805027,nan,nan,nan,nan,nan,nan,nan,nan,nan,0.500000000,0.300000000,0.800000000,0.600000000,1.500000000,2.000000000,68,111,0
2026-06-01T20:00:22,1778158979.744050503,r1,track_association,wall_like,accepted,selected_best_match,detection,0,77,stale,6,5,0.398358148,0.645688059,1.190489380,0.010295287,0.000000000,nan,nan,nan,nan,nan,nan,nan,nan,nan,8.000000000,0.300000000,1.800000000,3.000000000,nan,nan,nan,nan,nan,nan,nan,nan,nan,1.500000000,2.000000000,289,426,0
2026-06-01T20:00:22,1778158979.744050503,r1,track_association,wall_like,accepted,selected_best_match,detection,1,65,confirmed,44,1,0.315487018,0.646972576,0.626609495,0.006450992,0.000000000,nan,nan,nan,nan,nan,nan,nan,nan,nan,8.000000000,0.300000000,1.800000000,3.000000000,nan,nan,nan,nan,nan,nan,nan,nan,nan,1.500000000,2.000000000,612,742,0
2026-06-01T20:00:22,1778158979.963050604,r1,track_association,wall_like,accepted,selected_best_match,detection,0,65,confirmed,45,0,0.641873690,1.036142446,1.067171760,0.048928921,0.000000000,nan,nan,nan,nan,nan,nan,nan,nan,nan,8.000000000,0.300000000,1.800000000,3.000000000,nan,nan,nan,nan,nan,nan,nan,nan,nan,1.500000000,2.000000000,679,612,0
2026-06-01T20:00:22,1778158979.963050604,r1,track_association,wall_like,accepted,selected_best_match,detection,1,77,confirmed,7,0,0.455852288,0.381066967,1.281113224,0.050607244,0.000000000,nan,nan,nan,nan,nan,nan,nan,nan,nan,8.000000000,0.300000000,1.800000000,3.000000000,nan,nan,nan,nan,nan,nan,nan,nan,nan,1.500000000,2.000000000,375,289,0
2026-06-01T20:00:23,1778158980.143050671,r1,track_association,wall_like,accepted,selected_best_match,detection,0,65,confirmed,46,0,0.325277997,0.775745614,0.283256270,0.009386728,0.000000000,nan,nan,nan,nan,nan,nan,nan,nan,nan,8.000000000,0.300000000,1.800000000,3.000000000,nan,nan,nan,nan,nan,nan,nan,nan,nan,1.500000000,2.000000000,697,679,0
2026-06-01T20:00:23,1778158980.143050671,r1,track_association,wall_like,accepted,selected_best_match,detection,1,77,confirmed,8,0,0.152275841,0.238183828,0.474516114,0.004070015,0.000000000,nan,nan,nan,nan,nan,nan,nan,nan,nan,8.000000000,0.300000000,1.800000000,3.000000000,nan,nan,nan,nan,nan,nan,nan,nan,nan,1.500000000,2.000000000,327,375,0
2026-06-01T20:00:23,1778158980.344050646,r1,track_association,wall_like,accepted,selected_best_match,detection,1,65,confirmed,47,0,0.320047512,0.831842311,0.272193407,0.002622770,0.000000000,nan,nan,nan,nan,nan,nan,nan,nan,nan,8.000000000,0.300000000,1.800000000,3.000000000,nan,nan,nan,nan,nan,nan,nan,nan,nan,1.500000000,2.000000000,662,697,0
2026-06-01T20:00:24,1778158981.163050652,r1,track_association,wall_like,accepted,selected_best_match,detection,0,65,confirmed,48,3,0.315383141,0.710212442,0.529174474,0.003749655,0.000000000,nan,nan,nan,nan,nan,nan,nan,nan,nan,8.000000000,0.300000000,1.800000000,3.000000000,nan,nan,nan,nan,nan,nan,nan,nan,nan,1.500000000,2.000000000,507,662,0
2026-06-01T20:00:24,1778158981.343050480,r1,track_association,wall_like,accepted,selected_best_match,detection,0,94,candidate,1,4,0.072500665,0.090193963,0.175906334,0.006134316,0.000000000,nan,nan,nan,nan,nan,nan,nan,nan,nan,8.000000000,0.300000000,1.800000000,3.000000000,nan,nan,nan,nan,nan,nan,nan,nan,nan,1.500000000,2.000000000,450,460,0
2026-06-01T20:00:24,1778158981.343050480,r1,track_association,wall_like,accepted,selected_best_match,detection,1,65,confirmed,49,0,0.480770492,1.330910865,0.086926693,0.007880310,0.000000000,nan,nan,nan,nan,nan,nan,nan,nan,nan,8.000000000,0.300000000,1.800000000,3.000000000,nan,nan,nan,nan,nan,nan,nan,nan,nan,1.500000000,2.000000000,521,507,0
2026-06-01T20:00:24,1778158981.742050648,r1,track_association,wall_like,accepted,selected_best_match,detection,0,94,weak_tracked,2,1,0.158649203,0.361117151,0.279081180,0.001017501,0.000000000,nan,nan,nan,nan,nan,nan,nan,nan,nan,8.000000000,0.300000000,1.800000000,3.000000000,nan,nan,nan,nan,nan,nan,nan,nan,nan,1.500000000,2.000000000,473,450,0
2026-06-01T20:00:24,1778158981.964050531,r1,track_association,wall_like,accepted,selected_best_match,detection,0,94,weak_tracked,3,0,0.228216709,0.450061313,0.524077833,0.003805963,0.000000000,nan,nan,nan,nan,nan,nan,nan,nan,nan,8.000000000,0.300000000,1.800000000,3.000000000,nan,nan,nan,nan,nan,nan,nan,nan,nan,1.500000000,2.000000000,453,473,0
2026-06-01T20:00:25,1778158982.168050528,r1,track_association,wall_like,accepted,selected_best_match,detection,0,65,confirmed,50,3,0.338508770,0.762632393,0.094265374,0.021754440,0.000000000,nan,nan,nan,nan,nan,nan,nan,nan,nan,8.000000000,0.300000000,1.800000000,3.000000000,nan,nan,nan,nan,nan,nan,nan,nan,nan,1.500000000,2.000000000,472,521,0
2026-06-01T20:00:25,1778158982.543050528,r1,track_association,wall_like,accepted,selected_best_match,detection,0,94,confirmed,4,2,0.227525995,0.585484713,0.028830627,0.008628179,0.000000000,nan,nan,nan,nan,nan,nan,nan,nan,nan,8.000000000,0.300000000,1.800000000,3.000000000,nan,nan,nan,nan,nan,nan,nan,nan,nan,1.500000000,2.000000000,631,453,0
2026-06-01T20:00:25,1778158982.744050503,r1,track_association,wall_like,accepted,selected_best_match,detection,0,94,confirmed,5,0,0.184476687,0.467791294,0.111257177,0.004391733,0.000000000,nan,nan,nan,nan,nan,nan,nan,nan,nan,8.000000000,0.300000000,1.800000000,3.000000000,nan,nan,nan,nan,nan,nan,nan,nan,nan,1.500000000,2.000000000,429,631,0
2026-06-01T20:00:25,1778158982.942050695,r1,track_association,wall_like,accepted,selected_best_match,detection,0,94,confirmed,6,0,0.457720801,0.370514923,1.550788237,0.042110189,0.000000000,nan,nan,nan,nan,nan,nan,nan,nan,nan,8.000000000,0.300000000,1.800000000,3.000000000,nan,nan,nan,nan,nan,nan,nan,nan,nan,1.500000000,2.000000000,500,429,0
2026-06-01T20:00:26,1778158983.161050558,r1,track_association,wall_like,accepted,selected_best_match,detection,0,94,confirmed,7,0,0.057779636,0.016837488,0.150196951,0.010017756,0.000000000,nan,nan,nan,nan,nan,nan,nan,nan,nan,8.000000000,0.300000000,1.800000000,3.000000000,nan,nan,nan,nan,nan,nan,nan,nan,nan,1.500000000,2.000000000,548,500,0
2026-06-01T20:00:26,1778158983.161050558,r1,track_association,pillar_like,accepted,selected_best_match,detection,1,64,weak_tracked,4,36,1.068811160,0.336667448,nan,nan,nan,nan,nan,nan,nan,nan,0.328021831,1.000000000,0.257589102,0.232205153,nan,nan,nan,nan,nan,nan,nan,nan,nan,0.500000000,0.300000000,0.800000000,0.600000000,1.500000000,2.000000000,106,180,0
2026-06-01T20:00:26,1778158983.344050646,r1,track_association,wall_like,accepted,selected_best_match,detection,0,94,confirmed,8,0,0.211326890,0.221309104,0.789175629,0.011673071,0.000000000,nan,nan,nan,nan,nan,nan,nan,nan,nan,8.000000000,0.300000000,1.800000000,3.000000000,nan,nan,nan,nan,nan,nan,nan,nan,nan,1.500000000,2.000000000,554,548,0
2026-06-01T20:00:26,1778158983.542055607,r1,track_association,wall_like,accepted,selected_best_match,detection,0,94,confirmed,9,0,0.384704146,0.530938355,1.324752436,0.012639192,0.000000000,nan,nan,nan,nan,nan,nan,nan,nan,nan,8.000000000,0.300000000,1.800000000,3.000000000,nan,nan,nan,nan,nan,nan,nan,nan,nan,1.500000000,2.000000000,315,554,0
2026-06-01T20:00:26,1778158983.761055708,r1,track_association,wall_like,accepted,selected_best_match,detection,0,94,confirmed,10,0,0.099599665,0.098336512,0.399356129,0.005070393,0.000000000,nan,nan,nan,nan,nan,nan,nan,nan,nan,8.000000000,0.300000000,1.800000000,3.000000000,nan,nan,nan,nan,nan,nan,nan,nan,nan,1.500000000,2.000000000,689,315,0
2026-06-01T20:00:26,1778158983.761055708,r1,track_association,wall_like,accepted,selected_best_match,detection,1,86,candidate,1,50,0.843111210,0.566221892,1.503746902,0.139920665,0.000000000,nan,nan,nan,nan,nan,nan,nan,nan,nan,8.000000000,0.300000000,1.800000000,3.000000000,nan,nan,nan,nan,nan,nan,nan,nan,nan,1.500000000,2.000000000,161,53,0
2026-06-01T20:00:26,1778158983.941055536,r1,track_association,wall_like,accepted,selected_best_match,detection,0,94,confirmed,11,0,0.085403678,0.163664319,0.161644014,0.003193021,0.000000000,nan,nan,nan,nan,nan,nan,nan,nan,nan,8.000000000,0.300000000,1.800000000,3.000000000,nan,nan,nan,nan,nan,nan,nan,nan,nan,1.500000000,2.000000000,615,689,0
2026-06-01T20:00:27,1778158984.142055511,r1,track_association,wall_like,accepted,selected_best_match,detection,0,94,confirmed,12,0,0.077835174,0.057520805,0.353669945,0.004335849,0.000000000,nan,nan,nan,nan,nan,nan,nan,nan,nan,8.000000000,0.300000000,1.800000000,3.000000000,nan,nan,nan,nan,nan,nan,nan,nan,nan,1.500000000,2.000000000,683,615,0
2026-06-01T20:00:27,1778158984.142055511,r1,track_association,wall_like,accepted,selected_best_match,detection,1,86,weak_tracked,2,1,0.670612897,0.675169052,0.674709630,0.108365353,0.000000000,nan,nan,nan,nan,nan,nan,nan,nan,nan,8.000000000,0.300000000,1.800000000,3.000000000,nan,nan,nan,nan,nan,nan,nan,nan,nan,1.500000000,2.000000000,182,161,0
2026-06-01T20:00:27,1778158984.340055704,r1,track_association,wall_like,accepted,selected_best_match,detection,0,94,confirmed,13,0,0.043833588,0.039354751,0.234057371,0.000437450,0.000000000,nan,nan,nan,nan,nan,nan,nan,nan,nan,8.000000000,0.300000000,1.800000000,3.000000000,nan,nan,nan,nan,nan,nan,nan,nan,nan,1.500000000,2.000000000,697,683,0
2026-06-01T20:00:27,1778158984.340055704,r1,track_association,wall_like,accepted,selected_best_match,detection,1,86,weak_tracked,3,0,0.968466487,1.565037597,1.321711823,0.084471993,0.000000000,nan,nan,nan,nan,nan,nan,nan,nan,nan,8.000000000,0.300000000,1.800000000,3.000000000,nan,nan,nan,nan,nan,nan,nan,nan,nan,1.500000000,2.000000000,161,182,0
2026-06-01T20:00:27,1778158984.340055704,r1,track_association,wall_like,accepted,selected_best_match,detection,2,95,candidate,1,0,0.803744342,0.525801421,4.318314569,0.026606364,0.000000000,nan,nan,nan,nan,nan,nan,nan,nan,nan,8.000000000,0.300000000,1.800000000,3.000000000,nan,nan,nan,nan,nan,nan,nan,nan,nan,1.500000000,2.000000000,264,157,0
2026-06-01T20:00:27,1778158984.565055609,r1,track_association,wall_like,accepted,selected_best_match,detection,0,86,weak_tracked,4,0,1.471569157,3.148589793,1.447570293,0.072327882,0.000000000,nan,nan,nan,nan,nan,nan,nan,nan,nan,8.000000000,0.300000000,1.800000000,3.000000000,nan,nan,nan,nan,nan,nan,nan,nan,nan,1.500000000,2.000000000,346,161,0
2026-06-01T20:00:27,1778158984.565055609,r1,track_association,wall_like,rejected,plane_offset,detection,0,95,weak_tracked,2,0,nan,1.206188117,2.591913334,0.444266327,0.000000000,nan,nan,nan,nan,nan,nan,nan,nan,nan,8.000000000,0.300000000,1.800000000,3.000000000,nan,nan,nan,nan,nan,nan,nan,nan,nan,1.500000000,2.000000000,346,264,0
2026-06-01T20:00:27,1778158984.565055609,r1,track_association,wall_like,accepted,selected_best_match,detection,1,94,confirmed,14,0,0.060287942,0.041719427,0.256329242,0.004302093,0.000000000,nan,nan,nan,nan,nan,nan,nan,nan,nan,8.000000000,0.300000000,1.800000000,3.000000000,nan,nan,nan,nan,nan,nan,nan,nan,nan,1.500000000,2.000000000,576,697,0
2026-06-01T20:00:27,1778158984.565055609,r1,track_association,wall_like,accepted,selected_best_match,detection,2,95,weak_tracked,2,0,0.153457052,0.155027131,0.394768668,0.015730577,0.000000000,nan,nan,nan,nan,nan,nan,nan,nan,nan,8.000000000,0.300000000,1.800000000,3.000000000,nan,nan,nan,nan,nan,nan,nan,nan,nan,1.500000000,2.000000000,170,264,0
2026-06-01T20:00:27,1778158984.763055563,r1,track_association,wall_like,accepted,selected_best_match,detection,0,94,confirmed,15,0,0.150654439,0.036836482,1.031093893,0.002846662,0.000000000,nan,nan,nan,nan,nan,nan,nan,nan,nan,8.000000000,0.300000000,1.800000000,3.000000000,nan,nan,nan,nan,nan,nan,nan,nan,nan,1.500000000,2.000000000,667,576,0
2026-06-01T20:00:27,1778158984.763055563,r1,track_association,wall_like,accepted,selected_best_match,detection,1,95,confirmed,3,0,0.349498547,0.246144153,1.721404867,0.015682466,0.000000000,nan,nan,nan,nan,nan,nan,nan,nan,nan,8.000000000,0.300000000,1.800000000,3.000000000,nan,nan,nan,nan,nan,nan,nan,nan,nan,1.500000000,2.000000000,168,170,0
2026-06-01T20:00:27,1778158984.763055563,r1,track_association,wall_like,rejected,plane_offset,detection,1,86,confirmed,34,0,nan,2.647678825,0.425030895,0.383458510,0.000000000,nan,nan,nan,nan,nan,nan,nan,nan,nan,8.000000000,0.300000000,1.800000000,3.000000000,nan,nan,nan,nan,nan,nan,nan,nan,nan,1.500000000,2.000000000,168,346,0
2026-06-01T20:00:27,1778158984.943055868,r1,track_association,wall_like,accepted,selected_best_match,detection,0,86,confirmed,34,1,0.513335354,0.549157618,2.258767844,0.014381050,0.000000000,nan,nan,nan,nan,nan,nan,nan,nan,nan,8.000000000,0.300000000,1.800000000,3.000000000,nan,nan,nan,nan,nan,nan,nan,nan,nan,1.500000000,2.000000000,183,346,0
2026-06-01T20:00:27,1778158984.943055868,r1,track_association,wall_like,accepted,selected_best_match,detection,3,94,confirmed,16,0,0.125075320,0.116028524,0.614248043,0.002885442,0.000000000,nan,nan,nan,nan,nan,nan,nan,nan,nan,8.000000000,0.300000000,1.800000000,3.000000000,nan,nan,nan,nan,nan,nan,nan,nan,nan,1.500000000,2.000000000,598,667,0
2026-06-01T20:00:28,1778158985.147055864,r1,track_association,wall_like,accepted,selected_best_match,detection,0,94,confirmed,17,0,0.093917218,0.015319914,0.572006677,0.005192924,0.000000000,nan,nan,nan,nan,nan,nan,nan,nan,nan,8.000000000,0.300000000,1.800000000,3.000000000,nan,nan,nan,nan,nan,nan,nan,nan,nan,1.500000000,2.000000000,770,598,0
2026-06-01T20:00:28,1778158985.147055864,r1,track_association,wall_like,accepted,selected_best_match,detection,1,95,confirmed,4,1,0.529457669,0.518677856,2.155627833,0.026133471,0.000000000,nan,nan,nan,nan,nan,nan,nan,nan,nan,8.000000000,0.300000000,1.800000000,3.000000000,nan,nan,nan,nan,nan,nan,nan,nan,nan,1.500000000,2.000000000,193,168,0
2026-06-01T20:00:28,1778158985.147055864,r1,track_association,wall_like,rejected,plane_offset,detection,1,86,confirmed,35,0,nan,3.036832995,0.499655686,0.393255747,0.000000000,nan,nan,nan,nan,nan,nan,nan,nan,nan,8.000000000,0.300000000,1.800000000,3.000000000,nan,nan,nan,nan,nan,nan,nan,nan,nan,1.500000000,2.000000000,193,183,0
2026-06-01T20:00:28,1778158985.147055864,r1,track_association,wall_like,accepted,selected_best_match,detection,2,96,candidate,1,0,0.812663782,1.246052160,2.314141109,0.032413627,0.000000000,nan,nan,nan,nan,nan,nan,nan,nan,nan,8.000000000,0.300000000,1.800000000,3.000000000,nan,nan,nan,nan,nan,nan,nan,nan,nan,1.500000000,2.000000000,126,68,0
2026-06-01T20:00:28,1778158985.147055864,r1,track_association,wall_like,accepted,selected_best_match,detection,3,86,confirmed,35,0,0.862203677,1.767678806,0.842762687,0.050289622,0.000000000,nan,nan,nan,nan,nan,nan,nan,nan,nan,8.000000000,0.300000000,1.800000000,3.000000000,nan,nan,nan,nan,nan,nan,nan,nan,nan,1.500000000,2.000000000,124,183,0
2026-06-01T20:00:28,1778158985.345055580,r1,track_association,wall_like,accepted,selected_best_match,detection,0,94,confirmed,18,0,0.120841947,0.068885626,0.548624341,0.008790609,0.000000000,nan,nan,nan,nan,nan,nan,nan,nan,nan,8.000000000,0.300000000,1.800000000,3.000000000,nan,nan,nan,nan,nan,nan,nan,nan,nan,1.500000000,2.000000000,731,770,0
2026-06-01T20:00:28,1778158985.546055555,r1,track_association,wall_like,accepted,selected_best_match,detection,0,94,confirmed,19,0,0.106335464,0.170301996,0.309789933,0.003253317,0.000000000,nan,nan,nan,nan,nan,nan,nan,nan,nan,8.000000000,0.300000000,1.800000000,3.000000000,nan,nan,nan,nan,nan,nan,nan,nan,nan,1.500000000,2.000000000,493,731,0
2026-06-01T20:00:28,1778158985.762055635,r1,track_association,wall_like,accepted,selected_best_match,detection,0,94,confirmed,20,0,0.074561181,0.045886082,0.390842767,0.003123142,0.000000000,nan,nan,nan,nan,nan,nan,nan,nan,nan,8.000000000,0.300000000,1.800000000,3.000000000,nan,nan,nan,nan,nan,nan,nan,nan,nan,1.500000000,2.000000000,821,493,0
2026-06-01T20:00:28,1778158985.942055702,r1,track_association,pillar_like,accepted,selected_best_match,detection,0,64,weak_tracked,5,13,0.634436396,0.321787292,nan,nan,nan,nan,nan,nan,nan,nan,0.277988350,0.976658714,0.242666483,0.018511057,nan,nan,nan,nan,nan,nan,nan,nan,nan,0.500000000,0.300000000,0.800000000,0.600000000,1.500000000,2.000000000,82,106,0
2026-06-01T20:00:29,1778158986.143055677,r1,track_association,wall_like,accepted,selected_best_match,detection,0,94,confirmed,21,1,0.387244972,0.427664875,1.832872318,0.004674292,0.000000000,nan,nan,nan,nan,nan,nan,nan,nan,nan,8.000000000,0.300000000,1.800000000,3.000000000,nan,nan,nan,nan,nan,nan,nan,nan,nan,1.500000000,2.000000000,231,821,0
2026-06-01T20:00:29,1778158986.782055616,r1,track_association,wall_like,accepted,selected_best_match,detection,0,94,confirmed,22,2,0.411358642,0.685530495,1.295306205,0.006280560,0.000000000,nan,nan,nan,nan,nan,nan,nan,nan,nan,8.000000000,0.300000000,1.800000000,3.000000000,nan,nan,nan,nan,nan,nan,nan,nan,nan,1.500000000,2.000000000,271,231,0
2026-06-01T20:00:29,1778158986.782055616,r1,track_association,pillar_like,accepted,selected_best_match,detection,1,64,weak_tracked,6,3,0.680978671,0.370279692,nan,nan,nan,nan,nan,nan,nan,nan,0.221557729,0.885470073,0.137918711,0.065724850,nan,nan,nan,nan,nan,nan,nan,nan,nan,0.500000000,0.300000000,0.800000000,0.600000000,1.500000000,2.000000000,79,82,0
2026-06-01T20:00:29,1778158986.944055796,r1,track_association,wall_like,accepted,selected_best_match,detection,0,97,candidate,1,8,0.505373880,0.567195828,1.175028400,0.050829016,0.000000000,nan,nan,nan,nan,nan,nan,nan,nan,nan,8.000000000,0.300000000,1.800000000,3.000000000,nan,nan,nan,nan,nan,nan,nan,nan,nan,1.500000000,2.000000000,388,166,0
2026-06-01T20:00:29,1778158986.944055796,r1,track_association,wall_like,accepted,selected_best_match,detection,1,96,weak_tracked,2,8,1.069961225,1.944923334,1.560858103,0.067963855,0.000000000,nan,nan,nan,nan,nan,nan,nan,nan,nan,8.000000000,0.300000000,1.800000000,3.000000000,nan,nan,nan,nan,nan,nan,nan,nan,nan,1.500000000,2.000000000,211,126,0
2026-06-01T20:00:30,1778158987.142055511,r1,track_association,wall_like,accepted,selected_best_match,detection,0,94,confirmed,23,1,0.124204800,0.312810217,0.123620250,0.001344659,0.000000000,nan,nan,nan,nan,nan,nan,nan,nan,nan,8.000000000,0.300000000,1.800000000,3.000000000,nan,nan,nan,nan,nan,nan,nan,nan,nan,1.500000000,2.000000000,693,271,0
2026-06-01T20:00:30,1778158987.142055511,r1,track_association,wall_like,accepted,selected_best_match,detection,1,96,weak_tracked,3,0,0.991890777,1.908006802,1.356955562,0.055880719,0.000000000,nan,nan,nan,nan,nan,nan,nan,nan,nan,8.000000000,0.300000000,1.800000000,3.000000000,nan,nan,nan,nan,nan,nan,nan,nan,nan,1.500000000,2.000000000,256,211,0
2026-06-01T20:00:30,1778158987.142055511,r1,track_association,wall_like,accepted,selected_best_match,detection,2,86,stale,36,9,0.616708934,1.157140018,0.254943246,0.059738307,0.000000000,nan,nan,nan,nan,nan,nan,nan,nan,nan,8.000000000,0.300000000,1.800000000,3.000000000,nan,nan,nan,nan,nan,nan,nan,nan,nan,1.500000000,2.000000000,60,124,0
2026-06-01T20:00:30,1778158987.343055487,r1,track_association,wall_like,accepted,selected_best_match,detection,0,94,confirmed,24,0,0.195901370,0.256160868,0.635931891,0.009306878,0.000000000,nan,nan,nan,nan,nan,nan,nan,nan,nan,8.000000000,0.300000000,1.800000000,3.000000000,nan,nan,nan,nan,nan,nan,nan,nan,nan,1.500000000,2.000000000,794,693,0
2026-06-01T20:00:30,1778158987.544055700,r1,track_association,wall_like,accepted,selected_best_match,detection,0,94,confirmed,25,0,0.180463629,0.260418042,0.625906438,0.004625793,0.000000000,nan,nan,nan,nan,nan,nan,nan,nan,nan,8.000000000,0.300000000,1.800000000,3.000000000,nan,nan,nan,nan,nan,nan,nan,nan,nan,1.500000000,2.000000000,677,794,0
2026-06-01T20:00:30,1778158987.961055517,r1,track_association,wall_like,accepted,selected_best_match,detection,0,94,confirmed,26,1,0.048513887,0.016571927,0.264481241,0.002978927,0.000000000,nan,nan,nan,nan,nan,nan,nan,nan,nan,8.000000000,0.300000000,1.800000000,3.000000000,nan,nan,nan,nan,nan,nan,nan,nan,nan,1.500000000,2.000000000,529,677,0
2026-06-01T20:00:31,1778158988.144055605,r1,track_association,pillar_like,accepted,selected_best_match,detection,0,64,weak_tracked,7,6,0.732075525,0.437236203,nan,nan,nan,nan,nan,nan,nan,nan,0.181014120,0.858245851,0.269661307,0.120796204,nan,nan,nan,nan,nan,nan,nan,nan,nan,0.500000000,0.300000000,0.800000000,0.600000000,1.500000000,2.000000000,57,79,0
2026-06-01T20:00:31,1778158988.345055580,r1,track_association,wall_like,accepted,selected_best_match,detection,0,94,confirmed,27,1,0.047466547,0.041926240,0.264667437,0.000122311,0.000000000,nan,nan,nan,nan,nan,nan,nan,nan,nan,8.000000000,0.300000000,1.800000000,3.000000000,nan,nan,nan,nan,nan,nan,nan,nan,nan,1.500000000,2.000000000,726,529,0
2026-06-01T20:00:31,1778158988.783055544,r1,track_association,wall_like,accepted,selected_best_match,detection,0,94,confirmed,28,1,0.039095221,0.024785959,0.231670656,0.000562321,0.000000000,nan,nan,nan,nan,nan,nan,nan,nan,nan,8.000000000,0.300000000,1.800000000,3.000000000,nan,nan,nan,nan,nan,nan,nan,nan,nan,1.500000000,2.000000000,741,726,0
2026-06-01T20:00:31,1778158988.783055544,r1,track_association,wall_like,accepted,selected_best_match,detection,1,98,candidate,1,16,1.089435957,1.187830859,4.005077243,0.057857305,0.000000000,nan,nan,nan,nan,nan,nan,nan,nan,nan,8.000000000,0.300000000,1.800000000,3.000000000,nan,nan,nan,nan,nan,nan,nan,nan,nan,1.500000000,2.000000000,130,183,0
2026-06-01T20:00:31,1778158988.945055723,r1,track_association,wall_like,accepted,selected_best_match,detection,0,94,confirmed,29,0,0.237537378,0.148805731,1.047213222,0.017110145,0.000000000,nan,nan,nan,nan,nan,nan,nan,nan,nan,8.000000000,0.300000000,1.800000000,3.000000000,nan,nan,nan,nan,nan,nan,nan,nan,nan,1.500000000,2.000000000,635,741,0
2026-06-01T20:00:31,1778158988.945055723,r1,track_association,wall_like,accepted,selected_best_match,detection,1,96,weak_tracked,4,8,1.211732770,1.975441374,1.807232423,0.098204478,0.000000000,nan,nan,nan,nan,nan,nan,nan,nan,nan,8.000000000,0.300000000,1.800000000,3.000000000,nan,nan,nan,nan,nan,nan,nan,nan,nan,1.500000000,2.000000000,225,256,0
2026-06-01T20:00:31,1778158988.945055723,r1,track_association,wall_like,accepted,selected_best_match,detection,2,86,stale,37,8,0.744585346,1.030135272,0.441900854,0.103790795,0.000000000,nan,nan,nan,nan,nan,nan,nan,nan,nan,8.000000000,0.300000000,1.800000000,3.000000000,nan,nan,nan,nan,nan,nan,nan,nan,nan,1.500000000,2.000000000,100,60,0
2026-06-01T20:00:32,1778158989.344055653,r1,track_association,wall_like,accepted,selected_best_match,detection,1,94,confirmed,30,1,0.190033460,0.281357635,0.493428352,0.010370711,0.000000000,nan,nan,nan,nan,nan,nan,nan,nan,nan,8.000000000,0.300000000,1.800000000,3.000000000,nan,nan,nan,nan,nan,nan,nan,nan,nan,1.500000000,2.000000000,609,635,0
2026-06-01T20:00:32,1778158989.548060656,r1,track_association,wall_like,accepted,selected_best_match,detection,0,94,confirmed,31,0,0.072091693,0.087909079,0.288620335,0.002013337,0.000000000,nan,nan,nan,nan,nan,nan,nan,nan,nan,8.000000000,0.300000000,1.800000000,3.000000000,nan,nan,nan,nan,nan,nan,nan,nan,nan,1.500000000,2.000000000,723,609,0
2026-06-01T20:00:32,1778158989.548060656,r1,track_association,wall_like,accepted,selected_best_match,detection,1,100,candidate,1,3,0.142728155,0.224057397,0.236171567,0.011556273,0.000000000,nan,nan,nan,nan,nan,nan,nan,nan,nan,8.000000000,0.300000000,1.800000000,3.000000000,nan,nan,nan,nan,nan,nan,nan,nan,nan,1.500000000,2.000000000,152,123,0
2026-06-01T20:00:32,1778158989.548060656,r1,track_association,wall_like,accepted,selected_best_match,detection,2,98,weak_tracked,2,3,1.098460572,1.008231946,3.891347086,0.082789461,0.000000000,nan,nan,nan,nan,nan,nan,nan,nan,nan,8.000000000,0.300000000,1.800000000,3.000000000,nan,nan,nan,nan,nan,nan,nan,nan,nan,1.500000000,2.000000000,105,130,0
2026-06-01T20:00:32,1778158989.782060623,r1,track_association,pillar_like,accepted,selected_best_match,detection,0,64,weak_tracked,8,7,0.588808095,0.357985957,nan,nan,nan,nan,nan,nan,nan,nan,0.219738336,0.865261506,0.088867784,0.003423691,nan,nan,nan,nan,nan,nan,nan,nan,nan,0.500000000,0.300000000,0.800000000,0.600000000,1.500000000,2.000000000,38,57,0
2026-06-01T20:00:32,1778158989.947060585,r1,track_association,wall_like,accepted,selected_best_match,detection,0,94,confirmed,32,1,0.123718887,0.181151825,0.196967301,0.011614210,0.000000000,nan,nan,nan,nan,nan,nan,nan,nan,nan,8.000000000,0.300000000,1.800000000,3.000000000,nan,nan,nan,nan,nan,nan,nan,nan,nan,1.500000000,2.000000000,673,723,0
2026-06-01T20:00:33,1778158990.145060539,r1,track_association,wall_like,accepted,selected_best_match,detection,0,101,candidate,1,3,0.651246419,0.407791635,1.349728668,0.103979937,0.000000000,nan,nan,nan,nan,nan,nan,nan,nan,nan,8.000000000,0.300000000,1.800000000,3.000000000,nan,nan,nan,nan,nan,nan,nan,nan,nan,1.500000000,2.000000000,372,270,0
2026-06-01T20:00:33,1778158990.745060682,r1,track_association,wall_like,accepted,selected_best_match,detection,0,94,confirmed,33,3,0.256554606,0.149920040,1.194882973,0.017166266,0.000000000,nan,nan,nan,nan,nan,nan,nan,nan,nan,8.000000000,0.300000000,1.800000000,3.000000000,nan,nan,nan,nan,nan,nan,nan,nan,nan,1.500000000,2.000000000,528,673,0
2026-06-01T20:00:34,1778158991.123060703,r1,track_association,wall_like,accepted,selected_best_match,detection,0,94,confirmed,34,1,0.099777140,0.077615995,0.246576860,0.012924910,0.000000000,nan,nan,nan,nan,nan,nan,nan,nan,nan,8.000000000,0.300000000,1.800000000,3.000000000,nan,nan,nan,nan,nan,nan,nan,nan,nan,1.500000000,2.000000000,722,528,0
2026-06-01T20:00:34,1778158991.123060703,r1,track_association,wall_like,accepted,selected_best_match,detection,1,101,weak_tracked,2,4,0.259074336,0.450099835,0.501927116,0.013890050,0.000000000,nan,nan,nan,nan,nan,nan,nan,nan,nan,8.000000000,0.300000000,1.800000000,3.000000000,nan,nan,nan,nan,nan,nan,nan,nan,nan,1.500000000,2.000000000,363,372,0
2026-06-01T20:00:34,1778158991.744060516,r1,track_association,wall_like,accepted,selected_best_match,detection,0,101,weak_tracked,3,2,0.159055222,0.267359834,0.282129193,0.010400738,0.000000000,nan,nan,nan,nan,nan,nan,nan,nan,nan,8.000000000,0.300000000,1.800000000,3.000000000,nan,nan,nan,nan,nan,nan,nan,nan,nan,1.500000000,2.000000000,449,363,0
2026-06-01T20:00:34,1778158991.744060516,r1,track_association,wall_like,accepted,selected_best_match,detection,1,94,confirmed,35,2,0.161401519,0.186636893,0.394949708,0.014946152,0.000000000,nan,nan,nan,nan,nan,nan,nan,nan,nan,8.000000000,0.300000000,1.800000000,3.000000000,nan,nan,nan,nan,nan,nan,nan,nan,nan,1.500000000,2.000000000,557,722,0
2026-06-01T20:00:34,1778158991.945060492,r1,track_association,wall_like,accepted,selected_best_match,detection,0,94,confirmed,36,0,0.086144455,0.097827496,0.244385345,0.006896136,0.000000000,nan,nan,nan,nan,nan,nan,nan,nan,nan,8.000000000,0.300000000,1.800000000,3.000000000,nan,nan,nan,nan,nan,nan,nan,nan,nan,1.500000000,2.000000000,598,557,0
2026-06-01T20:00:35,1778158992.143060684,r1,track_association,wall_like,accepted,selected_best_match,detection,0,94,confirmed,37,0,0.084814208,0.046528787,0.253669439,0.011278780,0.000000000,nan,nan,nan,nan,nan,nan,nan,nan,nan,8.000000000,0.300000000,1.800000000,3.000000000,nan,nan,nan,nan,nan,nan,nan,nan,nan,1.500000000,2.000000000,690,598,0
2026-06-01T20:00:35,1778158992.143060684,r1,track_association,wall_like,accepted,selected_best_match,detection,1,98,weak_tracked,3,12,0.409652301,0.762828192,0.953326453,0.010863129,0.000000000,nan,nan,nan,nan,nan,nan,nan,nan,nan,8.000000000,0.300000000,1.800000000,3.000000000,nan,nan,nan,nan,nan,nan,nan,nan,nan,1.500000000,2.000000000,195,105,0
2026-06-01T20:00:35,1778158992.143060684,r1,track_association,wall_like,accepted,selected_best_match,detection,2,100,weak_tracked,2,12,2.216646275,3.869970758,3.703926212,0.083251714,0.335087160,nan,nan,nan,nan,nan,nan,nan,nan,nan,8.000000000,0.300000000,1.800000000,3.000000000,nan,nan,nan,nan,nan,nan,nan,nan,nan,1.500000000,2.000000000,130,152,0
2026-06-01T20:00:35,1778158992.143060684,r1,track_association,pillar_like,accepted,selected_best_match,detection,4,102,candidate,1,1,0.179400365,0.172315318,nan,nan,nan,nan,nan,nan,nan,nan,0.015786701,0.983684074,0.287117004,0.061679602,nan,nan,nan,nan,nan,nan,nan,nan,nan,0.500000000,0.300000000,0.800000000,0.600000000,1.500000000,2.000000000,110,89,0
2026-06-01T20:00:35,1778158992.344060659,r1,track_association,wall_like,accepted,selected_best_match,detection,0,101,weak_tracked,4,2,0.132159410,0.234350902,0.364896660,0.002529108,0.000000000,nan,nan,nan,nan,nan,nan,nan,nan,nan,8.000000000,0.300000000,1.800000000,3.000000000,nan,nan,nan,nan,nan,nan,nan,nan,nan,1.500000000,2.000000000,443,449,0
2026-06-01T20:00:35,1778158992.344060659,r1,track_association,pillar_like,accepted,selected_best_match,detection,1,102,weak_tracked,2,0,0.228128788,0.192267912,nan,nan,nan,nan,nan,nan,nan,nan,0.014186035,0.913975688,0.038495541,0.065929711,nan,nan,nan,nan,nan,nan,nan,nan,nan,0.500000000,0.300000000,0.800000000,0.600000000,1.500000000,2.000000000,91,110,0
2026-06-01T20:00:35,1778158992.344060659,r1,track_association,pillar_like,accepted,selected_best_match,detection,2,103,candidate,1,2,0.223143962,0.198834551,nan,nan,nan,nan,nan,nan,nan,nan,0.039294900,0.941978483,0.188750148,0.040594578,nan,nan,nan,nan,nan,nan,nan,nan,nan,0.500000000,0.300000000,0.800000000,0.600000000,1.500000000,2.000000000,69,71,0
2026-06-01T20:00:35,1778158992.545060635,r1,track_association,wall_like,accepted,selected_best_match,detection,0,94,confirmed,38,1,0.049784204,0.042869361,0.148035849,0.005096981,0.000000000,nan,nan,nan,nan,nan,nan,nan,nan,nan,8.000000000,0.300000000,1.800000000,3.000000000,nan,nan,nan,nan,nan,nan,nan,nan,nan,1.500000000,2.000000000,688,690,0
2026-06-01T20:00:35,1778158992.746060610,r1,track_association,pillar_like,accepted,selected_best_match,detection,0,105,candidate,1,0,0.181620281,0.173279609,nan,nan,nan,nan,nan,nan,nan,nan,0.029272268,0.934894135,0.011738062,0.034077644,nan,nan,nan,nan,nan,nan,nan,nan,nan,0.500000000,0.300000000,0.800000000,0.600000000,1.500000000,2.000000000,77,67,0
2026-06-01T20:00:35,1778158992.941060543,r1,track_association,wall_like,accepted,selected_best_match,detection,0,94,confirmed,39,1,0.141221310,0.135869870,0.643359663,0.004653419,0.000000000,nan,nan,nan,nan,nan,nan,nan,nan,nan,8.000000000,0.300000000,1.800000000,3.000000000,nan,nan,nan,nan,nan,nan,nan,nan,nan,1.500000000,2.000000000,718,688,0
2026-06-01T20:00:35,1778158992.941060543,r1,track_association,pillar_like,accepted,selected_best_match,detection,1,102,confirmed,3,2,0.129315420,0.056478705,nan,nan,nan,nan,nan,nan,nan,nan,0.021285153,0.998403030,0.098415494,0.045183957,nan,nan,nan,nan,nan,nan,nan,nan,nan,0.500000000,0.300000000,0.800000000,0.600000000,1.500000000,2.000000000,89,91,0
2026-06-01T20:00:36,1778158993.163060665,r1,track_association,pillar_like,accepted,selected_best_match,detection,0,102,confirmed,4,0,0.080454766,0.027865540,nan,nan,nan,nan,nan,nan,nan,nan,0.027369256,1.000000000,0.190349698,0.004008770,nan,nan,nan,nan,nan,nan,nan,nan,nan,0.500000000,0.300000000,0.800000000,0.600000000,1.500000000,2.000000000,94,89,0
2026-06-01T20:00:36,1778158993.364060640,r1,track_association,wall_like,accepted,selected_best_match,detection,0,94,confirmed,40,1,0.092729832,0.050244588,0.275850036,0.012450114,0.000000000,nan,nan,nan,nan,nan,nan,nan,nan,nan,8.000000000,0.300000000,1.800000000,3.000000000,nan,nan,nan,nan,nan,nan,nan,nan,nan,1.500000000,2.000000000,669,718,0
2026-06-01T20:00:36,1778158993.364060640,r1,track_association,pillar_like,accepted,selected_best_match,detection,1,102,confirmed,5,0,0.306050964,0.424113078,nan,nan,nan,nan,nan,nan,nan,nan,0.045136498,0.826534614,0.102492571,0.019237995,nan,nan,nan,nan,nan,nan,nan,nan,nan,0.500000000,0.300000000,0.800000000,0.600000000,1.500000000,2.000000000,96,94,0
2026-06-01T20:00:36,1778158993.364060640,r1,track_association,pillar_like,accepted,selected_best_match,detection,2,105,weak_tracked,2,2,0.241104280,0.033492789,nan,nan,nan,nan,nan,nan,nan,nan,0.032636990,1.000000000,0.560599327,0.071862221,nan,nan,nan,nan,nan,nan,nan,nan,nan,0.500000000,0.300000000,0.800000000,0.600000000,1.500000000,2.000000000,92,77,0
2026-06-01T20:00:36,1778158993.562060595,r1,track_association,wall_like,accepted,selected_best_match,detection,0,101,stale,5,5,0.149787266,0.276045605,0.199813756,0.009838603,0.000000000,nan,nan,nan,nan,nan,nan,nan,nan,nan,8.000000000,0.300000000,1.800000000,3.000000000,nan,nan,nan,nan,nan,nan,nan,nan,nan,1.500000000,2.000000000,456,443,0
2026-06-01T20:00:36,1778158993.562060595,r1,track_association,pillar_like,accepted,selected_best_match,detection,2,104,candidate,1,6,0.392846453,0.200833154,nan,nan,nan,nan,nan,nan,nan,nan,0.065740978,0.980773862,0.315150142,0.126374006,nan,nan,nan,nan,nan,nan,nan,nan,nan,0.500000000,0.300000000,0.800000000,0.600000000,1.500000000,2.000000000,126,179,0
2026-06-01T20:00:36,1778158993.562060595,r1,track_association,pillar_like,accepted,selected_best_match,detection,3,102,confirmed,6,0,0.584005768,0.630533232,nan,nan,nan,nan,nan,nan,nan,nan,0.013195014,0.788067942,0.541764379,0.174904346,nan,nan,nan,nan,nan,nan,nan,nan,nan,0.500000000,0.300000000,0.800000000,0.600000000,1.500000000,2.000000000,59,96,0
2026-06-01T20:00:36,1778158993.745060682,r1,track_association,wall_like,accepted,selected_best_match,detection,0,98,weak_tracked,4,7,0.481311767,1.080775932,0.329367938,0.023964639,0.000000000,nan,nan,nan,nan,nan,nan,nan,nan,nan,8.000000000,0.300000000,1.800000000,3.000000000,nan,nan,nan,nan,nan,nan,nan,nan,nan,1.500000000,2.000000000,136,195,0
2026-06-01T20:00:36,1778158993.745060682,r1,track_association,wall_like,accepted,selected_best_match,detection,1,100,weak_tracked,3,7,0.903314678,0.860443669,3.329488057,0.060094235,0.000000000,nan,nan,nan,nan,nan,nan,nan,nan,nan,8.000000000,0.300000000,1.800000000,3.000000000,nan,nan,nan,nan,nan,nan,nan,nan,nan,1.500000000,2.000000000,170,130,0
2026-06-01T20:00:36,1778158993.745060682,r1,track_association,wall_like,accepted,selected_best_match,detection,3,101,confirmed,6,0,0.207244309,0.139665844,0.729205709,0.020861494,0.000000000,nan,nan,nan,nan,nan,nan,nan,nan,nan,8.000000000,0.300000000,1.800000000,3.000000000,nan,nan,nan,nan,nan,nan,nan,nan,nan,1.500000000,2.000000000,290,456,0
2026-06-01T20:00:36,1778158993.745060682,r1,track_association,pillar_like,accepted,selected_best_match,detection,4,105,weak_tracked,3,1,0.310288377,0.184643776,nan,nan,nan,nan,nan,nan,nan,nan,0.035843307,0.935711138,0.124672174,0.097107410,nan,nan,nan,nan,nan,nan,nan,nan,nan,0.500000000,0.300000000,0.800000000,0.600000000,1.500000000,2.000000000,94,92,0
2026-06-01T20:00:36,1778158993.943060637,r1,track_association,wall_like,accepted,selected_best_match,detection,0,94,confirmed,41,2,0.042999327,0.064013679,0.098244816,0.002814250,0.000000000,nan,nan,nan,nan,nan,nan,nan,nan,nan,8.000000000,0.300000000,1.800000000,3.000000000,nan,nan,nan,nan,nan,nan,nan,nan,nan,1.500000000,2.000000000,527,669,0
2026-06-01T20:00:36,1778158993.943060637,r1,track_association,pillar_like,accepted,selected_best_match,detection,1,105,confirmed,4,0,0.273181084,0.258041112,nan,nan,nan,nan,nan,nan,nan,nan,0.028247908,0.968643922,0.397098780,0.087371588,nan,nan,nan,nan,nan,nan,nan,nan,nan,0.500000000,0.300000000,0.800000000,0.600000000,1.500000000,2.000000000,125,94,0
2026-06-01T20:00:36,1778158993.943060637,r1,track_association,pillar_like,accepted,selected_best_match,detection,2,102,confirmed,7,1,0.662207615,0.068656647,nan,nan,nan,nan,nan,nan,nan,nan,0.054962039,1.000000000,0.748050332,0.286487103,nan,nan,nan,nan,nan,nan,nan,nan,nan,0.500000000,0.300000000,0.800000000,0.600000000,1.500000000,2.000000000,88,59,0
2026-06-01T20:00:37,1778158994.165060520,r1,track_association,pillar_like,accepted,selected_best_match,detection,0,105,confirmed,5,0,0.446129388,0.168328662,nan,nan,nan,nan,nan,nan,nan,nan,0.117381435,0.978258539,0.143681288,0.105154157,nan,nan,nan,nan,nan,nan,nan,nan,nan,0.500000000,0.300000000,0.800000000,0.600000000,1.500000000,2.000000000,121,125,0
2026-06-01T20:00:37,1778158994.165060520,r1,track_association,pillar_like,accepted,selected_best_match,detection,1,102,confirmed,8,0,0.402841166,0.066438858,nan,nan,nan,nan,nan,nan,nan,nan,0.001391075,1.000000000,0.583734035,0.205011368,nan,nan,nan,nan,nan,nan,nan,nan,nan,0.500000000,0.300000000,0.800000000,0.600000000,1.500000000,2.000000000,69,88,0
2026-06-01T20:00:37,1778158994.321060658,r1,track_association,wall_like,accepted,selected_best_match,detection,0,101,confirmed,7,2,0.573988703,1.146105332,0.363192374,0.043966364,0.000000000,nan,nan,nan,nan,nan,nan,nan,nan,nan,8.000000000,0.300000000,1.800000000,3.000000000,nan,nan,nan,nan,nan,nan,nan,nan,nan,1.500000000,2.000000000,604,290,0
2026-06-01T20:00:37,1778158994.321060658,r1,track_association,wall_like,rejected,projected_gap,detection,0,107,candidate,1,3,nan,4.303616776,2.352178967,0.114586241,2.036588111,nan,nan,nan,nan,nan,nan,nan,nan,nan,8.000000000,0.300000000,1.800000000,3.000000000,nan,nan,nan,nan,nan,nan,nan,nan,nan,1.500000000,2.000000000,604,72,0
2026-06-01T20:00:37,1778158994.321060658,r1,track_association,pillar_like,accepted,selected_best_match,detection,2,106,candidate,1,4,0.922349542,0.452652872,nan,nan,nan,nan,nan,nan,nan,nan,0.327359040,0.841802905,0.003489256,0.065451264,nan,nan,nan,nan,nan,nan,nan,nan,nan,0.500000000,0.300000000,0.800000000,0.600000000,1.500000000,2.000000000,83,62,0
2026-06-01T20:00:37,1778158994.543060541,r1,track_association,wall_like,accepted,selected_best_match,detection,0,94,confirmed,42,2,0.125209845,0.060278472,0.340584077,0.018763204,0.000000000,nan,nan,nan,nan,nan,nan,nan,nan,nan,8.000000000,0.300000000,1.800000000,3.000000000,nan,nan,nan,nan,nan,nan,nan,nan,nan,1.500000000,2.000000000,649,527,0
2026-06-01T20:00:37,1778158994.543060541,r1,track_association,wall_like,accepted,selected_best_match,detection,1,101,confirmed,8,0,1.128321893,1.789174310,3.053252506,0.045082168,0.000000000,nan,nan,nan,nan,nan,nan,nan,nan,nan,8.000000000,0.300000000,1.800000000,3.000000000,nan,nan,nan,nan,nan,nan,nan,nan,nan,1.500000000,2.000000000,337,604,0
2026-06-01T20:00:37,1778158994.543060541,r1,track_association,pillar_like,accepted,selected_best_match,detection,3,102,confirmed,9,1,0.287051700,0.144857203,nan,nan,nan,nan,nan,nan,nan,nan,0.021419980,0.969309312,0.183587551,0.117097378,nan,nan,nan,nan,nan,nan,nan,nan,nan,0.500000000,0.300000000,0.800000000,0.600000000,1.500000000,2.000000000,59,69,0
2026-06-01T20:00:37,1778158994.744060516,r1,track_association,wall_like,accepted,selected_best_match,detection,0,101,confirmed,9,0,0.238615808,0.334408533,0.569831729,0.016775199,0.000000000,nan,nan,nan,nan,nan,nan,nan,nan,nan,8.000000000,0.300000000,1.800000000,3.000000000,nan,nan,nan,nan,nan,nan,nan,nan,nan,1.500000000,2.000000000,549,337,0
2026-06-01T20:00:37,1778158994.744060516,r1,track_association,pillar_like,accepted,selected_best_match,detection,2,104,weak_tracked,2,5,0.309496153,0.115373306,nan,nan,nan,nan,nan,nan,nan,nan,0.090822545,0.970995332,0.045164824,0.056597948,nan,nan,nan,nan,nan,nan,nan,nan,nan,0.500000000,0.300000000,0.800000000,0.600000000,1.500000000,2.000000000,97,126,0
2026-06-01T20:00:37,1778158994.945060492,r1,track_association,pillar_like,accepted,selected_best_match,detection,0,104,weak_tracked,3,0,0.512981957,0.188940344,nan,nan,nan,nan,nan,nan,nan,nan,0.167067143,0.973469762,0.085244060,0.086275816,nan,nan,nan,nan,nan,nan,nan,nan,nan,0.500000000,0.300000000,0.800000000,0.600000000,1.500000000,2.000000000,119,97,0
2026-06-01T20:00:38,1778158995.146060705,r1,track_association,pillar_like,accepted,selected_best_match,detection,0,104,weak_tracked,4,0,0.511819583,0.148628857,nan,nan,nan,nan,nan,nan,nan,nan,0.104715405,0.944281505,0.011054993,0.147338867,nan,nan,nan,nan,nan,nan,nan,nan,nan,0.500000000,0.300000000,0.800000000,0.600000000,1.500000000,2.000000000,100,119,0
2026-06-01T20:00:38,1778158995.344060659,r1,track_association,wall_like,accepted,selected_best_match,detection,0,100,weak_tracked,4,7,1.148212185,0.832090561,2.569660808,0.164892319,0.000000000,nan,nan,nan,nan,nan,nan,nan,nan,nan,8.000000000,0.300000000,1.800000000,3.000000000,nan,nan,nan,nan,nan,nan,nan,nan,nan,1.500000000,2.000000000,260,170,0
2026-06-01T20:00:38,1778158995.344060659,r1,track_association,wall_like,accepted,selected_best_match,detection,1,98,weak_tracked,5,7,0.588843803,0.351772204,1.655410773,0.079398016,0.000000000,nan,nan,nan,nan,nan,nan,nan,nan,nan,8.000000000,0.300000000,1.800000000,3.000000000,nan,nan,nan,nan,nan,nan,nan,nan,nan,1.500000000,2.000000000,213,136,0
2026-06-01T20:00:38,1778158995.344060659,r1,track_association,wall_like,accepted,selected_best_match,detection,4,101,confirmed,10,2,0.377348607,0.184217441,0.969043033,0.058443724,0.000000000,nan,nan,nan,nan,nan,nan,nan,nan,nan,8.000000000,0.300000000,1.800000000,3.000000000,nan,nan,nan,nan,nan,nan,nan,nan,nan,1.500000000,2.000000000,623,549,0
2026-06-01T20:00:38,1778158995.344060659,r1,track_association,wall_like,accepted,selected_best_match,detection,5,107,candidate,1,8,0.305834462,0.088258466,1.207355754,0.037648651,0.000000000,nan,nan,nan,nan,nan,nan,nan,nan,nan,8.000000000,0.300000000,1.800000000,3.000000000,nan,nan,nan,nan,nan,nan,nan,nan,nan,1.500000000,2.000000000,65,72,0
2026-06-01T20:00:38,1778158995.344060659,r1,track_association,pillar_like,accepted,selected_best_match,detection,6,105,stale,6,5,0.315215508,0.203810738,nan,nan,nan,nan,nan,nan,nan,nan,0.083873516,1.000000000,0.665804863,0.086275876,nan,nan,nan,nan,nan,nan,nan,nan,nan,0.800000000,0.300000000,0.800000000,0.600000000,1.500000000,2.000000000,122,121,0
2026-06-01T20:00:38,1778158995.344060659,r1,track_association,pillar_like,accepted,selected_best_match,detection,7,104,confirmed,5,0,0.183282600,0.082211434,nan,nan,nan,nan,nan,nan,nan,nan,0.049830852,0.983279314,0.073237777,0.035745859,nan,nan,nan,nan,nan,nan,nan,nan,nan,0.500000000,0.300000000,0.800000000,0.600000000,1.500000000,2.000000000,98,100,0
2026-06-01T20:00:38,1778158995.545060635,r1,track_association,wall_like,accepted,selected_best_match,detection,0,101,confirmed,11,0,0.265052774,0.123771397,0.588682396,0.045063103,0.000000000,nan,nan,nan,nan,nan,nan,nan,nan,nan,8.000000000,0.300000000,1.800000000,3.000000000,nan,nan,nan,nan,nan,nan,nan,nan,nan,1.500000000,2.000000000,326,623,0
2026-06-01T20:00:38,1778158995.947065830,r1,track_association,wall_like,accepted,selected_best_match,detection,0,101,confirmed,12,1,0.380825289,0.121793127,1.064519230,0.062148803,0.000000000,nan,nan,nan,nan,nan,nan,nan,nan,nan,8.000000000,0.300000000,1.800000000,3.000000000,nan,nan,nan,nan,nan,nan,nan,nan,nan,1.500000000,2.000000000,704,326,0
2026-06-01T20:00:38,1778158995.947065830,r1,track_association,wall_like,rejected,projected_gap,detection,0,107,weak_tracked,2,2,nan,4.975555816,2.758588369,0.178522030,2.611058879,nan,nan,nan,nan,nan,nan,nan,nan,nan,8.000000000,0.300000000,1.800000000,3.000000000,nan,nan,nan,nan,nan,nan,nan,nan,nan,1.500000000,2.000000000,704,65,0
2026-06-01T20:00:38,1778158995.947065830,r1,track_association,wall_like,accepted,selected_best_match,detection,2,107,weak_tracked,2,2,0.453042460,0.144222156,2.368966934,0.032654262,0.000000000,nan,nan,nan,nan,nan,nan,nan,nan,nan,8.000000000,0.300000000,1.800000000,3.000000000,nan,nan,nan,nan,nan,nan,nan,nan,nan,1.500000000,2.000000000,96,65,0
2026-06-01T20:00:38,1778158995.947065830,r1,track_association,pillar_like,accepted,selected_best_match,detection,3,103,weak_tracked,2,17,0.600060793,0.345233911,nan,nan,nan,nan,nan,nan,nan,nan,0.130245999,1.000000000,0.869929194,0.151545525,nan,nan,nan,nan,nan,nan,nan,nan,nan,0.500000000,0.300000000,0.800000000,0.600000000,1.500000000,2.000000000,114,69,0
2026-06-01T20:00:39,1778158996.745065689,r1,track_association,wall_like,accepted,selected_best_match,detection,0,101,confirmed,13,3,0.347890241,0.138354068,0.938535141,0.055336598,0.000000000,nan,nan,nan,nan,nan,nan,nan,nan,nan,8.000000000,0.300000000,1.800000000,3.000000000,nan,nan,nan,nan,nan,nan,nan,nan,nan,1.500000000,2.000000000,601,704,0
2026-06-01T20:00:39,1778158996.745065689,r1,track_association,wall_like,rejected,projected_gap,detection,0,107,weak_tracked,3,3,nan,4.894139040,2.362249882,0.150816691,2.636041239,nan,nan,nan,nan,nan,nan,nan,nan,nan,8.000000000,0.300000000,1.800000000,3.000000000,nan,nan,nan,nan,nan,nan,nan,nan,nan,1.500000000,2.000000000,601,96,0
2026-06-01T20:00:39,1778158996.745065689,r1,track_association,wall_like,accepted,selected_best_match,detection,2,107,weak_tracked,3,3,0.098377239,0.031437487,0.228840777,0.017787894,0.000000000,nan,nan,nan,nan,nan,nan,nan,nan,nan,8.000000000,0.300000000,1.800000000,3.000000000,nan,nan,nan,nan,nan,nan,nan,nan,nan,1.500000000,2.000000000,76,96,0
2026-06-01T20:00:40,1778158997.165065527,r1,track_association,wall_like,accepted,selected_best_match,detection,0,97,weak_tracked,2,50,0.555325494,0.937960354,1.463228895,0.017930529,0.000000000,nan,nan,nan,nan,nan,nan,nan,nan,nan,8.000000000,0.300000000,1.800000000,3.000000000,nan,nan,nan,nan,nan,nan,nan,nan,nan,1.500000000,2.000000000,631,388,0
2026-06-01T20:00:40,1778158997.165065527,r1,track_association,wall_like,accepted,selected_best_match,detection,1,98,weak_tracked,6,8,0.827370137,0.554103834,2.005357164,0.117599764,0.000000000,nan,nan,nan,nan,nan,nan,nan,nan,nan,8.000000000,0.300000000,1.800000000,3.000000000,nan,nan,nan,nan,nan,nan,nan,nan,nan,1.500000000,2.000000000,215,213,0
2026-06-01T20:00:40,1778158997.165065527,r1,track_association,wall_like,accepted,selected_best_match,detection,2,100,weak_tracked,5,8,1.308502890,1.627407196,2.482815444,0.136704568,0.000000000,nan,nan,nan,nan,nan,nan,nan,nan,nan,8.000000000,0.300000000,1.800000000,3.000000000,nan,nan,nan,nan,nan,nan,nan,nan,nan,1.500000000,2.000000000,110,260,0
2026-06-01T20:00:40,1778158997.945065498,r1,track_association,wall_like,accepted,selected_best_match,detection,0,97,weak_tracked,3,3,0.371605927,0.621704735,0.963694940,0.013172744,0.000000000,nan,nan,nan,nan,nan,nan,nan,nan,nan,8.000000000,0.300000000,1.800000000,3.000000000,nan,nan,nan,nan,nan,nan,nan,nan,nan,1.500000000,2.000000000,630,631,0
2026-06-01T20:00:40,1778158997.945065498,r1,track_association,wall_like,accepted,selected_best_match,detection,1,98,weak_tracked,7,3,0.446004294,0.056534336,2.559590860,0.032163197,0.000000000,nan,nan,nan,nan,nan,nan,nan,nan,nan,8.000000000,0.300000000,1.800000000,3.000000000,nan,nan,nan,nan,nan,nan,nan,nan,nan,1.500000000,2.000000000,233,215,0
2026-06-01T20:00:40,1778158997.945065498,r1,track_association,wall_like,accepted,selected_best_match,detection,2,100,weak_tracked,6,3,1.143937760,1.047398150,3.389219100,0.111345797,0.000000000,nan,nan,nan,nan,nan,nan,nan,nan,nan,8.000000000,0.300000000,1.800000000,3.000000000,nan,nan,nan,nan,nan,nan,nan,nan,nan,1.500000000,2.000000000,343,110,0
2026-06-01T20:00:40,1778158997.945065498,r1,track_association,pillar_like,accepted,selected_best_match,detection,4,104,stale,6,12,0.358136176,0.148231187,nan,nan,nan,nan,nan,nan,nan,nan,0.091944431,0.950604544,0.069420695,0.112120867,nan,nan,nan,nan,nan,nan,nan,nan,nan,0.800000000,0.300000000,0.800000000,0.600000000,1.500000000,2.000000000,121,98,0
2026-06-01T20:00:40,1778158997.945065498,r1,track_association,pillar_like,accepted,selected_best_match,detection,5,106,weak_tracked,2,17,0.520999091,0.176717242,nan,nan,nan,nan,nan,nan,nan,nan,0.066197419,0.993162718,0.304999113,0.210760236,nan,nan,nan,nan,nan,nan,nan,nan,nan,0.500000000,0.300000000,0.800000000,0.600000000,1.500000000,2.000000000,41,83,0
2026-06-01T20:00:41,1778158998.143065691,r1,track_association,wall_like,accepted,selected_best_match,detection,0,97,weak_tracked,4,0,0.240033789,0.491781090,0.248772052,0.013503076,0.000000000,nan,nan,nan,nan,nan,nan,nan,nan,nan,8.000000000,0.300000000,1.800000000,3.000000000,nan,nan,nan,nan,nan,nan,nan,nan,nan,1.500000000,2.000000000,527,630,0
2026-06-01T20:00:41,1778158998.143065691,r1,track_association,wall_like,accepted,selected_best_match,detection,1,101,stale,14,6,0.219019252,0.224240902,0.743891469,0.015385755,0.000000000,nan,nan,nan,nan,nan,nan,nan,nan,nan,8.000000000,0.300000000,1.800000000,3.000000000,nan,nan,nan,nan,nan,nan,nan,nan,nan,1.500000000,2.000000000,563,601,0
2026-06-01T20:00:41,1778158998.143065691,r1,track_association,wall_like,accepted,selected_best_match,detection,3,107,weak_tracked,4,6,0.309187589,0.220266147,1.107158075,0.029211234,0.000000000,nan,nan,nan,nan,nan,nan,nan,nan,nan,8.000000000,0.300000000,1.800000000,3.000000000,nan,nan,nan,nan,nan,nan,nan,nan,nan,1.500000000,2.000000000,60,76,0
2026-06-01T20:00:41,1778158998.344065666,r1,track_association,wall_like,accepted,selected_best_match,detection,0,101,confirmed,15,0,0.288543760,0.222640067,1.005048531,0.026609801,0.000000000,nan,nan,nan,nan,nan,nan,nan,nan,nan,8.000000000,0.300000000,1.800000000,3.000000000,nan,nan,nan,nan,nan,nan,nan,nan,nan,1.500000000,2.000000000,648,563,0
2026-06-01T20:00:41,1778158998.344065666,r1,track_association,wall_like,accepted,selected_best_match,detection,2,107,weak_tracked,5,0,0.553286011,0.213838170,2.438395485,0.053162156,0.000000000,nan,nan,nan,nan,nan,nan,nan,nan,nan,8.000000000,0.300000000,1.800000000,3.000000000,nan,nan,nan,nan,nan,nan,nan,nan,nan,1.500000000,2.000000000,57,60,0
2026-06-01T20:00:41,1778158998.344065666,r1,track_association,wall_like,accepted,selected_best_match,detection,3,97,weak_tracked,5,0,0.221009632,0.288297736,0.433619578,0.021212382,0.000000000,nan,nan,nan,nan,nan,nan,nan,nan,nan,8.000000000,0.300000000,1.800000000,3.000000000,nan,nan,nan,nan,nan,nan,nan,nan,nan,1.500000000,2.000000000,480,527,0
2026-06-01T20:00:41,1778158998.344065666,r1,track_association,pillar_like,accepted,selected_best_match,detection,4,103,weak_tracked,3,11,0.396629715,0.656734804,nan,nan,nan,nan,nan,nan,nan,nan,0.078008969,0.936814958,1.089036465,0.041113853,nan,nan,nan,nan,nan,nan,nan,nan,nan,0.500000000,0.300000000,0.800000000,0.600000000,1.500000000,2.000000000,82,114,0
2026-06-01T20:00:41,1778158998.545065641,r1,track_association,wall_like,accepted,selected_best_match,detection,0,94,stale,43,19,0.299344098,0.235614541,0.646053277,0.042014777,0.000000000,nan,nan,nan,nan,nan,nan,nan,nan,nan,8.000000000,0.300000000,1.800000000,3.000000000,nan,nan,nan,nan,nan,nan,nan,nan,nan,1.500000000,2.000000000,530,649,0
2026-06-01T20:00:41,1778158998.545065641,r1,track_association,wall_like,accepted,selected_best_match,detection,1,97,confirmed,6,0,0.389245267,0.484939063,1.497559032,0.012121210,0.000000000,nan,nan,nan,nan,nan,nan,nan,nan,nan,8.000000000,0.300000000,1.800000000,3.000000000,nan,nan,nan,nan,nan,nan,nan,nan,nan,1.500000000,2.000000000,238,480,0
2026-06-01T20:00:41,1778158998.743065834,r1,track_association,wall_like,accepted,selected_best_match,detection,0,97,confirmed,7,0,0.151976450,0.064265161,0.826202222,0.008183836,0.000000000,nan,nan,nan,nan,nan,nan,nan,nan,nan,8.000000000,0.300000000,1.800000000,3.000000000,nan,nan,nan,nan,nan,nan,nan,nan,nan,1.500000000,2.000000000,533,238,0
2026-06-01T20:00:41,1778158998.743065834,r1,track_association,wall_like,accepted,selected_best_match,detection,1,101,confirmed,16,1,0.154536478,0.051855306,0.457445240,0.024021216,0.000000000,nan,nan,nan,nan,nan,nan,nan,nan,nan,8.000000000,0.300000000,1.800000000,3.000000000,nan,nan,nan,nan,nan,nan,nan,nan,nan,1.500000000,2.000000000,633,648,0
2026-06-01T20:00:41,1778158998.743065834,r1,track_association,wall_like,accepted,selected_best_match,detection,3,107,confirmed,6,1,0.126613891,0.110807180,0.314571220,0.015107028,0.000000000,nan,nan,nan,nan,nan,nan,nan,nan,nan,8.000000000,0.300000000,1.800000000,3.000000000,nan,nan,nan,nan,nan,nan,nan,nan,nan,1.500000000,2.000000000,62,57,0
2026-06-01T20:00:41,1778158998.743065834,r1,track_association,pillar_like,accepted,selected_best_match,detection,4,103,weak_tracked,4,1,0.668684648,0.197160891,nan,nan,nan,nan,nan,nan,nan,nan,0.048149042,0.896355567,0.029491186,0.279475808,nan,nan,nan,nan,nan,nan,nan,nan,nan,0.500000000,0.300000000,0.800000000,0.600000000,1.500000000,2.000000000,117,82,0
2026-06-01T20:00:41,1778158998.944065571,r1,track_association,wall_like,accepted,selected_best_match,detection,0,101,confirmed,17,0,0.337819541,0.117247325,0.967038748,0.053357177,0.000000000,nan,nan,nan,nan,nan,nan,nan,nan,nan,8.000000000,0.300000000,1.800000000,3.000000000,nan,nan,nan,nan,nan,nan,nan,nan,nan,1.500000000,2.000000000,634,633,0
2026-06-01T20:00:41,1778158998.944065571,r1,track_association,wall_like,accepted,selected_best_match,detection,2,107,confirmed,7,0,0.164105170,0.036534200,1.117764655,0.003661956,0.000000000,nan,nan,nan,nan,nan,nan,nan,nan,nan,8.000000000,0.300000000,1.800000000,3.000000000,nan,nan,nan,nan,nan,nan,nan,nan,nan,1.500000000,2.000000000,63,62,0
2026-06-01T20:00:41,1778158998.944065571,r1,track_association,wall_like,accepted,selected_best_match,detection,3,100,stale,7,4,0.817161531,0.987079331,1.271618712,0.098754824,0.000000000,nan,nan,nan,nan,nan,nan,nan,nan,nan,8.000000000,0.300000000,1.800000000,3.000000000,nan,nan,nan,nan,nan,nan,nan,nan,nan,1.500000000,2.000000000,303,343,0
2026-06-01T20:00:41,1778158998.944065571,r1,track_association,wall_like,accepted,selected_best_match,detection,4,98,stale,8,4,0.581296011,0.385771048,1.900750053,0.064533572,0.000000000,nan,nan,nan,nan,nan,nan,nan,nan,nan,8.000000000,0.300000000,1.800000000,3.000000000,nan,nan,nan,nan,nan,nan,nan,nan,nan,1.500000000,2.000000000,136,233,0
2026-06-01T20:00:42,1778158999.145065546,r1,track_association,wall_like,accepted,selected_best_match,detection,0,98,confirmed,9,0,0.442509979,0.408920427,1.831954385,0.023162661,0.000000000,nan,nan,nan,nan,nan,nan,nan,nan,nan,8.000000000,0.300000000,1.800000000,3.000000000,nan,nan,nan,nan,nan,nan,nan,nan,nan,1.500000000,2.000000000,288,136,0
2026-06-01T20:00:42,1778158999.145065546,r1,track_association,wall_like,accepted,selected_best_match,detection,1,100,confirmed,8,0,0.896754845,0.795616469,2.473717484,0.096700401,0.000000000,nan,nan,nan,nan,nan,nan,nan,nan,nan,8.000000000,0.300000000,1.800000000,3.000000000,nan,nan,nan,nan,nan,nan,nan,nan,nan,1.500000000,2.000000000,405,303,0
2026-06-01T20:00:42,1778158999.346065521,r1,track_association,wall_like,accepted,selected_best_match,detection,0,94,confirmed,44,3,0.978192811,0.314564956,2.406179857,0.171769603,0.000000000,nan,nan,nan,nan,nan,nan,nan,nan,nan,8.000000000,0.300000000,1.800000000,3.000000000,nan,nan,nan,nan,nan,nan,nan,nan,nan,1.500000000,2.000000000,590,530,0
2026-06-01T20:00:42,1778158999.346065521,r1,track_association,wall_like,accepted,selected_best_match,detection,1,101,confirmed,18,1,0.471946133,0.163559603,1.445248301,0.071031068,0.000000000,nan,nan,nan,nan,nan,nan,nan,nan,nan,8.000000000,0.300000000,1.800000000,3.000000000,nan,nan,nan,nan,nan,nan,nan,nan,nan,1.500000000,2.000000000,697,634,0
2026-06-01T20:00:42,1778158999.346065521,r1,track_association,wall_like,accepted,selected_best_match,detection,3,107,confirmed,8,1,0.427537072,0.187258420,2.017934809,0.033862724,0.000000000,nan,nan,nan,nan,nan,nan,nan,nan,nan,8.000000000,0.300000000,1.800000000,3.000000000,nan,nan,nan,nan,nan,nan,nan,nan,nan,1.500000000,2.000000000,69,63,0
2026-06-01T20:00:42,1778158999.346065521,r1,track_association,pillar_like,accepted,selected_best_match,detection,4,103,weak_tracked,5,2,0.670932761,0.241634992,nan,nan,nan,nan,nan,nan,nan,nan,0.155814311,0.930228102,0.127697945,0.166057467,nan,nan,nan,nan,nan,nan,nan,nan,nan,0.500000000,0.300000000,0.800000000,0.600000000,1.500000000,2.000000000,110,117,0
2026-06-01T20:00:42,1778158999.943065643,r1,track_association,wall_like,accepted,selected_best_match,detection,0,98,confirmed,10,3,0.386674835,0.294211682,0.810920256,0.056171773,0.000000000,nan,nan,nan,nan,nan,nan,nan,nan,nan,8.000000000,0.300000000,1.800000000,3.000000000,nan,nan,nan,nan,nan,nan,nan,nan,nan,1.500000000,2.000000000,194,288,0
2026-06-01T20:00:42,1778158999.943065643,r1,track_association,wall_like,accepted,selected_best_match,detection,1,100,confirmed,9,3,0.441032968,1.091921442,0.529151681,0.003274558,0.000000000,nan,nan,nan,nan,nan,nan,nan,nan,nan,8.000000000,0.300000000,1.800000000,3.000000000,nan,nan,nan,nan,nan,nan,nan,nan,nan,1.500000000,2.000000000,180,405,0
2026-06-01T20:00:43,1778159000.144065619,r1,track_association,wall_like,accepted,selected_best_match,detection,0,101,confirmed,19,3,0.159034868,0.030362569,0.470892629,0.027015730,0.000000000,nan,nan,nan,nan,nan,nan,nan,nan,nan,8.000000000,0.300000000,1.800000000,3.000000000,nan,nan,nan,nan,nan,nan,nan,nan,nan,1.500000000,2.000000000,663,697,0
2026-06-01T20:00:43,1778159000.144065619,r1,track_association,wall_like,accepted,selected_best_match,detection,2,107,confirmed,9,3,0.195307153,0.193692538,0.458022671,0.022047042,0.000000000,nan,nan,nan,nan,nan,nan,nan,nan,nan,8.000000000,0.300000000,1.800000000,3.000000000,nan,nan,nan,nan,nan,nan,nan,nan,nan,1.500000000,2.000000000,56,69,0
2026-06-01T20:00:43,1778159000.342065573,r1,track_association,wall_like,accepted,selected_best_match,detection,0,97,stale,8,7,0.285366557,0.173036731,0.998598575,0.030858847,0.000000000,nan,nan,nan,nan,nan,nan,nan,nan,nan,8.000000000,0.300000000,1.800000000,3.000000000,nan,nan,nan,nan,nan,nan,nan,nan,nan,1.500000000,2.000000000,549,533,0
2026-06-01T20:00:43,1778159000.342065573,r1,track_association,wall_like,accepted,selected_best_match,detection,1,101,confirmed,20,0,0.399630221,0.171156999,1.115066358,0.060958378,0.000000000,nan,nan,nan,nan,nan,nan,nan,nan,nan,8.000000000,0.300000000,1.800000000,3.000000000,nan,nan,nan,nan,nan,nan,nan,nan,nan,1.500000000,2.000000000,541,663,0
2026-06-01T20:00:43,1778159000.525065660,r1,track_association,wall_like,accepted,selected_best_match,detection,0,94,stale,45,5,0.469197325,0.201206746,0.901194438,0.086843731,0.000000000,nan,nan,nan,nan,nan,nan,nan,nan,nan,8.000000000,0.300000000,1.800000000,3.000000000,nan,nan,nan,nan,nan,nan,nan,nan,nan,1.500000000,2.000000000,438,590,0
2026-06-01T20:00:43,1778159000.525065660,r1,track_association,wall_like,accepted,selected_best_match,detection,2,101,confirmed,21,0,0.310538927,0.122043743,1.041902404,0.041885964,0.000000000,nan,nan,nan,nan,nan,nan,nan,nan,nan,8.000000000,0.300000000,1.800000000,3.000000000,nan,nan,nan,nan,nan,nan,nan,nan,nan,1.500000000,2.000000000,655,541,0
2026-06-01T20:00:43,1778159000.525065660,r1,track_association,wall_like,accepted,selected_best_match,detection,4,107,confirmed,10,1,0.570124061,0.249909844,2.320077085,0.059043343,0.000000000,nan,nan,nan,nan,nan,nan,nan,nan,nan,8.000000000,0.300000000,1.800000000,3.000000000,nan,nan,nan,nan,nan,nan,nan,nan,nan,1.500000000,2.000000000,51,56,0
2026-06-01T20:00:43,1778159000.525065660,r1,track_association,pillar_like,accepted,selected_best_match,detection,5,104,stale,7,12,0.684962875,0.109067175,nan,nan,nan,nan,nan,nan,nan,nan,0.108975472,1.000000000,0.062858343,0.325474620,nan,nan,nan,nan,nan,nan,nan,nan,nan,0.800000000,0.300000000,0.800000000,0.600000000,1.500000000,2.000000000,125,121,0
2026-06-01T20:00:43,1778159000.942065477,r1,track_association,wall_like,accepted,selected_best_match,detection,0,101,confirmed,22,1,0.226654363,0.093217059,0.829566759,0.027565850,0.000000000,nan,nan,nan,nan,nan,nan,nan,nan,nan,8.000000000,0.300000000,1.800000000,3.000000000,nan,nan,nan,nan,nan,nan,nan,nan,nan,1.500000000,2.000000000,693,655,0
2026-06-01T20:00:43,1778159000.942065477,r1,track_association,wall_like,accepted,selected_best_match,detection,2,107,confirmed,11,1,0.278113900,0.155651170,0.806921725,0.037609488,0.000000000,nan,nan,nan,nan,nan,nan,nan,nan,nan,8.000000000,0.300000000,1.800000000,3.000000000,nan,nan,nan,nan,nan,nan,nan,nan,nan,1.500000000,2.000000000,63,51,0
2026-06-01T20:00:43,1778159000.942065477,r1,track_association,wall_like,accepted,selected_best_match,detection,3,94,confirmed,46,1,0.229574710,0.086522798,0.218250566,0.052035737,0.000000000,nan,nan,nan,nan,nan,nan,nan,nan,nan,8.000000000,0.300000000,1.800000000,3.000000000,nan,nan,nan,nan,nan,nan,nan,nan,nan,1.500000000,2.000000000,506,438,0
2026-06-01T20:00:43,1778159000.942065477,r1,track_association,pillar_like,accepted,selected_best_match,detection,4,104,confirmed,8,1,0.856802538,0.105247903,nan,nan,nan,nan,nan,nan,nan,nan,0.093513458,0.974125690,0.008321643,0.385841489,nan,nan,nan,nan,nan,nan,nan,nan,nan,0.500000000,0.300000000,0.800000000,0.600000000,1.500000000,2.000000000,126,125,0
2026-06-01T20:00:43,1778159000.942065477,r1,track_association,pillar_like,accepted,selected_best_match,detection,5,103,stale,6,7,0.302757562,0.261997378,nan,nan,nan,nan,nan,nan,nan,nan,0.157476762,0.929846448,0.183626413,0.010437250,nan,nan,nan,nan,nan,nan,nan,nan,nan,0.800000000,0.300000000,0.800000000,0.600000000,1.500000000,2.000000000,88,110,0
2026-06-01T20:00:44,1778159001.323065519,r1,track_association,wall_like,accepted,selected_best_match,detection,0,101,confirmed,23,0,0.208233076,0.052616173,0.685024223,0.031519897,0.000000000,nan,nan,nan,nan,nan,nan,nan,nan,nan,8.000000000,0.300000000,1.800000000,3.000000000,nan,nan,nan,nan,nan,nan,nan,nan,nan,1.500000000,2.000000000,553,693,0
2026-06-01T20:00:44,1778159001.323065519,r1,track_association,wall_like,accepted,selected_best_match,detection,2,107,confirmed,12,0,0.286276473,0.082549762,1.432190242,0.023920832,0.000000000,nan,nan,nan,nan,nan,nan,nan,nan,nan,8.000000000,0.300000000,1.800000000,3.000000000,nan,nan,nan,nan,nan,nan,nan,nan,nan,1.500000000,2.000000000,60,63,0
2026-06-01T20:00:44,1778159001.323065519,r1,track_association,pillar_like,accepted,selected_best_match,detection,3,104,confirmed,9,0,0.287929656,0.093526737,nan,nan,nan,nan,nan,nan,nan,nan,0.089120044,0.985513117,0.007320046,0.056682408,nan,nan,nan,nan,nan,nan,nan,nan,nan,0.500000000,0.300000000,0.800000000,0.600000000,1.500000000,2.000000000,124,126,0
2026-06-01T20:00:44,1778159001.443065643,r1,track_association,wall_like,accepted,selected_best_match,detection,0,94,confirmed,47,1,0.228585642,0.043049143,0.949596202,0.028660921,0.000000000,nan,nan,nan,nan,nan,nan,nan,nan,nan,8.000000000,0.300000000,1.800000000,3.000000000,nan,nan,nan,nan,nan,nan,nan,nan,nan,1.500000000,2.000000000,550,506,0
2026-06-01T20:00:44,1778159001.443065643,r1,track_association,wall_like,accepted,selected_best_match,detection,1,97,stale,9,4,0.423163229,0.196319335,0.647437640,0.083038124,0.000000000,nan,nan,nan,nan,nan,nan,nan,nan,nan,8.000000000,0.300000000,1.800000000,3.000000000,nan,nan,nan,nan,nan,nan,nan,nan,nan,1.500000000,2.000000000,464,549,0
2026-06-01T20:00:44,1778159001.863065481,r1,track_association,wall_like,accepted,selected_best_match,detection,0,98,stale,11,8,0.682241093,0.306293188,1.142205026,0.131210320,0.000000000,nan,nan,nan,nan,nan,nan,nan,nan,nan,8.000000000,0.300000000,1.800000000,3.000000000,nan,nan,nan,nan,nan,nan,nan,nan,nan,1.500000000,2.000000000,253,194,0
2026-06-01T20:00:44,1778159001.863065481,r1,track_association,wall_like,accepted,selected_best_match,detection,1,100,stale,10,8,0.399069867,0.372719213,1.133298196,0.039950357,0.000000000,nan,nan,nan,nan,nan,nan,nan,nan,nan,8.000000000,0.300000000,1.800000000,3.000000000,nan,nan,nan,nan,nan,nan,nan,nan,nan,1.500000000,2.000000000,321,180,0
2026-06-01T20:00:44,1778159001.863065481,r1,track_association,wall_like,accepted,selected_best_match,detection,3,94,confirmed,48,1,0.164588278,0.094990674,0.280078395,0.029374476,0.000000000,nan,nan,nan,nan,nan,nan,nan,nan,nan,8.000000000,0.300000000,1.800000000,3.000000000,nan,nan,nan,nan,nan,nan,nan,nan,nan,1.500000000,2.000000000,601,550,0
2026-06-01T20:00:44,1778159001.863065481,r1,track_association,wall_like,accepted,selected_best_match,detection,4,101,confirmed,24,2,0.343002345,0.549089875,0.610816488,0.025086098,0.000000000,nan,nan,nan,nan,nan,nan,nan,nan,nan,8.000000000,0.300000000,1.800000000,3.000000000,nan,nan,nan,nan,nan,nan,nan,nan,nan,1.500000000,2.000000000,685,553,0
2026-06-01T20:00:44,1778159001.863065481,r1,track_association,wall_like,accepted,selected_best_match,detection,5,97,confirmed,10,1,0.149356555,0.101258068,0.592076610,0.012478287,0.000000000,nan,nan,nan,nan,nan,nan,nan,nan,nan,8.000000000,0.300000000,1.800000000,3.000000000,nan,nan,nan,nan,nan,nan,nan,nan,nan,1.500000000,2.000000000,492,464,0
2026-06-01T20:00:45,1778159002.040065765,r1,track_association,wall_like,accepted,selected_best_match,detection,0,101,confirmed,25,0,0.301055589,0.441040646,0.529854899,0.026343053,0.000000000,nan,nan,nan,nan,nan,nan,nan,nan,nan,8.000000000,0.300000000,1.800000000,3.000000000,nan,nan,nan,nan,nan,nan,nan,nan,nan,1.500000000,2.000000000,703,685,0
2026-06-01T20:00:45,1778159002.040065765,r1,track_association,wall_like,accepted,selected_best_match,detection,1,100,confirmed,11,0,0.523736794,0.374461043,1.531734366,0.062234895,0.000000000,nan,nan,nan,nan,nan,nan,nan,nan,nan,8.000000000,0.300000000,1.800000000,3.000000000,nan,nan,nan,nan,nan,nan,nan,nan,nan,1.500000000,2.000000000,337,321,0
2026-06-01T20:00:45,1778159002.040065765,r1,track_association,wall_like,accepted,selected_best_match,detection,2,98,confirmed,12,0,0.626407333,0.313492206,1.102103260,0.115244107,0.000000000,nan,nan,nan,nan,nan,nan,nan,nan,nan,8.000000000,0.300000000,1.800000000,3.000000000,nan,nan,nan,nan,nan,nan,nan,nan,nan,1.500000000,2.000000000,176,253,0
2026-06-01T20:00:45,1778159002.040065765,r1,track_association,pillar_like,accepted,selected_best_match,detection,4,103,stale,7,4,0.654638390,0.124893697,nan,nan,nan,nan,nan,nan,nan,nan,0.109500075,1.000000000,0.699043274,0.268715382,nan,nan,nan,nan,nan,nan,nan,nan,nan,0.800000000,0.300000000,0.800000000,0.600000000,1.500000000,2.000000000,117,88,0
2026-06-01T20:00:45,1778159002.244065523,r1,track_association,wall_like,accepted,selected_best_match,detection,0,100,confirmed,12,0,1.177346704,0.792037207,4.815769870,0.093408920,0.000000000,nan,nan,nan,nan,nan,nan,nan,nan,nan,8.000000000,0.300000000,1.800000000,3.000000000,nan,nan,nan,nan,nan,nan,nan,nan,nan,1.500000000,2.000000000,308,337,0
2026-06-01T20:00:45,1778159002.244065523,r1,track_association,wall_like,accepted,selected_best_match,detection,1,98,confirmed,13,0,1.199772117,0.826224176,4.982533305,0.090464219,0.000000000,nan,nan,nan,nan,nan,nan,nan,nan,nan,8.000000000,0.300000000,1.800000000,3.000000000,nan,nan,nan,nan,nan,nan,nan,nan,nan,1.500000000,2.000000000,149,176,0
2026-06-01T20:00:45,1778159002.244065523,r1,track_association,pillar_like,accepted,selected_best_match,detection,3,104,stale,10,4,0.558577998,0.092877139,nan,nan,nan,nan,nan,nan,nan,nan,0.073621742,0.972965569,0.021801233,0.262401760,nan,nan,nan,nan,nan,nan,nan,nan,nan,0.800000000,0.300000000,0.800000000,0.600000000,1.500000000,2.000000000,71,124,0
2026-06-01T20:00:45,1778159002.424065590,r1,track_association,wall_like,accepted,selected_best_match,detection,0,97,confirmed,11,2,0.114769677,0.060139141,0.443332757,0.011792011,0.000000000,nan,nan,nan,nan,nan,nan,nan,nan,nan,8.000000000,0.300000000,1.800000000,3.000000000,nan,nan,nan,nan,nan,nan,nan,nan,nan,1.500000000,2.000000000,562,492,0
2026-06-01T20:00:45,1778159002.643070698,r1,track_association,wall_like,accepted,selected_best_match,detection,0,101,confirmed,26,2,0.163876048,0.278513787,0.191194838,0.014141629,0.000000000,nan,nan,nan,nan,nan,nan,nan,nan,nan,8.000000000,0.300000000,1.800000000,3.000000000,nan,nan,nan,nan,nan,nan,nan,nan,nan,1.500000000,2.000000000,782,703,0
2026-06-01T20:00:45,1778159002.643070698,r1,track_association,wall_like,accepted,selected_best_match,detection,2,97,confirmed,12,0,0.081993095,0.065112607,0.160614994,0.012063605,0.000000000,nan,nan,nan,nan,nan,nan,nan,nan,nan,8.000000000,0.300000000,1.800000000,3.000000000,nan,nan,nan,nan,nan,nan,nan,nan,nan,1.500000000,2.000000000,523,562,0
2026-06-01T20:00:45,1778159002.643070698,r1,track_association,wall_like,accepted,selected_best_match,detection,3,94,confirmed,49,3,0.059938788,0.075127381,0.138647917,0.005269601,0.000000000,nan,nan,nan,nan,nan,nan,nan,nan,nan,8.000000000,0.300000000,1.800000000,3.000000000,nan,nan,nan,nan,nan,nan,nan,nan,nan,1.500000000,2.000000000,500,601,0
2026-06-01T20:00:45,1778159002.643070698,r1,track_association,wall_like,accepted,selected_best_match,detection,4,98,confirmed,14,1,0.442151748,0.228573394,1.374630610,0.058239537,0.000000000,nan,nan,nan,nan,nan,nan,nan,nan,nan,8.000000000,0.300000000,1.800000000,3.000000000,nan,nan,nan,nan,nan,nan,nan,nan,nan,1.500000000,2.000000000,226,149,0
2026-06-01T20:00:45,1778159002.643070698,r1,track_association,wall_like,accepted,selected_best_match,detection,5,100,confirmed,13,1,0.367960695,0.213349295,1.931197415,0.016633376,0.000000000,nan,nan,nan,nan,nan,nan,nan,nan,nan,8.000000000,0.300000000,1.800000000,3.000000000,nan,nan,nan,nan,nan,nan,nan,nan,nan,1.500000000,2.000000000,386,308,0
2026-06-01T20:00:45,1778159002.841070652,r1,track_association,wall_like,accepted,selected_best_match,detection,0,98,confirmed,15,0,0.491833942,0.292698818,2.641729729,0.019215436,0.000000000,nan,nan,nan,nan,nan,nan,nan,nan,nan,8.000000000,0.300000000,1.800000000,3.000000000,nan,nan,nan,nan,nan,nan,nan,nan,nan,1.500000000,2.000000000,154,226,0
2026-06-01T20:00:45,1778159002.841070652,r1,track_association,wall_like,accepted,selected_best_match,detection,1,100,confirmed,14,0,0.745221707,1.035223665,2.703927722,0.018646856,0.000000000,nan,nan,nan,nan,nan,nan,nan,nan,nan,8.000000000,0.300000000,1.800000000,3.000000000,nan,nan,nan,nan,nan,nan,nan,nan,nan,1.500000000,2.000000000,197,386,0
2026-06-01T20:00:45,1778159002.841070652,r1,track_association,wall_like,accepted,selected_best_match,detection,3,97,confirmed,13,0,0.102945417,0.072956511,0.475872222,0.005742766,0.000000000,nan,nan,nan,nan,nan,nan,nan,nan,nan,8.000000000,0.300000000,1.800000000,3.000000000,nan,nan,nan,nan,nan,nan,nan,nan,nan,1.500000000,2.000000000,532,523,0
2026-06-01T20:00:45,1778159002.841070652,r1,track_association,wall_like,accepted,selected_best_match,detection,4,94,confirmed,50,0,0.089582982,0.041532456,0.188540948,0.015651363,0.000000000,nan,nan,nan,nan,nan,nan,nan,nan,nan,8.000000000,0.300000000,1.800000000,3.000000000,nan,nan,nan,nan,nan,nan,nan,nan,nan,1.500000000,2.000000000,508,500,0
2026-06-01T20:00:45,1778159002.841070652,r1,track_association,pillar_like,accepted,selected_best_match,detection,5,104,confirmed,11,2,0.129500514,0.133507179,nan,nan,nan,nan,nan,nan,nan,nan,0.019359951,0.929706997,0.030755043,0.010447264,nan,nan,nan,nan,nan,nan,nan,nan,nan,0.500000000,0.300000000,0.800000000,0.600000000,1.500000000,2.000000000,114,71,0
2026-06-01T20:00:45,1778159002.841070652,r1,track_association,pillar_like,accepted,selected_best_match,detection,6,105,stale,7,36,1.030471595,0.209821686,nan,nan,nan,nan,nan,nan,nan,nan,0.209742555,1.000000000,0.227639675,0.447317660,nan,nan,nan,nan,nan,nan,nan,nan,nan,0.800000000,0.300000000,0.800000000,0.600000000,1.500000000,2.000000000,60,122,0
2026-06-01T20:00:46,1778159003.024070501,r1,track_association,wall_like,accepted,selected_best_match,detection,0,97,confirmed,14,0,0.034047983,0.054705716,0.073368200,0.001992516,0.000000000,nan,nan,nan,nan,nan,nan,nan,nan,nan,8.000000000,0.300000000,1.800000000,3.000000000,nan,nan,nan,nan,nan,nan,nan,nan,nan,1.500000000,2.000000000,553,532,0
2026-06-01T20:00:46,1778159003.024070501,r1,track_association,wall_like,accepted,selected_best_match,detection,1,100,confirmed,15,0,0.716282345,0.723096811,3.280050521,0.019573128,0.000000000,nan,nan,nan,nan,nan,nan,nan,nan,nan,8.000000000,0.300000000,1.800000000,3.000000000,nan,nan,nan,nan,nan,nan,nan,nan,nan,1.500000000,2.000000000,390,197,0
2026-06-01T20:00:46,1778159003.024070501,r1,track_association,wall_like,accepted,selected_best_match,detection,2,98,confirmed,16,0,0.761898801,0.600389712,3.714248348,0.029246356,0.000000000,nan,nan,nan,nan,nan,nan,nan,nan,nan,8.000000000,0.300000000,1.800000000,3.000000000,nan,nan,nan,nan,nan,nan,nan,nan,nan,1.500000000,2.000000000,180,154,0
2026-06-01T20:00:46,1778159003.243070602,r1,track_association,wall_like,accepted,selected_best_match,detection,0,101,confirmed,27,2,0.145584066,0.274156333,0.233348554,0.007509016,0.000000000,nan,nan,nan,nan,nan,nan,nan,nan,nan,8.000000000,0.300000000,1.800000000,3.000000000,nan,nan,nan,nan,nan,nan,nan,nan,nan,1.500000000,2.000000000,761,782,0
2026-06-01T20:00:46,1778159003.243070602,r1,track_association,wall_like,accepted,selected_best_match,detection,1,94,confirmed,51,1,0.029579986,0.029255739,0.135871933,0.000853224,0.000000000,nan,nan,nan,nan,nan,nan,nan,nan,nan,8.000000000,0.300000000,1.800000000,3.000000000,nan,nan,nan,nan,nan,nan,nan,nan,nan,1.500000000,2.000000000,597,508,0
2026-06-01T20:00:46,1778159003.243070602,r1,track_association,wall_like,accepted,selected_best_match,detection,2,100,confirmed,16,0,0.520849931,0.433816412,2.379126361,0.023656099,0.000000000,nan,nan,nan,nan,nan,nan,nan,nan,nan,8.000000000,0.300000000,1.800000000,3.000000000,nan,nan,nan,nan,nan,nan,nan,nan,nan,1.500000000,2.000000000,394,390,0
2026-06-01T20:00:46,1778159003.243070602,r1,track_association,wall_like,accepted,selected_best_match,detection,3,98,confirmed,17,0,0.460291015,0.372324065,2.132954429,0.020869107,0.000000000,nan,nan,nan,nan,nan,nan,nan,nan,nan,8.000000000,0.300000000,1.800000000,3.000000000,nan,nan,nan,nan,nan,nan,nan,nan,nan,1.500000000,2.000000000,188,180,0
2026-06-01T20:00:46,1778159003.462070704,r1,track_association,wall_like,accepted,selected_best_match,detection,0,101,confirmed,28,0,0.217401159,0.346856732,0.418429946,0.014843551,0.000000000,nan,nan,nan,nan,nan,nan,nan,nan,nan,8.000000000,0.300000000,1.800000000,3.000000000,nan,nan,nan,nan,nan,nan,nan,nan,nan,1.500000000,2.000000000,738,761,0
2026-06-01T20:00:46,1778159003.462070704,r1,track_association,wall_like,accepted,selected_best_match,detection,1,98,confirmed,18,0,0.575924318,0.462118949,0.713459074,0.099810685,0.000000000,nan,nan,nan,nan,nan,nan,nan,nan,nan,8.000000000,0.300000000,1.800000000,3.000000000,nan,nan,nan,nan,nan,nan,nan,nan,nan,1.500000000,2.000000000,220,188,0
2026-06-01T20:00:46,1778159003.462070704,r1,track_association,wall_like,accepted,selected_best_match,detection,2,100,confirmed,17,0,0.395991142,0.507304607,1.633485318,0.006811182,0.000000000,nan,nan,nan,nan,nan,nan,nan,nan,nan,8.000000000,0.300000000,1.800000000,3.000000000,nan,nan,nan,nan,nan,nan,nan,nan,nan,1.500000000,2.000000000,375,394,0
2026-06-01T20:00:46,1778159003.462070704,r1,track_association,wall_like,accepted,selected_best_match,detection,4,94,confirmed,52,0,0.188876049,0.195751706,0.302834027,0.025731368,0.000000000,nan,nan,nan,nan,nan,nan,nan,nan,nan,8.000000000,0.300000000,1.800000000,3.000000000,nan,nan,nan,nan,nan,nan,nan,nan,nan,1.500000000,2.000000000,525,597,0
2026-06-01T20:00:46,1778159003.462070704,r1,track_association,pillar_like,accepted,selected_best_match,detection,6,103,stale,8,6,0.347361276,0.070949459,nan,nan,nan,nan,nan,nan,nan,nan,0.070681716,1.000000000,0.468825579,0.127275944,nan,nan,nan,nan,nan,nan,nan,nan,nan,0.800000000,0.300000000,0.800000000,0.600000000,1.500000000,2.000000000,116,117,0
2026-06-01T20:00:46,1778159003.645070553,r1,track_association,wall_like,accepted,selected_best_match,detection,0,94,confirmed,53,0,0.087567973,0.139586065,0.200769920,0.004782914,0.000000000,nan,nan,nan,nan,nan,nan,nan,nan,nan,8.000000000,0.300000000,1.800000000,3.000000000,nan,nan,nan,nan,nan,nan,nan,nan,nan,1.500000000,2.000000000,554,525,0
2026-06-01T20:00:46,1778159003.645070553,r1,track_association,wall_like,accepted,selected_best_match,detection,1,100,confirmed,18,0,0.613194146,0.680667009,2.671120597,0.015724521,0.000000000,nan,nan,nan,nan,nan,nan,nan,nan,nan,8.000000000,0.300000000,1.800000000,3.000000000,nan,nan,nan,nan,nan,nan,nan,nan,nan,1.500000000,2.000000000,350,375,0
2026-06-01T20:00:46,1778159003.645070553,r1,track_association,wall_like,accepted,selected_best_match,detection,2,98,confirmed,19,0,0.463474522,0.442585703,1.580685733,0.035508071,0.000000000,nan,nan,nan,nan,nan,nan,nan,nan,nan,8.000000000,0.300000000,1.800000000,3.000000000,nan,nan,nan,nan,nan,nan,nan,nan,nan,1.500000000,2.000000000,149,220,0
2026-06-01T20:00:46,1778159003.843070507,r1,track_association,wall_like,accepted,selected_best_match,detection,0,98,confirmed,20,0,0.591069169,0.494239019,1.688354670,0.064583549,0.000000000,nan,nan,nan,nan,nan,nan,nan,nan,nan,8.000000000,0.300000000,1.800000000,3.000000000,nan,nan,nan,nan,nan,nan,nan,nan,nan,1.500000000,2.000000000,242,149,0
2026-06-01T20:00:46,1778159003.843070507,r1,track_association,wall_like,accepted,selected_best_match,detection,1,100,confirmed,19,0,0.592883534,0.588917592,2.118927056,0.039513536,0.000000000,nan,nan,nan,nan,nan,nan,nan,nan,nan,8.000000000,0.300000000,1.800000000,3.000000000,nan,nan,nan,nan,nan,nan,nan,nan,nan,1.500000000,2.000000000,399,350,0
2026-06-01T20:00:46,1778159003.843070507,r1,track_association,pillar_like,accepted,selected_best_match,detection,3,104,stale,12,4,0.916882586,0.261602932,nan,nan,nan,nan,nan,nan,nan,nan,0.151533935,0.889131996,0.058307528,0.366459846,nan,nan,nan,nan,nan,nan,nan,nan,nan,0.800000000,0.300000000,0.800000000,0.600000000,1.500000000,2.000000000,51,114,0
2026-06-01T20:00:47,1778159004.023070574,r1,track_association,wall_like,accepted,selected_best_match,detection,0,97,stale,15,4,0.225757063,0.077684989,0.403862439,0.044813778,0.000000000,nan,nan,nan,nan,nan,nan,nan,nan,nan,8.000000000,0.300000000,1.800000000,3.000000000,nan,nan,nan,nan,nan,nan,nan,nan,nan,1.500000000,2.000000000,566,553,0
2026-06-01T20:00:47,1778159004.023070574,r1,track_association,wall_like,accepted,selected_best_match,detection,1,100,confirmed,20,0,0.456949289,0.418308543,2.138729424,0.015051579,0.000000000,nan,nan,nan,nan,nan,nan,nan,nan,nan,8.000000000,0.300000000,1.800000000,3.000000000,nan,nan,nan,nan,nan,nan,nan,nan,nan,1.500000000,2.000000000,379,399,0
2026-06-01T20:00:47,1778159004.023070574,r1,track_association,wall_like,accepted,selected_best_match,detection,2,98,confirmed,21,0,0.476265868,0.449809619,1.974647473,0.023849518,0.000000000,nan,nan,nan,nan,nan,nan,nan,nan,nan,8.000000000,0.300000000,1.800000000,3.000000000,nan,nan,nan,nan,nan,nan,nan,nan,nan,1.500000000,2.000000000,199,242,0
2026-06-01T20:00:47,1778159004.023070574,r1,track_association,wall_like,accepted,selected_best_match,detection,4,101,confirmed,29,2,1.412232248,1.137315380,5.635889883,0.098592266,0.000000000,nan,nan,nan,nan,nan,nan,nan,nan,nan,8.000000000,0.300000000,1.800000000,3.000000000,nan,nan,nan,nan,nan,nan,nan,nan,nan,1.500000000,2.000000000,239,738,0
2026-06-01T20:00:47,1778159004.242070675,r1,track_association,wall_like,accepted,selected_best_match,detection,0,97,confirmed,16,0,0.350024162,0.259479341,0.539298730,0.058835612,0.000000000,nan,nan,nan,nan,nan,nan,nan,nan,nan,8.000000000,0.300000000,1.800000000,3.000000000,nan,nan,nan,nan,nan,nan,nan,nan,nan,1.500000000,2.000000000,525,566,0
2026-06-01T20:00:47,1778159004.242070675,r1,track_association,wall_like,accepted,selected_best_match,detection,1,94,confirmed,54,2,0.263753910,0.525628653,0.640962448,0.002527216,0.000000000,nan,nan,nan,nan,nan,nan,nan,nan,nan,8.000000000,0.300000000,1.800000000,3.000000000,nan,nan,nan,nan,nan,nan,nan,nan,nan,1.500000000,2.000000000,474,554,0
2026-06-01T20:00:47,1778159004.242070675,r1,track_association,wall_like,accepted,selected_best_match,detection,2,101,confirmed,30,0,0.478300953,0.695500007,1.615036529,0.013376415,0.000000000,nan,nan,nan,nan,nan,nan,nan,nan,nan,8.000000000,0.300000000,1.800000000,3.000000000,nan,nan,nan,nan,nan,nan,nan,nan,nan,1.500000000,2.000000000,340,239,0
2026-06-01T20:00:47,1778159004.242070675,r1,track_association,pillar_like,accepted,selected_best_match,detection,4,104,confirmed,13,1,0.671451748,0.103715433,nan,nan,nan,nan,nan,nan,nan,nan,0.091891131,0.989128306,0.060120940,0.282471418,nan,nan,nan,nan,nan,nan,nan,nan,nan,0.500000000,0.300000000,0.800000000,0.600000000,1.500000000,2.000000000,80,51,0
2026-06-01T20:00:47,1778159004.425070524,r1,track_association,wall_like,accepted,selected_best_match,detection,0,94,confirmed,55,0,0.293519481,0.196016669,0.819306767,0.037730174,0.000000000,nan,nan,nan,nan,nan,nan,nan,nan,nan,8.000000000,0.300000000,1.800000000,3.000000000,nan,nan,nan,nan,nan,nan,nan,nan,nan,1.500000000,2.000000000,636,474,0
2026-06-01T20:00:47,1778159004.425070524,r1,track_association,wall_like,accepted,selected_best_match,detection,1,97,confirmed,17,0,0.828207031,0.485219502,4.065819296,0.047471936,0.000000000,nan,nan,nan,nan,nan,nan,nan,nan,nan,8.000000000,0.300000000,1.800000000,3.000000000,nan,nan,nan,nan,nan,nan,nan,nan,nan,1.500000000,2.000000000,247,525,0
2026-06-01T20:00:47,1778159004.644070625,r1,track_association,wall_like,accepted,selected_best_match,detection,0,97,confirmed,18,0,0.385241914,0.361213880,0.867339829,0.046925943,0.000000000,nan,nan,nan,nan,nan,nan,nan,nan,nan,8.000000000,0.300000000,1.800000000,3.000000000,nan,nan,nan,nan,nan,nan,nan,nan,nan,1.500000000,2.000000000,633,247,0
2026-06-01T20:00:47,1778159004.821070671,r1,track_association,wall_like,accepted,selected_best_match,detection,0,94,confirmed,56,1,0.491566207,0.220015030,1.498323637,0.069281223,0.000000000,nan,nan,nan,nan,nan,nan,nan,nan,nan,8.000000000,0.300000000,1.800000000,3.000000000,nan,nan,nan,nan,nan,nan,nan,nan,nan,1.500000000,2.000000000,515,636,0
2026-06-01T20:00:48,1778159005.031070709,r1,track_association,wall_like,accepted,selected_best_match,detection,0,101,confirmed,31,3,0.504046081,0.912277344,0.265165589,0.050042380,0.000000000,nan,nan,nan,nan,nan,nan,nan,nan,nan,8.000000000,0.300000000,1.800000000,3.000000000,nan,nan,nan,nan,nan,nan,nan,nan,nan,1.500000000,2.000000000,520,340,0
2026-06-01T20:00:48,1778159005.031070709,r1,track_association,wall_like,accepted,selected_best_match,detection,2,94,confirmed,57,0,0.192730732,0.170428861,0.667952188,0.015728127,0.000000000,nan,nan,nan,nan,nan,nan,nan,nan,nan,8.000000000,0.300000000,1.800000000,3.000000000,nan,nan,nan,nan,nan,nan,nan,nan,nan,1.500000000,2.000000000,618,515,0
2026-06-01T20:00:48,1778159005.031070709,r1,track_association,wall_like,accepted,selected_best_match,detection,3,97,confirmed,19,1,0.232513488,0.178313999,0.562743596,0.030819762,0.000000000,nan,nan,nan,nan,nan,nan,nan,nan,nan,8.000000000,0.300000000,1.800000000,3.000000000,nan,nan,nan,nan,nan,nan,nan,nan,nan,1.500000000,2.000000000,551,633,0
2026-06-01T20:00:48,1778159005.031070709,r1,track_association,pillar_like,accepted,selected_best_match,detection,4,103,stale,9,7,0.626365836,0.261320561,nan,nan,nan,nan,nan,nan,nan,nan,0.217644704,1.000000000,0.939528942,0.156214237,nan,nan,nan,nan,nan,nan,nan,nan,nan,0.800000000,0.300000000,0.800000000,0.600000000,1.500000000,2.000000000,89,116,0
2026-06-01T20:00:48,1778159005.031070709,r1,track_association,pillar_like,accepted,selected_best_match,detection,5,105,stale,8,10,0.334296012,0.176908030,nan,nan,nan,nan,nan,nan,nan,nan,0.061880256,0.987713065,0.283535004,0.129783154,nan,nan,nan,nan,nan,nan,nan,nan,nan,0.800000000,0.300000000,0.800000000,0.600000000,1.500000000,2.000000000,67,60,0
2026-06-01T20:00:48,1778159005.241070509,r1,track_association,wall_like,accepted,selected_best_match,detection,0,94,confirmed,58,0,0.487022769,0.303868679,1.646953168,0.053959219,0.000000000,nan,nan,nan,nan,nan,nan,nan,nan,nan,8.000000000,0.300000000,1.800000000,3.000000000,nan,nan,nan,nan,nan,nan,nan,nan,nan,1.500000000,2.000000000,437,618,0
2026-06-01T20:00:48,1778159005.466070652,r1,track_association,wall_like,accepted,selected_best_match,detection,0,94,confirmed,59,0,0.129892401,0.251847054,0.141783498,0.008466134,0.000000000,nan,nan,nan,nan,nan,nan,nan,nan,nan,8.000000000,0.300000000,1.800000000,3.000000000,nan,nan,nan,nan,nan,nan,nan,nan,nan,1.500000000,2.000000000,602,437,0
2026-06-01T20:00:48,1778159005.643070698,r1,track_association,wall_like,accepted,selected_best_match,detection,0,97,confirmed,20,2,0.271742873,0.150593994,1.206052096,0.021236509,0.000000000,nan,nan,nan,nan,nan,nan,nan,nan,nan,8.000000000,0.300000000,1.800000000,3.000000000,nan,nan,nan,nan,nan,nan,nan,nan,nan,1.500000000,2.000000000,341,551,0
2026-06-01T20:00:48,1778159005.643070698,r1,track_association,wall_like,accepted,selected_best_match,detection,1,94,confirmed,60,0,0.208511932,0.161011720,0.528860024,0.026620157,0.000000000,nan,nan,nan,nan,nan,nan,nan,nan,nan,8.000000000,0.300000000,1.800000000,3.000000000,nan,nan,nan,nan,nan,nan,nan,nan,nan,1.500000000,2.000000000,666,602,0
2026-06-01T20:00:48,1778159005.847070694,r1,track_association,wall_like,accepted,selected_best_match,detection,0,94,confirmed,61,0,0.188312587,0.130100656,0.658257372,0.018799059,0.000000000,nan,nan,nan,nan,nan,nan,nan,nan,nan,8.000000000,0.300000000,1.800000000,3.000000000,nan,nan,nan,nan,nan,nan,nan,nan,nan,1.500000000,2.000000000,880,666,0
2026-06-01T20:00:49,1778159006.084070683,r1,track_association,wall_like,accepted,selected_best_match,detection,0,94,confirmed,62,0,0.126063528,0.119115346,0.418936764,0.010197395,0.000000000,nan,nan,nan,nan,nan,nan,nan,nan,nan,8.000000000,0.300000000,1.800000000,3.000000000,nan,nan,nan,nan,nan,nan,nan,nan,nan,1.500000000,2.000000000,887,880,0
2026-06-01T20:00:49,1778159006.084070683,r1,track_association,wall_like,accepted,selected_best_match,detection,1,97,confirmed,21,1,0.140033855,0.090862798,0.752173252,0.004717380,0.000000000,nan,nan,nan,nan,nan,nan,nan,nan,nan,8.000000000,0.300000000,1.800000000,3.000000000,nan,nan,nan,nan,nan,nan,nan,nan,nan,1.500000000,2.000000000,624,341,0
2026-06-01T20:00:49,1778159006.423070669,r1,track_association,wall_like,accepted,selected_best_match,detection,0,94,confirmed,63,1,0.095048082,0.043572889,0.577431079,0.002503470,0.000000000,nan,nan,nan,nan,nan,nan,nan,nan,nan,8.000000000,0.300000000,1.800000000,3.000000000,nan,nan,nan,nan,nan,nan,nan,nan,nan,1.500000000,2.000000000,866,887,0
2026-06-01T20:00:49,1778159006.423070669,r1,track_association,wall_like,accepted,selected_best_match,detection,1,97,confirmed,22,1,0.263393630,0.258097990,1.275641728,0.005371725,0.000000000,nan,nan,nan,nan,nan,nan,nan,nan,nan,8.000000000,0.300000000,1.800000000,3.000000000,nan,nan,nan,nan,nan,nan,nan,nan,nan,1.500000000,2.000000000,244,624,0
2026-06-01T20:00:49,1778159006.423070669,r1,track_association,pillar_like,accepted,selected_best_match,detection,2,104,stale,14,10,0.203917196,0.192262727,nan,nan,nan,nan,nan,nan,nan,nan,0.095091491,0.967202186,0.225401163,0.017828941,nan,nan,nan,nan,nan,nan,nan,nan,nan,0.800000000,0.300000000,0.800000000,0.600000000,1.500000000,2.000000000,124,80,0
2026-06-01T20:00:49,1778159006.423070669,r1,track_association,pillar_like,accepted,selected_best_match,detection,3,102,stale,10,58,0.578238350,0.324813981,nan,nan,nan,nan,nan,nan,nan,nan,0.125389501,0.938241534,0.392122746,0.192318439,nan,nan,nan,nan,nan,nan,nan,nan,nan,0.800000000,0.300000000,0.800000000,0.600000000,1.500000000,2.000000000,113,59,0
2026-06-01T20:00:49,1778159006.663070679,r1,track_association,wall_like,accepted,selected_best_match,detection,0,94,confirmed,64,0,0.342854235,0.278375921,1.586840147,0.015512173,0.000000000,nan,nan,nan,nan,nan,nan,nan,nan,nan,8.000000000,0.300000000,1.800000000,3.000000000,nan,nan,nan,nan,nan,nan,nan,nan,nan,1.500000000,2.000000000,529,866,0
2026-06-01T20:00:49,1778159006.663070679,r1,track_association,wall_like,accepted,selected_best_match,detection,1,97,confirmed,23,0,0.188724125,0.172231503,0.832084796,0.008190907,0.000000000,nan,nan,nan,nan,nan,nan,nan,nan,nan,8.000000000,0.300000000,1.800000000,3.000000000,nan,nan,nan,nan,nan,nan,nan,nan,nan,1.500000000,2.000000000,301,244,0
2026-06-01T20:00:50,1778159007.062070608,r1,track_association,wall_like,accepted,selected_best_match,detection,0,94,confirmed,65,1,0.100440355,0.054297125,0.627889264,0.001156547,0.000000000,nan,nan,nan,nan,nan,nan,nan,nan,nan,8.000000000,0.300000000,1.800000000,3.000000000,nan,nan,nan,nan,nan,nan,nan,nan,nan,1.500000000,2.000000000,888,529,0
2026-06-01T20:00:50,1778159007.062070608,r1,track_association,pillar_like,accepted,selected_best_match,detection,1,104,confirmed,15,2,0.253905972,0.176017448,nan,nan,nan,nan,nan,nan,nan,nan,0.070537992,1.000000000,0.383178234,0.044707298,nan,nan,nan,nan,nan,nan,nan,nan,nan,0.500000000,0.300000000,0.800000000,0.600000000,1.500000000,2.000000000,89,124,0
2026-06-01T20:00:50,1778159007.245070696,r1,track_association,wall_like,accepted,selected_best_match,detection,0,94,confirmed,66,0,0.439147850,1.046191285,0.507305048,0.008101287,0.000000000,nan,nan,nan,nan,nan,nan,nan,nan,nan,8.000000000,0.300000000,1.800000000,3.000000000,nan,nan,nan,nan,nan,nan,nan,nan,nan,1.500000000,2.000000000,286,888,0
2026-06-01T20:00:50,1778159007.443070650,r1,track_association,pillar_like,accepted,selected_best_match,detection,0,104,confirmed,16,1,0.919795508,0.487791694,nan,nan,nan,nan,nan,nan,nan,nan,0.020676728,0.887621860,0.599984169,0.423639297,nan,nan,nan,nan,nan,nan,nan,nan,nan,0.500000000,0.300000000,0.800000000,0.600000000,1.500000000,2.000000000,45,89,0
2026-06-01T20:00:50,1778159007.644070625,r1,track_association,wall_like,accepted,selected_best_match,detection,0,94,confirmed,67,1,0.192123104,0.312746918,0.539086066,0.006146512,0.000000000,nan,nan,nan,nan,nan,nan,nan,nan,nan,8.000000000,0.300000000,1.800000000,3.000000000,nan,nan,nan,nan,nan,nan,nan,nan,nan,1.500000000,2.000000000,901,286,0
2026-06-01T20:00:50,1778159007.644070625,r1,track_association,pillar_like,accepted,selected_best_match,detection,3,104,confirmed,17,0,0.136922271,0.147212836,nan,nan,nan,nan,nan,nan,nan,nan,0.042388228,1.000000000,0.452793598,0.004119873,nan,nan,nan,nan,nan,nan,nan,nan,nan,0.500000000,0.300000000,0.800000000,0.600000000,1.500000000,2.000000000,94,45,0
2026-06-01T20:00:50,1778159007.845070839,r1,track_association,wall_like,accepted,selected_best_match,detection,0,97,stale,24,5,0.460274302,0.520019446,0.765803703,0.057362707,0.000000000,nan,nan,nan,nan,nan,nan,nan,nan,nan,8.000000000,0.300000000,1.800000000,3.000000000,nan,nan,nan,nan,nan,nan,nan,nan,nan,1.500000000,2.000000000,348,301,0
2026-06-01T20:00:50,1778159007.845070839,r1,track_association,wall_like,accepted,selected_best_match,detection,2,94,confirmed,68,0,0.208120259,0.134000769,0.904298495,0.015124807,0.000000000,nan,nan,nan,nan,nan,nan,nan,nan,nan,8.000000000,0.300000000,1.800000000,3.000000000,nan,nan,nan,nan,nan,nan,nan,nan,nan,1.500000000,2.000000000,847,901,0
2026-06-01T20:00:50,1778159007.845070839,r1,track_association,pillar_like,accepted,selected_best_match,detection,3,104,confirmed,18,0,0.364999272,0.302895411,nan,nan,nan,nan,nan,nan,nan,nan,0.121926470,0.947164207,0.369569063,0.018812180,nan,nan,nan,nan,nan,nan,nan,nan,nan,0.500000000,0.300000000,0.800000000,0.600000000,1.500000000,2.000000000,64,94,0
2026-06-01T20:00:51,1778159008.223070621,r1,track_association,wall_like,accepted,selected_best_match,detection,0,94,confirmed,69,1,0.100361799,0.126097815,0.320573482,0.005477253,0.000000000,nan,nan,nan,nan,nan,nan,nan,nan,nan,8.000000000,0.300000000,1.800000000,3.000000000,nan,nan,nan,nan,nan,nan,nan,nan,nan,1.500000000,2.000000000,638,847,0
2026-06-01T20:00:51,1778159008.445070505,r1,track_association,wall_like,accepted,selected_best_match,detection,0,94,confirmed,70,0,0.064302812,0.094188678,0.063691938,0.007483528,0.000000000,nan,nan,nan,nan,nan,nan,nan,nan,nan,8.000000000,0.300000000,1.800000000,3.000000000,nan,nan,nan,nan,nan,nan,nan,nan,nan,1.500000000,2.000000000,924,638,0
2026-06-01T20:00:51,1778159008.445070505,r1,track_association,wall_like,accepted,selected_best_match,detection,1,100,stale,21,21,0.871345351,1.107095169,3.003650105,0.038057209,0.000000000,nan,nan,nan,nan,nan,nan,nan,nan,nan,8.000000000,0.300000000,1.800000000,3.000000000,nan,nan,nan,nan,nan,nan,nan,nan,nan,1.500000000,2.000000000,318,379,0
2026-06-01T20:00:51,1778159008.445070505,r1,track_association,wall_like,accepted,selected_best_match,detection,2,98,stale,22,21,0.995324920,1.482132429,2.644900288,0.051200472,0.000000000,nan,nan,nan,nan,nan,nan,nan,nan,nan,8.000000000,0.300000000,1.800000000,3.000000000,nan,nan,nan,nan,nan,nan,nan,nan,nan,1.500000000,2.000000000,87,199,0
2026-06-01T20:00:51,1778159008.445070505,r1,track_association,pillar_like,accepted,selected_best_match,detection,4,104,confirmed,19,2,0.343756184,0.258471369,nan,nan,nan,nan,nan,nan,nan,nan,0.056531862,0.943364809,0.306151152,0.086065292,nan,nan,nan,nan,nan,nan,nan,nan,nan,0.500000000,0.300000000,0.800000000,0.600000000,1.500000000,2.000000000,71,64,0
2026-06-01T20:00:51,1778159008.625070572,r1,track_association,wall_like,accepted,selected_best_match,detection,0,94,confirmed,71,0,0.243845443,0.325808640,0.971844745,0.004128591,0.000000000,nan,nan,nan,nan,nan,nan,nan,nan,nan,8.000000000,0.300000000,1.800000000,3.000000000,nan,nan,nan,nan,nan,nan,nan,nan,nan,1.500000000,2.000000000,511,924,0
2026-06-01T20:00:51,1778159008.625070572,r1,track_association,pillar_like,accepted,selected_best_match,detection,1,113,candidate,1,0,0.298944193,0.148056945,nan,nan,nan,nan,nan,nan,nan,nan,0.078586401,0.935607320,0.036305785,0.044248879,nan,nan,nan,nan,nan,nan,nan,nan,nan,0.500000000,0.300000000,0.800000000,0.600000000,1.500000000,2.000000000,156,111,0
2026-06-01T20:00:51,1778159008.844070911,r1,track_association,wall_like,accepted,selected_best_match,detection,0,94,confirmed,72,0,0.257422221,0.070516445,1.496695467,0.014048942,0.000000000,nan,nan,nan,nan,nan,nan,nan,nan,nan,8.000000000,0.300000000,1.800000000,3.000000000,nan,nan,nan,nan,nan,nan,nan,nan,nan,1.500000000,2.000000000,735,511,0
2026-06-01T20:00:52,1778159009.243070602,r1,track_association,wall_like,accepted,selected_best_match,detection,0,94,confirmed,73,1,0.208281506,0.308983843,0.457837797,0.014417150,0.000000000,nan,nan,nan,nan,nan,nan,nan,nan,nan,8.000000000,0.300000000,1.800000000,3.000000000,nan,nan,nan,nan,nan,nan,nan,nan,nan,1.500000000,2.000000000,247,735,0
2026-06-01T20:00:52,1778159009.243070602,r1,track_association,pillar_like,accepted,selected_best_match,detection,2,114,candidate,1,2,1.186476202,0.185582761,nan,nan,nan,nan,nan,nan,nan,nan,0.163014497,1.000000000,0.397862196,0.492396593,nan,nan,nan,nan,nan,nan,nan,nan,nan,0.500000000,0.300000000,0.800000000,0.600000000,1.500000000,2.000000000,88,51,0
2026-06-01T20:00:52,1778159009.243070602,r1,track_association,pillar_like,accepted,selected_best_match,detection,3,104,confirmed,20,3,0.711581088,0.439287432,nan,nan,nan,nan,nan,nan,nan,nan,0.255442930,0.891996527,0.345057011,0.034911633,nan,nan,nan,nan,nan,nan,nan,nan,nan,0.500000000,0.300000000,0.800000000,0.600000000,1.500000000,2.000000000,41,71,0
2026-06-01T20:00:52,1778159009.444070578,r1,track_association,wall_like,accepted,selected_best_match,detection,0,94,confirmed,74,0,0.065631508,0.118779857,0.108513442,0.003742213,0.000000000,nan,nan,nan,nan,nan,nan,nan,nan,nan,8.000000000,0.300000000,1.800000000,3.000000000,nan,nan,nan,nan,nan,nan,nan,nan,nan,1.500000000,2.000000000,788,247,0
2026-06-01T20:00:52,1778159009.444070578,r1,track_association,wall_like,accepted,selected_best_match,detection,1,100,stale,22,4,0.304646936,0.402793200,1.270709866,0.003463141,0.000000000,nan,nan,nan,nan,nan,nan,nan,nan,nan,8.000000000,0.300000000,1.800000000,3.000000000,nan,nan,nan,nan,nan,nan,nan,nan,nan,1.500000000,2.000000000,261,318,0
2026-06-01T20:00:52,1778159009.444070578,r1,track_association,wall_like,accepted,selected_best_match,detection,2,98,stale,23,4,0.648677613,1.426174748,0.953573529,0.016226802,0.000000000,nan,nan,nan,nan,nan,nan,nan,nan,nan,8.000000000,0.300000000,1.800000000,3.000000000,nan,nan,nan,nan,nan,nan,nan,nan,nan,1.500000000,2.000000000,50,87,0
2026-06-01T20:00:52,1778159009.843070507,r1,track_association,pillar_like,accepted,selected_best_match,detection,0,114,weak_tracked,2,2,0.689148919,0.291418324,nan,nan,nan,nan,nan,nan,nan,nan,0.222952809,1.000000000,0.483528018,0.116934299,nan,nan,nan,nan,nan,nan,nan,nan,nan,0.500000000,0.300000000,0.800000000,0.600000000,1.500000000,2.000000000,66,88,0
2026-06-01T20:00:53,1778159010.044070482,r1,track_association,wall_like,accepted,selected_best_match,detection,0,94,confirmed,75,2,0.677833957,0.254458312,3.920720829,0.030877325,0.000000000,nan,nan,nan,nan,nan,nan,nan,nan,nan,8.000000000,0.300000000,1.800000000,3.000000000,nan,nan,nan,nan,nan,nan,nan,nan,nan,1.500000000,2.000000000,291,788,0
2026-06-01T20:00:53,1778159010.248070478,r1,track_association,wall_like,rejected,plane_offset,detection,0,112,candidate,1,12,nan,2.967851767,0.788112458,0.439820346,0.000000000,nan,nan,nan,nan,nan,nan,nan,nan,nan,8.000000000,0.300000000,1.800000000,3.000000000,nan,nan,nan,nan,nan,nan,nan,nan,nan,1.500000000,2.000000000,212,90,0
2026-06-01T20:00:53,1778159010.248070478,r1,track_association,wall_like,accepted,selected_best_match,detection,1,111,candidate,1,12,1.016351163,0.932071015,3.510926257,0.080038513,0.000000000,nan,nan,nan,nan,nan,nan,nan,nan,nan,8.000000000,0.300000000,1.800000000,3.000000000,nan,nan,nan,nan,nan,nan,nan,nan,nan,1.500000000,2.000000000,135,98,0
2026-06-01T20:00:53,1778159010.683070660,r1,track_association,wall_like,accepted,selected_best_match,detection,0,94,confirmed,76,2,0.386146058,0.634120906,1.291276810,0.004008847,0.000000000,nan,nan,nan,nan,nan,nan,nan,nan,nan,8.000000000,0.300000000,1.800000000,3.000000000,nan,nan,nan,nan,nan,nan,nan,nan,nan,1.500000000,2.000000000,382,291,0
2026-06-01T20:00:53,1778159010.683070660,r1,track_association,pillar_like,accepted,selected_best_match,detection,1,113,weak_tracked,2,9,0.360188744,0.077692058,nan,nan,nan,nan,nan,nan,nan,nan,0.076512177,1.000000000,0.381748915,0.101393700,nan,nan,nan,nan,nan,nan,nan,nan,nan,0.500000000,0.300000000,0.800000000,0.600000000,1.500000000,2.000000000,113,156,0
2026-06-01T20:00:54,1778159011.241070509,r1,track_association,pillar_like,accepted,selected_best_match,detection,0,113,weak_tracked,3,2,0.225013497,0.102249390,nan,nan,nan,nan,nan,nan,nan,nan,0.032505051,0.975560248,0.091986179,0.075819016,nan,nan,nan,nan,nan,nan,nan,nan,nan,0.500000000,0.300000000,0.800000000,0.600000000,1.500000000,2.000000000,109,113,0
2026-06-01T20:00:54,1778159011.445070505,r1,track_association,wall_like,accepted,selected_best_match,detection,0,111,weak_tracked,2,5,2.034890009,2.826791876,1.705292052,0.263839363,0.000000000,nan,nan,nan,nan,nan,nan,nan,nan,nan,8.000000000,0.300000000,1.800000000,3.000000000,nan,nan,nan,nan,nan,nan,nan,nan,nan,1.500000000,2.000000000,241,135,0
2026-06-01T20:00:54,1778159011.445070505,r1,track_association,wall_like,accepted,selected_best_match,detection,1,116,candidate,1,5,0.758702174,1.320910188,0.962877222,0.059411737,0.000000000,nan,nan,nan,nan,nan,nan,nan,nan,nan,8.000000000,0.300000000,1.800000000,3.000000000,nan,nan,nan,nan,nan,nan,nan,nan,nan,1.500000000,2.000000000,165,212,0
2026-06-01T20:00:54,1778159011.445070505,r1,track_association,wall_like,rejected,plane_offset,detection,1,112,candidate,1,18,nan,4.225462107,1.741829074,0.445814062,2.444999700,nan,nan,nan,nan,nan,nan,nan,nan,nan,8.000000000,0.300000000,1.800000000,3.000000000,nan,nan,nan,nan,nan,nan,nan,nan,nan,1.500000000,2.000000000,165,90,0
2026-06-01T20:00:54,1778159011.445070505,r1,track_association,wall_like,accepted,selected_best_match,detection,3,94,confirmed,77,3,0.557930697,1.415844484,0.534229327,0.005761161,0.000000000,nan,nan,nan,nan,nan,nan,nan,nan,nan,8.000000000,0.300000000,1.800000000,3.000000000,nan,nan,nan,nan,nan,nan,nan,nan,nan,1.500000000,2.000000000,278,382,0
2026-06-01T20:00:54,1778159011.445070505,r1,track_association,pillar_like,accepted,selected_best_match,detection,4,113,weak_tracked,4,0,0.389409429,0.301008172,nan,nan,nan,nan,nan,nan,nan,nan,0.145578106,0.933191674,0.272479296,0.002518177,nan,nan,nan,nan,nan,nan,nan,nan,nan,0.500000000,0.300000000,0.800000000,0.600000000,1.500000000,2.000000000,85,109,0
2026-06-01T20:00:54,1778159011.826070786,r1,track_association,wall_like,accepted,selected_best_match,detection,0,94,confirmed,78,1,0.413774897,0.625287642,1.184189927,0.017196583,0.000000000,nan,nan,nan,nan,nan,nan,nan,nan,nan,8.000000000,0.300000000,1.800000000,3.000000000,nan,nan,nan,nan,nan,nan,nan,nan,nan,1.500000000,2.000000000,790,278,0
2026-06-01T20:00:55,1778159012.042070627,r1,track_association,wall_like,accepted,selected_best_match,detection,0,94,confirmed,79,0,0.233902438,0.303427110,0.707479356,0.013297545,0.000000000,nan,nan,nan,nan,nan,nan,nan,nan,nan,8.000000000,0.300000000,1.800000000,3.000000000,nan,nan,nan,nan,nan,nan,nan,nan,nan,1.500000000,2.000000000,638,790,0
2026-06-01T20:00:55,1778159012.042070627,r1,track_association,pillar_like,accepted,selected_best_match,detection,1,113,confirmed,5,2,1.440705771,0.490539500,nan,nan,nan,nan,nan,nan,nan,nan,0.191774348,0.809814824,0.178655863,0.509463787,nan,nan,nan,nan,nan,nan,nan,nan,nan,0.500000000,0.300000000,0.800000000,0.600000000,1.500000000,2.000000000,62,85,0
2026-06-01T20:00:55,1778159012.246070623,r1,track_association,wall_like,accepted,selected_best_match,detection,0,94,confirmed,80,0,0.291412502,0.442630879,0.813948029,0.012637612,0.000000000,nan,nan,nan,nan,nan,nan,nan,nan,nan,8.000000000,0.300000000,1.800000000,3.000000000,nan,nan,nan,nan,nan,nan,nan,nan,nan,1.500000000,2.000000000,382,638,0
2026-06-01T20:00:55,1778159012.246070623,r1,track_association,pillar_like,accepted,selected_best_match,detection,1,113,confirmed,6,0,0.994263256,0.382507776,nan,nan,nan,nan,nan,nan,nan,nan,0.100130688,0.898829391,0.397248983,0.391863823,nan,nan,nan,nan,nan,nan,nan,nan,nan,0.500000000,0.300000000,0.800000000,0.600000000,1.500000000,2.000000000,60,62,0
2026-06-01T20:00:55,1778159012.486070633,r1,track_association,wall_like,accepted,selected_best_match,detection,0,94,confirmed,81,0,0.224598818,0.515610881,0.186540701,0.008823281,0.000000000,nan,nan,nan,nan,nan,nan,nan,nan,nan,8.000000000,0.300000000,1.800000000,3.000000000,nan,nan,nan,nan,nan,nan,nan,nan,nan,1.500000000,2.000000000,644,382,0
2026-06-01T20:00:55,1778159012.642070770,r1,track_association,wall_like,accepted,selected_best_match,detection,0,116,weak_tracked,2,5,0.317209939,0.487842254,0.541619103,0.026068040,0.000000000,nan,nan,nan,nan,nan,nan,nan,nan,nan,8.000000000,0.300000000,1.800000000,3.000000000,nan,nan,nan,nan,nan,nan,nan,nan,nan,1.500000000,2.000000000,277,165,0
2026-06-01T20:00:55,1778159012.642070770,r1,track_association,wall_like,rejected,plane_offset,detection,0,112,candidate,1,24,nan,3.446352616,0.448546559,0.434719795,1.615596265,nan,nan,nan,nan,nan,nan,nan,nan,nan,8.000000000,0.300000000,1.800000000,3.000000000,nan,nan,nan,nan,nan,nan,nan,nan,nan,1.500000000,2.000000000,277,90,0
2026-06-01T20:00:55,1778159012.642070770,r1,track_association,wall_like,accepted,selected_best_match,detection,1,111,weak_tracked,3,5,0.902277674,1.385015986,2.581391092,0.035379538,0.000000000,nan,nan,nan,nan,nan,nan,nan,nan,nan,8.000000000,0.300000000,1.800000000,3.000000000,nan,nan,nan,nan,nan,nan,nan,nan,nan,1.500000000,2.000000000,110,241,0
2026-06-01T20:00:55,1778159012.642070770,r1,track_association,wall_like,rejected,plane_offset,detection,1,112,candidate,1,24,nan,4.854491182,1.168254131,0.446257443,0.073866765,nan,nan,nan,nan,nan,nan,nan,nan,nan,8.000000000,0.300000000,1.800000000,3.000000000,nan,nan,nan,nan,nan,nan,nan,nan,nan,1.500000000,2.000000000,110,90,0
2026-06-01T20:00:55,1778159012.642070770,r1,track_association,pillar_like,accepted,selected_best_match,detection,3,113,confirmed,7,1,0.800655651,0.395749937,nan,nan,nan,nan,nan,nan,nan,nan,0.122514444,0.825921534,0.165723681,0.218985558,nan,nan,nan,nan,nan,nan,nan,nan,nan,0.500000000,0.300000000,0.800000000,0.600000000,1.500000000,2.000000000,65,60,0
2026-06-01T20:00:55,1778159012.825070620,r1,track_association,wall_like,accepted,selected_best_match,detection,0,94,confirmed,82,1,0.207979792,0.532761551,0.046600752,0.007370254,0.000000000,nan,nan,nan,nan,nan,nan,nan,nan,nan,8.000000000,0.300000000,1.800000000,3.000000000,nan,nan,nan,nan,nan,nan,nan,nan,nan,1.500000000,2.000000000,713,644,0
2026-06-01T20:00:55,1778159012.825070620,r1,track_association,pillar_like,accepted,selected_best_match,detection,1,113,confirmed,8,0,0.640066078,0.275466410,nan,nan,nan,nan,nan,nan,nan,nan,0.068365959,0.883055284,0.100663781,0.225793839,nan,nan,nan,nan,nan,nan,nan,nan,nan,0.500000000,0.300000000,0.800000000,0.600000000,1.500000000,2.000000000,62,65,0
2026-06-01T20:00:56,1778159013.266070604,r1,track_association,wall_like,accepted,selected_best_match,detection,0,94,confirmed,83,1,0.203437856,0.247064802,0.676688486,0.010949058,0.000000000,nan,nan,nan,nan,nan,nan,nan,nan,nan,8.000000000,0.300000000,1.800000000,3.000000000,nan,nan,nan,nan,nan,nan,nan,nan,nan,1.500000000,2.000000000,270,713,0
2026-06-01T20:00:56,1778159013.425070524,r1,track_association,wall_like,accepted,selected_best_match,detection,0,116,weak_tracked,3,3,0.256051765,0.376763960,0.938456344,0.003947020,0.000000000,nan,nan,nan,nan,nan,nan,nan,nan,nan,8.000000000,0.300000000,1.800000000,3.000000000,nan,nan,nan,nan,nan,nan,nan,nan,nan,1.500000000,2.000000000,223,277,0
2026-06-01T20:00:56,1778159013.425070524,r1,track_association,wall_like,rejected,plane_offset,detection,0,112,candidate,1,28,nan,3.631246818,0.843265198,0.396152516,0.423088779,nan,nan,nan,nan,nan,nan,nan,nan,nan,8.000000000,0.300000000,1.800000000,3.000000000,nan,nan,nan,nan,nan,nan,nan,nan,nan,1.500000000,2.000000000,223,90,0
2026-06-01T20:00:56,1778159013.425070524,r1,track_association,pillar_like,accepted,selected_best_match,detection,1,113,confirmed,9,2,0.841359885,0.180656892,nan,nan,nan,nan,nan,nan,nan,nan,0.046003161,0.911754996,0.005921364,0.396309853,nan,nan,nan,nan,nan,nan,nan,nan,nan,0.500000000,0.300000000,0.800000000,0.600000000,1.500000000,2.000000000,59,62,0
2026-06-01T20:00:56,1778159013.824070692,r1,track_association,wall_like,accepted,selected_best_match,detection,0,94,confirmed,84,2,0.193900472,0.386226750,0.425446370,0.003593228,0.000000000,nan,nan,nan,nan,nan,nan,nan,nan,nan,8.000000000,0.300000000,1.800000000,3.000000000,nan,nan,nan,nan,nan,nan,nan,nan,nan,1.500000000,2.000000000,568,270,0
2026-06-01T20:00:56,1778159013.824070692,r1,track_association,pillar_like,accepted,selected_best_match,detection,2,118,candidate,1,2,0.722508622,0.204898260,nan,nan,nan,nan,nan,nan,nan,nan,0.079522543,0.937412089,0.126662970,0.292925596,nan,nan,nan,nan,nan,nan,nan,nan,nan,0.500000000,0.300000000,0.800000000,0.600000000,1.500000000,2.000000000,54,63,0
2026-06-01T20:00:57,1778159014.025070667,r1,track_association,wall_like,accepted,selected_best_match,detection,0,94,confirmed,85,0,0.281930951,0.379176184,0.889424990,0.013308230,0.000000000,nan,nan,nan,nan,nan,nan,nan,nan,nan,8.000000000,0.300000000,1.800000000,3.000000000,nan,nan,nan,nan,nan,nan,nan,nan,nan,1.500000000,2.000000000,228,568,0
2026-06-01T20:00:57,1778159014.025070667,r1,track_association,wall_like,accepted,selected_best_match,detection,1,116,weak_tracked,4,2,0.581245866,1.225246510,0.507478248,0.032818675,0.000000000,nan,nan,nan,nan,nan,nan,nan,nan,nan,8.000000000,0.300000000,1.800000000,3.000000000,nan,nan,nan,nan,nan,nan,nan,nan,nan,1.500000000,2.000000000,296,223,0
2026-06-01T20:00:57,1778159014.025070667,r1,track_association,wall_like,rejected,plane_offset,detection,1,112,candidate,1,31,nan,4.459478803,0.289336081,0.425219733,2.133658748,nan,nan,nan,nan,nan,nan,nan,nan,nan,8.000000000,0.300000000,1.800000000,3.000000000,nan,nan,nan,nan,nan,nan,nan,nan,nan,1.500000000,2.000000000,296,90,0
2026-06-01T20:00:57,1778159014.226070642,r1,track_association,wall_like,accepted,selected_best_match,detection,0,116,weak_tracked,5,0,0.217914272,0.190516047,1.147053617,0.003308166,0.000000000,nan,nan,nan,nan,nan,nan,nan,nan,nan,8.000000000,0.300000000,1.800000000,3.000000000,nan,nan,nan,nan,nan,nan,nan,nan,nan,1.500000000,2.000000000,95,296,0
2026-06-01T20:00:57,1778159014.226070642,r1,track_association,wall_like,rejected,plane_offset,detection,0,112,candidate,1,32,nan,3.612160604,1.490165594,0.400654743,1.633357858,nan,nan,nan,nan,nan,nan,nan,nan,nan,8.000000000,0.300000000,1.800000000,3.000000000,nan,nan,nan,nan,nan,nan,nan,nan,nan,1.500000000,2.000000000,95,90,0
2026-06-01T20:00:57,1778159014.424070597,r1,track_association,wall_like,accepted,selected_best_match,detection,0,94,confirmed,86,1,0.100033214,0.160512954,0.297711494,0.002794488,0.000000000,nan,nan,nan,nan,nan,nan,nan,nan,nan,8.000000000,0.300000000,1.800000000,3.000000000,nan,nan,nan,nan,nan,nan,nan,nan,nan,1.500000000,2.000000000,642,228,0
2026-06-01T20:00:57,1778159014.424070597,r1,track_association,wall_like,accepted,selected_best_match,detection,2,112,candidate,1,33,0.680578979,0.892043365,2.134439343,0.034927882,0.000000000,nan,nan,nan,nan,nan,nan,nan,nan,nan,8.000000000,0.300000000,1.800000000,3.000000000,nan,nan,nan,nan,nan,nan,nan,nan,nan,1.500000000,2.000000000,227,90,0
2026-06-01T20:00:57,1778159014.424070597,r1,track_association,wall_like,rejected,plane_offset,detection,2,111,weak_tracked,4,8,nan,4.395063968,1.734193648,0.424567441,0.000000000,nan,nan,nan,nan,nan,nan,nan,nan,nan,8.000000000,0.300000000,1.800000000,3.000000000,nan,nan,nan,nan,nan,nan,nan,nan,nan,1.500000000,2.000000000,227,110,0
2026-06-01T20:00:57,1778159014.604075670,r1,track_association,wall_like,accepted,selected_best_match,detection,0,112,weak_tracked,2,0,1.145266683,0.441726293,4.940818738,0.114126673,0.000000000,nan,nan,nan,nan,nan,nan,nan,nan,nan,8.000000000,0.300000000,1.800000000,3.000000000,nan,nan,nan,nan,nan,nan,nan,nan,nan,1.500000000,2.000000000,209,227,0
2026-06-01T20:00:57,1778159014.604075670,r1,track_association,wall_like,accepted,selected_best_match,detection,1,116,confirmed,6,1,0.407578280,0.382825179,1.730794573,0.019086170,0.000000000,nan,nan,nan,nan,nan,nan,nan,nan,nan,8.000000000,0.300000000,1.800000000,3.000000000,nan,nan,nan,nan,nan,nan,nan,nan,nan,1.500000000,2.000000000,311,95,0
2026-06-01T20:00:57,1778159014.844075680,r1,track_association,wall_like,accepted,selected_best_match,detection,0,112,weak_tracked,3,0,0.822333949,0.292604979,3.268670215,0.094864554,0.000000000,nan,nan,nan,nan,nan,nan,nan,nan,nan,8.000000000,0.300000000,1.800000000,3.000000000,nan,nan,nan,nan,nan,nan,nan,nan,nan,1.500000000,2.000000000,235,209,0
2026-06-01T20:00:58,1778159015.024075508,r1,track_association,wall_like,accepted,selected_best_match,detection,0,116,confirmed,7,1,0.528697479,0.782336323,1.481416187,0.024822504,0.000000000,nan,nan,nan,nan,nan,nan,nan,nan,nan,8.000000000,0.300000000,1.800000000,3.000000000,nan,nan,nan,nan,nan,nan,nan,nan,nan,1.500000000,2.000000000,439,311,0
2026-06-01T20:00:58,1778159015.024075508,r1,track_association,wall_like,rejected,plane_offset,detection,0,112,weak_tracked,4,0,nan,3.309912091,0.551108711,0.427723817,0.000000000,nan,nan,nan,nan,nan,nan,nan,nan,nan,8.000000000,0.300000000,1.800000000,3.000000000,nan,nan,nan,nan,nan,nan,nan,nan,nan,1.500000000,2.000000000,439,235,0
2026-06-01T20:00:58,1778159015.024075508,r1,track_association,wall_like,accepted,selected_best_match,detection,3,94,confirmed,87,2,0.362985987,0.065348821,1.165205658,0.058665702,0.000000000,nan,nan,nan,nan,nan,nan,nan,nan,nan,8.000000000,0.300000000,1.800000000,3.000000000,nan,nan,nan,nan,nan,nan,nan,nan,nan,1.500000000,2.000000000,539,642,0
2026-06-01T20:00:58,1778159015.024075508,r1,track_association,wall_like,accepted,selected_best_match,detection,5,112,weak_tracked,4,0,0.711509119,0.581246658,3.349217032,0.029732431,0.000000000,nan,nan,nan,nan,nan,nan,nan,nan,nan,8.000000000,0.300000000,1.800000000,3.000000000,nan,nan,nan,nan,nan,nan,nan,nan,nan,1.500000000,2.000000000,149,235,0
2026-06-01T20:00:58,1778159015.243075609,r1,track_association,wall_like,accepted,selected_best_match,detection,0,112,confirmed,5,0,0.434264749,0.341144381,1.314452917,0.046873002,0.000000000,nan,nan,nan,nan,nan,nan,nan,nan,nan,8.000000000,0.300000000,1.800000000,3.000000000,nan,nan,nan,nan,nan,nan,nan,nan,nan,1.500000000,2.000000000,131,149,0
2026-06-01T20:00:58,1778159015.243075609,r1,track_association,wall_like,rejected,plane_offset,detection,0,116,confirmed,8,0,nan,4.287104980,3.244334680,0.431811310,0.000000000,nan,nan,nan,nan,nan,nan,nan,nan,nan,8.000000000,0.300000000,1.800000000,3.000000000,nan,nan,nan,nan,nan,nan,nan,nan,nan,1.500000000,2.000000000,131,439,0
2026-06-01T20:00:58,1778159015.243075609,r1,track_association,wall_like,accepted,selected_best_match,detection,1,116,confirmed,8,0,0.346335911,0.512484774,1.231050661,0.006487896,0.000000000,nan,nan,nan,nan,nan,nan,nan,nan,nan,8.000000000,0.300000000,1.800000000,3.000000000,nan,nan,nan,nan,nan,nan,nan,nan,nan,1.500000000,2.000000000,84,439,0
2026-06-01T20:00:58,1778159015.821747065,r1,track_association,wall_like,accepted,selected_best_match,detection,0,116,confirmed,9,2,0.571809053,0.970046885,0.974860542,0.037980757,0.000000000,nan,nan,nan,nan,nan,nan,nan,nan,nan,8.000000000,0.300000000,1.800000000,3.000000000,nan,nan,nan,nan,nan,nan,nan,nan,nan,1.500000000,2.000000000,257,84,0
2026-06-01T20:00:59,1778159016.019747257,r1,track_association,wall_like,accepted,selected_best_match,detection,0,116,confirmed,10,0,0.144868265,0.182029603,0.567900041,0.003961268,0.000000000,nan,nan,nan,nan,nan,nan,nan,nan,nan,8.000000000,0.300000000,1.800000000,3.000000000,nan,nan,nan,nan,nan,nan,nan,nan,nan,1.500000000,2.000000000,237,257,0
2026-06-01T20:00:59,1778159016.238747358,r1,track_association,wall_like,accepted,selected_best_match,detection,0,112,stale,6,4,0.755154975,0.258964144,4.073994954,0.047875267,0.000000000,nan,nan,nan,nan,nan,nan,nan,nan,nan,8.000000000,0.300000000,1.800000000,3.000000000,nan,nan,nan,nan,nan,nan,nan,nan,nan,1.500000000,2.000000000,93,131,0
2026-06-01T20:00:59,1778159016.238747358,r1,track_association,wall_like,rejected,plane_offset,detection,0,116,confirmed,11,0,nan,4.322751777,4.192758706,0.415804761,1.510944190,nan,nan,nan,nan,nan,nan,nan,nan,nan,8.000000000,0.300000000,1.800000000,3.000000000,nan,nan,nan,nan,nan,nan,nan,nan,nan,1.500000000,2.000000000,93,237,0
2026-06-01T20:00:59,1778159016.238747358,r1,track_association,wall_like,accepted,selected_best_match,detection,1,116,confirmed,11,0,1.256201781,2.092068539,3.599363293,0.032677557,0.000000000,nan,nan,nan,nan,nan,nan,nan,nan,nan,8.000000000,0.300000000,1.800000000,3.000000000,nan,nan,nan,nan,nan,nan,nan,nan,nan,1.500000000,2.000000000,167,237,0
2026-06-01T20:00:59,1778159016.421746969,r1,track_association,wall_like,accepted,selected_best_match,detection,0,116,confirmed,12,0,0.362885203,0.784777914,0.046476291,0.028644909,0.000000000,nan,nan,nan,nan,nan,nan,nan,nan,nan,8.000000000,0.300000000,1.800000000,3.000000000,nan,nan,nan,nan,nan,nan,nan,nan,nan,1.500000000,2.000000000,304,167,0
2026-06-01T20:00:59,1778159016.421746969,r1,track_association,pillar_like,accepted,selected_best_match,detection,2,118,weak_tracked,2,12,0.480452415,0.536333072,nan,nan,nan,nan,nan,nan,nan,nan,0.030109850,0.770930872,0.094254494,0.109042883,nan,nan,nan,nan,nan,nan,nan,nan,nan,0.500000000,0.300000000,0.800000000,0.600000000,1.500000000,2.000000000,82,54,0
2026-06-01T20:00:59,1778159016.643747091,r1,track_association,wall_like,accepted,selected_best_match,detection,0,94,stale,88,7,0.441922185,0.873078693,0.763947599,0.016620751,0.000000000,nan,nan,nan,nan,nan,nan,nan,nan,nan,8.000000000,0.300000000,1.800000000,3.000000000,nan,nan,nan,nan,nan,nan,nan,nan,nan,1.500000000,2.000000000,508,539,0
2026-06-01T20:00:59,1778159016.643747091,r1,track_association,wall_like,accepted,selected_best_match,detection,2,112,confirmed,7,1,0.784721402,0.753827984,3.288340227,0.036720864,0.000000000,nan,nan,nan,nan,nan,nan,nan,nan,nan,8.000000000,0.300000000,1.800000000,3.000000000,nan,nan,nan,nan,nan,nan,nan,nan,nan,1.500000000,2.000000000,80,93,0
2026-06-01T20:00:59,1778159016.802747011,r1,track_association,wall_like,accepted,selected_best_match,detection,0,116,confirmed,13,1,0.368186870,0.887700780,0.317034813,0.009797177,0.000000000,nan,nan,nan,nan,nan,nan,nan,nan,nan,8.000000000,0.300000000,1.800000000,3.000000000,nan,nan,nan,nan,nan,nan,nan,nan,nan,1.500000000,2.000000000,429,304,0
2026-06-01T20:00:59,1778159016.802747011,r1,track_association,wall_like,rejected,plane_offset,detection,0,112,confirmed,8,0,nan,5.518978997,1.888839146,0.403066703,0.000000000,nan,nan,nan,nan,nan,nan,nan,nan,nan,8.000000000,0.300000000,1.800000000,3.000000000,nan,nan,nan,nan,nan,nan,nan,nan,nan,1.500000000,2.000000000,429,80,0
2026-06-01T20:00:59,1778159016.802747011,r1,track_association,wall_like,accepted,selected_best_match,detection,3,94,confirmed,89,0,0.616187084,1.034783297,0.909284847,0.047279614,0.000000000,nan,nan,nan,nan,nan,nan,nan,nan,nan,8.000000000,0.300000000,1.800000000,3.000000000,nan,nan,nan,nan,nan,nan,nan,nan,nan,1.500000000,2.000000000,384,508,0
2026-06-01T20:00:59,1778159016.802747011,r1,track_association,pillar_like,accepted,selected_best_match,detection,4,102,stale,11,51,0.773974477,0.498947192,nan,nan,nan,nan,nan,nan,nan,nan,0.379015943,0.914326802,0.355314493,0.107399940,nan,nan,nan,nan,nan,nan,nan,nan,nan,0.800000000,0.300000000,0.800000000,0.600000000,1.500000000,2.000000000,127,113,0
2026-06-01T20:01:00,1778159017.018747330,r1,track_association,wall_like,accepted,selected_best_match,detection,0,116,confirmed,14,0,0.400542382,0.663734834,1.276744469,0.005911313,0.000000000,nan,nan,nan,nan,nan,nan,nan,nan,nan,8.000000000,0.300000000,1.800000000,3.000000000,nan,nan,nan,nan,nan,nan,nan,nan,nan,1.500000000,2.000000000,356,429,0
2026-06-01T20:01:00,1778159017.240747213,r1,track_association,wall_like,accepted,selected_best_match,detection,0,116,confirmed,15,0,0.355794259,0.629905460,0.987896239,0.006701623,0.000000000,nan,nan,nan,nan,nan,nan,nan,nan,nan,8.000000000,0.300000000,1.800000000,3.000000000,nan,nan,nan,nan,nan,nan,nan,nan,nan,1.500000000,2.000000000,310,356,0
2026-06-01T20:01:00,1778159017.240747213,r1,track_association,wall_like,accepted,selected_best_match,detection,1,94,confirmed,90,1,0.634509646,0.504948840,2.441753740,0.048292245,0.000000000,nan,nan,nan,nan,nan,nan,nan,nan,nan,8.000000000,0.300000000,1.800000000,3.000000000,nan,nan,nan,nan,nan,nan,nan,nan,nan,1.500000000,2.000000000,192,384,0
2026-06-01T20:01:00,1778159017.441746950,r1,track_association,wall_like,accepted,selected_best_match,detection,0,94,confirmed,91,0,0.261978655,0.333523479,0.215385215,0.037164303,0.000000000,nan,nan,nan,nan,nan,nan,nan,nan,nan,8.000000000,0.300000000,1.800000000,3.000000000,nan,nan,nan,nan,nan,nan,nan,nan,nan,1.500000000,2.000000000,538,192,0
2026-06-01T20:01:00,1778159017.441746950,r1,track_association,wall_like,accepted,selected_best_match,detection,1,116,confirmed,16,0,0.300353884,0.492775322,1.031818564,0.002135437,0.000000000,nan,nan,nan,nan,nan,nan,nan,nan,nan,8.000000000,0.300000000,1.800000000,3.000000000,nan,nan,nan,nan,nan,nan,nan,nan,nan,1.500000000,2.000000000,167,310,0
2026-06-01T20:01:00,1778159017.441746950,r1,track_association,wall_like,rejected,plane_offset,detection,1,112,confirmed,8,3,nan,4.432889471,1.210307881,0.384108173,2.057298324,nan,nan,nan,nan,nan,nan,nan,nan,nan,8.000000000,0.300000000,1.800000000,3.000000000,nan,nan,nan,nan,nan,nan,nan,nan,nan,1.500000000,2.000000000,167,80,0
2026-06-01T20:01:00,1778159017.441746950,r1,track_association,wall_like,accepted,selected_best_match,detection,2,112,confirmed,8,3,0.955592793,1.345124587,0.631042341,0.128501291,0.000000000,nan,nan,nan,nan,nan,nan,nan,nan,nan,8.000000000,0.300000000,1.800000000,3.000000000,nan,nan,nan,nan,nan,nan,nan,nan,nan,1.500000000,2.000000000,76,80,0
2026-06-01T20:01:00,1778159017.639747143,r1,track_association,wall_like,accepted,selected_best_match,detection,0,121,candidate,1,2,0.741537644,0.919781171,2.092834506,0.052001882,0.000000000,nan,nan,nan,nan,nan,nan,nan,nan,nan,8.000000000,0.300000000,1.800000000,3.000000000,nan,nan,nan,nan,nan,nan,nan,nan,nan,1.500000000,2.000000000,230,200,0
2026-06-01T20:01:00,1778159017.639747143,r1,track_association,pillar_like,accepted,selected_best_match,detection,2,102,stale,12,3,0.566043046,0.205073569,nan,nan,nan,nan,nan,nan,nan,nan,0.195799069,0.976696172,0.042068362,0.176270127,nan,nan,nan,nan,nan,nan,nan,nan,nan,0.800000000,0.300000000,0.800000000,0.600000000,1.500000000,2.000000000,106,127,0
2026-06-01T20:01:01,1778159018.017747164,r1,track_association,wall_like,accepted,selected_best_match,detection,0,116,confirmed,17,2,0.183710435,0.203338525,0.782855606,0.005422193,0.000000000,nan,nan,nan,nan,nan,nan,nan,nan,nan,8.000000000,0.300000000,1.800000000,3.000000000,nan,nan,nan,nan,nan,nan,nan,nan,nan,1.500000000,2.000000000,423,167,0
2026-06-01T20:01:01,1778159018.017747164,r1,track_association,wall_like,accepted,selected_best_match,detection,2,120,candidate,1,6,0.931478170,1.218418268,2.194715970,0.075299775,0.000000000,nan,nan,nan,nan,nan,nan,nan,nan,nan,8.000000000,0.300000000,1.800000000,3.000000000,nan,nan,nan,nan,nan,nan,nan,nan,nan,1.500000000,2.000000000,55,61,0
2026-06-01T20:01:01,1778159018.221747160,r1,track_association,wall_like,accepted,selected_best_match,detection,0,116,confirmed,18,0,0.230624071,0.129327838,1.380907279,0.004470415,0.000000000,nan,nan,nan,nan,nan,nan,nan,nan,nan,8.000000000,0.300000000,1.800000000,3.000000000,nan,nan,nan,nan,nan,nan,nan,nan,nan,1.500000000,2.000000000,310,423,0
2026-06-01T20:01:01,1778159018.221747160,r1,track_association,wall_like,accepted,selected_best_match,detection,2,94,confirmed,92,3,0.150291816,0.158395306,0.110248747,0.025113686,0.000000000,nan,nan,nan,nan,nan,nan,nan,nan,nan,8.000000000,0.300000000,1.800000000,3.000000000,nan,nan,nan,nan,nan,nan,nan,nan,nan,1.500000000,2.000000000,520,538,0
2026-06-01T20:01:01,1778159018.422747135,r1,track_association,wall_like,accepted,selected_best_match,detection,0,116,confirmed,19,0,0.107763705,0.188509744,0.201171367,0.005934211,0.000000000,nan,nan,nan,nan,nan,nan,nan,nan,nan,8.000000000,0.300000000,1.800000000,3.000000000,nan,nan,nan,nan,nan,nan,nan,nan,nan,1.500000000,2.000000000,346,310,0
2026-06-01T20:01:01,1778159018.422747135,r1,track_association,wall_like,accepted,selected_best_match,detection,1,120,weak_tracked,2,1,0.734440325,0.918700198,1.705149156,0.064518984,0.000000000,nan,nan,nan,nan,nan,nan,nan,nan,nan,8.000000000,0.300000000,1.800000000,3.000000000,nan,nan,nan,nan,nan,nan,nan,nan,nan,1.500000000,2.000000000,73,55,0
2026-06-01T20:01:01,1778159018.422747135,r1,track_association,pillar_like,accepted,selected_best_match,detection,3,102,confirmed,13,3,0.531256616,0.137838744,nan,nan,nan,nan,nan,nan,nan,nan,0.129126219,1.000000000,0.120898128,0.156548619,nan,nan,nan,nan,nan,nan,nan,nan,nan,0.500000000,0.300000000,0.800000000,0.600000000,1.500000000,2.000000000,126,106,0
2026-06-01T20:01:01,1778159018.620747089,r1,track_association,wall_like,accepted,selected_best_match,detection,0,94,confirmed,93,1,0.125648900,0.029562646,0.151164462,0.029069738,0.000000000,nan,nan,nan,nan,nan,nan,nan,nan,nan,8.000000000,0.300000000,1.800000000,3.000000000,nan,nan,nan,nan,nan,nan,nan,nan,nan,1.500000000,2.000000000,568,520,0
2026-06-01T20:01:01,1778159018.821747065,r1,track_association,wall_like,accepted,selected_best_match,detection,0,94,confirmed,94,0,0.097486873,0.070761646,0.098414579,0.018479351,0.000000000,nan,nan,nan,nan,nan,nan,nan,nan,nan,8.000000000,0.300000000,1.800000000,3.000000000,nan,nan,nan,nan,nan,nan,nan,nan,nan,1.500000000,2.000000000,478,568,0
2026-06-01T20:01:02,1778159019.040746927,r1,track_association,wall_like,accepted,selected_best_match,detection,0,94,confirmed,95,0,0.077307857,0.063338932,0.092913984,0.013374190,0.000000000,nan,nan,nan,nan,nan,nan,nan,nan,nan,8.000000000,0.300000000,1.800000000,3.000000000,nan,nan,nan,nan,nan,nan,nan,nan,nan,1.500000000,2.000000000,555,478,0
