stamp_sec,stamp_nanosec,stamp,message_frame_id,plane_group,plane_id,plane_frame_id,nx_map,ny_map,nz_map,d_map,nx_odom,ny_odom,nz_odom,d_odom,point_count,centroid_x_map,centroid_y_map,centroid_z_map,centroid_x_odom,centroid_y_odom,centroid_z_odom,extent_x_map,extent_y_map,extent_z_map,data_source,map_to_odom_available,odom2map_stamp,odom2map_dt,odom2map_frame_id,odom2map_child_frame_id
1780327182,247580485,1780327182.2475805,,x,6,,-0.8156731836709555,0.5781998713710018,0.019030664377385164,4.361055374145508,-0.8156731836709555,0.5781998713710018,0.019030664377385164,4.361055536175739,150,3.7401742633183797,-2.144011334578196,-3.7121032253901163,3.7401741849427803,-2.144011725336683,-3.712103226577596,2.2994494438171387,3.2437262535095215,0.9204404354095459,Online,true,1780327182.2475805,0.0,map,odom
1780327182,247580485,1780327182.2475805,,x,3,,-0.8160669047115954,0.577827740275121,-0.012243757714990334,4.295943737030029,-0.8160669047115954,0.577827740275121,-0.012243757714990334,4.295943898846851,516,2.3551921991183775,-4.169953819739726,-2.87949849145357,2.355192120742778,-4.169954210498213,-2.87949849264105,5.527462720870972,7.805644333362579,1.495542287826538,Online,true,1780327182.2475805,0.0,map,odom
1780327182,247580485,1780327182.2475805,,y,4,,-0.5725898082511094,-0.8198261169182725,0.00510387163481919,2.5930557250976562,-0.5725898082511095,-0.8198261169182726,0.0051038716348191905,2.593055359872635,480,0.18830452035181225,3.0149235282093287,-2.7225674452881017,0.1883044419762129,3.014923137450842,-2.7225674464755816,9.989613056182861,6.997900307178497,1.783682107925415,Online,true,1780327182.2475805,0.0,map,odom
1780327182,247580485,1780327182.2475805,,x,6,,-0.8156731836709555,0.5781998713710018,0.019030664377385164,4.361055374145508,-0.8156731836709555,0.5781998713710018,0.019030664377385164,4.361055536175739,150,3.7401742633183797,-2.144011334578196,-3.7121032253901163,3.7401741849427803,-2.144011725336683,-3.712103226577596,2.2994494438171387,3.2437262535095215,0.9204404354095459,Online,true,1780327182.2475805,0.0,map,odom
1780327182,247580485,1780327182.2475805,,x,3,,-0.8160669047115954,0.577827740275121,-0.012243757714990334,4.295943737030029,-0.8160669047115954,0.577827740275121,-0.012243757714990334,4.295943898846851,516,2.3551921991183775,-4.169953819739726,-2.87949849145357,2.355192120742778,-4.169954210498213,-2.87949849264105,5.527462720870972,7.805644333362579,1.495542287826538,Online,true,1780327182.2475805,0.0,map,odom
1780327182,247580485,1780327182.2475805,,y,4,,-0.5725898082511094,-0.8198261169182725,0.00510387163481919,2.5930557250976562,-0.5725898082511095,-0.8198261169182726,0.0051038716348191905,2.593055359872635,480,0.18830452035181225,3.0149235282093287,-2.7225674452881017,0.1883044419762129,3.014923137450842,-2.7225674464755816,9.989613056182861,6.997900307178497,1.783682107925415,Online,true,1780327182.2475805,0.0,map,odom
1780327182,247580485,1780327182.2475805,,x,6,,-0.8156731836709555,0.5781998713710018,0.019030664377385164,4.361055374145508,-0.8156731836709555,0.5781998713710018,0.019030664377385164,4.361055536175739,150,3.7401742633183797,-2.144011334578196,-3.7121032253901163,3.7401741849427803,-2.144011725336683,-3.712103226577596,2.2994494438171387,3.2437262535095215,0.9204404354095459,Online,true,1780327182.2475805,0.0,map,odom
1780327182,247580485,1780327182.2475805,,x,3,,-0.8160669047115954,0.577827740275121,-0.012243757714990334,4.295943737030029,-0.8160669047115954,0.577827740275121,-0.012243757714990334,4.295943898846851,516,2.3551921991183775,-4.169953819739726,-2.87949849145357,2.355192120742778,-4.169954210498213,-2.87949849264105,5.527462720870972,7.805644333362579,1.495542287826538,Online,true,1780327182.2475805,0.0,map,odom
1780327182,247580485,1780327182.2475805,,y,4,,-0.5725898082511094,-0.8198261169182725,0.00510387163481919,2.5930557250976562,-0.5725898082511095,-0.8198261169182726,0.0051038716348191905,2.593055359872635,480,0.18830452035181225,3.0149235282093287,-2.7225674452881017,0.1883044419762129,3.014923137450842,-2.7225674464755816,9.989613056182861,6.997900307178497,1.783682107925415,Online,true,1780327182.2475805,0.0,map,odom
1780327192,648366682,1780327192.6483667,,x,6,,-0.8156731836709555,0.5781998713710018,0.019030664377385164,4.361055374145508,-0.8156731836709555,0.5781998713710018,0.01903066437738515,4.3610554921692755,150,3.7401742633183797,-2.144011334578196,-3.7121032253901163,3.7401739773417826,-2.144011942017884,-3.7121032288403084,2.2994494438171387,3.2437262535095215,0.9204404354095459,Online,true,1780327192.6483667,0.0,map,odom
1780327192,648366682,1780327192.6483667,,x,3,,-0.8160669047115954,0.577827740275121,-0.012243757714990334,4.295943737030029,-0.8160669047115954,0.577827740275121,-0.012243757714990347,4.295943854607252,918,2.4776966336116293,-4.105696159445382,-2.860710871765037,2.477696347635032,-4.10569676688507,-2.8607108752152293,5.820279836654663,7.805644333362579,1.534830093383789,Online,true,1780327192.6483667,0.0,map,odom
1780327192,648366682,1780327192.6483667,,y,4,,-0.5725898082511094,-0.8198261169182725,0.00510387163481919,2.5930557250976562,-0.5725898082511095,-0.8198261169182726,0.005103871634819113,2.5930550633730607,838,0.9643007014435772,2.5365614253040714,-2.736937073221639,0.9643004154669802,2.5365608178643835,-2.7369370766718313,10.303236961364746,7.514040470123291,1.783682107925415,Online,true,1780327192.6483667,0.0,map,odom
1780327196,448413254,1780327196.4484134,,x,6,,-0.8156731835553016,0.5781998712890191,0.01903067182526751,4.361057281494141,-0.803048829063994,0.5957164202708174,0.015314201209042918,4.424056457937991,150,3.7401742633183797,-2.144011334578196,-3.7121032253901163,3.8094342663926155,-2.1960802518062077,-3.7002992703171724,2.2994494438171387,3.2437262535095215,0.9204404354095459,Online,true,1780327196.4484134,0.0,map,odom
1780327196,448413254,1780327196.4484134,,x,3,,-0.8028020341907111,0.5959840475696515,-0.017660943965478945,4.315131664276123,-0.789650477999478,0.6131857220550277,-0.02133993587268535,4.376037346417731,1083,2.0742511332640468,-4.611765216647313,-2.888450996587371,2.0872800673692673,-4.626510530149815,-2.881333050851549,6.995248794555664,8.94934207201004,1.534830093383789,Online,true,1780327196.4484134,0.0,map,odom
1780327196,448413254,1780327196.4484134,,y,10,,-0.598003871961981,-0.8014850123256061,-0.003625484229953281,2.6610872745513916,-0.6151759626647012,-0.7883715318776915,-0.005372400243856858,2.7485654569896814,108,2.625640999387812,1.4579001245675263,-2.689725370318801,2.768995595303843,1.429988116628785,-2.6852511957850163,4.409727573394775,3.4549262523651123,0.6498870849609375,Online,true,1780327196.4484134,0.0,map,odom
1780327196,448413254,1780327196.4484134,,y,4,,-0.6153044200242835,-0.788285863734742,-0.002422340717575995,2.6203770637512207,-0.6321916945226608,-0.7748003670394691,-0.004248836554988813,2.709164065487846,838,0.9643007014435772,2.5365614253040714,-2.736937073221639,1.1315690057357455,2.5442738204725277,-2.7399528059617215,10.303236961364746,7.514040470123291,1.783682107925415,Online,true,1780327196.4484134,0.0,map,odom
1780327196,448413254,1780327196.4484134,,x,6,,-0.8156731835553016,0.5781998712890191,0.01903067182526751,4.361057281494141,-0.803048829063994,0.5957164202708174,0.015314201209042918,4.424056457937991,150,3.7401742633183797,-2.144011334578196,-3.7121032253901163,3.8094342663926155,-2.1960802518062077,-3.7002992703171724,2.2994494438171387,3.2437262535095215,0.9204404354095459,Online,true,1780327196.4484134,0.0,map,odom
1780327196,448413254,1780327196.4484134,,x,3,,-0.8028020341907111,0.5959840475696515,-0.017660943965478945,4.315131664276123,-0.789650477999478,0.6131857220550277,-0.02133993587268535,4.376037346417731,1083,2.0742511332640468,-4.611765216647313,-2.888450996587371,2.0872800673692673,-4.626510530149815,-2.881333050851549,6.995248794555664,8.94934207201004,1.534830093383789,Online,true,1780327196.4484134,0.0,map,odom
1780327196,448413254,1780327196.4484134,,y,10,,-0.598003871961981,-0.8014850123256061,-0.003625484229953281,2.6610872745513916,-0.6151759626647012,-0.7883715318776915,-0.005372400243856858,2.7485654569896814,108,2.625640999387812,1.4579001245675263,-2.689725370318801,2.768995595303843,1.429988116628785,-2.6852511957850163,4.409727573394775,3.4549262523651123,0.6498870849609375,Online,true,1780327196.4484134,0.0,map,odom
1780327196,448413254,1780327196.4484134,,y,4,,-0.6153044200242835,-0.788285863734742,-0.002422340717575995,2.6203770637512207,-0.6321916945226608,-0.7748003670394691,-0.004248836554988813,2.709164065487846,838,0.9643007014435772,2.5365614253040714,-2.736937073221639,1.1315690057357455,2.5442738204725277,-2.7399528059617215,10.303236961364746,7.514040470123291,1.783682107925415,Online,true,1780327196.4484134,0.0,map,odom
1780327200,247325129,1780327200.2473252,,x,6,,-0.815673203474706,0.5781998431576545,0.019030672762006533,4.361057281494141,-0.8183905699592985,0.5740832556663176,0.0257932271198461,4.328088369623017,150,3.7401742633183797,-2.144011334578196,-3.7121032253901163,3.7589049156346457,-2.012233491772847,-3.74749383898473,2.2994494438171387,3.2437262535095215,0.9204404354095459,Online,true,1780327200.2473252,0.0,map,odom
1780327200,247325129,1780327200.2473252,,x,3,,-0.8075264035765684,0.5897139266659435,-0.011772519820653712,4.325346946716309,-0.8104436281648534,0.5857953998174603,-0.004987496334925933,4.290851989781706,1332,1.8092967818124785,-4.9341571258979515,-2.9134008778824105,1.8454203919703167,-4.815893597190756,-2.9542764562293025,6.811995267868042,9.017081439495087,1.5288565158843994,Online,true,1780327200.2473252,0.0,map,odom
1780327200,247325129,1780327200.2473252,,y,10,,-0.6056469632840507,-0.7957243262839095,-0.003814764059021785,2.658200740814209,-0.601763757836548,-0.798657734633575,-0.005118853817275315,2.748882360948733,108,2.625640999387812,1.4579001245675263,-2.689725370318801,2.631561793296619,1.5788596859525612,-2.701379931284238,4.409727573394775,3.4549262523651123,0.6498870849609375,Online,true,1780327200.2473252,0.0,map,odom
1780327200,247325129,1780327200.2473252,,y,4,,-0.6158842875872576,-0.7878326563096935,-0.0024999910297444717,2.6205856800079346,-0.6120332786118748,-0.790823278338444,-0.003715953395185265,2.7108017883412274,838,0.9643007014435772,2.5365614253040714,-2.736937073221639,0.9647701563822776,2.6495809233566012,-2.7353269938295073,10.303236961364746,7.514040470123291,1.783682107925415,Online,true,1780327200.2473252,0.0,map,odom
1780327204,248493381,1780327204.2484934,,x,15,,-0.9160068281442746,0.4004427898322065,0.024022132804241855,2.8129656314849854,-0.9178377791676329,0.3958449708527186,0.029674402828668782,2.797071176815508,175,-2.4834941230501446,-12.535884710039412,-2.821001056943621,-2.4100320946646643,-12.437721566175968,-2.8808685532936527,1.8956193923950195,4.337428092956543,1.009248971939087,Online,true,1780327204.2484934,0.0,map,odom
1780327204,248493381,1780327204.2484934,,x,6,,-0.8156732315566604,0.5781998034592438,0.019030675279838687,4.361057281494141,-0.818396334986204,0.5741107997403309,0.024984565288728257,4.325091418073294,150,3.7401742633183797,-2.144011334578196,-3.7121032253901163,3.758850348950909,-2.0118701777065344,-3.7558861143255626,2.2994494438171387,3.2437262535095215,0.9204404354095459,Online,true,1780327204.2484934,0.0,map,odom
1780327204,248493381,1780327204.2484934,,x,3,,-0.8075278269620462,0.5897129677877437,-0.011722811306481246,4.325543403625488,-0.8104418869050047,0.5857907615685854,-0.00575600649342939,4.287659434995892,1332,1.8092967818124785,-4.9341571258979515,-2.9134008778824105,1.8451357757383213,-4.814724915397427,-2.960380817675868,6.811995267868042,9.017081439495087,1.5288565158843994,Online,true,1780327204.2484934,0.0,map,odom
1780327204,248493381,1780327204.2484934,,y,10,,-0.6056478478758022,-0.7957237177850148,-0.0038012258290325974,2.6582517623901367,-0.6017651811250367,-0.7986605608826012,-0.004469370899882448,2.75153193032069,108,2.625640999387812,1.4579001245675263,-2.689725370318801,2.6312225508423825,1.580278234391275,-2.7137093688215588,4.409727573394775,3.4549262523651123,0.6498870849609375,Online,true,1780327204.2484934,0.0,map,odom
1780327204,248493381,1780327204.2484934,,y,4,,-0.6158843526012637,-0.7878326036246488,-0.0025005773192523003,2.6205835342407227,-0.6120343150686472,-0.7908251643197557,-0.003091384331204239,2.7133701099219203,838,0.9643007014435772,2.5365614253040714,-2.736937073221639,0.9644432772492104,2.650968530695938,-2.7492040823762562,10.303236961364746,7.514040470123291,1.783682107925415,Online,true,1780327204.2484934,0.0,map,odom
1780327207,647197535,1780327207.6471975,,x,15,,-0.9279435241695735,0.37195572115588205,0.0238695926056529,2.651340961456299,-0.9127224813207583,0.40749533736203775,0.029752682566067588,2.9037473621478767,175,-2.4834941230501446,-12.535884710039412,-2.821001056943621,-2.730647294587687,-12.477895112784774,-2.8781737948653774,1.8956193923950195,4.337428092956543,1.009248971939087,Online,true,1780327207.6471975,0.0,map,odom
1780327207,647197535,1780327207.6471975,,x,6,,-0.8156732315566604,0.5781998034592438,0.019030675279838687,4.361057281494141,-0.7925740830986776,0.6092570175225903,0.025143774572816392,4.595218366463842,150,3.7401742633183797,-2.144011334578196,-3.7121032253901163,3.886503009886039,-2.3312644892136536,-3.760416588275861,2.2994494438171387,3.2437262535095215,0.9204404354095459,Online,true,1780327207.6471975,0.0,map,odom
1780327207,647197535,1780327207.6471975,,x,3,,-0.8109793170401159,0.5849567130300666,-0.011755475924322816,4.314712047576904,-0.7877664598822745,0.6159482156114395,-0.005639181645638011,4.5473810424851875,1332,1.8092967818124785,-4.9341571258979515,-2.9134008778824105,1.8527994758874817,-5.047706687764641,-2.962846188214843,6.811995267868042,9.017081439495087,1.5288565158843994,Online,true,1780327207.6471975,0.0,map,odom
1780327207,647197535,1780327207.6471975,,y,10,,-0.5988480397859419,-0.8008529475855853,-0.003947352025658498,2.6671955585479736,-0.6294216519928008,-0.7770533865472048,-0.0040519696659590265,2.7785853923716743,108,2.625640999387812,1.4579001245675263,-2.689725370318801,2.917086090550463,1.307036251042936,-2.719164652178024,4.409727573394775,3.4549262523651123,0.6498870849609375,Online,true,1780327207.6471975,0.0,map,odom
1780327207,647197535,1780327207.6471975,,y,17,,-0.7348959110136161,0.6781716586883704,0.0033468384083845427,5.877765655517578,-0.7080606435642999,0.7060884737526746,0.009444165867248371,6.096168155745155,437,-1.5010445832660597,-10.134671506947184,-2.8585195879641603,-1.6561409676926648,-10.116376781788176,-2.911444065768338,6.916148662567139,6.893832206726074,1.5121855735778809,Online,true,1780327207.6471975,0.0,map,odom
1780327207,647197535,1780327207.6471975,,y,4,,-0.6344556641220255,-0.7729563509311579,-0.002118919221706004,2.623260736465454,-0.6639133867417849,-0.7478069437466365,-0.0019467381355005922,2.745023871461415,998,1.3392722087208637,2.1660414080103796,-2.707648258051557,1.6590329858172026,2.064499484026395,-2.7282094944634685,11.071306705474854,8.70945119857788,1.7896270751953125,Online,true,1780327207.6471975,0.0,map,odom
1780327211,446709750,1780327211.4467096,,x,15,,-0.9279363601672643,0.3719778000887949,0.02380394338402531,2.651277542114258,-0.9127330434035767,0.40769614033373963,0.026499974268222076,2.8925168060201374,175,-2.4834941230501446,-12.535884710039412,-2.821001056943621,-2.7316191651553483,-12.470591586442152,-2.866551820426386,1.8956193923950195,4.337428092956543,1.009248971939087,Online,true,1780327211.4467096,0.0,map,odom
1780327211,446709750,1780327211.4467096,,x,6,,-0.8156732315566604,0.5781998034592438,0.019030675279838687,4.361057281494141,-0.7925856369510568,0.6094039186398565,0.02085358590926259,4.579208477046447,150,3.7401742633183797,-2.144011334578196,-3.7121032253901163,3.886410709015259,-2.3294666298178126,-3.803786427357362,2.2994494438171387,3.2437262535095215,0.9204404354095459,Online,true,1780327211.4467096,0.0,map,odom
1780327211,446709750,1780327211.4467096,,x,3,,-0.8109793734182128,0.5849565318888319,-0.011760599083080591,4.31469202041626,-0.7877524736408857,0.6159112294203553,-0.00996984185292618,4.529342119411931,1332,1.8092967818124785,-4.9341571258979515,-2.9134008778824105,1.8520062837038345,-5.041085270773788,-2.991721278730973,6.811995267868042,9.017081439495087,1.5288565158843994,Online,true,1780327211.4467096,0.0,map,odom
1780327211,446709750,1780327211.4467096,,y,10,,-0.5988480397881436,-0.8008529475885295,-0.003947351094350443,2.6671955585479736,-0.6294295839031293,-0.7770575238844247,5.900966328303836e-05,2.7954070684537426,108,2.625640999387812,1.4579001245675263,-2.689725370318801,2.916184582502337,1.3149870796786007,-2.7850492398341142,4.409727573394775,3.4549262523651123,0.6498870849609375,Online,true,1780327211.4467096,0.0,map,odom
1780327211,446709750,1780327211.4467096,,y,17,,-0.7348889663095038,0.6781793790860242,0.0033071103767036976,5.8777055740356445,-0.7080506888552405,0.7061465819446533,0.004607257264625791,6.077037865857613,437,-1.5010445832660597,-10.134671506947184,-2.8585195879641603,-1.6570506448559528,-10.109324190822505,-2.9130100453334067,6.916148662567139,6.893832206726074,1.5121855735778809,Online,true,1780327211.4467096,0.0,map,odom
1780327211,446709750,1780327211.4467096,,y,4,,-0.6344569985774509,-0.7729551274411455,-0.002165160163821931,2.623067855834961,-0.663924083880101,-0.7477975285184099,0.001914989745805493,2.7609464639796357,998,1.3392722087208637,2.1660414080103796,-2.707648258051557,1.6581506287786967,2.0723953353690128,-2.7996532910936947,11.071306705474854,8.70945119857788,1.7896270751953125,Online,true,1780327211.4467096,0.0,map,odom
1780327211,446709750,1780327211.4467096,,x,15,,-0.9279363601672643,0.3719778000887949,0.02380394338402531,2.651277542114258,-0.9127330434035767,0.40769614033373963,0.026499974268222076,2.8925168060201374,175,-2.4834941230501446,-12.535884710039412,-2.821001056943621,-2.7316191651553483,-12.470591586442152,-2.866551820426386,1.8956193923950195,4.337428092956543,1.009248971939087,Online,true,1780327211.4467096,0.0,map,odom
1780327211,446709750,1780327211.4467096,,x,6,,-0.8156732315566604,0.5781998034592438,0.019030675279838687,4.361057281494141,-0.7925856369510568,0.6094039186398565,0.02085358590926259,4.579208477046447,150,3.7401742633183797,-2.144011334578196,-3.7121032253901163,3.886410709015259,-2.3294666298178126,-3.803786427357362,2.2994494438171387,3.2437262535095215,0.9204404354095459,Online,true,1780327211.4467096,0.0,map,odom
1780327211,446709750,1780327211.4467096,,x,3,,-0.8109793734182128,0.5849565318888319,-0.011760599083080591,4.31469202041626,-0.7877524736408857,0.6159112294203553,-0.00996984185292618,4.529342119411931,1332,1.8092967818124785,-4.9341571258979515,-2.9134008778824105,1.8520062837038345,-5.041085270773788,-2.991721278730973,6.811995267868042,9.017081439495087,1.5288565158843994,Online,true,1780327211.4467096,0.0,map,odom
1780327211,446709750,1780327211.4467096,,y,10,,-0.5988480397881436,-0.8008529475885295,-0.003947351094350443,2.6671955585479736,-0.6294295839031293,-0.7770575238844247,5.900966328303836e-05,2.7954070684537426,108,2.625640999387812,1.4579001245675263,-2.689725370318801,2.916184582502337,1.3149870796786007,-2.7850492398341142,4.409727573394775,3.4549262523651123,0.6498870849609375,Online,true,1780327211.4467096,0.0,map,odom
1780327211,446709750,1780327211.4467096,,y,17,,-0.7348889663095038,0.6781793790860242,0.0033071103767036976,5.8777055740356445,-0.7080506888552405,0.7061465819446533,0.004607257264625791,6.077037865857613,437,-1.5010445832660597,-10.134671506947184,-2.8585195879641603,-1.6570506448559528,-10.109324190822505,-2.9130100453334067,6.916148662567139,6.893832206726074,1.5121855735778809,Online,true,1780327211.4467096,0.0,map,odom
1780327211,446709750,1780327211.4467096,,y,4,,-0.6344569985774509,-0.7729551274411455,-0.002165160163821931,2.623067855834961,-0.663924083880101,-0.7477975285184099,0.001914989745805493,2.7609464639796357,998,1.3392722087208637,2.1660414080103796,-2.707648258051557,1.6581506287786967,2.0723953353690128,-2.7996532910936947,11.071306705474854,8.70945119857788,1.7896270751953125,Online,true,1780327211.4467096,0.0,map,odom
1780327215,648672752,1780327215.6486728,,x,15,,-0.9279434734041568,0.37195643995472877,0.023860363426258087,2.651308298110962,-0.9125951780987058,0.4077929949745264,0.029578947930873668,2.9068800346759285,175,-2.4834941230501446,-12.535884710039412,-2.821001056943621,-2.726684584626159,-12.468494990728466,-2.871536267857735,1.8956193923950195,4.337428092956543,1.009248971939087,Online,true,1780327215.6486728,0.0,map,odom
1780327215,648672752,1780327215.6486728,,x,6,,-0.8156732315566604,0.5781998034592438,0.019030675279838687,4.361057281494141,-0.7924506162599657,0.6095017766875657,0.023013148500402633,4.5897353883750895,150,3.7401742633183797,-2.144011334578196,-3.7121032253901163,3.8881257975955044,-2.3296017543700676,-3.854527142022444,2.2994494438171387,3.2437262535095215,0.9204404354095459,Online,true,1780327215.6486728,0.0,map,odom
1780327215,648672752,1780327215.6486728,,x,3,,-0.810979546286632,0.5849563487864183,-0.011757785471358397,4.31470251083374,-0.7877443523162243,0.6159524222432604,-0.007838936570251538,4.538548342917617,1332,1.8092967818124785,-4.9341571258979515,-2.9134008778824105,1.8569005993578975,-5.039581108156908,-3.0291406135317684,6.811995267868042,9.017081439495087,1.5288565158843994,Online,true,1780327215.6486728,0.0,map,odom
1780327215,648672752,1780327215.6486728,,y,10,,-0.5988480397881436,-0.8008529475885295,-0.003947351094350443,2.6671955585479736,-0.6294778572806378,-0.7770077600145023,0.00407038949275407,2.8121501859804203,108,2.625640999387812,1.4579001245675263,-2.689725370318801,2.922363069466093,1.3167751867617046,-2.83843433592068,4.409727573394775,3.4549262523651123,0.6498870849609375,Online,true,1780327215.6486728,0.0,map,odom
1780327215,648672752,1780327215.6486728,,y,17,,-0.7348955963794437,0.6781720009874443,0.0033465652223870295,5.877767086029053,-0.7079832953922067,0.7062012420793224,0.006281650357475265,6.084806797124997,437,-1.5010445832660597,-10.134671506947184,-2.8585195879641603,-1.6521531501616122,-10.107398669475627,-2.926726332273413,6.916148662567139,6.893832206726074,1.5121855735778809,Online,true,1780327215.6486728,0.0,map,odom
1780327215,648672752,1780327215.6486728,,y,4,,-0.634455916533756,-0.7729561295604157,-0.0021240881087064034,2.6232399940490723,-0.663961008535581,-0.7477426688531211,0.006056428058339237,2.778341800089719,998,1.3392722087208637,2.1660414080103796,-2.707648258051557,1.6643320901389378,2.0742522657874285,-2.849227974164323,11.071306705474854,8.70945119857788,1.7896270751953125,Online,true,1780327215.6486728,0.0,map,odom
1780327219,247503740,1780327219.2475038,,x,15,,-0.9279432744950258,0.37195690873692866,0.023860791317924405,2.6513144969940186,-0.9124973637444571,0.407803460086254,0.03232489908870635,2.9206865082710327,175,-2.4834941230501446,-12.535884710039412,-2.821001056943621,-2.723526371020134,-12.470614921675317,-2.926576940679256,1.8956193923950195,4.337428092956543,1.009248971939087,Online,true,1780327219.2475038,0.0,map,odom
1780327219,247503740,1780327219.2475038,,x,6,,-0.8156732315566604,0.5781998034592438,0.019030675279838687,4.361057281494141,-0.7923613994841082,0.6095128937371879,0.025640689844565776,4.602868200144426,150,3.7401742633183797,-2.144011334578196,-3.7121032253901163,3.889174727253809,-2.3310674032800933,-3.9169828255590744,2.2994494438171387,3.2437262535095215,0.9204404354095459,Online,true,1780327219.2475038,0.0,map,odom
1780327219,247503740,1780327219.2475038,,x,3,,-0.810979546286632,0.5849563487864183,-0.011757785471358397,4.31470251083374,-0.7877345426705179,0.6159927517701906,-0.005217283800813295,4.550112643478439,1332,1.8092967818124785,-4.9341571258979515,-2.9134008778824105,1.8599672821305384,-5.041746976195375,-3.088936798483072,6.811995267868042,9.017081439495087,1.5288565158843994,Online,true,1780327219.2475038,0.0,map,odom
1780327219,247503740,1780327219.2475038,,y,10,,-0.5988480397881436,-0.8008529475885295,-0.003947351094350443,2.6671955585479736,-0.6294998432003432,-0.7769848076931395,0.004955403595930787,2.815531457889604,108,2.625640999387812,1.4579001245675263,-2.689725370318801,2.9262017472937476,1.31437979233024,-2.8949237184831618,4.409727573394775,3.4549262523651123,0.6498870849609375,Online,true,1780327219.2475038,0.0,map,odom
1780327219,247503740,1780327219.2475038,,y,17,,-0.734894999655832,0.6781726560136548,0.0033448641586006416,5.877769470214844,-0.7079326617386058,0.7062253396505542,0.008781576120038777,6.096637732039477,437,-1.5010445832660597,-10.134671506947184,-2.8585195879641603,-1.649035922007141,-10.109512259447891,-2.9822911982687788,6.916148662567139,6.893832206726074,1.5121855735778809,Online,true,1780327219.2475038,0.0,map,odom
1780327219,247503740,1780327219.2475038,,y,4,,-0.6344559809081225,-0.7729560757667112,-0.002124435275165706,2.6232388019561768,-0.6639765130841087,-0.7477201174935979,0.007058042790226839,2.782356495469302,998,1.3392722087208637,2.1660414080103796,-2.707648258051557,1.6681808173295005,2.0719197360483164,-2.9017462008923185,11.071306705474854,8.70945119857788,1.7896270751953125,Online,true,1780327219.2475038,0.0,map,odom
1780327222,869216235,1780327222.8692162,,x,15,,-0.9279432744950258,0.37195690873692866,0.023860791317924405,2.6513144969940186,-0.9127771662445251,0.4075833832314633,0.02671386337108426,2.892941402189614,175,-2.4834941230501446,-12.535884710039412,-2.821001056943621,-2.73314116898055,-12.474874078067694,-2.8974823666367113,1.8956193923950195,4.337428092956543,1.009248971939087,Online,true,1780327222.8692162,0.0,map,odom
1780327222,869216235,1780327222.8692162,,x,6,,-0.8156732315566604,0.5781998034592438,0.019030675279838687,4.361057281494141,-0.792618909186321,0.6093292472514853,0.021751626243222293,4.582836540804998,150,3.7401742633183797,-2.144011334578196,-3.7121032253901163,3.885811403331765,-2.33091735851776,-3.7967890034912557,2.2994494438171387,3.2437262535095215,0.9204404354095459,Online,true,1780327222.8692162,0.0,map,odom
1780327222,869216235,1780327222.8692162,,x,3,,-0.810979546286632,0.5849563487864183,-0.011757785471358397,4.31470251083374,-0.7877502695899572,0.6159283417501134,-0.009043815008351656,4.533380341640386,1332,1.8092967818124785,-4.9341571258979515,-2.9134008778824105,1.8505091576537407,-5.044971017256321,-2.9951754235501125,6.811995267868042,9.017081439495087,1.5288565158843994,Online,true,1780327222.8692162,0.0,map,odom
1780327222,869216235,1780327222.8692162,,y,10,,-0.5988480397881436,-0.8008529475885295,-0.003947351094350443,2.6671955585479736,-0.6294169674787793,-0.7770619978675181,-0.002988732165793506,2.782271048967134,108,2.625640999387812,1.4579001245675263,-2.689725370318801,2.9143467120471147,1.3104697649890242,-2.7683128468306233,4.409727573394775,3.4549262523651123,0.6498870849609375,Online,true,1780327222.8692162,0.0,map,odom
1780327222,869216235,1780327222.8692162,,y,17,,-0.734894999655832,0.6781726560136548,0.0033448641586006416,5.877769470214844,-0.7080728863247897,0.7061144565734161,0.0059297444895056,6.082553892604303,437,-1.5010445832660597,-10.134671506947184,-2.8585195879641603,-1.6585567401789585,-10.113465383469185,-2.935651300968984,6.916148662567139,6.893832206726074,1.5121855735778809,Online,true,1780327222.8692162,0.0,map,odom
1780327222,869216235,1780327222.8692162,,y,4,,-0.6344559809197339,-0.7729560757808573,-0.0021244266604707428,2.6232388019561768,-0.663912968688657,-0.74780911899161,-0.0010447774915048008,2.748168078119422,998,1.3392722087208637,2.1660414080103796,-2.707648258051557,1.6563185939233285,2.0679027107077164,-2.7821171784895737,11.071306705474854,8.70945119857788,1.7896270751953125,Online,true,1780327222.8692162,0.0,map,odom
1780327226,448333083,1780327226.448333,,x,15,,-0.9279432744950258,0.37195690873692866,0.023860791317924405,2.6513144969940186,-0.9127363206292769,0.40779482415534146,0.02481512434472789,2.8875142455500082,175,-2.4834941230501446,-12.535884710039412,-2.821001056943621,-2.7318195387167656,-12.466083253775698,-2.885538972012648,1.8956193923950195,4.337428092956543,1.009248971939087,Online,true,1780327226.448333,0.0,map,odom
1780327226,448333083,1780327226.448333,,x,6,,-0.8156732315566604,0.5781998034592438,0.019030675279838687,4.361057281494141,-0.7925774454414591,0.609496378759731,0.01830730062748881,4.570525806306507,150,3.7401742633183797,-2.144011334578196,-3.7121032253901163,3.8864749344826404,-2.3289441250210148,-3.863154469026497,2.2994494438171387,3.2437262535095215,0.9204404354095459,Online,true,1780327226.448333,0.0,map,odom
1780327226,448333083,1780327226.448333,,x,3,,-0.810979546286632,0.5849563487864183,-0.011757785471358397,4.31470251083374,-0.7877412603535656,0.61587862627392,-0.012538916840192912,4.518434554055592,1332,1.8092967818124785,-4.9341571258979515,-2.9134008778824105,1.8519436316250328,-5.037219892853029,-3.0403230352645907,6.811995267868042,9.017081439495087,1.5288565158843994,Online,true,1780327226.448333,0.0,map,odom
1780327226,448333083,1780327226.448333,,y,10,,-0.5988480397881436,-0.8008529475885295,-0.003947351094350443,2.6671955585479736,-0.6294426846794821,-0.7770405636409268,0.0031415219364320113,2.8078556497969336,108,2.625640999387812,1.4579001245675263,-2.689725370318801,2.9162084024849086,1.319619470143616,-2.859275201685221,4.409727573394775,3.4549262523651123,0.6498870849609375,Online,true,1780327226.448333,0.0,map,odom
1780327226,448333083,1780327226.448333,,y,17,,-0.734894999655832,0.6781726560136548,0.0033448641586006416,5.877769470214844,-0.7080453903063323,0.7061648401051769,0.0017157695601914518,6.065755164339989,437,-1.5010445832660597,-10.134671506947184,-2.8585195879641603,-1.6572065779701703,-10.105040942096881,-2.941447577379959,6.916148662567139,6.893832206726074,1.5121855735778809,Online,true,1780327226.448333,0.0,map,odom
1780327226,448333083,1780327226.448333,,y,4,,-0.6344559809197339,-0.7729560757808573,-0.0021244266604707428,2.6232388019561768,-0.6639357435163254,-0.7477734671657497,0.004916328339076731,2.7732150874507826,998,1.3392722087208637,2.1660414080103796,-2.707648258051557,1.6581886820727851,2.076983100279242,-2.877070920965678,11.071306705474854,8.70945119857788,1.7896270751953125,Online,true,1780327226.448333,0.0,map,odom
1780327226,448333083,1780327226.448333,,x,15,,-0.9279432744950258,0.37195690873692866,0.023860791317924405,2.6513144969940186,-0.9127363206292769,0.40779482415534146,0.02481512434472789,2.8875142455500082,175,-2.4834941230501446,-12.535884710039412,-2.821001056943621,-2.7318195387167656,-12.466083253775698,-2.885538972012648,1.8956193923950195,4.337428092956543,1.009248971939087,Online,true,1780327226.448333,0.0,map,odom
1780327226,448333083,1780327226.448333,,x,6,,-0.8156732315566604,0.5781998034592438,0.019030675279838687,4.361057281494141,-0.7925774454414591,0.609496378759731,0.01830730062748881,4.570525806306507,150,3.7401742633183797,-2.144011334578196,-3.7121032253901163,3.8864749344826404,-2.3289441250210148,-3.863154469026497,2.2994494438171387,3.2437262535095215,0.9204404354095459,Online,true,1780327226.448333,0.0,map,odom
1780327226,448333083,1780327226.448333,,x,3,,-0.810979546286632,0.5849563487864183,-0.011757785471358397,4.31470251083374,-0.7877412603535656,0.61587862627392,-0.012538916840192912,4.518434554055592,1332,1.8092967818124785,-4.9341571258979515,-2.9134008778824105,1.8519436316250328,-5.037219892853029,-3.0403230352645907,6.811995267868042,9.017081439495087,1.5288565158843994,Online,true,1780327226.448333,0.0,map,odom
1780327226,448333083,1780327226.448333,,y,10,,-0.5988480397881436,-0.8008529475885295,-0.003947351094350443,2.6671955585479736,-0.6294426846794821,-0.7770405636409268,0.0031415219364320113,2.8078556497969336,108,2.625640999387812,1.4579001245675263,-2.689725370318801,2.9162084024849086,1.319619470143616,-2.859275201685221,4.409727573394775,3.4549262523651123,0.6498870849609375,Online,true,1780327226.448333,0.0,map,odom
1780327226,448333083,1780327226.448333,,y,17,,-0.734894999655832,0.6781726560136548,0.0033448641586006416,5.877769470214844,-0.7080453903063323,0.7061648401051769,0.0017157695601914518,6.065755164339989,437,-1.5010445832660597,-10.134671506947184,-2.8585195879641603,-1.6572065779701703,-10.105040942096881,-2.941447577379959,6.916148662567139,6.893832206726074,1.5121855735778809,Online,true,1780327226.448333,0.0,map,odom
1780327226,448333083,1780327226.448333,,y,4,,-0.6344559809197339,-0.7729560757808573,-0.0021244266604707428,2.6232388019561768,-0.6639357435163254,-0.7477734671657497,0.004916328339076731,2.7732150874507826,998,1.3392722087208637,2.1660414080103796,-2.707648258051557,1.6581886820727851,2.076983100279242,-2.877070920965678,11.071306705474854,8.70945119857788,1.7896270751953125,Online,true,1780327226.448333,0.0,map,odom
1780327230,448229142,1780327230.448229,,x,15,,-0.9279432744950258,0.37195690873692866,0.023860791317924405,2.6513144969940186,-0.9126420039978835,0.40792358388670164,0.026132781094945476,2.895585997724687,175,-2.4834941230501446,-12.535884710039412,-2.821001056943621,-2.728957507016586,-12.464133345114398,-2.9081244023088955,1.8956193923950195,4.337428092956543,1.009248971939087,Online,true,1780327230.448229,0.0,map,odom
1780327230,448229142,1780327230.448229,,x,6,,-0.8156732315566604,0.5781998034592438,0.019030675279838687,4.361057281494141,-0.7924814256655426,0.6096014107640957,0.018955473339737364,4.575475337752083,150,3.7401742633183797,-2.144011334578196,-3.7121032253901163,3.887917145310937,-2.329501766566038,-3.9207230948760166,2.2994494438171387,3.2437262535095215,0.9204404354095459,Online,true,1780327230.448229,0.0,map,odom
1780327230,448229142,1780327230.448229,,x,3,,-0.810979546286632,0.5849563487864183,-0.011757785471358397,4.31470251083374,-0.7877160208043676,0.615923309279617,-0.01191417870347148,4.521647619433274,1332,1.8092967818124785,-4.9341571258979515,-2.9134008778824105,1.8550642447767791,-5.035993103284107,-3.08793227217194,6.811995267868042,9.017081439495087,1.5288565158843994,Online,true,1780327230.448229,0.0,map,odom
1780327230,448229142,1780327230.448229,,y,10,,-0.5988480397881436,-0.8008529475885295,-0.003947351094350443,2.6671955585479736,-0.6294994946412165,-0.7769769021027569,0.0061057223369593815,2.820501962911142,108,2.625640999387812,1.4579001245675263,-2.689725370318801,2.920282639243969,1.321091016086697,-2.9216921482154476,4.409727573394775,3.4549262523651123,0.6498870849609375,Online,true,1780327230.448229,0.0,map,odom
1780327230,448229142,1780327230.448229,,y,17,,-0.734894999655832,0.6781726560136548,0.0033448641586006416,5.877769470214844,-0.7079797709590736,0.7062299343002854,0.0019808611643182127,6.068204741648932,437,-1.5010445832660597,-10.134671506947184,-2.8585195879641603,-1.6542768646453667,-10.103299837368827,-2.971102578804192,6.916148662567139,6.893832206726074,1.5121855735778809,Online,true,1780327230.448229,0.0,map,odom
1780327230,448229142,1780327230.448229,,y,4,,-0.6344559809197339,-0.7729560757808573,-0.0021244266604707428,2.6232388019561768,-0.6639858816573669,-0.7477033403084173,0.007903407576761518,2.786108463614168,998,1.3392722087208637,2.1660414080103796,-2.707648258051557,1.6622892375072655,2.0785307609479644,-2.9380508435831696,11.071306705474854,8.70945119857788,1.7896270751953125,Online,true,1780327230.448229,0.0,map,odom
1780327234,247738430,1780327234.2477384,,x,15,,-0.9279432744950258,0.37195690873692866,0.023860791317924405,2.6513144969940186,-0.9126420327237594,0.407923495229144,0.02613316180417344,2.8955832277584865,175,-2.4834941230501446,-12.535884710039412,-2.821001056943621,-2.7289592456872325,-12.46412979001922,-2.9081375391074267,1.8956193923950195,4.337428092956543,1.009248971939087,Online,true,1780327234.2477384,0.0,map,odom
1780327234,247738430,1780327234.2477384,,x,6,,-0.8156732315566604,0.5781998034592438,0.019030675279838687,4.361057281494141,-0.7924814587658029,0.609601341354234,0.018956321677578318,4.575473553331427,150,3.7401742633183797,-2.144011334578196,-3.7121032253901163,3.8879155056184347,-2.3294958999471342,-3.9207124496442187,2.2994494438171387,3.2437262535095215,0.9204404354095459,Online,true,1780327234.2477384,0.0,map,odom
1780327234,247738430,1780327234.2477384,,x,3,,-0.810979546286632,0.5849563487864183,-0.011757785471358397,4.31470251083374,-0.7877160390562528,0.6159233026392411,-0.011913315218617104,4.521646282231964,1332,1.8092967818124785,-4.9341571258979515,-2.9134008778824105,1.8550623036469813,-5.035989004475627,-3.0879281079960577,6.811995267868042,9.017081439495087,1.5288565158843994,Online,true,1780327234.2477384,0.0,map,odom
1780327234,247738430,1780327234.2477384,,y,29,,-0.6641512002642294,-0.7475380397741949,0.009490114758930988,-5.793244361877441,-0.6926008694039317,-0.7210580343638655,0.019476826749665378,-5.620348881556666,422,-13.514290095505556,4.202348708541472,-4.154798911646079,-13.109539510013008,4.678981237254595,-4.316410296955998,4.031787872314453,3.5775790214538574,2.766021251678467,Online,true,1780327234.2477384,0.0,map,odom
1780327234,247738430,1780327234.2477384,,y,10,,-0.5988480397881436,-0.8008529475885295,-0.003947351094350443,2.6671955585479736,-0.6294994672527561,-0.7769769390877388,0.006103839311829498,2.8204978485156396,108,2.625640999387812,1.4579001245675263,-2.689725370318801,2.9202803683055896,1.3210948194984486,-2.9216745751827196,4.409727573394775,3.4549262523651123,0.6498870849609375,Online,true,1780327234.2477384,0.0,map,odom
1780327234,247738430,1780327234.2477384,,y,17,,-0.734894999655832,0.6781726560136548,0.0033448641586006416,5.877769470214844,-0.7079797995360888,0.7062299026068122,0.0019819467228648566,6.068203709949314,437,-1.5010445832660597,-10.134671506947184,-2.8585195879641603,-1.654278664810674,-10.103296112589357,-2.971110403867903,6.916148662567139,6.893832206726074,1.5121855735778809,Online,true,1780327234.2477384,0.0,map,odom
1780327234,247738430,1780327234.2477384,,y,4,,-0.6344559809197339,-0.7729560757808573,-0.0021244266604707428,2.6232388019561768,-0.6639858562923682,-0.7477033822861067,0.007901567034891796,2.7861042645991922,998,1.3392722087208637,2.1660414080103796,-2.707648258051557,1.6622869449582018,2.0785345483456346,-2.9380323501335486,11.071306705474854,8.70945119857788,1.7896270751953125,Online,true,1780327234.2477384,0.0,map,odom
1780327237,848174812,1780327237.8481748,,x,15,,-0.9279432744950258,0.37195690873692866,0.023860791317924405,2.6513144969940186,-0.9128351439167866,0.40763225596509833,0.023831574165891156,2.8834773820309314,175,-2.4834941230501446,-12.535884710039412,-2.821001056943621,-2.734878922591616,-12.472166985008098,-2.9447273771721236,1.8956193923950195,4.337428092956543,1.009248971939087,Online,true,1780327237.8481748,0.0,map,odom
1780327237,848174812,1780327237.8481748,,x,6,,-0.8156732315566604,0.5781998034592438,0.019030675279838687,4.361057281494141,-0.7926680326926402,0.6093677142409768,0.0186649079265498,4.572093185209726,150,3.7401742633183797,-2.144011334578196,-3.7121032253901163,3.8859060178338,-2.33021190913681,-3.8530761655553856,2.2994494438171387,3.2437262535095215,0.9204404354095459,Online,true,1780327237.8481748,0.0,map,odom
1780327237,848174812,1780327237.8481748,,x,3,,-0.810979546286632,0.5849563487864183,-0.011757785471358397,4.31470251083374,-0.7877336489412196,0.6158964511303374,-0.012135065340053257,4.520461596135636,1332,1.8092967818124785,-4.9341571258979515,-2.9134008778824105,1.8489153758612833,-5.042450772263117,-3.049610983245692,6.811995267868042,9.017081439495087,1.5288565158843994,Online,true,1780327237.8481748,0.0,map,odom
1780327237,848174812,1780327237.8481748,,y,31,,-0.2764302482922524,-0.9609423247713968,-0.01327276504828583,0.8897073864936829,-0.31342994023736204,-0.9495376277575155,-0.011830724214252467,0.9251019174320554,354,-14.916026050761594,5.26946546802413,-4.011213460211026,-14.469489277726161,5.799524446825238,-4.152685445550694,4.332569122314453,1.259659767150879,2.3466310501098633,Online,true,1780327237.8481748,0.0,map,odom
1780327237,848174812,1780327237.8481748,,y,29,,-0.664146143995634,-0.7474626512941904,0.014473573711779935,-5.772183895111084,-0.6925754232188053,-0.7211718652635617,0.015824787694257828,-5.635591364867596,422,-13.514290095505556,4.202348708541472,-4.154798911646079,-13.110194731586494,4.678752937212357,-4.295542746957241,4.031787872314453,3.5775790214538574,2.766021251678467,Online,true,1780327237.8481748,0.0,map,odom
1780327237,848174812,1780327237.8481748,,y,10,,-0.5988480397881436,-0.8008529475885295,-0.003947351094350443,2.6671955585479736,-0.6294034637869861,-0.7770744754400355,-0.0025572235995181556,2.7842916375003264,108,2.625640999387812,1.4579001245675263,-2.689725370318801,2.9122192837076026,1.3135049940615817,-2.8350052900235316,4.409727573394775,3.4549262523651123,0.6498870849609375,Online,true,1780327237.8481748,0.0,map,odom
1780327237,848174812,1780327237.8481748,,y,17,,-0.734894999655832,0.6781726560136548,0.0033448641586006416,5.877769470214844,-0.708089102262353,0.706117532171813,0.002802501897204144,6.070477203559727,437,-1.5010445832660597,-10.134671506947184,-2.8585195879641603,-1.6602326501600297,-10.110838612295007,-2.985998316892148,6.916148662567139,6.893832206726074,1.5121855735778809,Online,true,1780327237.8481748,0.0,map,odom
1780327237,848174812,1780327237.8481748,,y,4,,-0.6344559809197339,-0.7729560757808573,-0.0021244266604707428,2.6232388019561768,-0.6639037539169957,-0.747817649715659,-0.0007538625001400586,2.7497648593224313,998,1.3392722087208637,2.1660414080103796,-2.707648258051557,1.6542179976863758,2.070889061622331,-2.8532292137720656,11.071306705474854,8.70945119857788,1.7896270751953125,Online,true,1780327237.8481748,0.0,map,odom
1780327241,447286650,1780327241.4472866,,x,15,,-0.9279432744950258,0.37195690873692866,0.023860791317924405,2.6513144969940186,-0.9128350221983913,0.40763244139591276,0.0238330646302671,2.8834743333799224,175,-2.4834941230501446,-12.535884710039412,-2.821001056943621,-2.734890991718028,-12.472167197869389,-2.944762919420084,1.8956193923950195,4.337428092956543,1.009248971939087,Online,true,1780327241.4472866,0.0,map,odom
1780327241,447286650,1780327241.4472866,,x,6,,-0.8156732315566604,0.5781998034592438,0.019030675279838687,4.361057281494141,-0.7926678510315606,0.6093678826010188,0.018667126060503633,4.572093540019083,150,3.7401742633183797,-2.144011334578196,-3.7121032253901163,3.8858969509492285,-2.330210806407588,-3.8530751353633215,2.2994494438171387,3.2437262535095215,0.9204404354095459,Online,true,1780327241.4472866,0.0,map,odom
1780327241,447286650,1780327241.4472866,,x,3,,-0.810979546286632,0.5849563487864183,-0.011757785471358397,4.31470251083374,-0.787733465873386,0.6158967294382911,-0.012132823674625396,4.520462361618788,1332,1.8092967818124785,-4.9341571258979515,-2.9134008778824105,1.8489055158506742,-5.04245196981492,-3.0496197289005775,6.811995267868042,9.017081439495087,1.5288565158843994,Online,true,1780327241.4472866,0.0,map,odom
1780327241,447286650,1780327241.4472866,,y,33,,-0.6393087709420284,-0.7683823948855829,0.02954303008306989,-5.807030200958252,-0.6685582392919335,-0.7430172455939253,0.030907174327108586,-5.674753352212998,410,-14.442768150422632,4.295821500406032,-4.092604430710397,-14.03433013934026,4.808189678246017,-4.232973127414901,3.8198394775390625,3.190952777862549,2.6700806617736816,Online,true,1780327241.4472866,0.0,map,odom
1780327241,447286650,1780327241.4472866,,y,31,,-0.27642948218675806,-0.9609425936242907,-0.013269255313768576,0.8897347450256348,-0.31342946590762716,-0.9495377853277198,-0.011830643929584187,0.9251160056712044,354,-14.916026050761594,5.26946546802413,-4.011213460211026,-14.469495930570499,5.799532095526041,-4.152654687218725,4.332569122314453,1.259659767150879,2.3466310501098633,Online,true,1780327241.4472866,0.0,map,odom
1780327241,447286650,1780327241.4472866,,y,29,,-0.6641460034714419,-0.7474627465146421,0.014475104341576084,-5.772175312042236,-0.6925754999556345,-0.7211718149610303,0.01582372165504603,-5.635596926584824,422,-13.514290095505556,4.202348708541472,-4.154798911646079,-13.1102017204375,4.678760698194923,-4.295516066581695,4.031787872314453,3.5775790214538574,2.766021251678467,Online,true,1780327241.4472866,0.0,map,odom
1780327241,447286650,1780327241.4472866,,y,10,,-0.5988480397881436,-0.8008529475885295,-0.003947351094350443,2.6671955585479736,-0.6294036950739744,-0.7770742788859756,-0.0025600236461124524,2.784277358288822,108,2.625640999387812,1.4579001245675263,-2.689725370318801,2.9122113188430805,1.313502703730881,-2.83499106204832,4.409727573394775,3.4549262523651123,0.6498870849609375,Online,true,1780327241.4472866,0.0,map,odom
1780327241,447286650,1780327241.4472866,,y,17,,-0.734894999655832,0.6781726560136548,0.0033448641586006416,5.877769470214844,-0.7080888920864659,0.7061177327430801,0.002805068543465551,6.070479541986404,437,-1.5010445832660597,-10.134671506947184,-2.8585195879641603,-1.6602440173186295,-10.11083899567179,-2.9860253359369215,6.916148662567139,6.893832206726074,1.5121855735778809,Online,true,1780327241.4472866,0.0,map,odom
1780327241,447286650,1780327241.4472866,,y,4,,-0.6344559809197339,-0.7729560757808573,-0.0021244266604707428,2.6232388019561768,-0.663903976466323,-0.7478174494186756,-0.0007565561121067738,2.749750618049381,998,1.3392722087208637,2.1660414080103796,-2.707648258051557,1.6542102578877413,2.070887211567218,-2.8532122241262328,11.071306705474854,8.70945119857788,1.7896270751953125,Online,true,1780327241.4472866,0.0,map,odom
1780327244,846314580,1780327244.8463147,,x,15,,-0.9279432744950258,0.37195690873692866,0.023860791317924405,2.6513144969940186,-0.9268771464137768,0.3747063292288332,0.02222436257145654,2.7409038839867144,175,-2.4834941230501446,-12.535884710039412,-2.821001056943621,-2.1652983308321243,-11.891848626119923,-2.9779280364788483,1.8956193923950195,4.337428092956543,1.009248971939087,Online,true,1780327244.8463147,0.0,map,odom
1780327244,846314580,1780327244.8463147,,x,6,,-0.8156732315566604,0.5781998034592438,0.019030675279838687,4.361057281494141,-0.8139517024208665,0.5806222633889042,0.018984556442525176,4.283603773219547,150,3.7401742633183797,-2.144011334578196,-3.7121032253901163,4.0939780043734775,-1.514632735637826,-3.7866267638017406,2.2994494438171387,3.2437262535095215,0.9204404354095459,Online,true,1780327244.8463147,0.0,map,odom
1780327244,846314580,1780327244.8463147,,x,3,,-0.810979546286632,0.5849563487864183,-0.011757785471358397,4.31470251083374,-0.8091139974560557,0.587534293505495,-0.01174704540217271,4.228902661428575,1332,1.8092967818124785,-4.9341571258979515,-2.9134008778824105,2.151304823146463,-4.3031273413389215,-3.0110975443409673,6.811995267868042,9.017081439495087,1.5288565158843994,Online,true,1780327244.8463147,0.0,map,odom
1780327244,846314580,1780327244.8463147,,y,33,,-0.5845418624177857,-0.8112505746185699,0.013539433599179534,-4.732192039489746,-0.5870961907971318,-0.8094893304154057,0.006714662695613096,-4.026504043053818,723,-14.473507737387925,4.8398006658171555,-3.88946372938354,-14.097174111759115,5.526721458297144,-3.997848522564522,4.319754600524902,3.7872235774993896,3.2702786922454834,Online,true,1780327244.8463147,0.0,map,odom
1780327244,846314580,1780327244.8463147,,y,31,,-0.27642750681017164,-0.9609430411797655,-0.013277992577806425,0.8897313475608826,-0.2793411768348718,-0.9599897166183099,-0.019704083627667204,1.5803791247557362,354,-14.916026050761594,5.26946546802413,-4.011213460211026,-14.537871487714398,5.958428410373264,-4.118977492008151,4.332569122314453,1.259659767150879,2.3466310501098633,Online,true,1780327244.8463147,0.0,map,odom
1780327244,846314580,1780327244.8463147,,y,29,,-0.6641451254964212,-0.7474635990934221,0.01447136170685719,-5.772178649902344,-0.6665049958750174,-0.7454609739161487,0.007682892790470823,-5.078696469071998,422,-13.514290095505556,4.202348708541472,-4.154798911646079,-13.138877440204055,4.8877632034580625,-4.262888291540348,4.031787872314453,3.5775790214538574,2.766021251678467,Online,true,1780327244.8463147,0.0,map,odom
1780327244,846314580,1780327244.8463147,,y,10,,-0.5988480397881436,-0.8008529475885295,-0.003947351094350443,2.6671955585479736,-0.6013000751983374,-0.7989506887748866,-0.010771094308753365,3.36989660470927,108,2.625640999387812,1.4579001245675263,-2.689725370318801,2.986501842235271,2.085023086493174,-2.7487531939642387,4.409727573394775,3.4549262523651123,0.6498870849609375,Online,true,1780327244.8463147,0.0,map,odom
1780327244,846314580,1780327244.8463147,,y,17,,-0.734894999655832,0.6781726560136548,0.0033448641586006416,5.877769470214844,-0.7328027168306634,0.6804283562941453,0.0041749438853856576,5.709193985137806,437,-1.5010445832660597,-10.134671506947184,-2.8585195879641603,-1.1752889299153269,-9.49353484362636,-2.9982251272585447,6.916148662567139,6.893832206726074,1.5121855735778809,Online,true,1780327244.8463147,0.0,map,odom
1780327244,846314580,1780327244.8463147,,y,4,,-0.6344559809197339,-0.7729560757808573,-0.0021244266604707428,2.6232388019561768,-0.6368286243651501,-0.7709536044523324,-0.008935489418456384,3.3209909999407223,998,1.3392722087208637,2.1660414080103796,-2.707648258051557,1.7024101178787827,2.797253886030702,-2.7678765946040853,11.071306705474854,8.70945119857788,1.7896270751953125,Online,true,1780327244.8463147,0.0,map,odom
1780327248,47980759,1780327248.0479808,,x,38,,0.9487055864970869,-0.31498151117308626,-0.027282920817557132,24.060611724853516,0.9478292285037393,-0.3177770118329031,-0.025249244435377065,23.928227677916855,132,-22.853000713117193,7.9055689320419775,-4.039424471782915,-22.466491404971585,8.619348142926292,-4.16415484949854,1.0560894012451172,3.0273895263671875,1.7923784255981445,Online,true,1780327248.0479808,0.0,map,odom
1780327248,47980759,1780327248.0479808,,x,15,,-0.9279432744950258,0.37195690873692866,0.023860791317924405,2.6513144969940186,-0.9268774176943145,0.37470557217105765,0.022225812747336093,2.7409003383720023,175,-2.4834941230501446,-12.535884710039412,-2.821001056943621,-2.165290657960239,-11.891832922903562,-2.9779504589044286,1.8956193923950195,4.337428092956543,1.009248971939087,Online,true,1780327248.0479808,0.0,map,odom
1780327248,47980759,1780327248.0479808,,x,6,,-0.8156732315566604,0.5781998034592438,0.019030675279838687,4.361057281494141,-0.8139521277416134,0.5806216002023322,0.018986603787500316,4.283598616054417,150,3.7401742633183797,-2.144011334578196,-3.7121032253901163,4.093977707135534,-1.5146098940408461,-3.786619274097211,2.2994494438171387,3.2437262535095215,0.9204404354095459,Online,true,1780327248.0479808,0.0,map,odom
1780327248,47980759,1780327248.0479808,,x,3,,-0.810979546286632,0.5849563487864183,-0.011757785471358397,4.31470251083374,-0.8091144377778925,0.5875337284471193,-0.011744978347866227,4.228897862662002,1332,1.8092967818124785,-4.9341571258979515,-2.9134008778824105,2.151306846779303,-4.303108328790595,-3.0110980087271226,6.811995267868042,9.017081439495087,1.5288565158843994,Online,true,1780327248.0479808,0.0,map,odom
1780327248,47980759,1780327248.0479808,,y,37,,-0.3367793324694959,-0.9415399011399697,0.009071702306455513,0.9736202955245972,-0.33972098362779973,-0.9405229164169502,0.0025093779139062408,1.674790906030696,237,-15.161537114074964,6.416698574516843,-4.245247447540992,-14.77890368230177,7.107707282507178,-4.347586715940131,4.236306190490723,1.5296082496643066,1.8831546306610107,Online,true,1780327248.0479808,0.0,map,odom
1780327248,47980759,1780327248.0479808,,y,33,,-0.5845426379553558,-0.811249979511934,0.0135416082530982,-4.7321977615356445,-0.587096369562139,-0.8094892018147208,0.006714535897782707,-4.0265033024649215,723,-14.473507737387925,4.8398006658171555,-3.88946372938354,-14.09717970868012,5.526731433148585,-3.997813533311545,4.319754600524902,3.7872235774993896,3.2702786922454834,Online,true,1780327248.0479808,0.0,map,odom
1780327248,47980759,1780327248.0479808,,y,31,,-0.2764287554555417,-0.9609427325463646,-0.013274333264851012,0.8897246718406677,-0.27934173218280633,-0.9599895712891818,-0.019703291022625868,1.580381020661014,354,-14.916026050761594,5.26946546802413,-4.011213460211026,-14.53787744428736,5.958438430379798,-4.118941033308293,4.332569122314453,1.259659767150879,2.3466310501098633,Online,true,1780327248.0479808,0.0,map,odom
1780327248,47980759,1780327248.0479808,,y,29,,-0.6641455386978994,-0.7474632369288041,0.014471104573988747,-5.772185802459717,-0.666504850562496,-0.7454611279087109,0.007680556863761985,-5.078697890600222,422,-13.514290095505556,4.202348708541472,-4.154798911646079,-13.138882647446747,4.8877747056402745,-4.262855575415471,4.031787872314453,3.5775790214538574,2.766021251678467,Online,true,1780327248.0479808,0.0,map,odom
1780327248,47980759,1780327248.0479808,,y,10,,-0.5988480397881436,-0.8008529475885295,-0.003947351094350443,2.6671955585479736,-0.6012994850175793,-0.7989511024178503,-0.010773358942124061,3.369903137963063,108,2.625640999387812,1.4579001245675263,-2.689725370318801,2.986499203545503,2.085041912581057,-2.748734275822897,4.409727573394775,3.4549262523651123,0.6498870849609375,Online,true,1780327248.0479808,0.0,map,odom
1780327248,47980759,1780327248.0479808,,y,17,,-0.734894999655832,0.6781726560136548,0.0033448641586006416,5.877769470214844,-0.7328032210637004,0.6804277989586225,0.004177272194871607,5.7091882305761406,437,-1.5010445832660597,-10.134671506947184,-2.8585195879641603,-1.1752830455602385,-9.493518342385865,-2.9982404900183313,6.916148662567139,6.893832206726074,1.5121855735778809,Online,true,1780327248.0479808,0.0,map,odom
1780327248,47980759,1780327248.0479808,,y,4,,-0.6344559809197339,-0.7729560757808573,-0.0021244266604707428,2.6232388019561768,-0.6368280543975843,-0.7709540501404958,-0.008937656524690987,3.320997272902343,998,1.3392722087208637,2.1660414080103796,-2.707648258051557,1.7024069438471203,2.797271816830495,-2.767855073354814,11.071306705474854,8.70945119857788,1.7896270751953125,Online,true,1780327248.0479808,0.0,map,odom
1780327251,47701293,1780327251.0477014,,x,38,,0.9053619480808432,-0.42423161755727934,-0.018635386553406037,23.848834991455078,0.9067774655158537,-0.42144300855143213,-0.011849834419200888,23.918787147110002,567,-22.562867532962215,8.444919071500264,-4.132239263103963,-22.255565557646314,9.18851623514488,-4.233949019145401,1.7673397064208984,3.495549201965332,2.042445421218872,Online,true,1780327251.0477014,0.0,map,odom
1780327251,47701293,1780327251.0477014,,x,15,,-0.9279432744950258,0.37195690873692866,0.023860791317924405,2.6513144969940186,-0.9292813290699796,0.36903051640782847,0.015896207148365274,2.625702469937689,175,-2.4834941230501446,-12.535884710039412,-2.821001056943621,-2.1367279135985116,-11.756647400711895,-2.958330891696517,1.8956193923950195,4.337428092956543,1.009248971939087,Online,true,1780327251.0477014,0.0,map,odom
1780327251,47701293,1780327251.0477014,,x,6,,-0.8156732315566604,0.5781998034592438,0.019030675279838687,4.361057281494141,-0.8175558215516507,0.5756253075034448,0.016061880605032317,4.152891115765715,150,3.7401742633183797,-2.144011334578196,-3.7121032253901163,4.069129906962422,-1.3350992208759629,-3.5890493360548352,2.2994494438171387,3.2437262535095215,0.9204404354095459,Online,true,1780327251.0477014,0.0,map,odom
1780327251,47701293,1780327251.0477014,,x,3,,-0.810979546286632,0.5849563487864183,-0.011757785471358397,4.31470251083374,-0.8124217437535213,0.5828889178842809,-0.014540277995275816,4.102869134688533,1332,1.8092967818124785,-4.9341571258979515,-2.9134008778824105,2.1346930933790498,-4.142911569021628,-2.8642936136390893,6.811995267868042,9.017081439495087,1.5288565158843994,Online,true,1780327251.0477014,0.0,map,odom
1780327251,47701293,1780327251.0477014,,y,40,,-0.5487780975240492,-0.8345293707062568,-0.04902376063200597,-0.8658261895179749,-0.5455376853455584,-0.8351039461570007,-0.07064016549255742,-0.09574417246465483,111,-19.717914186082446,12.171709464476988,-4.306181892618403,-19.419249985954952,12.925252596993085,-4.305346198998553,3.1899757385253906,1.986928939819336,1.092522382736206,Online,true,1780327251.0477014,0.0,map,odom
1780327251,47701293,1780327251.0477014,,y,37,,-0.3527052337078184,-0.935563785366707,0.01787237044802576,0.6423035264015198,-0.3501928756863137,-0.9366744381348766,-0.0024385986269749547,1.4283145051204627,237,-15.161537114074964,6.416698574516843,-4.245247447540992,-14.847467033905275,7.1822681631833705,-4.268389402066673,4.236306190490723,1.5296082496643066,1.8831546306610107,Online,true,1780327251.0477014,0.0,map,odom
1780327251,47701293,1780327251.0477014,,y,33,,-0.5772973766556164,-0.8165037450220115,0.007026611670888893,-4.606930255889893,-0.5749451536843683,-0.8180591300271516,-0.01474211769312692,-3.8471870452608865,985,-14.700347274935185,4.962829695861352,-3.9312400866280957,-14.38677350595151,5.724779697940381,-3.9708658672977686,4.865300178527832,3.7913177013397217,3.231721878051758,Online,true,1780327251.0477014,0.0,map,odom
1780327251,47701293,1780327251.0477014,,y,31,,-0.2764287554555417,-0.9609427325463646,-0.013274333264851012,0.8897246718406677,-0.2733848914144387,-0.9613439668729239,-0.03284019645718271,1.6764647321417843,354,-14.916026050761594,5.26946546802413,-4.011213460211026,-14.602128144444121,6.0320819190842965,-4.049136526895153,4.332569122314453,1.259659767150879,2.3466310501098633,Online,true,1780327251.0477014,0.0,map,odom
1780327251,47701293,1780327251.0477014,,y,29,,-0.6641455386978994,-0.7474632369288041,0.014471104573988747,-5.772185802459717,-0.6620967298241774,-0.7493809075559775,-0.0074950481459148035,-5.040594793963042,422,-13.514290095505556,4.202348708541472,-4.154798911646079,-13.195282626709641,4.971183173539611,-4.188772444274068,4.031787872314453,3.5775790214538574,2.766021251678467,Online,true,1780327251.0477014,0.0,map,odom
1780327251,47701293,1780327251.0477014,,y,10,,-0.5988480397881436,-0.8008529475885295,-0.003947351094350443,2.6671955585479736,-0.5963749141095295,-0.8022917533035688,-0.025785740282894553,3.422131914155371,108,2.625640999387812,1.4579001245675263,-2.689725370318801,2.928883040301245,2.246889736041629,-2.525846989338555,4.409727573394775,3.4549262523651123,0.6498870849609375,Online,true,1780327251.0477014,0.0,map,odom
1780327251,47701293,1780327251.0477014,,y,17,,-0.734894999655832,0.6781726560136548,0.0033448641586006416,5.877769470214844,-0.7368449217885659,0.6760542459952977,0.003196514685088575,5.575097417984478,437,-1.5010445832660597,-10.134671506947184,-2.8585195879641603,-1.1608605414905664,-9.352510586283522,-2.9425627382962567,6.916148662567139,6.893832206726074,1.5121855735778809,Online,true,1780327251.0477014,0.0,map,odom
1780327251,47701293,1780327251.0477014,,y,4,,-0.6344559809197339,-0.7729560757808573,-0.0021244266604707428,2.6232388019561768,-0.6320876600558577,-0.7745235861832481,-0.024050040560277337,3.3670397323623718,998,1.3392722087208637,2.1660414080103796,-2.707648258051557,1.640858956214017,2.9517692097741013,-2.551709300615983,11.071306705474854,8.70945119857788,1.7896270751953125,Online,true,1780327251.0477014,0.0,map,odom
1780327251,47701293,1780327251.0477014,,x,38,,0.9053619480808432,-0.42423161755727934,-0.018635386553406037,23.848834991455078,0.9067774655158537,-0.42144300855143213,-0.011849834419200888,23.918787147110002,567,-22.562867532962215,8.444919071500264,-4.132239263103963,-22.255565557646314,9.18851623514488,-4.233949019145401,1.7673397064208984,3.495549201965332,2.042445421218872,Online,true,1780327251.0477014,0.0,map,odom
1780327251,47701293,1780327251.0477014,,x,15,,-0.9279432744950258,0.37195690873692866,0.023860791317924405,2.6513144969940186,-0.9292813290699796,0.36903051640782847,0.015896207148365274,2.625702469937689,175,-2.4834941230501446,-12.535884710039412,-2.821001056943621,-2.1367279135985116,-11.756647400711895,-2.958330891696517,1.8956193923950195,4.337428092956543,1.009248971939087,Online,true,1780327251.0477014,0.0,map,odom
1780327251,47701293,1780327251.0477014,,x,6,,-0.8156732315566604,0.5781998034592438,0.019030675279838687,4.361057281494141,-0.8175558215516507,0.5756253075034448,0.016061880605032317,4.152891115765715,150,3.7401742633183797,-2.144011334578196,-3.7121032253901163,4.069129906962422,-1.3350992208759629,-3.5890493360548352,2.2994494438171387,3.2437262535095215,0.9204404354095459,Online,true,1780327251.0477014,0.0,map,odom
1780327251,47701293,1780327251.0477014,,x,3,,-0.810979546286632,0.5849563487864183,-0.011757785471358397,4.31470251083374,-0.8124217437535213,0.5828889178842809,-0.014540277995275816,4.102869134688533,1332,1.8092967818124785,-4.9341571258979515,-2.9134008778824105,2.1346930933790498,-4.142911569021628,-2.8642936136390893,6.811995267868042,9.017081439495087,1.5288565158843994,Online,true,1780327251.0477014,0.0,map,odom
1780327251,47701293,1780327251.0477014,,y,40,,-0.5487780975240492,-0.8345293707062568,-0.04902376063200597,-0.8658261895179749,-0.5455376853455584,-0.8351039461570007,-0.07064016549255742,-0.09574417246465483,111,-19.717914186082446,12.171709464476988,-4.306181892618403,-19.419249985954952,12.925252596993085,-4.305346198998553,3.1899757385253906,1.986928939819336,1.092522382736206,Online,true,1780327251.0477014,0.0,map,odom
1780327251,47701293,1780327251.0477014,,y,37,,-0.3527052337078184,-0.935563785366707,0.01787237044802576,0.6423035264015198,-0.3501928756863137,-0.9366744381348766,-0.0024385986269749547,1.4283145051204627,237,-15.161537114074964,6.416698574516843,-4.245247447540992,-14.847467033905275,7.1822681631833705,-4.268389402066673,4.236306190490723,1.5296082496643066,1.8831546306610107,Online,true,1780327251.0477014,0.0,map,odom
1780327251,47701293,1780327251.0477014,,y,33,,-0.5772973766556164,-0.8165037450220115,0.007026611670888893,-4.606930255889893,-0.5749451536843683,-0.8180591300271516,-0.01474211769312692,-3.8471870452608865,985,-14.700347274935185,4.962829695861352,-3.9312400866280957,-14.38677350595151,5.724779697940381,-3.9708658672977686,4.865300178527832,3.7913177013397217,3.231721878051758,Online,true,1780327251.0477014,0.0,map,odom
1780327251,47701293,1780327251.0477014,,y,31,,-0.2764287554555417,-0.9609427325463646,-0.013274333264851012,0.8897246718406677,-0.2733848914144387,-0.9613439668729239,-0.03284019645718271,1.6764647321417843,354,-14.916026050761594,5.26946546802413,-4.011213460211026,-14.602128144444121,6.0320819190842965,-4.049136526895153,4.332569122314453,1.259659767150879,2.3466310501098633,Online,true,1780327251.0477014,0.0,map,odom
1780327251,47701293,1780327251.0477014,,y,29,,-0.6641455386978994,-0.7474632369288041,0.014471104573988747,-5.772185802459717,-0.6620967298241774,-0.7493809075559775,-0.0074950481459148035,-5.040594793963042,422,-13.514290095505556,4.202348708541472,-4.154798911646079,-13.195282626709641,4.971183173539611,-4.188772444274068,4.031787872314453,3.5775790214538574,2.766021251678467,Online,true,1780327251.0477014,0.0,map,odom
1780327251,47701293,1780327251.0477014,,y,10,,-0.5988480397881436,-0.8008529475885295,-0.003947351094350443,2.6671955585479736,-0.5963749141095295,-0.8022917533035688,-0.025785740282894553,3.422131914155371,108,2.625640999387812,1.4579001245675263,-2.689725370318801,2.928883040301245,2.246889736041629,-2.525846989338555,4.409727573394775,3.4549262523651123,0.6498870849609375,Online,true,1780327251.0477014,0.0,map,odom
1780327251,47701293,1780327251.0477014,,y,17,,-0.734894999655832,0.6781726560136548,0.0033448641586006416,5.877769470214844,-0.7368449217885659,0.6760542459952977,0.003196514685088575,5.575097417984478,437,-1.5010445832660597,-10.134671506947184,-2.8585195879641603,-1.1608605414905664,-9.352510586283522,-2.9425627382962567,6.916148662567139,6.893832206726074,1.5121855735778809,Online,true,1780327251.0477014,0.0,map,odom
1780327251,47701293,1780327251.0477014,,y,4,,-0.6344559809197339,-0.7729560757808573,-0.0021244266604707428,2.6232388019561768,-0.6320876600558577,-0.7745235861832481,-0.024050040560277337,3.3670397323623718,998,1.3392722087208637,2.1660414080103796,-2.707648258051557,1.640858956214017,2.9517692097741013,-2.551709300615983,11.071306705474854,8.70945119857788,1.7896270751953125,Online,true,1780327251.0477014,0.0,map,odom
1780327256,447716979,1780327256.447717,,x,38,,0.8874421747151461,-0.4607672409632953,-0.011829462875578354,23.698001861572266,0.9132211478299097,-0.40745797747674095,-0.0022653359101841367,24.046327979727135,980,-22.574005629091847,8.3079489503588,-4.025478073285551,-22.47399701279876,8.951928264048645,-4.150243296579823,1.9223251342773438,3.455493927001953,2.895369052886963,Online,true,1780327256.447717,0.0,map,odom
1780327256,447716979,1780327256.447717,,x,15,,-0.9279432744950258,0.37195690873692866,0.023860791317924405,2.6513144969940186,-0.9485673294407766,0.31630907912824985,0.01298414335378734,2.4970709561827737,175,-2.4834941230501446,-12.535884710039412,-2.821001056943621,-1.2051862108820495,-10.67948906091998,-2.812349427533241,1.8956193923950195,4.337428092956543,1.009248971939087,Online,true,1780327256.447717,0.0,map,odom
1780327256,447716979,1780327256.447717,,x,6,,-0.8156732315566604,0.5781998034592438,0.019030675279838687,4.361057281494141,-0.8486353268103349,0.528853962417353,0.011470332383199638,3.7422304230157417,150,3.7401742633183797,-2.144011334578196,-3.7121032253901163,4.405094338902507,0.06909264571001861,-3.5278121856980205,2.2994494438171387,3.2437262535095215,0.9204404354095459,Online,true,1780327256.447717,0.0,map,odom
1780327256,447716979,1780327256.447717,,x,3,,-0.810979546286632,0.5849563487864183,-0.011757785471358397,4.31470251083374,-0.8439062770451456,0.5361473124827505,-0.01918996824712975,3.6837350785157077,1332,1.8092967818124785,-4.9341571258979515,-2.9134008778824105,2.631326483575858,-2.837104735227324,-2.780221921072355,6.811995267868042,9.017081439495087,1.5288565158843994,Online,true,1780327256.447717,0.0,map,odom
1780327256,447716979,1780327256.447717,,y,40,,-0.5778255461840379,-0.8144528268631546,-0.05276581271746754,-1.5998735427856445,-0.52781784522983,-0.8466426817585282,-0.06785640486842032,0.3252259894165226,111,-19.717914186082446,12.171709464476988,-4.306181892618403,-19.847701837877775,12.979866706084652,-4.357568733595531,3.1899757385253906,1.986928939819336,1.092522382736206,Online,true,1780327256.447717,0.0,map,odom
1780327256,447716979,1780327256.447717,,y,37,,-0.3736487008609319,-0.9274379555481407,0.015668023283838626,0.15488049387931824,-0.3183228743268964,-0.9479784763796216,0.002712194910820854,2.164954155348918,237,-15.161537114074964,6.416698574516843,-4.245247447540992,-14.960242463777472,7.503528471369285,-4.27452791239343,4.236306190490723,1.5296082496643066,1.8831546306610107,Online,true,1780327256.447717,0.0,map,odom
1780327256,447716979,1780327256.447717,,y,33,,-0.5674181754433653,-0.8233834757414059,0.008733043714768445,-4.391626834869385,-0.5177878513468286,-0.8554859870918348,-0.006282267675260527,-2.463094683771004,1405,-14.680786867922311,5.0897732738074035,-4.031761051327308,-14.404972323377923,6.205461492837162,-4.064467957542142,4.903554916381836,3.8948397636413574,3.2147958278656006,Online,true,1780327256.447717,0.0,map,odom
1780327256,447716979,1780327256.447717,,y,31,,-0.2764287554555417,-0.9609427325463646,-0.013274333264851012,0.8897246718406677,-0.2188843221398466,-0.9754293846982478,-0.025043342200627774,2.9086336382708953,354,-14.916026050761594,5.26946546802413,-4.011213460211026,-14.65070018127921,6.370766398954692,-4.045999899422356,4.332569122314453,1.259659767150879,2.3466310501098633,Online,true,1780327256.447717,0.0,map,odom
1780327256,447716979,1780327256.447717,,y,29,,-0.6641455386978994,-0.7474632369288041,0.014471104573988747,-5.772185802459717,-0.6189092142643733,-0.7854613119722187,-0.001382712384046022,-3.9316093086036608,422,-13.514290095505556,4.202348708541472,-4.154798911646079,-13.186374430895153,5.389560381013661,-4.177161996114236,4.031787872314453,3.5775790214538574,2.766021251678467,Online,true,1780327256.447717,0.0,map,odom
1780327256,447716979,1780327256.447717,,y,10,,-0.5988480397881436,-0.8008529475885295,-0.003947351094350443,2.6671955585479736,-0.5503093582746541,-0.834738908372367,-0.01925006609463255,4.5730186448761,108,2.625640999387812,1.4579001245675263,-2.689725370318801,3.064838653012755,3.589769721781659,-2.493522740263592,4.409727573394775,3.4549262523651123,0.6498870849609375,Online,true,1780327256.447717,0.0,map,odom
1780327256,447716979,1780327256.447717,,y,17,,-0.734894999655832,0.6781726560136548,0.0033448641586006416,5.877769470214844,-0.773694327383962,0.6335551988223672,-0.002213101676234422,5.019322853583311,437,-1.5010445832660597,-10.134671506947184,-2.8585195879641603,-0.3660516102638896,-8.224233750951528,-2.8161004291932294,6.916148662567139,6.893832206726074,1.5121855735778809,Online,true,1780327256.447717,0.0,map,odom
1780327256,447716979,1780327256.447717,,y,4,,-0.6344559809197339,-0.7729560757808573,-0.0021244266604707428,2.6232388019561768,-0.5875276369382456,-0.809009705467233,-0.01773618599309735,4.496816904882442,998,1.3392722087208637,2.1660414080103796,-2.707648258051557,1.739227352177726,4.220875785082827,-2.5249836491138273,11.071306705474854,8.70945119857788,1.7896270751953125,Online,true,1780327256.447717,0.0,map,odom
1780327256,447716979,1780327256.447717,,x,38,,0.8874421747151461,-0.4607672409632953,-0.011829462875578354,23.698001861572266,0.9132211478299097,-0.40745797747674095,-0.0022653359101841367,24.046327979727135,980,-22.574005629091847,8.3079489503588,-4.025478073285551,-22.47399701279876,8.951928264048645,-4.150243296579823,1.9223251342773438,3.455493927001953,2.895369052886963,Online,true,1780327256.447717,0.0,map,odom
1780327256,447716979,1780327256.447717,,x,15,,-0.9279432744950258,0.37195690873692866,0.023860791317924405,2.6513144969940186,-0.9485673294407766,0.31630907912824985,0.01298414335378734,2.4970709561827737,175,-2.4834941230501446,-12.535884710039412,-2.821001056943621,-1.2051862108820495,-10.67948906091998,-2.812349427533241,1.8956193923950195,4.337428092956543,1.009248971939087,Online,true,1780327256.447717,0.0,map,odom
1780327256,447716979,1780327256.447717,,x,6,,-0.8156732315566604,0.5781998034592438,0.019030675279838687,4.361057281494141,-0.8486353268103349,0.528853962417353,0.011470332383199638,3.7422304230157417,150,3.7401742633183797,-2.144011334578196,-3.7121032253901163,4.405094338902507,0.06909264571001861,-3.5278121856980205,2.2994494438171387,3.2437262535095215,0.9204404354095459,Online,true,1780327256.447717,0.0,map,odom
1780327256,447716979,1780327256.447717,,x,3,,-0.810979546286632,0.5849563487864183,-0.011757785471358397,4.31470251083374,-0.8439062770451456,0.5361473124827505,-0.01918996824712975,3.6837350785157077,1332,1.8092967818124785,-4.9341571258979515,-2.9134008778824105,2.631326483575858,-2.837104735227324,-2.780221921072355,6.811995267868042,9.017081439495087,1.5288565158843994,Online,true,1780327256.447717,0.0,map,odom
1780327256,447716979,1780327256.447717,,y,40,,-0.5778255461840379,-0.8144528268631546,-0.05276581271746754,-1.5998735427856445,-0.52781784522983,-0.8466426817585282,-0.06785640486842032,0.3252259894165226,111,-19.717914186082446,12.171709464476988,-4.306181892618403,-19.847701837877775,12.979866706084652,-4.357568733595531,3.1899757385253906,1.986928939819336,1.092522382736206,Online,true,1780327256.447717,0.0,map,odom
1780327256,447716979,1780327256.447717,,y,37,,-0.3736487008609319,-0.9274379555481407,0.015668023283838626,0.15488049387931824,-0.3183228743268964,-0.9479784763796216,0.002712194910820854,2.164954155348918,237,-15.161537114074964,6.416698574516843,-4.245247447540992,-14.960242463777472,7.503528471369285,-4.27452791239343,4.236306190490723,1.5296082496643066,1.8831546306610107,Online,true,1780327256.447717,0.0,map,odom
1780327256,447716979,1780327256.447717,,y,33,,-0.5674181754433653,-0.8233834757414059,0.008733043714768445,-4.391626834869385,-0.5177878513468286,-0.8554859870918348,-0.006282267675260527,-2.463094683771004,1405,-14.680786867922311,5.0897732738074035,-4.031761051327308,-14.404972323377923,6.205461492837162,-4.064467957542142,4.903554916381836,3.8948397636413574,3.2147958278656006,Online,true,1780327256.447717,0.0,map,odom
1780327256,447716979,1780327256.447717,,y,31,,-0.2764287554555417,-0.9609427325463646,-0.013274333264851012,0.8897246718406677,-0.2188843221398466,-0.9754293846982478,-0.025043342200627774,2.9086336382708953,354,-14.916026050761594,5.26946546802413,-4.011213460211026,-14.65070018127921,6.370766398954692,-4.045999899422356,4.332569122314453,1.259659767150879,2.3466310501098633,Online,true,1780327256.447717,0.0,map,odom
1780327256,447716979,1780327256.447717,,y,29,,-0.6641455386978994,-0.7474632369288041,0.014471104573988747,-5.772185802459717,-0.6189092142643733,-0.7854613119722187,-0.001382712384046022,-3.9316093086036608,422,-13.514290095505556,4.202348708541472,-4.154798911646079,-13.186374430895153,5.389560381013661,-4.177161996114236,4.031787872314453,3.5775790214538574,2.766021251678467,Online,true,1780327256.447717,0.0,map,odom
1780327256,447716979,1780327256.447717,,y,10,,-0.5988480397881436,-0.8008529475885295,-0.003947351094350443,2.6671955585479736,-0.5503093582746541,-0.834738908372367,-0.01925006609463255,4.5730186448761,108,2.625640999387812,1.4579001245675263,-2.689725370318801,3.064838653012755,3.589769721781659,-2.493522740263592,4.409727573394775,3.4549262523651123,0.6498870849609375,Online,true,1780327256.447717,0.0,map,odom
1780327256,447716979,1780327256.447717,,y,17,,-0.734894999655832,0.6781726560136548,0.0033448641586006416,5.877769470214844,-0.773694327383962,0.6335551988223672,-0.002213101676234422,5.019322853583311,437,-1.5010445832660597,-10.134671506947184,-2.8585195879641603,-0.3660516102638896,-8.224233750951528,-2.8161004291932294,6.916148662567139,6.893832206726074,1.5121855735778809,Online,true,1780327256.447717,0.0,map,odom
1780327256,447716979,1780327256.447717,,y,4,,-0.6344559809197339,-0.7729560757808573,-0.0021244266604707428,2.6232388019561768,-0.5875276369382456,-0.809009705467233,-0.01773618599309735,4.496816904882442,998,1.3392722087208637,2.1660414080103796,-2.707648258051557,1.739227352177726,4.220875785082827,-2.5249836491138273,11.071306705474854,8.70945119857788,1.7896270751953125,Online,true,1780327256.447717,0.0,map,odom
1780327260,448990982,1780327260.448991,,x,38,,0.8964014837615839,-0.4430924449023436,-0.011552713122656632,23.79281997680664,0.8976911770193217,-0.44061450240920436,-0.0030677301632148803,23.979789674047492,980,-22.574005629091847,8.3079489503588,-4.025478073285551,-22.32799759605442,9.137504336120239,-4.1520314217064245,1.9223251342773438,3.455493927001953,2.895369052886963,Online,true,1780327260.448991,0.0,map,odom
1780327260,448990982,1780327260.448991,,x,15,,-0.9279432744950258,0.37195690873692866,0.023860791317924405,2.6513144969940186,-0.9291586053461097,0.36937789966633006,0.014975090963429461,2.5335928980145495,175,-2.4834941230501446,-12.535884710039412,-2.821001056943621,-2.1931698984863552,-11.652497598283608,-2.7702382836536934,1.8956193923950195,4.337428092956543,1.009248971939087,Online,true,1780327260.448991,0.0,map,odom
1780327260,448990982,1780327260.448991,,x,6,,-0.8156732315566604,0.5781998034592438,0.019030675279838687,4.361057281494141,-0.8174150842254768,0.5759340245170894,0.011514316488849544,4.035082408293832,150,3.7401742633183797,-2.144011334578196,-3.7121032253901163,4.010441625957785,-1.2425085998339884,-3.5866184742845375,2.2994494438171387,3.2437262535095215,0.9204404354095459,Online,true,1780327260.448991,0.0,map,odom
1780327260,448990982,1780327260.448991,,x,3,,-0.810979546286632,0.5849563487864183,-0.011757785471358397,4.31470251083374,-0.8124311615584698,0.5827403321956135,-0.019217517043089372,3.984332476180844,1332,1.8092967818124785,-4.9341571258979515,-2.9134008778824105,2.0793462519944677,-4.038902584092725,-2.8106170781651363,6.811995267868042,9.017081439495087,1.5288565158843994,Online,true,1780327260.448991,0.0,map,odom
1780327260,448990982,1780327260.448991,,y,40,,-0.5644905698643106,-0.8235907150400221,-0.05521531159136132,-1.2908097505569458,-0.5616336621254261,-0.8250713014181081,-0.06184639960266252,-0.42592869724517834,111,-19.717914186082446,12.171709464476988,-4.306181892618403,-19.47990098215099,13.009428632579963,-4.399511109428702,3.1899757385253906,1.986928939819336,1.092522382736206,Online,true,1780327260.448991,0.0,map,odom
1780327260,448990982,1780327260.448991,,y,37,,-0.3649515857376704,-0.9309148915349039,0.014415435689495217,0.3405444324016571,-0.3625085602167436,-0.9319303852315002,0.00965923660809926,1.248474295757085,237,-15.161537114074964,6.416698574516843,-4.245247447540992,-14.908507223591108,7.266885354017556,-4.2995552666295325,4.236306190490723,1.5296082496643066,1.8831546306610107,Online,true,1780327260.448991,0.0,map,odom
1780327260,448990982,1780327260.448991,,y,33,,-0.5724527222703824,-0.8198709463430488,0.010464803284447106,-4.491878032684326,-0.5702651022778347,-0.8214521380016849,0.0037547432018382463,-3.634164410140075,1733,-14.76948462231477,4.90288496650304,-4.116338114757725,-14.513594358285646,5.754000875770633,-4.168487358743817,4.800296783447266,3.6583361625671387,3.220409631729126,Online,true,1780327260.448991,0.0,map,odom
1780327260,448990982,1780327260.448991,,y,31,,-0.2764287554555417,-0.9609427325463646,-0.013274333264851012,0.8897246718406677,-0.2736296776339242,-0.9616817627419791,-0.017175177653657583,1.8062579401303815,354,-14.916026050761594,5.26946546802413,-4.011213460211026,-14.662194573677917,6.120051237754462,-4.06441067635467,4.332569122314453,1.259659767150879,2.3466310501098633,Online,true,1780327260.448991,0.0,map,odom
1780327260,448990982,1780327260.448991,,y,29,,-0.6641455386978994,-0.7474632369288041,0.014471104573988747,-5.772185802459717,-0.6621929135049459,-0.7493014040123831,0.006924684029081668,-4.9578456491548,422,-13.514290095505556,4.202348708541472,-4.154798911646079,-13.256149247085501,5.05696144744403,-4.195159618206919,4.031787872314453,3.5775790214538574,2.766021251678467,Online,true,1780327260.448991,0.0,map,odom
1780327260,448990982,1780327260.448991,,y,10,,-0.5988480397881436,-0.8008529475885295,-0.003947351094350443,2.6671955585479736,-0.5965667464461324,-0.8024894501727171,-0.010899513574743456,3.5153939769291815,108,2.625640999387812,1.4579001245675263,-2.689725370318801,2.8757675792952444,2.3551001002133134,-2.571269527543745,4.409727573394775,3.4549262523651123,0.6498870849609375,Online,true,1780327260.448991,0.0,map,odom
1780327260,448990982,1780327260.448991,,y,17,,-0.734894999655832,0.6781726560136548,0.0033448641586006416,5.877769470214844,-0.7367595192224001,0.6761470980335527,-0.003242322621719008,5.445928417989816,437,-1.5010445832660597,-10.134671506947184,-2.8585195879641603,-1.2170207906035255,-9.248551759374566,-2.7950759137296766,6.916148662567139,6.893832206726074,1.5121855735778809,Online,true,1780327260.448991,0.0,map,odom
1780327260,448990982,1780327260.448991,,y,4,,-0.6344559809197339,-0.7729560757808573,-0.0021244266604707428,2.6232388019561768,-0.6322680152127731,-0.7746926912223215,-0.009401654408523403,3.4547670380837463,998,1.3392722087208637,2.1660414080103796,-2.707648258051557,1.5876950331984836,3.059726472163968,-2.6012822709402568,11.071306705474854,8.70945119857788,1.7896270751953125,Online,true,1780327260.448991,0.0,map,odom
1780327264,252057388,1780327264.2520573,,x,38,,0.8969016868821291,-0.4420773782394316,-0.011617044242908835,23.796831130981445,0.8942708940476131,-0.4475171066584336,-0.0028297185985552316,23.96470989200519,980,-22.574005629091847,8.3079489503588,-4.025478073285551,-22.31467110019172,9.154809527595004,-4.15593404337939,1.9223251342773438,3.455493927001953,2.895369052886963,Online,true,1780327264.2520573,0.0,map,odom
1780327264,252057388,1780327264.2520573,,x,15,,-0.9279432744950258,0.37195690873692866,0.023860791317924405,2.6513144969940186,-0.9258809791190209,0.3775399698839515,0.014421638104888668,2.5357584526362222,175,-2.4834941230501446,-12.535884710039412,-2.821001056943621,-2.366953556698616,-11.816421513804942,-2.799153835357341,1.8956193923950195,4.337428092956543,1.009248971939087,Online,true,1780327264.2520573,0.0,map,odom
1780327264,252057388,1780327264.2520573,,x,6,,-0.8156732315566604,0.5781998034592438,0.019030675279838687,4.361057281494141,-0.8123093199654596,0.5831084118937606,0.011753666491322822,4.085301997572207,150,3.7401742633183797,-2.144011334578196,-3.7121032253901163,3.9299061537497177,-1.4594228422418858,-3.5745761808480507,2.2994494438171387,3.2437262535095215,0.9204404354095459,Online,true,1780327264.2520573,0.0,map,odom
1780327264,252057388,1780327264.2520573,,x,3,,-0.810979546286632,0.5849563487864183,-0.011757785471358397,4.31470251083374,-0.8072109739397716,0.5899587751565946,-0.01894959542935616,4.036516668921286,1332,1.8092967818124785,-4.9341571258979515,-2.9134008778824105,1.9727865083798712,-4.240842898860087,-2.8100423440104367,6.811995267868042,9.017081439495087,1.5288565158843994,Online,true,1780327264.2520573,0.0,map,odom
1780327264,252057388,1780327264.2520573,,y,40,,-0.5638282907213406,-0.8240696209509458,-0.05483537551632173,-1.2726109027862549,-0.5681424604495856,-0.8203727462704281,-0.06482824855729914,-0.6073154692244602,111,-19.717914186082446,12.171709464476988,-4.306181892618403,-19.432012945304646,13.0020786393198,-4.387236052687099,3.1899757385253906,1.986928939819336,1.092522382736206,Online,true,1780327264.2520573,0.0,map,odom
1780327264,252057388,1780327264.2520573,,y,37,,-0.3649515857474696,-0.9309148915598997,0.014415433827237107,0.3405441641807556,-0.3707518810084208,-0.9287103845387339,0.006329642852083951,1.0422068766759487,237,-15.161537114074964,6.416698574516843,-4.245247447540992,-14.91176280686189,7.21904874440001,-4.2959163240164235,4.236306190490723,1.5296082496643066,1.8831546306610107,Online,true,1780327264.2520573,0.0,map,odom
1780327264,252057388,1780327264.2520573,,y,33,,-0.5730717773367793,-0.8194451325174235,0.009920323259203985,-4.507434368133545,-0.5781225419467771,-0.8159499361568073,-0.00016786512202659164,-3.850196978949579,2190,-14.749296626435022,4.915974161614022,-4.198077477167731,-14.509244295492303,5.715649393910817,-4.249979082146358,4.837745666503906,3.7289252281188965,3.220409631729126,Online,true,1780327264.2520573,0.0,map,odom
1780327264,252057388,1780327264.2520573,,y,31,,-0.2764287554555417,-0.9609427325463646,-0.013274333264851012,0.8897246718406677,-0.28209216624191086,-0.9591696402281231,-0.020435533014805125,1.6010940487791905,354,-14.916026050761594,5.26946546802413,-4.011213460211026,-14.676018033060865,6.06940814738547,-4.063661529901643,4.332569122314453,1.259659767150879,2.3466310501098633,Online,true,1780327264.2520573,0.0,map,odom
1780327264,252057388,1780327264.2520573,,y,29,,-0.6641455386978994,-0.7474632369288041,0.014471104573988747,-5.772185802459717,-0.6688042357020614,-0.743429843215369,0.0036003505042531123,-5.151125321301717,422,-13.514290095505556,4.202348708541472,-4.154798911646079,-13.279199058107523,4.9943000430089945,-4.195031098693069,4.031787872314453,3.5775790214538574,2.766021251678467,Online,true,1780327264.2520573,0.0,map,odom
1780327264,252057388,1780327264.2520573,,y,10,,-0.5988480397881436,-0.8008529475885295,-0.003947351094350443,2.6671955585479736,-0.6036194993414156,-0.7971449458574265,-0.01426307501135484,3.3169022984048646,108,2.625640999387812,1.4579001245675263,-2.689725370318801,2.825292892299993,2.1451474583126324,-2.5508039769555397,4.409727573394775,3.4549262523651123,0.6498870849609375,Online,true,1780327264.2520573,0.0,map,odom
1780327264,252057388,1780327264.2520573,,y,17,,-0.734894999655832,0.6781726560136548,0.0033448641586006416,5.877769470214844,-0.7307447223768222,0.6826459807544719,-0.0025720960686241995,5.521540929359558,437,-1.5010445832660597,-10.134671506947184,-2.8585195879641603,-1.36954233363353,-9.421145175628567,-2.81533100978642,6.916148662567139,6.893832206726074,1.5121855735778809,Online,true,1780327264.2520573,0.0,map,odom
1780327264,252057388,1780327264.2520573,,y,4,,-0.6344559809197339,-0.7729560757808573,-0.0021244266604707428,2.6232388019561768,-0.6390761659954236,-0.7690378176292796,-0.012747121737273739,3.258967991703193,998,1.3392722087208637,2.1660414080103796,-2.707648258051557,1.5435568241912196,2.861226522386996,-2.581026460741034,11.071306705474854,8.70945119857788,1.7896270751953125,Online,true,1780327264.2520573,0.0,map,odom
1780327267,648265636,1780327267.6482656,,x,38,,0.8968697729728017,-0.4421425135841424,-0.011602069178016431,23.796669006347656,0.8955785355811298,-0.4448879918416893,-0.003709625510480449,23.96849807063232,980,-22.574005629091847,8.3079489503588,-4.025478073285551,-22.325757994080416,9.137806774996031,-4.152503131256548,1.9223251342773438,3.455493927001953,2.895369052886963,Online,true,1780327267.6482656,0.0,map,odom
1780327267,648265636,1780327267.6482656,,x,15,,-0.9279432744950258,0.37195690873692866,0.023860791317924405,2.6513144969940186,-0.9269970789041109,0.37475360294135074,0.015367263442857075,2.536333269001786,175,-2.4834941230501446,-12.535884710039412,-2.821001056943621,-2.313477350861576,-11.772945529409652,-2.813144836967681,1.8956193923950195,4.337428092956543,1.009248971939087,Online,true,1780327267.6482656,0.0,map,odom
1780327267,648265636,1780327267.6482656,,x,6,,-0.8156732315566604,0.5781998034592438,0.019030675279838687,4.361057281494141,-0.8140480386520397,0.5806624714957395,0.012525372777962384,4.072906963501486,150,3.7401742633183797,-2.144011334578196,-3.7121032253901163,3.951296117497025,-1.3972139411364977,-3.5979702366417174,2.2994494438171387,3.2437262535095215,0.9204404354095459,Online,true,1780327267.6482656,0.0,map,odom
1780327267,648265636,1780327267.6482656,,x,3,,-0.810979546286632,0.5849563487864183,-0.011757785471358397,4.31470251083374,-0.8090045645915311,0.5875209915579902,-0.01818512988085011,4.023070314237268,1332,1.8092967818124785,-4.9341571258979515,-2.9134008778824105,2.00341469055108,-4.184336194004744,-2.8306148304276886,6.811995267868042,9.017081439495087,1.5288565158843994,Online,true,1780327267.6482656,0.0,map,odom
1780327267,648265636,1780327267.6482656,,y,40,,-0.563828232082228,-0.8240683110599405,-0.0548556598159785,-1.272709846496582,-0.5657409814393903,-0.8220935335393038,-0.06402627611268014,-0.554679056275102,111,-19.717914186082446,12.171709464476988,-4.306181892618403,-19.454958345356935,12.993684621111607,-4.387904253179705,3.1899757385253906,1.986928939819336,1.092522382736206,Online,true,1780327267.6482656,0.0,map,odom
1780327267,648265636,1780327267.6482656,,y,37,,-0.3649515857474696,-0.9309148915598997,0.014415433827237107,0.3405441641807556,-0.36794614599980935,-0.9298210788508181,0.0069566492356509,1.097677157338139,237,-15.161537114074964,6.416698574516843,-4.245247447540992,-14.917214406777884,7.224313773691627,-4.300295205120952,4.236306190490723,1.5296082496643066,1.8831546306610107,Online,true,1780327267.6482656,0.0,map,odom
1780327267,648265636,1780327267.6482656,,y,33,,-0.5729723563118235,-0.8195124254782803,0.010102642683126856,-4.504508972167969,-0.5755652939130913,-0.8177553876757164,0.000847567151073347,-3.793284351786279,2639,-14.636958650948198,4.82767515753471,-4.238670500989844,-14.397625732555344,5.6336498989970485,-4.294188873878159,4.839439392089844,3.7332825660705566,3.220409631729126,Online,true,1780327267.6482656,0.0,map,odom
1780327267,648265636,1780327267.6482656,,y,31,,-0.2764287554555417,-0.9609427325463646,-0.013274333264851012,0.8897246718406677,-0.27922498908698795,-0.9600194689441566,-0.019900369784282418,1.6557278521663474,354,-14.916026050761594,5.26946546802413,-4.011213460211026,-14.677749929289908,6.075442486709611,-4.068039053345712,4.332569122314453,1.259659767150879,2.3466310501098633,Online,true,1780327267.6482656,0.0,map,odom
1780327267,648265636,1780327267.6482656,,y,29,,-0.6641455386978994,-0.7474632369288041,0.014471104573988747,-5.772185802459717,-0.6665579697381132,-0.7454395137744005,0.004517109959927503,-5.09887257101876,422,-13.514290095505556,4.202348708541472,-4.154798911646079,-13.277846915491715,5.004514730105624,-4.200718895763542,4.031787872314453,3.5775790214538574,2.766021251678467,Online,true,1780327267.6482656,0.0,map,odom
1780327267,648265636,1780327267.6482656,,y,10,,-0.5988480397881436,-0.8008529475885295,-0.003947351094350443,2.6671955585479736,-0.6012317160374074,-0.7989622554674598,-0.013406638992074858,3.3701769596297506,108,2.625640999387812,1.4579001245675263,-2.689725370318801,2.8369744536863664,2.204252590937602,-2.5737958948494515,4.409727573394775,3.4549262523651123,0.6498870849609375,Online,true,1780327267.6482656,0.0,map,odom
1780327267,648265636,1780327267.6482656,,y,17,,-0.734894999655832,0.6781726560136548,0.0033448641586006416,5.877769470214844,-0.7327995793176385,0.6804418507803406,-0.0019142253046381564,5.502051410966758,437,-1.5010445832660597,-10.134671506947184,-2.8585195879641603,-1.3233025654975503,-9.374680488755898,-2.8309850809036767,6.916148662567139,6.893832206726074,1.5121855735778809,Online,true,1780327267.6482656,0.0,map,odom
1780327267,648265636,1780327267.6482656,,y,4,,-0.6344559809197339,-0.7729560757808573,-0.0021244266604707428,2.6232388019561768,-0.6367711538596184,-0.7709616687208046,-0.011857612555769942,3.3115852088832063,998,1.3392722087208637,2.1660414080103796,-2.707648258051557,1.5530548730284168,2.916461777295863,-2.6027537623941788,11.071306705474854,8.70945119857788,1.7896270751953125,Online,true,1780327267.6482656,0.0,map,odom
1780327271,247858856,1780327271.2478588,,x,38,,0.8968697850620867,-0.4421424897416447,-0.011602043257373327,23.796669006347656,0.8996580012474085,-0.43659490986490834,-0.0006045424474091303,24.004924689176832,980,-22.574005629091847,8.3079489503588,-4.025478073285551,-22.3629329885993,9.0801095601158,-4.18248101964774,1.9223251342773438,3.455493927001953,2.895369052886963,Online,true,1780327271.2478588,0.0,map,odom
1780327271,247858856,1780327271.2478588,,x,15,,-0.9279432744950258,0.37195690873692866,0.023860791317924405,2.6513144969940186,-0.9304695000852028,0.36616875269126214,0.012122457000056593,2.5106815922265198,175,-2.4834941230501446,-12.535884710039412,-2.821001056943621,-2.163332397406368,-11.64541796038971,-2.7776806520913966,1.8956193923950195,4.337428092956543,1.009248971939087,Online,true,1780327271.2478588,0.0,map,odom
1780327271,247858856,1780327271.2478588,,x,6,,-0.8156732315566604,0.5781998034592438,0.019030675279838687,4.361057281494141,-0.8194179713732036,0.573113261857962,0.009766128872334086,4.013442543487223,150,3.7401742633183797,-2.144011334578196,-3.7121032253901163,4.00813394843895,-1.2119534130520808,-3.535944584545092,2.2994494438171387,3.2437262535095215,0.9204404354095459,Online,true,1780327271.2478588,0.0,map,odom
1780327271,247858856,1780327271.2478588,,x,3,,-0.810979546286632,0.5849563487864183,-0.011757785471358397,4.31470251083374,-0.8143262699298729,0.5800301204211585,-0.0209233244566023,3.963905291000993,1332,1.8092967818124785,-4.9341571258979515,-2.9134008778824105,2.0833029481179555,-4.017250355265967,-2.7766939595674525,6.811995267868042,9.017081439495087,1.5288565158843994,Online,true,1780327271.2478588,0.0,map,odom
1780327271,247858856,1780327271.2478588,,y,40,,-0.563828232082228,-0.8240683110599405,-0.0548556598159785,-1.272709846496582,-0.5578850001006863,-0.8272591180366238,-0.0663828162096542,-0.4123316807877046,111,-19.717914186082446,12.171709464476988,-4.306181892618403,-19.52704020549291,12.962432919162154,-4.406033550401796,3.1899757385253906,1.986928939819336,1.092522382736206,Online,true,1780327271.2478588,0.0,map,odom
1780327271,247858856,1780327271.2478588,,y,37,,-0.3649515857474696,-0.9309148915598997,0.014415433827237107,0.3405441641807556,-0.35936317397453454,-0.9331828382519074,0.005282005590963277,1.246020627107393,237,-15.161537114074964,6.416698574516843,-4.245247447540992,-14.936538652291974,7.235190094848083,-4.303952730092345,4.236306190490723,1.5296082496643066,1.8831546306610107,Online,true,1780327271.2478588,0.0,map,odom
1780327271,247858856,1780327271.2478588,,y,33,,-0.5727812562175181,-0.8196470614900663,0.010016342475253936,-4.500882625579834,-0.56779201479149,-0.823170443023544,-0.0016277811409161885,-3.6506469673340574,2980,-14.515924704954928,4.733878266491346,-4.2629477143287655,-14.280356622126572,5.556441259846251,-4.319456394986908,4.839151382446289,3.7331910133361816,3.220409631729126,Online,true,1780327271.2478588,0.0,map,odom
1780327271,247858856,1780327271.2478588,,y,31,,-0.2764287554555417,-0.9609427325463646,-0.013274333264851012,0.8897246718406677,-0.27026959811989576,-0.9625498744397467,-0.021262256421603915,1.8069097462780508,354,-14.916026050761594,5.26946546802413,-4.011213460211026,-14.687317928745655,6.088488790560066,-4.0712371531170275,4.332569122314453,1.259659767150879,2.3466310501098633,Online,true,1780327271.2478588,0.0,map,odom
1780327271,247858856,1780327271.2478588,,y,29,,-0.6641455386978994,-0.7474632369288041,0.014471104573988747,-5.772185802459717,-0.6596548012890318,-0.751566517602375,0.00182009762566074,-4.967797473707267,422,-13.514290095505556,4.202348708541472,-4.154798911646079,-13.277106980059964,5.030589948244641,-4.199197178612559,4.031787872314453,3.5775790214538574,2.766021251678467,Online,true,1780327271.2478588,0.0,map,odom
1780327271,247858856,1780327271.2478588,,y,10,,-0.5988480397881436,-0.8008529475885295,-0.003947351094350443,2.6671955585479736,-0.5937720251263822,-0.8044765141459732,-0.015884595206014686,3.5078530102894954,108,2.625640999387812,1.4579001245675263,-2.689725370318801,2.856865294544719,2.3786643704556583,-2.514547769496332,4.409727573394775,3.4549262523651123,0.6498870849609375,Online,true,1780327271.2478588,0.0,map,odom
1780327271,247858856,1780327271.2478588,,y,17,,-0.734894999655832,0.6781726560136548,0.0033448641586006416,5.877769470214844,-0.7390427464683927,0.6736445433950892,-0.004341433689110995,5.425964820011763,437,-1.5010445832660597,-10.134671506947184,-2.8585195879641603,-1.1952978675345491,-9.23810203747068,-2.791051565773013,6.916148662567139,6.893832206726074,1.5121855735778809,Online,true,1780327271.2478588,0.0,map,odom
1780327271,247858856,1780327271.2478588,,y,4,,-0.6344559809197339,-0.7729560757808573,-0.0021244266604707428,2.6232388019561768,-0.6295740354635025,-0.7768060145987626,-0.014455087456934048,3.4462275252875965,998,1.3392722087208637,2.1660414080103796,-2.707648258051557,1.5665347229996949,3.078994722623291,-2.547930201878798,11.071306705474854,8.70945119857788,1.7896270751953125,Online,true,1780327271.2478588,0.0,map,odom
1780327274,448622521,1780327274.4486225,,x,38,,0.8968697850620867,-0.4421424897416447,-0.011602043257373327,23.796669006347656,0.8996579997902097,-0.4365949006669774,-0.0006132903645350938,24.00487233920076,980,-22.574005629091847,8.3079489503588,-4.025478073285551,-22.362920282318463,9.080099829905581,-4.182426242831834,1.9223251342773438,3.455493927001953,2.895369052886963,Online,true,1780327274.4486225,0.0,map,odom
1780327274,448622521,1780327274.4486225,,x,15,,-0.9279432744950258,0.37195690873692866,0.023860791317924405,2.6513144969940186,-0.9304694236844172,0.3661686661448823,0.012130932448351905,2.510734256234458,175,-2.4834941230501446,-12.535884710039412,-2.821001056943621,-2.1633104822405604,-11.64543698744208,-2.7778954752789273,1.8956193923950195,4.337428092956543,1.009248971939087,Online,true,1780327274.4486225,0.0,map,odom
1780327274,448622521,1780327274.4486225,,x,6,,-0.8156732315566604,0.5781998034592438,0.019030675279838687,4.361057281494141,-0.8194179113976553,0.5731131917293225,0.009775272197404983,4.013498216083336,150,3.7401742633183797,-2.144011334578196,-3.7121032253901163,4.008150896871203,-1.211967324461365,-3.536129441483104,2.2994494438171387,3.2437262535095215,0.9204404354095459,Online,true,1780327274.4486225,0.0,map,odom
1780327274,448622521,1780327274.4486225,,x,3,,-0.810979546286632,0.5849563487864183,-0.011757785471358397,4.31470251083374,-0.8143264086154657,0.5800302559515788,-0.020914167738253442,3.9639563932418853,1332,1.8092967818124785,-4.9341571258979515,-2.9134008778824105,2.0833248263509474,-4.01726936485041,-2.7768851555284164,6.811995267868042,9.017081439495087,1.5288565158843994,Online,true,1780327274.4486225,0.0,map,odom
1780327274,448622521,1780327274.4486225,,y,40,,-0.563828232082228,-0.8240683110599405,-0.0548556598159785,-1.272709846496582,-0.5578854250297499,-0.827258676415615,-0.06638474850792256,-0.4123505996226483,111,-19.717914186082446,12.171709464476988,-4.306181892618403,-19.527028968102805,12.96242470293975,-4.405971114512816,3.1899757385253906,1.986928939819336,1.092522382736206,Online,true,1780327274.4486225,0.0,map,odom
1780327274,448622521,1780327274.4486225,,y,37,,-0.3649515857474696,-0.9309148915598997,0.014415433827237107,0.3405441641807556,-0.3593631344934617,-0.9331828756743943,0.005278078732104109,1.2460006227946276,237,-15.161537114074964,6.416698574516843,-4.245247447540992,-14.936526721874992,7.235181220990803,-4.303958378430777,4.236306190490723,1.5296082496643066,1.8831546306610107,Online,true,1780327274.4486225,0.0,map,odom
1780327274,448622521,1780327274.4486225,,y,33,,-0.5727812563404105,-0.8196470616659248,0.01001632105698408,-4.500882625579834,-0.5677920204651926,-0.8231704354255058,-0.0016296433467155938,-3.650655570144033,2980,-14.515924704954928,4.733878266491346,-4.2629477143287655,-14.280344782549227,5.556432493653782,-4.319477538336305,4.839151382446289,3.7331910133361816,3.220409631729126,Online,true,1780327274.4486225,0.0,map,odom
1780327274,448622521,1780327274.4486225,,y,31,,-0.2764287554555417,-0.9609427325463646,-0.013274333264851012,0.8897246718406677,-0.27026973026846113,-0.962549733496909,-0.02126695666152173,1.8068810858558968,354,-14.916026050761594,5.26946546802413,-4.011213460211026,-14.687304485702507,6.088478358875426,-4.071252097721959,4.332569122314453,1.259659767150879,2.3466310501098633,Online,true,1780327274.4486225,0.0,map,odom
1780327274,448622521,1780327274.4486225,,y,29,,-0.6641455386978994,-0.7474632369288041,0.014471104573988747,-5.772185802459717,-0.659654785236345,-0.7515665335477477,0.001819331144633764,-4.967799206527302,422,-13.514290095505556,4.202348708541472,-4.154798911646079,-13.277094359207117,5.030580382013944,-4.1992283383777,4.031787872314453,3.5775790214538574,2.766021251678467,Online,true,1780327274.4486225,0.0,map,odom
1780327274,448622521,1780327274.4486225,,y,10,,-0.5988480397881436,-0.8008529475885295,-0.003947351094350443,2.6671955585479736,-0.5937721233598234,-0.8044764110862622,-0.0158861425945421,3.507843992888086,108,2.625640999387812,1.4579001245675263,-2.689725370318801,2.8568888331226194,2.3786436086733205,-2.514701117076427,4.409727573394775,3.4549262523651123,0.6498870849609375,Online,true,1780327274.4486225,0.0,map,odom
1780327274,448622521,1780327274.4486225,,y,17,,-0.734894999655832,0.6781726560136548,0.0033448641586006416,5.877769470214844,-0.7390427783682547,0.673644568248809,-0.004332136956105773,5.426018946861145,437,-1.5010445832660597,-10.134671506947184,-2.8585195879641603,-1.1952760525679837,-9.238120969459315,-2.791256524205697,6.916148662567139,6.893832206726074,1.5121855735778809,Online,true,1780327274.4486225,0.0,map,odom
1780327274,448622521,1780327274.4486225,,y,4,,-0.6344559809197339,-0.7729560757808573,-0.0021244266604707428,2.6232388019561768,-0.6295741246012461,-0.7768059213223247,-0.014456217733184165,3.4462211905132714,998,1.3392722087208637,2.1660414080103796,-2.707648258051557,1.5665580415849942,3.078974177130866,-2.5480705059910314,11.071306705474854,8.70945119857788,1.7896270751953125,Online,true,1780327274.4486225,0.0,map,odom
1780327277,648215983,1780327277.648216,,x,38,,0.8968697850620867,-0.4421424897416447,-0.011602043257373327,23.796669006347656,0.8996579863686064,-0.43659491601027667,-0.0006219945048914593,24.00482085042511,980,-22.574005629091847,8.3079489503588,-4.025478073285551,-22.362906790212577,9.080093340922382,-4.182349369413457,1.9223251342773438,3.455493927001953,2.895369052886963,Online,true,1780327277.648216,0.0,map,odom
1780327277,648215983,1780327277.648216,,x,15,,-0.9279432744950258,0.37195690873692866,0.023860791317924405,2.6513144969940186,-0.9304693546758059,0.3661685705879678,0.012139107164596596,2.5107848541606956,175,-2.4834941230501446,-12.535884710039412,-2.821001056943621,-2.1632904998684737,-11.645457567107034,-2.778119900563844,1.8956193923950195,4.337428092956543,1.009248971939087,Online,true,1780327277.648216,0.0,map,odom
1780327277,648215983,1780327277.648216,,x,6,,-0.8156732315566604,0.5781998034592438,0.019030675279838687,4.361057281494141,-0.8194178491898179,0.5731131163644131,0.009784900623094164,4.013554584128438,150,3.7401742633183797,-2.144011334578196,-3.7121032253901163,4.008167357348579,-1.2119807016989412,-3.5362834220423807,2.2994494438171387,3.2437262535095215,0.9204404354095459,Online,true,1780327277.648216,0.0,map,odom
1780327277,648215983,1780327277.648216,,x,3,,-0.810979546286632,0.5849563487864183,-0.011757785471358397,4.31470251083374,-0.8143264988109657,0.5800304779192395,-0.020904497579539598,3.96400916323173,1332,1.8092967818124785,-4.9341571258979515,-2.9134008778824105,2.083344994730893,-4.017290055245949,-2.777056757212452,6.811995267868042,9.017081439495087,1.5288565158843994,Online,true,1780327277.648216,0.0,map,odom
1780327277,648215983,1780327277.648216,,y,40,,-0.563828232082228,-0.8240683110599405,-0.0548556598159785,-1.272709846496582,-0.5578857746767257,-0.8272580197377466,-0.0663899931686364,-0.41237905424102395,111,-19.717914186082446,12.171709464476988,-4.306181892618403,-19.527016495209633,12.962420313287401,-4.405870710304273,3.1899757385253906,1.986928939819336,1.092522382736206,Online,true,1780327277.648216,0.0,map,odom
1780327277,648215983,1780327277.648216,,y,37,,-0.3649515857474696,-0.9309148915598997,0.014415433827237107,0.3405441641807556,-0.3593631303969654,-0.9331829182762926,0.005270820489823007,1.2459691321418844,237,-15.161537114074964,6.416698574516843,-4.245247447540992,-14.936513877822696,7.235175734137792,-4.30393630572304,4.236306190490723,1.5296082496643066,1.8831546306610107,Online,true,1780327277.648216,0.0,map,odom
1780327277,648215983,1780327277.648216,,y,33,,-0.5727812107443043,-0.8196470817120729,0.010017288014795579,-4.500877380371094,-0.5677920161992844,-0.8231704300655275,-0.0016338317189899636,-3.650670439291842,2980,-14.515924704954928,4.733878266491346,-4.2629477143287655,-14.280332055497347,5.556427141755694,-4.3194749987848375,4.839151382446289,3.7331910133361816,3.220409631729126,Online,true,1780327277.648216,0.0,map,odom
1780327277,648215983,1780327277.648216,,y,31,,-0.2764287554555417,-0.9609427325463646,-0.013274333264851012,0.8897246718406677,-0.27026985883424265,-0.9625495209231976,-0.021274942449782168,1.8068419166080998,354,-14.916026050761594,5.26946546802413,-4.011213460211026,-14.687290512007259,6.088470610697578,-4.071242378266108,4.332569122314453,1.259659767150879,2.3466310501098633,Online,true,1780327277.648216,0.0,map,odom
1780327277,648215983,1780327277.648216,,y,29,,-0.6641455386978994,-0.7474632369288041,0.014471104573988747,-5.772185802459717,-0.6596547940204626,-0.7515665355224171,0.001815326045748954,-4.967812252386918,422,-13.514290095505556,4.202348708541472,-4.154798911646079,-13.277081046848718,5.030573840878918,-4.199235883080383,4.031787872314453,3.5775790214538574,2.766021251678467,Online,true,1780327277.648216,0.0,map,odom
1780327277,648215983,1780327277.648216,,y,10,,-0.5988480397881436,-0.8008529475885295,-0.003947351094350443,2.6671955585479736,-0.5937722214202659,-0.8044762430108037,-0.015890988039303472,3.5078240207123867,108,2.625640999387812,1.4579001245675263,-2.689725370318801,2.856910456690117,2.37862035847042,-2.514814572850129,4.409727573394775,3.4549262523651123,0.6498870849609375,Online,true,1780327277.648216,0.0,map,odom
1780327277,648215983,1780327277.648216,,y,17,,-0.734894999655832,0.6781726560136548,0.0033448641586006416,5.877769470214844,-0.7390427839081539,0.6736446277097895,-0.004321933713633714,5.426075632124248,437,-1.5010445832660597,-10.134671506947184,-2.8585195879641603,-1.1952560794977616,-9.238141442664595,-2.7914624293084596,6.916148662567139,6.893832206726074,1.5121855735778809,Online,true,1780327277.648216,0.0,map,odom
1780327277,648215983,1780327277.648216,,y,4,,-0.6344559809197339,-0.7729560757808573,-0.0021244266604707428,2.6232388019561768,-0.629574214895915,-0.7768057662595741,-0.014460617001647623,3.446203928899124,998,1.3392722087208637,2.1660414080103796,-2.707648258051557,1.5665795158988791,3.0789512808845965,-2.548170759233282,11.071306705474854,8.70945119857788,1.7896270751953125,Online,true,1780327277.648216,0.0,map,odom
1780327277,648215983,1780327277.648216,,x,38,,0.8968697850620867,-0.4421424897416447,-0.011602043257373327,23.796669006347656,0.8996579863686064,-0.43659491601027667,-0.0006219945048914593,24.00482085042511,980,-22.574005629091847,8.3079489503588,-4.025478073285551,-22.362906790212577,9.080093340922382,-4.182349369413457,1.9223251342773438,3.455493927001953,2.895369052886963,Online,true,1780327277.648216,0.0,map,odom
1780327277,648215983,1780327277.648216,,x,15,,-0.9279432744950258,0.37195690873692866,0.023860791317924405,2.6513144969940186,-0.9304693546758059,0.3661685705879678,0.012139107164596596,2.5107848541606956,175,-2.4834941230501446,-12.535884710039412,-2.821001056943621,-2.1632904998684737,-11.645457567107034,-2.778119900563844,1.8956193923950195,4.337428092956543,1.009248971939087,Online,true,1780327277.648216,0.0,map,odom
1780327277,648215983,1780327277.648216,,x,6,,-0.8156732315566604,0.5781998034592438,0.019030675279838687,4.361057281494141,-0.8194178491898179,0.5731131163644131,0.009784900623094164,4.013554584128438,150,3.7401742633183797,-2.144011334578196,-3.7121032253901163,4.008167357348579,-1.2119807016989412,-3.5362834220423807,2.2994494438171387,3.2437262535095215,0.9204404354095459,Online,true,1780327277.648216,0.0,map,odom
1780327277,648215983,1780327277.648216,,x,3,,-0.810979546286632,0.5849563487864183,-0.011757785471358397,4.31470251083374,-0.8143264988109657,0.5800304779192395,-0.020904497579539598,3.96400916323173,1332,1.8092967818124785,-4.9341571258979515,-2.9134008778824105,2.083344994730893,-4.017290055245949,-2.777056757212452,6.811995267868042,9.017081439495087,1.5288565158843994,Online,true,1780327277.648216,0.0,map,odom
1780327277,648215983,1780327277.648216,,y,40,,-0.563828232082228,-0.8240683110599405,-0.0548556598159785,-1.272709846496582,-0.5578857746767257,-0.8272580197377466,-0.0663899931686364,-0.41237905424102395,111,-19.717914186082446,12.171709464476988,-4.306181892618403,-19.527016495209633,12.962420313287401,-4.405870710304273,3.1899757385253906,1.986928939819336,1.092522382736206,Online,true,1780327277.648216,0.0,map,odom
1780327277,648215983,1780327277.648216,,y,37,,-0.3649515857474696,-0.9309148915598997,0.014415433827237107,0.3405441641807556,-0.3593631303969654,-0.9331829182762926,0.005270820489823007,1.2459691321418844,237,-15.161537114074964,6.416698574516843,-4.245247447540992,-14.936513877822696,7.235175734137792,-4.30393630572304,4.236306190490723,1.5296082496643066,1.8831546306610107,Online,true,1780327277.648216,0.0,map,odom
1780327277,648215983,1780327277.648216,,y,33,,-0.5727812107443043,-0.8196470817120729,0.010017288014795579,-4.500877380371094,-0.5677920161992844,-0.8231704300655275,-0.0016338317189899636,-3.650670439291842,2980,-14.515924704954928,4.733878266491346,-4.2629477143287655,-14.280332055497347,5.556427141755694,-4.3194749987848375,4.839151382446289,3.7331910133361816,3.220409631729126,Online,true,1780327277.648216,0.0,map,odom
1780327277,648215983,1780327277.648216,,y,31,,-0.2764287554555417,-0.9609427325463646,-0.013274333264851012,0.8897246718406677,-0.27026985883424265,-0.9625495209231976,-0.021274942449782168,1.8068419166080998,354,-14.916026050761594,5.26946546802413,-4.011213460211026,-14.687290512007259,6.088470610697578,-4.071242378266108,4.332569122314453,1.259659767150879,2.3466310501098633,Online,true,1780327277.648216,0.0,map,odom
1780327277,648215983,1780327277.648216,,y,29,,-0.6641455386978994,-0.7474632369288041,0.014471104573988747,-5.772185802459717,-0.6596547940204626,-0.7515665355224171,0.001815326045748954,-4.967812252386918,422,-13.514290095505556,4.202348708541472,-4.154798911646079,-13.277081046848718,5.030573840878918,-4.199235883080383,4.031787872314453,3.5775790214538574,2.766021251678467,Online,true,1780327277.648216,0.0,map,odom
1780327277,648215983,1780327277.648216,,y,10,,-0.5988480397881436,-0.8008529475885295,-0.003947351094350443,2.6671955585479736,-0.5937722214202659,-0.8044762430108037,-0.015890988039303472,3.5078240207123867,108,2.625640999387812,1.4579001245675263,-2.689725370318801,2.856910456690117,2.37862035847042,-2.514814572850129,4.409727573394775,3.4549262523651123,0.6498870849609375,Online,true,1780327277.648216,0.0,map,odom
1780327277,648215983,1780327277.648216,,y,17,,-0.734894999655832,0.6781726560136548,0.0033448641586006416,5.877769470214844,-0.7390427839081539,0.6736446277097895,-0.004321933713633714,5.426075632124248,437,-1.5010445832660597,-10.134671506947184,-2.8585195879641603,-1.1952560794977616,-9.238141442664595,-2.7914624293084596,6.916148662567139,6.893832206726074,1.5121855735778809,Online,true,1780327277.648216,0.0,map,odom
1780327277,648215983,1780327277.648216,,y,4,,-0.6344559809197339,-0.7729560757808573,-0.0021244266604707428,2.6232388019561768,-0.629574214895915,-0.7768057662595741,-0.014460617001647623,3.446203928899124,998,1.3392722087208637,2.1660414080103796,-2.707648258051557,1.5665795158988791,3.0789512808845965,-2.548170759233282,11.071306705474854,8.70945119857788,1.7896270751953125,Online,true,1780327277.648216,0.0,map,odom
1780327281,248597225,1780327281.2485971,,x,38,,0.8968697850620867,-0.4421424897416447,-0.011602043257373327,23.796669006347656,0.8996579846897165,-0.43659491577906984,-0.0006245797826170286,24.004807699248044,980,-22.574005629091847,8.3079489503588,-4.025478073285551,-22.362900835947812,9.080100308017238,-4.182323743399123,1.9223251342773438,3.455493927001953,2.895369052886963,Online,true,1780327281.2485971,0.0,map,odom
1780327281,248597225,1780327281.2485971,,x,15,,-0.9279432744950258,0.37195690873692866,0.023860791317924405,2.6513144969940186,-0.9304693435633842,0.3661685220651792,0.012141422376605978,2.5107979042774233,175,-2.4834941230501446,-12.535884710039412,-2.821001056943621,-2.163283427648534,-11.645456551391131,-2.7781981986549846,1.8956193923950195,4.337428092956543,1.009248971939087,Online,true,1780327281.2485971,0.0,map,odom
1780327281,248597225,1780327281.2485971,,x,6,,-0.8156732315566604,0.5781998034592438,0.019030675279838687,4.361057281494141,-0.8194178394945839,0.5731130774334641,0.009787992274843572,4.013568720076809,150,3.7401742633183797,-2.144011334578196,-3.7121032253901163,4.008173823954248,-1.2119765180170727,-3.5363230528425857,2.2994494438171387,3.2437262535095215,0.9204404354095459,Online,true,1780327281.2485971,0.0,map,odom
1780327281,248597225,1780327281.2485971,,x,3,,-0.810979546286632,0.5849563487864183,-0.011757785471358397,4.31470251083374,-0.8143265147328509,0.5800305678755747,-0.0209013811262886,3.964022367663247,1332,1.8092967818124785,-4.9341571258979515,-2.9134008778824105,2.0833520880876124,-4.017289055321198,-2.777106562966426,6.811995267868042,9.017081439495087,1.5288565158843994,Online,true,1780327281.2485971,0.0,map,odom
1780327281,248597225,1780327281.2485971,,y,40,,-0.563828232082228,-0.8240683110599405,-0.0548556598159785,-1.272709846496582,-0.5578858323295361,-0.8272577394018199,-0.06639300178310638,-0.4123846853075493,111,-19.717914186082446,12.171709464476988,-4.306181892618403,-19.527010717351533,12.962428211658384,-4.405831146712244,3.1899757385253906,1.986928939819336,1.092522382736206,Online,true,1780327281.2485971,0.0,map,odom
1780327281,248597225,1780327281.2485971,,y,37,,-0.3649515857474696,-0.9309148915598997,0.014415433827237107,0.3405441641807556,-0.3593631284713,-0.9331829394537035,0.0052672011415681895,1.245962736459234,237,-15.161537114074964,6.416698574516843,-4.245247447540992,-14.9365080300222,7.2351831922468355,-4.303924632101988,4.236306190490723,1.5296082496643066,1.8831546306610107,Online,true,1780327281.2485971,0.0,map,odom
1780327281,248597225,1780327281.2485971,,y,33,,-0.572781208622831,-0.8196470786762551,0.010017657712757784,-4.500875949859619,-0.5677920229293293,-0.8231704202320186,-0.0016364451906181916,-3.6506725320780933,2980,-14.515924704954928,4.733878266491346,-4.2629477143287655,-14.280326225133374,5.556434663405136,-4.319470924323583,4.839151382446289,3.7331910133361816,3.220409631729126,Online,true,1780327281.2485971,0.0,map,odom
1780327281,248597225,1780327281.2485971,,y,31,,-0.2764287554555417,-0.9609427325463646,-0.013274333264851012,0.8897246718406677,-0.270269879160784,-0.9625494308396992,-0.021278759564092142,1.8068335402967517,354,-14.916026050761594,5.26946546802413,-4.011213460211026,-14.687284472876977,6.088477090800789,-4.071235729190747,4.332569122314453,1.259659767150879,2.3466310501098633,Online,true,1780327281.2485971,0.0,map,odom
1780327281,248597225,1780327281.2485971,,y,29,,-0.6641455386978994,-0.7474632369288041,0.014471104573988747,-5.772185802459717,-0.6596547944990077,-0.7515665413916297,0.0018127203578724908,-4.967813990150739,422,-13.514290095505556,4.202348708541472,-4.154798911646079,-13.277075117442871,5.0305808548479,-4.199234855332165,4.031787872314453,3.5775790214538574,2.766021251678467,Online,true,1780327281.2485971,0.0,map,odom
1780327281,248597225,1780327281.2485971,,y,10,,-0.5988480397881436,-0.8008529475885295,-0.003947351094350443,2.6671955585479736,-0.5937722368297366,-0.8044761746845963,-0.015893870990105936,3.5078205458315126,108,2.625640999387812,1.4579001245675263,-2.689725370318801,2.8569177860817834,2.378620254824848,-2.5148381608385018,4.409727573394775,3.4549262523651123,0.6498870849609375,Online,true,1780327281.2485971,0.0,map,odom
1780327281,248597225,1780327281.2485971,,y,17,,-0.734894999655832,0.6781726560136548,0.0033448641586006416,5.877769470214844,-0.7390427857297975,0.6736446478160402,-0.004318486950746827,5.426089642162821,437,-1.5010445832660597,-10.134671506947184,-2.8585195879641603,-1.1952490120328387,-9.238140373495378,-2.791531424869383,6.916148662567139,6.893832206726074,1.5121855735778809,Online,true,1780327281.2485971,0.0,map,odom
1780327281,248597225,1780327281.2485971,,y,4,,-0.6344559809197339,-0.7729560757808573,-0.0021244266604707428,2.6232388019561768,-0.6295742290370994,-0.7768057038465029,-0.01446335382548256,3.44620113095997,998,1.3392722087208637,2.1660414080103796,-2.707648258051557,1.5665868192870338,3.0789513207555306,-2.548190327869143,11.071306705474854,8.70945119857788,1.7896270751953125,Online,true,1780327281.2485971,0.0,map,odom
1780327284,248012995,1780327284.248013,,x,38,,0.8968697850620867,-0.4421424897416447,-0.011602043257373327,23.796669006347656,0.8996370140726789,-0.43663792502243814,0.0007518926081547199,24.011525321436324,980,-22.574005629091847,8.3079489503588,-4.025478073285551,-22.36483872473569,9.07840284952636,-4.231510132085071,1.9223251342773438,3.455493927001953,2.895369052886963,Online,true,1780327284.248013,0.0,map,odom
1780327284,248012995,1780327284.248013,,x,15,,-0.9279432744950258,0.37195690873692866,0.023860791317924405,2.6513144969940186,-0.9304930162812811,0.3661635478329255,0.010344220133415695,2.5021243488210163,175,-2.4834941230501446,-12.535884710039412,-2.821001056943621,-2.171303645508389,-11.654217195459946,-2.8442732403149473,1.8956193923950195,4.337428092956543,1.009248971939087,Online,true,1780327284.248013,0.0,map,odom
1780327284,248012995,1780327284.248013,,x,6,,-0.8156732315566604,0.5781998034592438,0.019030675279838687,4.361057281494141,-0.8194254805922585,0.573110254575011,0.009301497573632484,4.011231178956746,150,3.7401742633183797,-2.144011334578196,-3.7121032253901163,4.003293781929947,-1.2178638621503595,-3.5342147023988755,2.2994494438171387,3.2437262535095215,0.9204404354095459,Online,true,1780327284.248013,0.0,map,odom
1780327284,248012995,1780327284.248013,,x,3,,-0.810979546286632,0.5849563487864183,-0.011757785471358397,4.31470251083374,-0.8142218206746988,0.5801616101835139,-0.02133852868525094,3.9617028243361734,1332,1.8092967818124785,-4.9341571258979515,-2.9134008778824105,2.075600940278256,-4.026363052525513,-2.7943096873954834,6.811995267868042,9.017081439495087,1.5288565158843994,Online,true,1780327284.248013,0.0,map,odom
1780327284,248012995,1780327284.248013,,y,40,,-0.563828232082228,-0.8240683110599405,-0.0548556598159785,-1.272709846496582,-0.5576722886709159,-0.8269285169941555,-0.07204752757998933,-0.4402758010323512,111,-19.717914186082446,12.171709464476988,-4.306181892618403,-19.527997753341293,12.96151373939802,-4.427676886293401,3.1899757385253906,1.986928939819336,1.092522382736206,Online,true,1780327284.248013,0.0,map,odom
1780327284,248012995,1780327284.248013,,y,37,,-0.3649515857474696,-0.9309148915598997,0.014415433827237107,0.3405441641807556,-0.35941683997339685,-0.9331771102523396,-0.0001266674014274022,1.2198629876691567,237,-15.161537114074964,6.416698574516843,-4.245247447540992,-14.938124198190135,7.233623131415507,-4.3340536884094725,4.236306190490723,1.5296082496643066,1.8831546306610107,Online,true,1780327284.248013,0.0,map,odom
1780327284,248012995,1780327284.248013,,y,33,,-0.5727812086976449,-0.8196470787833136,0.01001764467555012,-4.500875949859619,-0.5678147809238085,-0.8231238870808235,-0.00731034071731147,-3.678191157019472,2980,-14.515924704954928,4.733878266491346,-4.2629477143287655,-14.281956314094453,5.554922239973307,-4.354545060001559,4.839151382446289,3.7331910133361816,3.220409631729126,Online,true,1780327284.248013,0.0,map,odom
1780327284,248012995,1780327284.248013,,y,31,,-0.2764287554555417,-0.9609427325463646,-0.013274333264851012,0.8897246718406677,-0.27022838371108987,-0.9624321705714242,-0.0264752277812521,1.7815038694598846,354,-14.916026050761594,5.26946546802413,-4.011213460211026,-14.689797528127496,6.085896551489734,-4.105473390187527,4.332569122314453,1.259659767150879,2.3466310501098633,Online,true,1780327284.248013,0.0,map,odom
1780327284,248012995,1780327284.248013,,y,55,,-0.2908020939769299,-0.9567672100332961,-0.005536058501797624,3.3694491386413574,-0.284763663824362,-0.9584102057619706,-0.018961362203780932,4.259434719430319,485,-3.05926257900356,4.471590439806279,-3.5811205018426953,-2.837974349972873,5.3554515534396865,-3.468950022754843,14.742741584777832,4.490496635437012,1.7988390922546387,Online,true,1780327284.248013,0.0,map,odom
1780327284,248012995,1780327284.248013,,y,29,,-0.6641455386978994,-0.7474632369288041,0.014471104573988747,-5.772185802459717,-0.6596867091199906,-0.7515306804289864,-0.003883578811061417,-4.995422192885342,422,-13.514290095505556,4.202348708541472,-4.154798911646079,-13.27917184961078,5.028491968348398,-4.232946489903065,4.031787872314453,3.5775790214538574,2.766021251678467,Online,true,1780327284.248013,0.0,map,odom
1780327284,248012995,1780327284.248013,,y,10,,-0.5988480397881436,-0.8008529475885295,-0.003947351094350443,2.6671955585479736,-0.5937420064627835,-0.8043660268662446,-0.021580653024409965,3.4801350094579173,108,2.625640999387812,1.4579001245675263,-2.689725370318801,2.848456219852875,2.368295185573279,-2.501247847113097,4.409727573394775,3.4549262523651123,0.6498870849609375,Online,true,1780327284.248013,0.0,map,odom
1780327284,248012995,1780327284.248013,,y,17,,-0.734894999655832,0.6781726560136548,0.0033448641586006416,5.877769470214844,-0.7389954658119123,0.6736980957636681,-0.0040715198442862165,5.427206656629374,437,-1.5010445832660597,-10.134671506947184,-2.8585195879641603,-1.203131874241917,-9.24691944235161,-2.8435422829757475,6.916148662567139,6.893832206726074,1.5121855735778809,Online,true,1780327284.248013,0.0,map,odom
1780327284,248012995,1780327284.248013,,y,4,,-0.6344559809197339,-0.7729560757808573,-0.0021244266604707428,2.6232388019561768,-0.6295478916541044,-0.7767000903276386,-0.020159905726717765,3.4184763027041436,998,1.3392722087208637,2.1660414080103796,-2.707648258051557,1.5582833535258873,3.068837004787668,-2.5362493806240414,11.071306705474854,8.70945119857788,1.7896270751953125,Online,true,1780327284.248013,0.0,map,odom
1780327284,248012995,1780327284.248013,,x,38,,0.8968697850620867,-0.4421424897416447,-0.011602043257373327,23.796669006347656,0.8996370140726789,-0.43663792502243814,0.0007518926081547199,24.011525321436324,980,-22.574005629091847,8.3079489503588,-4.025478073285551,-22.36483872473569,9.07840284952636,-4.231510132085071,1.9223251342773438,3.455493927001953,2.895369052886963,Online,true,1780327284.248013,0.0,map,odom
1780327284,248012995,1780327284.248013,,x,15,,-0.9279432744950258,0.37195690873692866,0.023860791317924405,2.6513144969940186,-0.9304930162812811,0.3661635478329255,0.010344220133415695,2.5021243488210163,175,-2.4834941230501446,-12.535884710039412,-2.821001056943621,-2.171303645508389,-11.654217195459946,-2.8442732403149473,1.8956193923950195,4.337428092956543,1.009248971939087,Online,true,1780327284.248013,0.0,map,odom
1780327284,248012995,1780327284.248013,,x,6,,-0.8156732315566604,0.5781998034592438,0.019030675279838687,4.361057281494141,-0.8194254805922585,0.573110254575011,0.009301497573632484,4.011231178956746,150,3.7401742633183797,-2.144011334578196,-3.7121032253901163,4.003293781929947,-1.2178638621503595,-3.5342147023988755,2.2994494438171387,3.2437262535095215,0.9204404354095459,Online,true,1780327284.248013,0.0,map,odom
1780327284,248012995,1780327284.248013,,x,3,,-0.810979546286632,0.5849563487864183,-0.011757785471358397,4.31470251083374,-0.8142218206746988,0.5801616101835139,-0.02133852868525094,3.9617028243361734,1332,1.8092967818124785,-4.9341571258979515,-2.9134008778824105,2.075600940278256,-4.026363052525513,-2.7943096873954834,6.811995267868042,9.017081439495087,1.5288565158843994,Online,true,1780327284.248013,0.0,map,odom
1780327284,248012995,1780327284.248013,,y,40,,-0.563828232082228,-0.8240683110599405,-0.0548556598159785,-1.272709846496582,-0.5576722886709159,-0.8269285169941555,-0.07204752757998933,-0.4402758010323512,111,-19.717914186082446,12.171709464476988,-4.306181892618403,-19.527997753341293,12.96151373939802,-4.427676886293401,3.1899757385253906,1.986928939819336,1.092522382736206,Online,true,1780327284.248013,0.0,map,odom
1780327284,248012995,1780327284.248013,,y,37,,-0.3649515857474696,-0.9309148915598997,0.014415433827237107,0.3405441641807556,-0.35941683997339685,-0.9331771102523396,-0.0001266674014274022,1.2198629876691567,237,-15.161537114074964,6.416698574516843,-4.245247447540992,-14.938124198190135,7.233623131415507,-4.3340536884094725,4.236306190490723,1.5296082496643066,1.8831546306610107,Online,true,1780327284.248013,0.0,map,odom
1780327284,248012995,1780327284.248013,,y,33,,-0.5727812086976449,-0.8196470787833136,0.01001764467555012,-4.500875949859619,-0.5678147809238085,-0.8231238870808235,-0.00731034071731147,-3.678191157019472,2980,-14.515924704954928,4.733878266491346,-4.2629477143287655,-14.281956314094453,5.554922239973307,-4.354545060001559,4.839151382446289,3.7331910133361816,3.220409631729126,Online,true,1780327284.248013,0.0,map,odom
1780327284,248012995,1780327284.248013,,y,31,,-0.2764287554555417,-0.9609427325463646,-0.013274333264851012,0.8897246718406677,-0.27022838371108987,-0.9624321705714242,-0.0264752277812521,1.7815038694598846,354,-14.916026050761594,5.26946546802413,-4.011213460211026,-14.689797528127496,6.085896551489734,-4.105473390187527,4.332569122314453,1.259659767150879,2.3466310501098633,Online,true,1780327284.248013,0.0,map,odom
1780327284,248012995,1780327284.248013,,y,55,,-0.2908020939769299,-0.9567672100332961,-0.005536058501797624,3.3694491386413574,-0.284763663824362,-0.9584102057619706,-0.018961362203780932,4.259434719430319,485,-3.05926257900356,4.471590439806279,-3.5811205018426953,-2.837974349972873,5.3554515534396865,-3.468950022754843,14.742741584777832,4.490496635437012,1.7988390922546387,Online,true,1780327284.248013,0.0,map,odom
1780327284,248012995,1780327284.248013,,y,29,,-0.6641455386978994,-0.7474632369288041,0.014471104573988747,-5.772185802459717,-0.6596867091199906,-0.7515306804289864,-0.003883578811061417,-4.995422192885342,422,-13.514290095505556,4.202348708541472,-4.154798911646079,-13.27917184961078,5.028491968348398,-4.232946489903065,4.031787872314453,3.5775790214538574,2.766021251678467,Online,true,1780327284.248013,0.0,map,odom
1780327284,248012995,1780327284.248013,,y,10,,-0.5988480397881436,-0.8008529475885295,-0.003947351094350443,2.6671955585479736,-0.5937420064627835,-0.8043660268662446,-0.021580653024409965,3.4801350094579173,108,2.625640999387812,1.4579001245675263,-2.689725370318801,2.848456219852875,2.368295185573279,-2.501247847113097,4.409727573394775,3.4549262523651123,0.6498870849609375,Online,true,1780327284.248013,0.0,map,odom
1780327284,248012995,1780327284.248013,,y,17,,-0.734894999655832,0.6781726560136548,0.0033448641586006416,5.877769470214844,-0.7389954658119123,0.6736980957636681,-0.0040715198442862165,5.427206656629374,437,-1.5010445832660597,-10.134671506947184,-2.8585195879641603,-1.203131874241917,-9.24691944235161,-2.8435422829757475,6.916148662567139,6.893832206726074,1.5121855735778809,Online,true,1780327284.248013,0.0,map,odom
1780327284,248012995,1780327284.248013,,y,4,,-0.6344559809197339,-0.7729560757808573,-0.0021244266604707428,2.6232388019561768,-0.6295478916541044,-0.7767000903276386,-0.020159905726717765,3.4184763027041436,998,1.3392722087208637,2.1660414080103796,-2.707648258051557,1.5582833535258873,3.068837004787668,-2.5362493806240414,11.071306705474854,8.70945119857788,1.7896270751953125,Online,true,1780327284.248013,0.0,map,odom
1780327290,448185236,1780327290.4481852,,x,38,,0.8968697850620867,-0.4421424897416447,-0.011602043257373327,23.796669006347656,0.8996370131715127,-0.4366379267199828,0.0007519850494347083,24.011527915192218,980,-22.574005629091847,8.3079489503588,-4.025478073285551,-22.364845082507422,9.078394802330417,-4.231511937053717,1.9223251342773438,3.455493927001953,2.895369052886963,Online,true,1780327290.4481852,0.0,map,odom
1780327290,448185236,1780327290.4481852,,x,15,,-0.9279432744950258,0.37195690873692866,0.023860791317924405,2.6513144969940186,-0.9304930162028981,0.3661635505290574,0.010344131746438476,2.5021210014855564,175,-2.4834941230501446,-12.535884710039412,-2.821001056943621,-2.1713101294828583,-11.654225164894655,-2.844272046034476,1.8956193923950195,4.337428092956543,1.009248971939087,Online,true,1780327290.4481852,0.0,map,odom
1780327290,448185236,1780327290.4481852,,x,6,,-0.8156732315566604,0.5781998034592438,0.019030675279838687,4.361057281494141,-0.8194254800444042,0.5731102569655547,0.009301398543974264,4.011230169461218,150,3.7401742633183797,-2.144011334578196,-3.7121032253901163,4.003287360967,-1.217871902007434,-3.534214009438859,2.2994494438171387,3.2437262535095215,0.9204404354095459,Online,true,1780327290.4481852,0.0,map,odom
1780327290,448185236,1780327290.4481852,,x,3,,-0.810979546286632,0.5849563487864183,-0.011757785471358397,4.31470251083374,-0.8142218182220179,0.5801616099732365,-0.0213386279899494,3.961701914412271,1332,1.8092967818124785,-4.9341571258979515,-2.9134008778824105,2.0755944681523992,-4.0263710260494925,-2.794308875947202,6.811995267868042,9.017081439495087,1.5288565158843994,Online,true,1780327290.4481852,0.0,map,odom
1780327290,448185236,1780327290.4481852,,y,40,,-0.563828232082228,-0.8240683110599405,-0.0548556598159785,-1.272709846496582,-0.5576722858431192,-0.8269285219941255,-0.072047492080721,-0.44028587223428006,111,-19.717914186082446,12.171709464476988,-4.306181892618403,-19.52800409140457,12.96150567006267,-4.4276788444991855,3.1899757385253906,1.986928939819336,1.092522382736206,Online,true,1780327290.4481852,0.0,map,odom
1780327290,448185236,1780327290.4481852,,y,37,,-0.3649515857474696,-0.9309148915598997,0.014415433827237107,0.3405441641807556,-0.35941684179236033,-0.9331771095594558,-0.00012661068296044437,1.2198533859250058,237,-15.161537114074964,6.416698574516843,-4.245247447540992,-14.938130553244486,7.233615061010993,-4.334054879043281,4.236306190490723,1.5296082496643066,1.8831546306610107,Online,true,1780327290.4481852,0.0,map,odom
1780327290,448185236,1780327290.4481852,,y,33,,-0.5727812086976449,-0.8196470787833136,0.01001764467555012,-4.500875949859619,-0.5678147820839746,-0.8231238865873669,-0.007310306165695684,-3.678201288311525,2980,-14.515924704954928,4.733878266491346,-4.2629477143287655,-14.281962671170348,5.554914166551735,-4.354546068203126,4.839151382446289,3.7331910133361816,3.220409631729126,Online,true,1780327290.4481852,0.0,map,odom
1780327290,448185236,1780327290.4481852,,y,57,,-0.617044943634309,-0.7863583197396892,0.02993543905649865,1.7970819473266602,-0.6126327290690556,-0.790275217559276,0.01209213732307347,2.59689112053142,140,-1.7376360399382456,3.511323125021798,-3.655628515992846,-1.5093468611786167,4.403802835080601,-3.527885943361651,2.90191388130188,2.2667737007141113,1.074397087097168,Online,true,1780327290.4481852,0.0,map,odom
1780327290,448185236,1780327290.4481852,,y,31,,-0.2764287554555417,-0.9609427325463646,-0.013274333264851012,0.8897246718406677,-0.27022838396115856,-0.9624321722809227,-0.02647516308477091,1.781494642432981,354,-14.916026050761594,5.26946546802413,-4.011213460211026,-14.68980389953601,6.0858884999257175,-4.10547446845422,4.332569122314453,1.259659767150879,2.3466310501098633,Online,true,1780327290.4481852,0.0,map,odom
1780327290,448185236,1780327290.4481852,,y,55,,-0.2908020938757243,-0.9567672097003198,-0.005536121364145283,3.369448661804199,-0.2847636633033072,-0.9584102059289373,-0.01896136158963099,4.259424954692026,485,-3.05926257900356,4.471590439806279,-3.5811205018426953,-2.8379807620958912,5.355443532493149,-3.4689503077982438,14.742741584777832,4.490496635437012,1.7988390922546387,Online,true,1780327290.4481852,0.0,map,odom
1780327290,448185236,1780327290.4481852,,y,29,,-0.6641455386978994,-0.7474632369288041,0.014471104573988747,-5.772185802459717,-0.659686710351497,-0.7515306794659476,-0.0038835559827947994,-4.995432381434441,422,-13.514290095505556,4.202348708541472,-4.154798911646079,-13.279178215221958,5.028483903245027,-4.232947391705357,4.031787872314453,3.5775790214538574,2.766021251678467,Online,true,1780327290.4481852,0.0,map,odom
1780327290,448185236,1780327290.4481852,,y,10,,-0.5988480397881436,-0.8008529475885295,-0.003947351094350443,2.6671955585479736,-0.5937420067055026,-0.8043660275285975,-0.021580621658944442,3.4801248560464124,108,2.625640999387812,1.4579001245675263,-2.689725370318801,2.848449742158146,2.368287235314916,-2.5012475286387645,4.409727573394775,3.4549262523651123,0.6498870849609375,Online,true,1780327290.4481852,0.0,map,odom
1780327290,448185236,1780327290.4481852,,y,17,,-0.734894999655832,0.6781726560136548,0.0033448641586006416,5.877769470214844,-0.7389954642418,0.6736980968660651,-0.0040716224147813234,5.427206963375559,437,-1.5010445832660597,-10.134671506947184,-2.8585195879641603,-1.203138353548989,-9.246927413619806,-2.8435412324808436,6.916148662567139,6.893832206726074,1.5121855735778809,Online,true,1780327290.4481852,0.0,map,odom
1780327290,448185236,1780327290.4481852,,y,4,,-0.6344559809197339,-0.7729560757808573,-0.0021244266604707428,2.6232388019561768,-0.6295478919303497,-0.7767000907997733,-0.02015987891027148,3.418466125118699,998,1.3392722087208637,2.1660414080103796,-2.707648258051557,1.558276879362741,3.0688290540955276,-2.536249201007094,11.071306705474854,8.70945119857788,1.7896270751953125,Online,true,1780327290.4481852,0.0,map,odom
1780327295,248304708,1780327295.2483046,,x,38,,0.8968697850620867,-0.4421424897416447,-0.011602043257373327,23.796669006347656,0.8996370142328215,-0.43663792453234956,0.0007519855959829109,24.01152939047257,980,-22.574005629091847,8.3079489503588,-4.025478073285551,-22.364851329476817,9.078385295348685,-4.2315121972935925,1.9223251342773438,3.455493927001953,2.895369052886963,Online,true,1780327295.2483046,0.0,map,odom
1780327295,248304708,1780327295.2483046,,x,15,,-0.9279432744950258,0.37195690873692866,0.023860791317924405,2.6513144969940186,-0.9304930171016971,0.3661635482619645,0.01034413114712702,2.5021186704703458,175,-2.4834941230501446,-12.535884710039412,-2.821001056943621,-2.1713163271409837,-11.654234623317622,-2.844272298358249,1.8956193923950195,4.337428092956543,1.009248971939087,Online,true,1780327295.2483046,0.0,map,odom
1780327295,248304708,1780327295.2483046,,x,6,,-0.8156732315566604,0.5781998034592438,0.019030675279838687,4.361057281494141,-0.8194254814456657,0.5731102549689951,0.009301398115983763,4.011230486480135,150,3.7401742633183797,-2.144011334578196,-3.7121032253901163,4.003281138479946,-1.2178813451390107,-3.5342142526637113,2.2994494438171387,3.2437262535095215,0.9204404354095459,Online,true,1780327295.2483046,0.0,map,odom
1780327295,248304708,1780327295.2483046,,x,3,,-0.810979546286632,0.5849563487864183,-0.011757785471358397,4.31470251083374,-0.8142218196158942,0.5801616080015302,-0.021338628410966003,3.961702322970694,1332,1.8092967818124785,-4.9341571258979515,-2.9134008778824105,2.075588251903194,-4.026380474163805,-2.7943091218336873,6.811995267868042,9.017081439495087,1.5288565158843994,Online,true,1780327295.2483046,0.0,map,odom
1780327295,248304708,1780327295.2483046,,y,40,,-0.563828232082228,-0.8240683110599405,-0.0548556598159785,-1.272709846496582,-0.5576722837743239,-0.826928523321712,-0.07204749285646847,-0.440297181301907,111,-19.717914186082446,12.171709464476988,-4.306181892618403,-19.528010347660683,12.961496170058277,-4.4276791009216385,3.1899757385253906,1.986928939819336,1.092522382736206,Online,true,1780327295.2483046,0.0,map,odom
1780327295,248304708,1780327295.2483046,,y,37,,-0.3649515857474696,-0.9309148915598997,0.014415433827237107,0.3405441641807556,-0.3594168395227564,-0.9331771104335133,-0.0001266113422547337,1.2198423248328882,237,-15.161537114074964,6.416698574516843,-4.245247447540992,-14.938136795645239,7.233605572131981,-4.334055134070712,4.236306190490723,1.5296082496643066,1.8831546306610107,Online,true,1780327295.2483046,0.0,map,odom
1780327295,248304708,1780327295.2483046,,y,33,,-0.5727812086976449,-0.8196470787833136,0.01001764467555012,-4.500875949859619,-0.5678147800762695,-0.8231238879653919,-0.007310306948050007,-3.678212608657554,2980,-14.515924704954928,4.733878266491346,-4.2629477143287655,-14.28196890947206,5.5549046792766905,-4.354546323373428,4.839151382446289,3.7331910133361816,3.220409631729126,Online,true,1780327295.2483046,0.0,map,odom
1780327295,248304708,1780327295.2483046,,y,57,,-0.617044943634309,-0.7863583197396892,0.02993543905649865,1.7970819473266602,-0.6126327271567754,-0.7902752190540231,0.012092136517908737,2.5968798363789976,140,-1.7376360399382456,3.511323125021798,-3.655628515992846,-1.5093530973427451,4.403793378539685,-3.5278861887626984,2.90191388130188,2.2667737007141113,1.074397087097168,Online,true,1780327295.2483046,0.0,map,odom
1780327295,248304708,1780327295.2483046,,y,31,,-0.2764287554555417,-0.9609427325463646,-0.013274333264851012,0.8897246718406677,-0.2702283815993074,-0.962432172927583,-0.026475163684295058,1.78148385376575,354,-14.916026050761594,5.26946546802413,-4.011213460211026,-14.689810139328504,6.085879011559642,-4.105474723739715,4.332569122314453,1.259659767150879,2.3466310501098633,Online,true,1780327295.2483046,0.0,map,odom
1780327295,248304708,1780327295.2483046,,y,55,,-0.29080209387497463,-0.9567672096978533,-0.005536121829792302,3.369448661804199,-0.2847636609481653,-0.9584102066074295,-0.018961362664712877,4.259414115420121,485,-3.05926257900356,4.471590439806279,-3.5811205018426953,-2.837987000621619,5.355434072697509,-3.4689505538843313,14.742741584777832,4.490496635437012,1.7988390922546387,Online,true,1780327295.2483046,0.0,map,odom
1780327295,248304708,1780327295.2483046,,y,29,,-0.6641455386978994,-0.7474632369288041,0.014471104573988747,-5.772185802459717,-0.6596867085206517,-0.751530681068771,-0.0038835568102132873,-4.995443596279833,422,-13.514290095505556,4.202348708541472,-4.154798911646079,-13.279184452340752,5.0284744183603625,-4.232947646282263,4.031787872314453,3.5775790214538574,2.766021251678467,Online,true,1780327295.2483046,0.0,map,odom
1780327295,248304708,1780327295.2483046,,y,10,,-0.5988480397881436,-0.8008529475885295,-0.003947351094350443,2.6671955585479736,-0.5937420047319903,-0.804366028963997,-0.02158062245459219,3.480113548050625,108,2.625640999387812,1.4579001245675263,-2.689725370318801,2.8484435101223586,2.368277788963533,-2.5012477713606964,4.409727573394775,3.4549262523651123,0.6498870849609375,Online,true,1780327295.2483046,0.0,map,odom
1780327295,248304708,1780327295.2483046,,y,17,,-0.734894999655832,0.6781726560136548,0.0033448641586006416,5.877769470214844,-0.738995465876985,0.6736980950704364,-0.004071622738324705,5.427208729031073,437,-1.5010445832660597,-10.134671506947184,-2.8585195879641603,-1.2031445570622894,-9.246936869688456,-2.843541483071025,6.916148662567139,6.893832206726074,1.5121855735778809,Online,true,1780327295.2483046,0.0,map,odom
1780327295,248304708,1780327295.2483046,,y,4,,-0.6344559809197339,-0.7729560757808573,-0.0021244266604707428,2.6232388019561768,-0.6295478900252591,-0.7767000923228189,-0.02015987972357658,3.418454856024659,998,1.3392722087208637,2.1660414080103796,-2.707648258051557,1.5582706456512505,3.068819604620356,-2.5362494444832304,11.071306705474854,8.70945119857788,1.7896270751953125,Online,true,1780327295.2483046,0.0,map,odom
1780327295,248304708,1780327295.2483046,,x,38,,0.8968697850620867,-0.4421424897416447,-0.011602043257373327,23.796669006347656,0.8996370142328215,-0.43663792453234956,0.0007519855959829109,24.01152939047257,980,-22.574005629091847,8.3079489503588,-4.025478073285551,-22.364851329476817,9.078385295348685,-4.2315121972935925,1.9223251342773438,3.455493927001953,2.895369052886963,Online,true,1780327295.2483046,0.0,map,odom
1780327295,248304708,1780327295.2483046,,x,15,,-0.9279432744950258,0.37195690873692866,0.023860791317924405,2.6513144969940186,-0.9304930171016971,0.3661635482619645,0.01034413114712702,2.5021186704703458,175,-2.4834941230501446,-12.535884710039412,-2.821001056943621,-2.1713163271409837,-11.654234623317622,-2.844272298358249,1.8956193923950195,4.337428092956543,1.009248971939087,Online,true,1780327295.2483046,0.0,map,odom
1780327295,248304708,1780327295.2483046,,x,6,,-0.8156732315566604,0.5781998034592438,0.019030675279838687,4.361057281494141,-0.8194254814456657,0.5731102549689951,0.009301398115983763,4.011230486480135,150,3.7401742633183797,-2.144011334578196,-3.7121032253901163,4.003281138479946,-1.2178813451390107,-3.5342142526637113,2.2994494438171387,3.2437262535095215,0.9204404354095459,Online,true,1780327295.2483046,0.0,map,odom
1780327295,248304708,1780327295.2483046,,x,3,,-0.810979546286632,0.5849563487864183,-0.011757785471358397,4.31470251083374,-0.8142218196158942,0.5801616080015302,-0.021338628410966003,3.961702322970694,1332,1.8092967818124785,-4.9341571258979515,-2.9134008778824105,2.075588251903194,-4.026380474163805,-2.7943091218336873,6.811995267868042,9.017081439495087,1.5288565158843994,Online,true,1780327295.2483046,0.0,map,odom
1780327295,248304708,1780327295.2483046,,y,40,,-0.563828232082228,-0.8240683110599405,-0.0548556598159785,-1.272709846496582,-0.5576722837743239,-0.826928523321712,-0.07204749285646847,-0.440297181301907,111,-19.717914186082446,12.171709464476988,-4.306181892618403,-19.528010347660683,12.961496170058277,-4.4276791009216385,3.1899757385253906,1.986928939819336,1.092522382736206,Online,true,1780327295.2483046,0.0,map,odom
1780327295,248304708,1780327295.2483046,,y,37,,-0.3649515857474696,-0.9309148915598997,0.014415433827237107,0.3405441641807556,-0.3594168395227564,-0.9331771104335133,-0.0001266113422547337,1.2198423248328882,237,-15.161537114074964,6.416698574516843,-4.245247447540992,-14.938136795645239,7.233605572131981,-4.334055134070712,4.236306190490723,1.5296082496643066,1.8831546306610107,Online,true,1780327295.2483046,0.0,map,odom
1780327295,248304708,1780327295.2483046,,y,33,,-0.5727812086976449,-0.8196470787833136,0.01001764467555012,-4.500875949859619,-0.5678147800762695,-0.8231238879653919,-0.007310306948050007,-3.678212608657554,2980,-14.515924704954928,4.733878266491346,-4.2629477143287655,-14.28196890947206,5.5549046792766905,-4.354546323373428,4.839151382446289,3.7331910133361816,3.220409631729126,Online,true,1780327295.2483046,0.0,map,odom
1780327295,248304708,1780327295.2483046,,y,57,,-0.617044943634309,-0.7863583197396892,0.02993543905649865,1.7970819473266602,-0.6126327271567754,-0.7902752190540231,0.012092136517908737,2.5968798363789976,140,-1.7376360399382456,3.511323125021798,-3.655628515992846,-1.5093530973427451,4.403793378539685,-3.5278861887626984,2.90191388130188,2.2667737007141113,1.074397087097168,Online,true,1780327295.2483046,0.0,map,odom
1780327295,248304708,1780327295.2483046,,y,31,,-0.2764287554555417,-0.9609427325463646,-0.013274333264851012,0.8897246718406677,-0.2702283815993074,-0.962432172927583,-0.026475163684295058,1.78148385376575,354,-14.916026050761594,5.26946546802413,-4.011213460211026,-14.689810139328504,6.085879011559642,-4.105474723739715,4.332569122314453,1.259659767150879,2.3466310501098633,Online,true,1780327295.2483046,0.0,map,odom
1780327295,248304708,1780327295.2483046,,y,55,,-0.29080209387497463,-0.9567672096978533,-0.005536121829792302,3.369448661804199,-0.2847636609481653,-0.9584102066074295,-0.018961362664712877,4.259414115420121,485,-3.05926257900356,4.471590439806279,-3.5811205018426953,-2.837987000621619,5.355434072697509,-3.4689505538843313,14.742741584777832,4.490496635437012,1.7988390922546387,Online,true,1780327295.2483046,0.0,map,odom
1780327295,248304708,1780327295.2483046,,y,29,,-0.6641455386978994,-0.7474632369288041,0.014471104573988747,-5.772185802459717,-0.6596867085206517,-0.751530681068771,-0.0038835568102132873,-4.995443596279833,422,-13.514290095505556,4.202348708541472,-4.154798911646079,-13.279184452340752,5.0284744183603625,-4.232947646282263,4.031787872314453,3.5775790214538574,2.766021251678467,Online,true,1780327295.2483046,0.0,map,odom
1780327295,248304708,1780327295.2483046,,y,10,,-0.5988480397881436,-0.8008529475885295,-0.003947351094350443,2.6671955585479736,-0.5937420047319903,-0.804366028963997,-0.02158062245459219,3.480113548050625,108,2.625640999387812,1.4579001245675263,-2.689725370318801,2.8484435101223586,2.368277788963533,-2.5012477713606964,4.409727573394775,3.4549262523651123,0.6498870849609375,Online,true,1780327295.2483046,0.0,map,odom
1780327295,248304708,1780327295.2483046,,y,17,,-0.734894999655832,0.6781726560136548,0.0033448641586006416,5.877769470214844,-0.738995465876985,0.6736980950704364,-0.004071622738324705,5.427208729031073,437,-1.5010445832660597,-10.134671506947184,-2.8585195879641603,-1.2031445570622894,-9.246936869688456,-2.843541483071025,6.916148662567139,6.893832206726074,1.5121855735778809,Online,true,1780327295.2483046,0.0,map,odom
1780327295,248304708,1780327295.2483046,,y,4,,-0.6344559809197339,-0.7729560757808573,-0.0021244266604707428,2.6232388019561768,-0.6295478900252591,-0.7767000923228189,-0.02015987972357658,3.418454856024659,998,1.3392722087208637,2.1660414080103796,-2.707648258051557,1.5582706456512505,3.068819604620356,-2.5362494444832304,11.071306705474854,8.70945119857788,1.7896270751953125,Online,true,1780327295.2483046,0.0,map,odom
1780327299,248311834,1780327299.2483118,,x,38,,0.8968697850620867,-0.4421424897416447,-0.011602043257373327,23.796669006347656,0.8996370142328215,-0.43663792453234956,0.0007519855959829109,24.01152550364948,980,-22.574005629091847,8.3079489503588,-4.025478073285551,-22.36485236358367,9.07837426274715,-4.2315123413647155,1.9223251342773438,3.455493927001953,2.895369052886963,Online,true,1780327299.2483118,0.0,map,odom
1780327299,248311834,1780327299.2483118,,x,15,,-0.9279432744950258,0.37195690873692866,0.023860791317924405,2.6513144969940186,-0.9304930171016971,0.3661635482619645,0.01034413114712702,2.5021217494679537,175,-2.4834941230501446,-12.535884710039412,-2.821001056943621,-2.171317361247838,-11.654245655919157,-2.8442724424293715,1.8956193923950195,4.337428092956543,1.009248971939087,Online,true,1780327299.2483118,0.0,map,odom
1780327299,248311834,1780327299.2483118,,x,6,,-0.8156732315566604,0.5781998034592438,0.019030675279838687,4.361057281494141,-0.8194254814456657,0.5731102549689951,0.009301398115983763,4.011235963343768,150,3.7401742633183797,-2.144011334578196,-3.7121032253901163,4.003280104373092,-1.217892377740545,-3.5342143967348343,2.2994494438171387,3.2437262535095215,0.9204404354095459,Online,true,1780327299.2483118,0.0,map,odom
1780327299,248311834,1780327299.2483118,,x,3,,-0.810979546286632,0.5849563487864183,-0.011757785471358397,4.31470251083374,-0.8142218196158942,0.5801616080015302,-0.021338628410966003,3.961707878595896,1332,1.8092967818124785,-4.9341571258979515,-2.9134008778824105,2.0755872177963397,-4.026391506765339,-2.79430926590481,6.811995267868042,9.017081439495087,1.5288565158843994,Online,true,1780327299.2483118,0.0,map,odom
1780327299,248311834,1780327299.2483118,,y,40,,-0.563828232082228,-0.8240683110599405,-0.0548556598159785,-1.272709846496582,-0.5576722837743239,-0.826928523321712,-0.07204749285646847,-0.4403068915474966,111,-19.717914186082446,12.171709464476988,-4.306181892618403,-19.528011381767538,12.96148513745674,-4.427679244992761,3.1899757385253906,1.986928939819336,1.092522382736206,Online,true,1780327299.2483118,0.0,map,odom
1780327299,248311834,1780327299.2483118,,y,37,,-0.3649515857474696,-0.9309148915598997,0.014415433827237107,0.3405441641807556,-0.3594168395227564,-0.9331771104335133,-0.0001266113422547337,1.2198316577680093,237,-15.161537114074964,6.416698574516843,-4.245247447540992,-14.93813782975209,7.233594539530446,-4.334055278141835,4.236306190490723,1.5296082496643066,1.8831546306610107,Online,true,1780327299.2483118,0.0,map,odom
1780327299,248311834,1780327299.2483118,,y,33,,-0.5727812086976449,-0.8196470787833136,0.01001764467555012,-4.500875949859619,-0.5678147800762695,-0.8231238879653919,-0.007310306948050007,-3.6782222780897835,2980,-14.515924704954928,4.733878266491346,-4.2629477143287655,-14.281969943578913,5.554893646675157,-4.35454646744455,4.839151382446289,3.7331910133361816,3.220409631729126,Online,true,1780327299.2483118,0.0,map,odom
1780327299,248311834,1780327299.2483118,,y,57,,-0.617044943634309,-0.7863583197396892,0.02993543905649865,1.7970819473266602,-0.6126327271567754,-0.7902752190540231,0.012092136517908737,2.5968704858018286,140,-1.7376360399382456,3.511323125021798,-3.655628515992846,-1.5093541314495997,4.40378234593815,-3.5278863328338206,2.90191388130188,2.2667737007141113,1.074397087097168,Online,true,1780327299.2483118,0.0,map,odom
1780327299,248311834,1780327299.2483118,,y,31,,-0.2764287554555417,-0.9609427325463646,-0.013274333264851012,0.8897246718406677,-0.2702283815993074,-0.962432172927583,-0.026475163684295058,1.7814729523757538,354,-14.916026050761594,5.26946546802413,-4.011213460211026,-14.689811173435356,6.085867978958108,-4.105474867810838,4.332569122314453,1.259659767150879,2.3466310501098633,Online,true,1780327299.2483118,0.0,map,odom
1780327299,248311834,1780327299.2483118,,y,55,,-0.29080209387497463,-0.9567672096978533,-0.005536121829792302,3.369448661804199,-0.2847636609481653,-0.9584102066074295,-0.018961362664712877,4.259403244454367,485,-3.05926257900356,4.471590439806279,-3.5811205018426953,-2.837988034728473,5.3554230400959755,-3.4689506979554543,14.742741584777832,4.490496635437012,1.7988390922546387,Online,true,1780327299.2483118,0.0,map,odom
1780327299,248311834,1780327299.2483118,,y,29,,-0.6641455386978994,-0.7474632369288041,0.014471104573988747,-5.772185802459717,-0.6596867085206517,-0.751530681068771,-0.0038835568102132873,-4.995452570364433,422,-13.514290095505556,4.202348708541472,-4.154798911646079,-13.27918548644761,5.028463385758829,-4.232947790353386,4.031787872314453,3.5775790214538574,2.766021251678467,Online,true,1780327299.2483118,0.0,map,odom
1780327299,248311834,1780327299.2483118,,y,10,,-0.5988480397881436,-0.8008529475885295,-0.003947351094350443,2.6671955585479736,-0.5937420047319903,-0.804366028963997,-0.02158062245459219,3.4801040566989183,108,2.625640999387812,1.4579001245675263,-2.689725370318801,2.848442476015504,2.3682667563619986,-2.501247915431819,4.409727573394775,3.4549262523651123,0.6498870849609375,Online,true,1780327299.2483118,0.0,map,odom
1780327299,248311834,1780327299.2483118,,y,17,,-0.734894999655832,0.6781726560136548,0.0033448641586006416,5.877769470214844,-0.738995465876985,0.6736980950704364,-0.004071622738324705,5.42721539688683,437,-1.5010445832660597,-10.134671506947184,-2.8585195879641603,-1.2031455911691438,-9.246947902289989,-2.8435416271421476,6.916148662567139,6.893832206726074,1.5121855735778809,Online,true,1780327299.2483118,0.0,map,odom
1780327299,248311834,1780327299.2483118,,y,4,,-0.6344559809197339,-0.7729560757808573,-0.0021244266604707428,2.6232388019561768,-0.6295478900252591,-0.7767000923228189,-0.02015987972357658,3.4184456330777837,998,1.3392722087208637,2.1660414080103796,-2.707648258051557,1.558269611544396,3.0688085720188214,-2.5362495885543535,11.071306705474854,8.70945119857788,1.7896270751953125,Online,true,1780327299.2483118,0.0,map,odom
1780327303,246843581,1780327303.2468436,,x,38,,0.8968697850620867,-0.4421424897416447,-0.011602043257373327,23.796669006347656,0.8996370137900123,-0.4366379254492102,0.000751982978014187,24.01152147925153,980,-22.574005629091847,8.3079489503588,-4.025478073285551,-22.364853942808978,9.078361821046151,-4.231512406194363,1.9223251342773438,3.455493927001953,2.895369052886963,Online,true,1780327303.2468436,0.0,map,odom
1780327303,246843581,1780327303.2468436,,x,15,,-0.9279432744950258,0.37195690873692866,0.023860791317924405,2.6513144969940186,-0.9304930167011646,0.3661635492045445,0.010344133810883678,2.5021248480503084,175,-2.4834941230501446,-12.535884710039412,-2.821001056943621,-2.1713189579035896,-11.654258118905986,-2.8442725716522115,1.8956193923950195,4.337428092956543,1.009248971939087,Online,true,1780327303.2468436,0.0,map,odom
1780327303,246843581,1780327303.2468436,,x,6,,-0.8156732315566604,0.5781998034592438,0.019030675279838687,4.361057281494141,-0.8194254808370877,0.5731102557989661,0.009301400590861009,4.011241816904213,150,3.7401742633183797,-2.144011334578196,-3.7121032253901163,4.003278516513699,-1.2179048466622309,-3.5342145370083062,2.2994494438171387,3.2437262535095215,0.9204404354095459,Online,true,1780327303.2468436,0.0,map,odom
1780327303,246843581,1780327303.2468436,,x,3,,-0.810979546286632,0.5849563487864183,-0.011757785471358397,4.31470251083374,-0.8142218190816378,0.5801616088419784,-0.021338625946299768,3.9617138243180117,1332,1.8092967818124785,-4.9341571258979515,-2.9134008778824105,2.0755856290441024,-4.026403974104281,-2.794309402496723,6.811995267868042,9.017081439495087,1.5288565158843994,Online,true,1780327303.2468436,0.0,map,odom
1780327303,246843581,1780327303.2468436,,y,40,,-0.563828232082228,-0.8240683110599405,-0.0548556598159785,-1.272709846496582,-0.5576722848083809,-0.8269285227165011,-0.0720474917988489,-0.44031808945145723,111,-19.717914186082446,12.171709464476988,-4.306181892618403,-19.528012957558886,12.961472692966833,-4.427679315368996,3.1899757385253906,1.986928939819336,1.092522382736206,Online,true,1780327303.2468436,0.0,map,odom
1780327303,246843581,1780327303.2468436,,y,37,,-0.3649515857474696,-0.9309148915598997,0.014415433827237107,0.3405441641807556,-0.3594168404737343,-0.9331771100673049,-0.00012661086672679546,1.2198194572681902,237,-15.161537114074964,6.416698574516843,-4.245247447540992,-14.93813941112948,7.23358209031655,-4.334055363677209,4.236306190490723,1.5296082496643066,1.8831546306610107,Online,true,1780327303.2468436,0.0,map,odom
1780327303,246843581,1780327303.2468436,,y,33,,-0.5727812086976449,-0.8196470787833136,0.01001764467555012,-4.500875949859619,-0.567814780934244,-0.8231238873831862,-0.00731030586149122,-3.6782334362086404,2980,-14.515924704954928,4.733878266491346,-4.2629477143287655,-14.281971526720927,5.554881196803366,-4.354546555589861,4.839151382446289,3.7331910133361816,3.220409631729126,Online,true,1780327303.2468436,0.0,map,odom
1780327303,246843581,1780327303.2468436,,y,57,,-0.6170449436687148,-0.7863583197835358,0.029935437195522618,1.7970819473266602,-0.6126327279304153,-0.7902752184640623,0.012092135879002132,2.5968596692746257,140,-1.7376360399382456,3.511323125021798,-3.655628515992846,-1.5093557135652766,4.403769882629008,-3.5278864555482246,2.90191388130188,2.2667737007141113,1.074397087097168,Online,true,1780327303.2468436,0.0,map,odom
1780327303,246843581,1780327303.2468436,,y,31,,-0.2764287554555417,-0.9609427325463646,-0.013274333264851012,0.8897246718406677,-0.27022838265017746,-0.9624321726386637,-0.026475163461081787,1.7814605244336106,354,-14.916026050761594,5.26946546802413,-4.011213460211026,-14.689812755373907,6.085855529373528,-4.105474954597823,4.332569122314453,1.259659767150879,2.3466310501098633,Online,true,1780327303.2468436,0.0,map,odom
1780327303,246843581,1780327303.2468436,,y,55,,-0.290802093874225,-0.9567672096953869,-0.005536122295439322,3.369448661804199,-0.2847636619658621,-0.9584102063010627,-0.01896136286628322,4.25939084474903,485,-3.05926257900356,4.471590439806279,-3.5811205018426953,-2.837989615717926,5.355410578109982,-3.4689508166455107,14.742741584777832,4.490496635437012,1.7988390922546387,Online,true,1780327303.2468436,0.0,map,odom
1780327303,246843581,1780327303.2468436,,y,29,,-0.6641455386978994,-0.7474632369288041,0.014471104573988747,-5.772185802459717,-0.6596867092965777,-0.7515306803947385,-0.0038835554423989117,-4.995462980414832,422,-13.514290095505556,4.202348708541472,-4.154798911646079,-13.27918706980244,5.028450934802867,-4.232947881437288,4.031787872314453,3.5775790214538574,2.766021251678467,Online,true,1780327303.2468436,0.0,map,odom
1780327303,246843581,1780327303.2468436,,y,10,,-0.5988480397881436,-0.8008529475885295,-0.003947351094350443,2.6671955585479736,-0.5937420056088161,-0.8043660283480301,-0.021580621289405015,3.480093089694278,108,2.625640999387812,1.4579001245675263,-2.689725370318801,2.8484408945571684,2.3682542880848216,-2.501248050786574,4.409727573394775,3.4549262523651123,0.6498870849609375,Online,true,1780327303.2468436,0.0,map,odom
1780327303,246843581,1780327303.2468436,,y,17,,-0.734894999655832,0.6781726560136548,0.0033448641586006416,5.877769470214844,-0.7389954652015097,0.6736980958253588,-0.004071620425599369,5.427222629572561,437,-1.5010445832660597,-10.134671506947184,-2.8585195879641603,-1.2031471853706008,-9.246960366263485,-2.8435417577007382,6.916148662567139,6.893832206726074,1.5121855735778809,Online,true,1780327303.2468436,0.0,map,odom
1780327303,246843581,1780327303.2468436,,y,4,,-0.6344559809197339,-0.7729560757808573,-0.0021244266604707428,2.6232388019561768,-0.629547890870122,-0.7767000916711077,-0.02015987844889554,3.4184349546846726,998,1.3392722087208637,2.1660414080103796,-2.707648258051557,1.558268030706605,3.0687961050739876,-2.5362497201163774,11.071306705474854,8.70945119857788,1.7896270751953125,Online,true,1780327303.2468436,0.0,map,odom
1780327307,450644119,1780327307.450644,,x,38,,0.9298973109386653,-0.36759984595604184,0.012702140061160294,24.606597900390625,0.8573242358795189,-0.5147494380134393,-0.005307601948852922,23.692305276481054,980,-23.51498151312069,7.328516772328591,-4.0099404145260245,-21.39828263087585,10.442575851880726,-4.419028358510669,1.715017318725586,3.577220916748047,2.9189558029174805,Online,true,1780327307.450644,0.0,map,odom
1780327307,450644119,1780327307.450644,,x,15,,-0.928967225938821,0.36940350669940464,0.0236842219571223,2.6573119163513184,-0.8556978266730505,0.5157929843690372,0.041699241032664945,3.6017653601227937,175,-2.1863615696770804,-12.511714030674526,-2.8336882523127964,-3.5903947619673118,-12.63215205151812,-3.8153579269898326,1.7485477924346924,4.398928642272949,1.008683681488037,Online,true,1780327307.450644,0.0,map,odom
1780327307,450644119,1780327307.450644,,x,6,,-0.8156744740115265,0.5781980683727955,0.019030138622399346,4.361052989959717,-0.7098372562851433,0.7033185654561317,0.038393555114224265,5.338554196014496,150,3.740176731745402,-2.1440027157465615,-3.7121008586883546,3.9418646742622383,-3.3593460377576867,-4.63085732702137,2.299442768096924,3.243731200695038,0.9204399585723877,Online,true,1780327307.450644,0.0,map,odom
1780327307,450644119,1780327307.450644,,x,3,,-0.8131416398368438,0.5819513767957816,-0.01154420239526936,4.3148193359375,-0.707072511337014,0.707097559919422,0.007842478407217477,5.267560745746952,1332,1.8267598020321167,-4.938048771507031,-2.9033026734629908,1.6065013697460195,-5.815826835446839,-3.834746443066472,6.777538776397705,9.02839571237564,1.52437424659729,Online,true,1780327307.450644,0.0,map,odom
1780327307,450644119,1780327307.450644,,y,40,,-0.4930880328019143,-0.8668962051148803,-0.07317896873390387,-0.7554821372032166,-0.6290515011932163,-0.7733954789140679,-0.07844515308061159,-0.9511784522564817,111,-20.81323060044297,11.32722942249195,-4.256513754526774,-18.081803665949987,13.94955516758032,-4.647113033993213,3.317861557006836,1.806631088256836,1.0376410484313965,Online,true,1780327307.450644,0.0,map,odom
1780327307,450644119,1780327307.450644,,y,37,,-0.287245012783976,-0.9578569182650365,-0.0006532706488917599,1.0147569179534912,-0.4400488322979447,-0.8979175643527367,-0.010053497901943159,0.6681234659453413,237,-15.986853277632958,5.856771143176887,-4.101888398077921,-14.213839894775962,7.762272436920348,-4.635732151757049,4.32894229888916,1.3043384552001953,1.8826274871826172,Online,true,1780327307.450644,0.0,map,odom
1780327307,450644119,1780327307.450644,,y,33,,-0.5047518604814567,-0.8632337440480908,-0.007284399578800405,-4.039683818817139,-0.6392088463222186,-0.7689340094743798,-0.01235070269550298,-4.1703640545031595,2980,-15.269565520190552,4.401423924481309,-4.036881375232799,-13.743584084748859,6.208433383887669,-4.600992586889909,5.028347015380859,3.3910281658172607,3.273620367050171,Online,true,1780327307.450644,0.0,map,odom
1780327307,450644119,1780327307.450644,,y,57,,-0.5099948664907117,-0.8600379858819412,0.01548867306308542,2.5693717002868652,-0.6435991011439376,-0.7652902762740461,0.010535181399007373,2.4632216539509724,140,-2.644443828719003,4.5064498543739315,-2.8163245507649015,-1.258282459279038,4.229668159616037,-3.553987983068001,3.1565089225769043,1.8703649044036865,1.1512219905853271,Online,true,1780327307.450644,0.0,map,odom
1780327307,450644119,1780327307.450644,,y,31,,-0.20696202132532615,-0.9779271583605562,-0.02872620179875593,1.4192713499069214,-0.3644548472008192,-0.9303823988649224,-0.03951273508857829,0.9766872786048932,354,-15.669878585190423,4.882036396339115,-3.931043398582329,-14.058657383363604,6.746233083381222,-4.482921103707071,4.40989875793457,0.9582867622375488,2.3456811904907227,Online,true,1780327307.450644,0.0,map,odom
1780327307,450644119,1780327307.450644,,y,55,,-0.17243220415015278,-0.9849918175951123,-0.007632446697955917,4.476620197296143,-0.33130809022736696,-0.9433313090943364,-0.01899975347894166,4.020861037439762,485,-4.052263270210974,5.282263587184788,-2.8074951004736204,-2.5200403583764626,5.224833766635713,-3.5148356431182677,15.158199787139893,2.666199207305908,2.156053066253662,Online,true,1780327307.450644,0.0,map,odom
1780327307,450644119,1780327307.450644,,y,29,,-0.6138603866732185,-0.7894034616442325,0.004195285152347378,-5.5914225578308105,-0.7346329873213425,-0.678462667032523,0.0016683472168834857,-5.586100221696878,422,-14.168949588215181,3.9114814143610226,-4.088335520283306,-12.738594239196829,5.546137130706184,-4.674516088866692,4.25621223449707,3.307042360305786,2.759225606918335,Online,true,1780327307.450644,0.0,map,odom
1780327307,450644119,1780327307.450644,,y,10,,-0.5963244861297854,-0.8027342325133185,-0.003854762418175332,2.6758921146392822,-0.7196066233075508,-0.6943485753402744,-0.006809083259603503,2.6534096877465494,108,2.513655859011191,1.4810699114093073,-2.694517778025733,3.336501437533387,0.40061500844216297,-3.545864879059092,4.49074912071228,3.3486413955688477,0.6506595611572266,Online,true,1780327307.450644,0.0,map,odom
1780327307,450644119,1780327307.450644,,y,17,,-0.7366658853665785,0.6762502613653483,0.002992881616985349,5.882107734680176,-0.6160412971173796,0.787388582097293,0.022634951485501677,6.84413622722076,437,-1.2540529319841747,-10.04451973105459,-2.871542084408025,-2.2675569872978953,-10.350154105411477,-3.831655671340999,6.58989953994751,7.206296920776367,1.5122225284576416,Online,true,1780327307.450644,0.0,map,odom
1780327307,450644119,1780327307.450644,,y,4,,-0.6336685269920427,-0.7736018117954688,-0.0021058695360771256,2.628135919570923,-0.7516598912284533,-0.6595379411017988,-0.0041366853433693965,2.652694228255127,998,1.3015637711093635,2.2210870599579478,-2.7097136819052077,2.2616928822633504,1.3288757258074795,-3.533942827652087,10.920938491821289,8.30232048034668,1.7890067100524902,Online,true,1780327307.450644,0.0,map,odom
1780327310,148040537,1780327310.1480405,,x,38,,0.9298973109386653,-0.36759984595604184,0.012702140061160294,24.606597900390625,0.8473214318774014,-0.5310784646411014,-0.001433693021797484,23.58098781194547,980,-23.51498151312069,7.328516772328591,-4.0099404145260245,-21.09290808092415,10.770181475225023,-4.519845254458622,1.715017318725586,3.577220916748047,2.9189558029174805,Online,true,1780327310.1480405,0.0,map,odom
1780327310,148040537,1780327310.1480405,,x,15,,-0.928967225938821,0.36940350669940464,0.0236842219571223,2.6573119163513184,-0.8457834389882218,0.5321836764704758,0.03782735559915628,3.713393221396443,175,-2.1863615696770804,-12.511714030674526,-2.8336882523127964,-3.732043805517276,-12.639590660892999,-3.804781408820322,1.7485477924346924,4.398928642272949,1.008683681488037,Online,true,1780327310.1480405,0.0,map,odom
1780327310,148040537,1780327310.1480405,,x,6,,-0.8156744740115265,0.5781980683727955,0.019030138622399346,4.361052989959717,-0.6963492840860174,0.7168736769696255,0.03449356202163555,5.449662212301695,150,3.740176731745402,-2.1440027157465615,-3.7121008586883546,3.978799748859766,-3.5147854310080846,-4.620700554042101,2.299442768096924,3.243731200695038,0.9204399585723877,Online,true,1780327310.1480405,0.0,map,odom
1780327310,148040537,1780327310.1480405,,x,3,,-0.8131416398368438,0.5819513767957816,-0.01154420239526936,4.3148193359375,-0.6934219430809535,0.7205209729356234,0.00394162577340926,5.378350550137449,1332,1.8267598020321167,-4.938048771507031,-2.9033026734629908,1.5944681400517173,-5.924068669155241,-3.8255092118672325,6.777538776397705,9.02839571237564,1.52437424659729,Online,true,1780327310.1480405,0.0,map,odom
1780327310,148040537,1780327310.1480405,,y,65,,-0.6768344827961542,0.7361069525258397,0.006452700301689075,6.589016437530518,-0.5311427878549484,0.8469872344357456,0.022359866112312665,7.648974902611326,121,-0.9819068987507465,-9.804698195339235,-3.1525708722674155,-2.0566660150444047,-10.193356895944916,-4.103748863235634,2.5456111431121826,2.263700485229492,0.7787492275238037,Online,true,1780327310.1480405,0.0,map,odom
1780327310,148040537,1780327310.1480405,,y,40,,-0.4930880328019143,-0.8668962051148803,-0.07317896873390387,-0.7554821372032166,-0.6435110597261435,-0.7614099754201268,-0.07841151280811855,-0.9475501599590823,111,-20.81323060044297,11.32722942249195,-4.256513754526774,-17.709214998318597,14.212437660896331,-4.746677217959034,3.317861557006836,1.806631088256836,1.0376410484313965,Online,true,1780327310.1480405,0.0,map,odom
1780327310,148040537,1780327310.1480405,,y,37,,-0.287245012783976,-0.9578569182650365,-0.0006532706488917599,1.0147569179534912,-0.4571316561989276,-0.8893520852896785,-0.009138779553428294,0.6472086481440569,237,-15.986853277632958,5.856771143176887,-4.101888398077921,-13.960499281666301,7.952294845366157,-4.708164186289464,4.32894229888916,1.3043384552001953,1.8826274871826172,Online,true,1780327310.1480405,0.0,map,odom
1780327310,148040537,1780327310.1480405,,y,33,,-0.5047518604814567,-0.8632337440480908,-0.007284399578800405,-4.039683818817139,-0.6537773812805432,-0.7565860040559432,-0.012359376708218451,-4.164826227914923,2980,-15.269565520190552,4.401423924481309,-4.036881375232799,-13.520191341059762,6.389832413345775,-4.668123795124069,5.028347015380859,3.3910281658172607,3.273620367050171,Online,true,1780327310.1480405,0.0,map,odom
1780327310,148040537,1780327310.1480405,,y,57,,-0.5099948664907117,-0.8600379858819412,0.01548867306308542,2.5693717002868652,-0.6581650118582187,-0.7528004274970328,0.010503976673398164,2.4696395678283167,140,-2.644443828719003,4.5064498543739315,-2.8163245507649015,-1.0782381360103155,4.175109832633391,-3.5784947453952713,3.1565089225769043,1.8703649044036865,1.1512219905853271,Online,true,1780327310.1480405,0.0,map,odom
1780327310,148040537,1780327310.1480405,,y,31,,-0.20696202132532615,-0.9779271583605562,-0.02872620179875593,1.4192713499069214,-0.38208607264541433,-0.923333214028042,-0.03828849648457349,0.9465160194153575,354,-15.669878585190423,4.882036396339115,-3.931043398582329,-13.825257195261582,6.93386486815292,-4.552347769397883,4.40989875793457,0.9582867622375488,2.3456811904907227,Online,true,1780327310.1480405,0.0,map,odom
1780327310,148040537,1780327310.1480405,,y,55,,-0.17243220415015278,-0.9849918175951123,-0.007632446697955917,4.476620197296143,-0.34925444526604343,-0.9368618081940466,-0.017643265267231412,3.987071842592563,485,-4.052263270210974,5.282263587184788,-2.8074951004736204,-2.32081773201048,5.1943432888286365,-3.5456375326484686,15.158199787139893,2.666199207305908,2.156053066253662,Online,true,1780327310.1480405,0.0,map,odom
1780327310,148040537,1780327310.1480405,,y,29,,-0.6138603866732185,-0.7894034616442325,0.004195285152347378,-5.5914225578308105,-0.7474926965729348,-0.664269039155635,0.0011455083465047103,-5.565805385281426,422,-14.168949588215181,3.9114814143610226,-4.088335520283306,-12.527854961805348,5.708233622472626,-4.736958529614447,4.25621223449707,3.307042360305786,2.759225606918335,Online,true,1780327310.1480405,0.0,map,odom
1780327310,148040537,1780327310.1480405,,y,10,,-0.5963244861297854,-0.8027342325133185,-0.003854762418175332,2.6758921146392822,-0.7327481924415806,-0.6804612921895352,-0.007246813461407726,2.671204321395589,108,2.513655859011191,1.4810699114093073,-2.694517778025733,3.442331520987338,0.25883518444476356,-3.5469363245340784,4.49074912071228,3.3486413955688477,0.6506595611572266,Online,true,1780327310.1480405,0.0,map,odom
1780327310,148040537,1780327310.1480405,,y,17,,-0.7223625709651604,0.6915114455448238,0.0020583364914505396,6.070710182189941,-0.5840752538814742,0.8115019579553036,0.01790726215814366,7.1376211611971065,749,-1.5041395042225898,-10.260522043434419,-2.811115744912895,-2.650497152159921,-10.550988818013783,-3.762343140354011,7.607370853424072,7.3488264083862305,1.5122225284576416,Online,true,1780327310.1480405,0.0,map,odom
1780327310,148040537,1780327310.1480405,,y,4,,-0.6336685269920427,-0.7736018117954688,-0.0021058695360771256,2.628135919570923,-0.7641367472878583,-0.6450367364896434,-0.004758153331078499,2.675720597376522,998,1.3015637711093635,2.2210870599579478,-2.7097136819052077,2.3854657997645736,1.2075279379714035,-3.5405777157779954,10.920938491821289,8.30232048034668,1.7890067100524902,Online,true,1780327310.1480405,0.0,map,odom
1780327310,148040537,1780327310.1480405,,x,38,,0.9298973109386653,-0.36759984595604184,0.012702140061160294,24.606597900390625,0.8473214318774014,-0.5310784646411014,-0.001433693021797484,23.58098781194547,980,-23.51498151312069,7.328516772328591,-4.0099404145260245,-21.09290808092415,10.770181475225023,-4.519845254458622,1.715017318725586,3.577220916748047,2.9189558029174805,Online,true,1780327310.1480405,0.0,map,odom
1780327310,148040537,1780327310.1480405,,x,15,,-0.928967225938821,0.36940350669940464,0.0236842219571223,2.6573119163513184,-0.8457834389882218,0.5321836764704758,0.03782735559915628,3.713393221396443,175,-2.1863615696770804,-12.511714030674526,-2.8336882523127964,-3.732043805517276,-12.639590660892999,-3.804781408820322,1.7485477924346924,4.398928642272949,1.008683681488037,Online,true,1780327310.1480405,0.0,map,odom
1780327310,148040537,1780327310.1480405,,x,6,,-0.8156744740115265,0.5781980683727955,0.019030138622399346,4.361052989959717,-0.6963492840860174,0.7168736769696255,0.03449356202163555,5.449662212301695,150,3.740176731745402,-2.1440027157465615,-3.7121008586883546,3.978799748859766,-3.5147854310080846,-4.620700554042101,2.299442768096924,3.243731200695038,0.9204399585723877,Online,true,1780327310.1480405,0.0,map,odom
1780327310,148040537,1780327310.1480405,,x,3,,-0.8131416398368438,0.5819513767957816,-0.01154420239526936,4.3148193359375,-0.6934219430809535,0.7205209729356234,0.00394162577340926,5.378350550137449,1332,1.8267598020321167,-4.938048771507031,-2.9033026734629908,1.5944681400517173,-5.924068669155241,-3.8255092118672325,6.777538776397705,9.02839571237564,1.52437424659729,Online,true,1780327310.1480405,0.0,map,odom
1780327310,148040537,1780327310.1480405,,y,65,,-0.6768344827961542,0.7361069525258397,0.006452700301689075,6.589016437530518,-0.5311427878549484,0.8469872344357456,0.022359866112312665,7.648974902611326,121,-0.9819068987507465,-9.804698195339235,-3.1525708722674155,-2.0566660150444047,-10.193356895944916,-4.103748863235634,2.5456111431121826,2.263700485229492,0.7787492275238037,Online,true,1780327310.1480405,0.0,map,odom
1780327310,148040537,1780327310.1480405,,y,40,,-0.4930880328019143,-0.8668962051148803,-0.07317896873390387,-0.7554821372032166,-0.6435110597261435,-0.7614099754201268,-0.07841151280811855,-0.9475501599590823,111,-20.81323060044297,11.32722942249195,-4.256513754526774,-17.709214998318597,14.212437660896331,-4.746677217959034,3.317861557006836,1.806631088256836,1.0376410484313965,Online,true,1780327310.1480405,0.0,map,odom
1780327310,148040537,1780327310.1480405,,y,37,,-0.287245012783976,-0.9578569182650365,-0.0006532706488917599,1.0147569179534912,-0.4571316561989276,-0.8893520852896785,-0.009138779553428294,0.6472086481440569,237,-15.986853277632958,5.856771143176887,-4.101888398077921,-13.960499281666301,7.952294845366157,-4.708164186289464,4.32894229888916,1.3043384552001953,1.8826274871826172,Online,true,1780327310.1480405,0.0,map,odom
1780327310,148040537,1780327310.1480405,,y,33,,-0.5047518604814567,-0.8632337440480908,-0.007284399578800405,-4.039683818817139,-0.6537773812805432,-0.7565860040559432,-0.012359376708218451,-4.164826227914923,2980,-15.269565520190552,4.401423924481309,-4.036881375232799,-13.520191341059762,6.389832413345775,-4.668123795124069,5.028347015380859,3.3910281658172607,3.273620367050171,Online,true,1780327310.1480405,0.0,map,odom
1780327310,148040537,1780327310.1480405,,y,57,,-0.5099948664907117,-0.8600379858819412,0.01548867306308542,2.5693717002868652,-0.6581650118582187,-0.7528004274970328,0.010503976673398164,2.4696395678283167,140,-2.644443828719003,4.5064498543739315,-2.8163245507649015,-1.0782381360103155,4.175109832633391,-3.5784947453952713,3.1565089225769043,1.8703649044036865,1.1512219905853271,Online,true,1780327310.1480405,0.0,map,odom
1780327310,148040537,1780327310.1480405,,y,31,,-0.20696202132532615,-0.9779271583605562,-0.02872620179875593,1.4192713499069214,-0.38208607264541433,-0.923333214028042,-0.03828849648457349,0.9465160194153575,354,-15.669878585190423,4.882036396339115,-3.931043398582329,-13.825257195261582,6.93386486815292,-4.552347769397883,4.40989875793457,0.9582867622375488,2.3456811904907227,Online,true,1780327310.1480405,0.0,map,odom
1780327310,148040537,1780327310.1480405,,y,55,,-0.17243220415015278,-0.9849918175951123,-0.007632446697955917,4.476620197296143,-0.34925444526604343,-0.9368618081940466,-0.017643265267231412,3.987071842592563,485,-4.052263270210974,5.282263587184788,-2.8074951004736204,-2.32081773201048,5.1943432888286365,-3.5456375326484686,15.158199787139893,2.666199207305908,2.156053066253662,Online,true,1780327310.1480405,0.0,map,odom
1780327310,148040537,1780327310.1480405,,y,29,,-0.6138603866732185,-0.7894034616442325,0.004195285152347378,-5.5914225578308105,-0.7474926965729348,-0.664269039155635,0.0011455083465047103,-5.565805385281426,422,-14.168949588215181,3.9114814143610226,-4.088335520283306,-12.527854961805348,5.708233622472626,-4.736958529614447,4.25621223449707,3.307042360305786,2.759225606918335,Online,true,1780327310.1480405,0.0,map,odom
1780327310,148040537,1780327310.1480405,,y,10,,-0.5963244861297854,-0.8027342325133185,-0.003854762418175332,2.6758921146392822,-0.7327481924415806,-0.6804612921895352,-0.007246813461407726,2.671204321395589,108,2.513655859011191,1.4810699114093073,-2.694517778025733,3.442331520987338,0.25883518444476356,-3.5469363245340784,4.49074912071228,3.3486413955688477,0.6506595611572266,Online,true,1780327310.1480405,0.0,map,odom
1780327310,148040537,1780327310.1480405,,y,17,,-0.7223625709651604,0.6915114455448238,0.0020583364914505396,6.070710182189941,-0.5840752538814742,0.8115019579553036,0.01790726215814366,7.1376211611971065,749,-1.5041395042225898,-10.260522043434419,-2.811115744912895,-2.650497152159921,-10.550988818013783,-3.762343140354011,7.607370853424072,7.3488264083862305,1.5122225284576416,Online,true,1780327310.1480405,0.0,map,odom
1780327310,148040537,1780327310.1480405,,y,4,,-0.6336685269920427,-0.7736018117954688,-0.0021058695360771256,2.628135919570923,-0.7641367472878583,-0.6450367364896434,-0.004758153331078499,2.675720597376522,998,1.3015637711093635,2.2210870599579478,-2.7097136819052077,2.3854657997645736,1.2075279379714035,-3.5405777157779954,10.920938491821289,8.30232048034668,1.7890067100524902,Online,true,1780327310.1480405,0.0,map,odom
1780327310,148040537,1780327310.1480405,,x,38,,0.9298973109386653,-0.36759984595604184,0.012702140061160294,24.606597900390625,0.8473214318774014,-0.5310784646411014,-0.001433693021797484,23.58098781194547,980,-23.51498151312069,7.328516772328591,-4.0099404145260245,-21.09290808092415,10.770181475225023,-4.519845254458622,1.715017318725586,3.577220916748047,2.9189558029174805,Online,true,1780327310.1480405,0.0,map,odom
1780327310,148040537,1780327310.1480405,,x,15,,-0.928967225938821,0.36940350669940464,0.0236842219571223,2.6573119163513184,-0.8457834389882218,0.5321836764704758,0.03782735559915628,3.713393221396443,175,-2.1863615696770804,-12.511714030674526,-2.8336882523127964,-3.732043805517276,-12.639590660892999,-3.804781408820322,1.7485477924346924,4.398928642272949,1.008683681488037,Online,true,1780327310.1480405,0.0,map,odom
1780327310,148040537,1780327310.1480405,,x,6,,-0.8156744740115265,0.5781980683727955,0.019030138622399346,4.361052989959717,-0.6963492840860174,0.7168736769696255,0.03449356202163555,5.449662212301695,150,3.740176731745402,-2.1440027157465615,-3.7121008586883546,3.978799748859766,-3.5147854310080846,-4.620700554042101,2.299442768096924,3.243731200695038,0.9204399585723877,Online,true,1780327310.1480405,0.0,map,odom
1780327310,148040537,1780327310.1480405,,x,3,,-0.8131416398368438,0.5819513767957816,-0.01154420239526936,4.3148193359375,-0.6934219430809535,0.7205209729356234,0.00394162577340926,5.378350550137449,1332,1.8267598020321167,-4.938048771507031,-2.9033026734629908,1.5944681400517173,-5.924068669155241,-3.8255092118672325,6.777538776397705,9.02839571237564,1.52437424659729,Online,true,1780327310.1480405,0.0,map,odom
1780327310,148040537,1780327310.1480405,,y,65,,-0.6768344827961542,0.7361069525258397,0.006452700301689075,6.589016437530518,-0.5311427878549484,0.8469872344357456,0.022359866112312665,7.648974902611326,121,-0.9819068987507465,-9.804698195339235,-3.1525708722674155,-2.0566660150444047,-10.193356895944916,-4.103748863235634,2.5456111431121826,2.263700485229492,0.7787492275238037,Online,true,1780327310.1480405,0.0,map,odom
1780327310,148040537,1780327310.1480405,,y,40,,-0.4930880328019143,-0.8668962051148803,-0.07317896873390387,-0.7554821372032166,-0.6435110597261435,-0.7614099754201268,-0.07841151280811855,-0.9475501599590823,111,-20.81323060044297,11.32722942249195,-4.256513754526774,-17.709214998318597,14.212437660896331,-4.746677217959034,3.317861557006836,1.806631088256836,1.0376410484313965,Online,true,1780327310.1480405,0.0,map,odom
1780327310,148040537,1780327310.1480405,,y,37,,-0.287245012783976,-0.9578569182650365,-0.0006532706488917599,1.0147569179534912,-0.4571316561989276,-0.8893520852896785,-0.009138779553428294,0.6472086481440569,237,-15.986853277632958,5.856771143176887,-4.101888398077921,-13.960499281666301,7.952294845366157,-4.708164186289464,4.32894229888916,1.3043384552001953,1.8826274871826172,Online,true,1780327310.1480405,0.0,map,odom
1780327310,148040537,1780327310.1480405,,y,33,,-0.5047518604814567,-0.8632337440480908,-0.007284399578800405,-4.039683818817139,-0.6537773812805432,-0.7565860040559432,-0.012359376708218451,-4.164826227914923,2980,-15.269565520190552,4.401423924481309,-4.036881375232799,-13.520191341059762,6.389832413345775,-4.668123795124069,5.028347015380859,3.3910281658172607,3.273620367050171,Online,true,1780327310.1480405,0.0,map,odom
1780327310,148040537,1780327310.1480405,,y,57,,-0.5099948664907117,-0.8600379858819412,0.01548867306308542,2.5693717002868652,-0.6581650118582187,-0.7528004274970328,0.010503976673398164,2.4696395678283167,140,-2.644443828719003,4.5064498543739315,-2.8163245507649015,-1.0782381360103155,4.175109832633391,-3.5784947453952713,3.1565089225769043,1.8703649044036865,1.1512219905853271,Online,true,1780327310.1480405,0.0,map,odom
1780327310,148040537,1780327310.1480405,,y,31,,-0.20696202132532615,-0.9779271583605562,-0.02872620179875593,1.4192713499069214,-0.38208607264541433,-0.923333214028042,-0.03828849648457349,0.9465160194153575,354,-15.669878585190423,4.882036396339115,-3.931043398582329,-13.825257195261582,6.93386486815292,-4.552347769397883,4.40989875793457,0.9582867622375488,2.3456811904907227,Online,true,1780327310.1480405,0.0,map,odom
1780327310,148040537,1780327310.1480405,,y,55,,-0.17243220415015278,-0.9849918175951123,-0.007632446697955917,4.476620197296143,-0.34925444526604343,-0.9368618081940466,-0.017643265267231412,3.987071842592563,485,-4.052263270210974,5.282263587184788,-2.8074951004736204,-2.32081773201048,5.1943432888286365,-3.5456375326484686,15.158199787139893,2.666199207305908,2.156053066253662,Online,true,1780327310.1480405,0.0,map,odom
1780327310,148040537,1780327310.1480405,,y,29,,-0.6138603866732185,-0.7894034616442325,0.004195285152347378,-5.5914225578308105,-0.7474926965729348,-0.664269039155635,0.0011455083465047103,-5.565805385281426,422,-14.168949588215181,3.9114814143610226,-4.088335520283306,-12.527854961805348,5.708233622472626,-4.736958529614447,4.25621223449707,3.307042360305786,2.759225606918335,Online,true,1780327310.1480405,0.0,map,odom
1780327310,148040537,1780327310.1480405,,y,10,,-0.5963244861297854,-0.8027342325133185,-0.003854762418175332,2.6758921146392822,-0.7327481924415806,-0.6804612921895352,-0.007246813461407726,2.671204321395589,108,2.513655859011191,1.4810699114093073,-2.694517778025733,3.442331520987338,0.25883518444476356,-3.5469363245340784,4.49074912071228,3.3486413955688477,0.6506595611572266,Online,true,1780327310.1480405,0.0,map,odom
1780327310,148040537,1780327310.1480405,,y,17,,-0.7223625709651604,0.6915114455448238,0.0020583364914505396,6.070710182189941,-0.5840752538814742,0.8115019579553036,0.01790726215814366,7.1376211611971065,749,-1.5041395042225898,-10.260522043434419,-2.811115744912895,-2.650497152159921,-10.550988818013783,-3.762343140354011,7.607370853424072,7.3488264083862305,1.5122225284576416,Online,true,1780327310.1480405,0.0,map,odom
1780327310,148040537,1780327310.1480405,,y,4,,-0.6336685269920427,-0.7736018117954688,-0.0021058695360771256,2.628135919570923,-0.7641367472878583,-0.6450367364896434,-0.004758153331078499,2.675720597376522,998,1.3015637711093635,2.2210870599579478,-2.7097136819052077,2.3854657997645736,1.2075279379714035,-3.5405777157779954,10.920938491821289,8.30232048034668,1.7890067100524902,Online,true,1780327310.1480405,0.0,map,odom
1780327310,148040537,1780327310.1480405,,x,38,,0.9298973109386653,-0.36759984595604184,0.012702140061160294,24.606597900390625,0.8473214318774014,-0.5310784646411014,-0.001433693021797484,23.58098781194547,980,-23.51498151312069,7.328516772328591,-4.0099404145260245,-21.09290808092415,10.770181475225023,-4.519845254458622,1.715017318725586,3.577220916748047,2.9189558029174805,Online,true,1780327310.1480405,0.0,map,odom
1780327310,148040537,1780327310.1480405,,x,15,,-0.928967225938821,0.36940350669940464,0.0236842219571223,2.6573119163513184,-0.8457834389882218,0.5321836764704758,0.03782735559915628,3.713393221396443,175,-2.1863615696770804,-12.511714030674526,-2.8336882523127964,-3.732043805517276,-12.639590660892999,-3.804781408820322,1.7485477924346924,4.398928642272949,1.008683681488037,Online,true,1780327310.1480405,0.0,map,odom
1780327310,148040537,1780327310.1480405,,x,6,,-0.8156744740115265,0.5781980683727955,0.019030138622399346,4.361052989959717,-0.6963492840860174,0.7168736769696255,0.03449356202163555,5.449662212301695,150,3.740176731745402,-2.1440027157465615,-3.7121008586883546,3.978799748859766,-3.5147854310080846,-4.620700554042101,2.299442768096924,3.243731200695038,0.9204399585723877,Online,true,1780327310.1480405,0.0,map,odom
1780327310,148040537,1780327310.1480405,,x,3,,-0.8131416398368438,0.5819513767957816,-0.01154420239526936,4.3148193359375,-0.6934219430809535,0.7205209729356234,0.00394162577340926,5.378350550137449,1332,1.8267598020321167,-4.938048771507031,-2.9033026734629908,1.5944681400517173,-5.924068669155241,-3.8255092118672325,6.777538776397705,9.02839571237564,1.52437424659729,Online,true,1780327310.1480405,0.0,map,odom
1780327310,148040537,1780327310.1480405,,y,65,,-0.6768344827961542,0.7361069525258397,0.006452700301689075,6.589016437530518,-0.5311427878549484,0.8469872344357456,0.022359866112312665,7.648974902611326,121,-0.9819068987507465,-9.804698195339235,-3.1525708722674155,-2.0566660150444047,-10.193356895944916,-4.103748863235634,2.5456111431121826,2.263700485229492,0.7787492275238037,Online,true,1780327310.1480405,0.0,map,odom
1780327310,148040537,1780327310.1480405,,y,40,,-0.4930880328019143,-0.8668962051148803,-0.07317896873390387,-0.7554821372032166,-0.6435110597261435,-0.7614099754201268,-0.07841151280811855,-0.9475501599590823,111,-20.81323060044297,11.32722942249195,-4.256513754526774,-17.709214998318597,14.212437660896331,-4.746677217959034,3.317861557006836,1.806631088256836,1.0376410484313965,Online,true,1780327310.1480405,0.0,map,odom
1780327310,148040537,1780327310.1480405,,y,37,,-0.287245012783976,-0.9578569182650365,-0.0006532706488917599,1.0147569179534912,-0.4571316561989276,-0.8893520852896785,-0.009138779553428294,0.6472086481440569,237,-15.986853277632958,5.856771143176887,-4.101888398077921,-13.960499281666301,7.952294845366157,-4.708164186289464,4.32894229888916,1.3043384552001953,1.8826274871826172,Online,true,1780327310.1480405,0.0,map,odom
1780327310,148040537,1780327310.1480405,,y,33,,-0.5047518604814567,-0.8632337440480908,-0.007284399578800405,-4.039683818817139,-0.6537773812805432,-0.7565860040559432,-0.012359376708218451,-4.164826227914923,2980,-15.269565520190552,4.401423924481309,-4.036881375232799,-13.520191341059762,6.389832413345775,-4.668123795124069,5.028347015380859,3.3910281658172607,3.273620367050171,Online,true,1780327310.1480405,0.0,map,odom
1780327310,148040537,1780327310.1480405,,y,57,,-0.5099948664907117,-0.8600379858819412,0.01548867306308542,2.5693717002868652,-0.6581650118582187,-0.7528004274970328,0.010503976673398164,2.4696395678283167,140,-2.644443828719003,4.5064498543739315,-2.8163245507649015,-1.0782381360103155,4.175109832633391,-3.5784947453952713,3.1565089225769043,1.8703649044036865,1.1512219905853271,Online,true,1780327310.1480405,0.0,map,odom
1780327310,148040537,1780327310.1480405,,y,31,,-0.20696202132532615,-0.9779271583605562,-0.02872620179875593,1.4192713499069214,-0.38208607264541433,-0.923333214028042,-0.03828849648457349,0.9465160194153575,354,-15.669878585190423,4.882036396339115,-3.931043398582329,-13.825257195261582,6.93386486815292,-4.552347769397883,4.40989875793457,0.9582867622375488,2.3456811904907227,Online,true,1780327310.1480405,0.0,map,odom
1780327310,148040537,1780327310.1480405,,y,55,,-0.17243220415015278,-0.9849918175951123,-0.007632446697955917,4.476620197296143,-0.34925444526604343,-0.9368618081940466,-0.017643265267231412,3.987071842592563,485,-4.052263270210974,5.282263587184788,-2.8074951004736204,-2.32081773201048,5.1943432888286365,-3.5456375326484686,15.158199787139893,2.666199207305908,2.156053066253662,Online,true,1780327310.1480405,0.0,map,odom
1780327310,148040537,1780327310.1480405,,y,29,,-0.6138603866732185,-0.7894034616442325,0.004195285152347378,-5.5914225578308105,-0.7474926965729348,-0.664269039155635,0.0011455083465047103,-5.565805385281426,422,-14.168949588215181,3.9114814143610226,-4.088335520283306,-12.527854961805348,5.708233622472626,-4.736958529614447,4.25621223449707,3.307042360305786,2.759225606918335,Online,true,1780327310.1480405,0.0,map,odom
1780327310,148040537,1780327310.1480405,,y,10,,-0.5963244861297854,-0.8027342325133185,-0.003854762418175332,2.6758921146392822,-0.7327481924415806,-0.6804612921895352,-0.007246813461407726,2.671204321395589,108,2.513655859011191,1.4810699114093073,-2.694517778025733,3.442331520987338,0.25883518444476356,-3.5469363245340784,4.49074912071228,3.3486413955688477,0.6506595611572266,Online,true,1780327310.1480405,0.0,map,odom
1780327310,148040537,1780327310.1480405,,y,17,,-0.7223625709651604,0.6915114455448238,0.0020583364914505396,6.070710182189941,-0.5840752538814742,0.8115019579553036,0.01790726215814366,7.1376211611971065,749,-1.5041395042225898,-10.260522043434419,-2.811115744912895,-2.650497152159921,-10.550988818013783,-3.762343140354011,7.607370853424072,7.3488264083862305,1.5122225284576416,Online,true,1780327310.1480405,0.0,map,odom
1780327310,148040537,1780327310.1480405,,y,4,,-0.6336685269920427,-0.7736018117954688,-0.0021058695360771256,2.628135919570923,-0.7641367472878583,-0.6450367364896434,-0.004758153331078499,2.675720597376522,998,1.3015637711093635,2.2210870599579478,-2.7097136819052077,2.3854657997645736,1.2075279379714035,-3.5405777157779954,10.920938491821289,8.30232048034668,1.7890067100524902,Online,true,1780327310.1480405,0.0,map,odom
1780327310,148040537,1780327310.1480405,,x,38,,0.9298973109386653,-0.36759984595604184,0.012702140061160294,24.606597900390625,0.8473214318774014,-0.5310784646411014,-0.001433693021797484,23.58098781194547,980,-23.51498151312069,7.328516772328591,-4.0099404145260245,-21.09290808092415,10.770181475225023,-4.519845254458622,1.715017318725586,3.577220916748047,2.9189558029174805,Online,true,1780327310.1480405,0.0,map,odom
1780327310,148040537,1780327310.1480405,,x,15,,-0.928967225938821,0.36940350669940464,0.0236842219571223,2.6573119163513184,-0.8457834389882218,0.5321836764704758,0.03782735559915628,3.713393221396443,175,-2.1863615696770804,-12.511714030674526,-2.8336882523127964,-3.732043805517276,-12.639590660892999,-3.804781408820322,1.7485477924346924,4.398928642272949,1.008683681488037,Online,true,1780327310.1480405,0.0,map,odom
1780327310,148040537,1780327310.1480405,,x,6,,-0.8156744740115265,0.5781980683727955,0.019030138622399346,4.361052989959717,-0.6963492840860174,0.7168736769696255,0.03449356202163555,5.449662212301695,150,3.740176731745402,-2.1440027157465615,-3.7121008586883546,3.978799748859766,-3.5147854310080846,-4.620700554042101,2.299442768096924,3.243731200695038,0.9204399585723877,Online,true,1780327310.1480405,0.0,map,odom
1780327310,148040537,1780327310.1480405,,x,3,,-0.8131416398368438,0.5819513767957816,-0.01154420239526936,4.3148193359375,-0.6934219430809535,0.7205209729356234,0.00394162577340926,5.378350550137449,1332,1.8267598020321167,-4.938048771507031,-2.9033026734629908,1.5944681400517173,-5.924068669155241,-3.8255092118672325,6.777538776397705,9.02839571237564,1.52437424659729,Online,true,1780327310.1480405,0.0,map,odom
1780327310,148040537,1780327310.1480405,,y,65,,-0.6768344827961542,0.7361069525258397,0.006452700301689075,6.589016437530518,-0.5311427878549484,0.8469872344357456,0.022359866112312665,7.648974902611326,121,-0.9819068987507465,-9.804698195339235,-3.1525708722674155,-2.0566660150444047,-10.193356895944916,-4.103748863235634,2.5456111431121826,2.263700485229492,0.7787492275238037,Online,true,1780327310.1480405,0.0,map,odom
1780327310,148040537,1780327310.1480405,,y,40,,-0.4930880328019143,-0.8668962051148803,-0.07317896873390387,-0.7554821372032166,-0.6435110597261435,-0.7614099754201268,-0.07841151280811855,-0.9475501599590823,111,-20.81323060044297,11.32722942249195,-4.256513754526774,-17.709214998318597,14.212437660896331,-4.746677217959034,3.317861557006836,1.806631088256836,1.0376410484313965,Online,true,1780327310.1480405,0.0,map,odom
1780327310,148040537,1780327310.1480405,,y,37,,-0.287245012783976,-0.9578569182650365,-0.0006532706488917599,1.0147569179534912,-0.4571316561989276,-0.8893520852896785,-0.009138779553428294,0.6472086481440569,237,-15.986853277632958,5.856771143176887,-4.101888398077921,-13.960499281666301,7.952294845366157,-4.708164186289464,4.32894229888916,1.3043384552001953,1.8826274871826172,Online,true,1780327310.1480405,0.0,map,odom
1780327310,148040537,1780327310.1480405,,y,33,,-0.5047518604814567,-0.8632337440480908,-0.007284399578800405,-4.039683818817139,-0.6537773812805432,-0.7565860040559432,-0.012359376708218451,-4.164826227914923,2980,-15.269565520190552,4.401423924481309,-4.036881375232799,-13.520191341059762,6.389832413345775,-4.668123795124069,5.028347015380859,3.3910281658172607,3.273620367050171,Online,true,1780327310.1480405,0.0,map,odom
1780327310,148040537,1780327310.1480405,,y,57,,-0.5099948664907117,-0.8600379858819412,0.01548867306308542,2.5693717002868652,-0.6581650118582187,-0.7528004274970328,0.010503976673398164,2.4696395678283167,140,-2.644443828719003,4.5064498543739315,-2.8163245507649015,-1.0782381360103155,4.175109832633391,-3.5784947453952713,3.1565089225769043,1.8703649044036865,1.1512219905853271,Online,true,1780327310.1480405,0.0,map,odom
1780327310,148040537,1780327310.1480405,,y,31,,-0.20696202132532615,-0.9779271583605562,-0.02872620179875593,1.4192713499069214,-0.38208607264541433,-0.923333214028042,-0.03828849648457349,0.9465160194153575,354,-15.669878585190423,4.882036396339115,-3.931043398582329,-13.825257195261582,6.93386486815292,-4.552347769397883,4.40989875793457,0.9582867622375488,2.3456811904907227,Online,true,1780327310.1480405,0.0,map,odom
1780327310,148040537,1780327310.1480405,,y,55,,-0.17243220415015278,-0.9849918175951123,-0.007632446697955917,4.476620197296143,-0.34925444526604343,-0.9368618081940466,-0.017643265267231412,3.987071842592563,485,-4.052263270210974,5.282263587184788,-2.8074951004736204,-2.32081773201048,5.1943432888286365,-3.5456375326484686,15.158199787139893,2.666199207305908,2.156053066253662,Online,true,1780327310.1480405,0.0,map,odom
1780327310,148040537,1780327310.1480405,,y,29,,-0.6138603866732185,-0.7894034616442325,0.004195285152347378,-5.5914225578308105,-0.7474926965729348,-0.664269039155635,0.0011455083465047103,-5.565805385281426,422,-14.168949588215181,3.9114814143610226,-4.088335520283306,-12.527854961805348,5.708233622472626,-4.736958529614447,4.25621223449707,3.307042360305786,2.759225606918335,Online,true,1780327310.1480405,0.0,map,odom
1780327310,148040537,1780327310.1480405,,y,10,,-0.5963244861297854,-0.8027342325133185,-0.003854762418175332,2.6758921146392822,-0.7327481924415806,-0.6804612921895352,-0.007246813461407726,2.671204321395589,108,2.513655859011191,1.4810699114093073,-2.694517778025733,3.442331520987338,0.25883518444476356,-3.5469363245340784,4.49074912071228,3.3486413955688477,0.6506595611572266,Online,true,1780327310.1480405,0.0,map,odom
1780327310,148040537,1780327310.1480405,,y,17,,-0.7223625709651604,0.6915114455448238,0.0020583364914505396,6.070710182189941,-0.5840752538814742,0.8115019579553036,0.01790726215814366,7.1376211611971065,749,-1.5041395042225898,-10.260522043434419,-2.811115744912895,-2.650497152159921,-10.550988818013783,-3.762343140354011,7.607370853424072,7.3488264083862305,1.5122225284576416,Online,true,1780327310.1480405,0.0,map,odom
1780327310,148040537,1780327310.1480405,,y,4,,-0.6336685269920427,-0.7736018117954688,-0.0021058695360771256,2.628135919570923,-0.7641367472878583,-0.6450367364896434,-0.004758153331078499,2.675720597376522,998,1.3015637711093635,2.2210870599579478,-2.7097136819052077,2.3854657997645736,1.2075279379714035,-3.5405777157779954,10.920938491821289,8.30232048034668,1.7890067100524902,Online,true,1780327310.1480405,0.0,map,odom
1780327310,148040537,1780327310.1480405,,x,38,,0.9298973109386653,-0.36759984595604184,0.012702140061160294,24.606597900390625,0.8473214318774014,-0.5310784646411014,-0.001433693021797484,23.58098781194547,980,-23.51498151312069,7.328516772328591,-4.0099404145260245,-21.09290808092415,10.770181475225023,-4.519845254458622,1.715017318725586,3.577220916748047,2.9189558029174805,Online,true,1780327310.1480405,0.0,map,odom
1780327310,148040537,1780327310.1480405,,x,15,,-0.928967225938821,0.36940350669940464,0.0236842219571223,2.6573119163513184,-0.8457834389882218,0.5321836764704758,0.03782735559915628,3.713393221396443,175,-2.1863615696770804,-12.511714030674526,-2.8336882523127964,-3.732043805517276,-12.639590660892999,-3.804781408820322,1.7485477924346924,4.398928642272949,1.008683681488037,Online,true,1780327310.1480405,0.0,map,odom
1780327310,148040537,1780327310.1480405,,x,6,,-0.8156744740115265,0.5781980683727955,0.019030138622399346,4.361052989959717,-0.6963492840860174,0.7168736769696255,0.03449356202163555,5.449662212301695,150,3.740176731745402,-2.1440027157465615,-3.7121008586883546,3.978799748859766,-3.5147854310080846,-4.620700554042101,2.299442768096924,3.243731200695038,0.9204399585723877,Online,true,1780327310.1480405,0.0,map,odom
1780327310,148040537,1780327310.1480405,,x,3,,-0.8131416398368438,0.5819513767957816,-0.01154420239526936,4.3148193359375,-0.6934219430809535,0.7205209729356234,0.00394162577340926,5.378350550137449,1332,1.8267598020321167,-4.938048771507031,-2.9033026734629908,1.5944681400517173,-5.924068669155241,-3.8255092118672325,6.777538776397705,9.02839571237564,1.52437424659729,Online,true,1780327310.1480405,0.0,map,odom
1780327310,148040537,1780327310.1480405,,y,65,,-0.6768344827961542,0.7361069525258397,0.006452700301689075,6.589016437530518,-0.5311427878549484,0.8469872344357456,0.022359866112312665,7.648974902611326,121,-0.9819068987507465,-9.804698195339235,-3.1525708722674155,-2.0566660150444047,-10.193356895944916,-4.103748863235634,2.5456111431121826,2.263700485229492,0.7787492275238037,Online,true,1780327310.1480405,0.0,map,odom
1780327310,148040537,1780327310.1480405,,y,40,,-0.4930880328019143,-0.8668962051148803,-0.07317896873390387,-0.7554821372032166,-0.6435110597261435,-0.7614099754201268,-0.07841151280811855,-0.9475501599590823,111,-20.81323060044297,11.32722942249195,-4.256513754526774,-17.709214998318597,14.212437660896331,-4.746677217959034,3.317861557006836,1.806631088256836,1.0376410484313965,Online,true,1780327310.1480405,0.0,map,odom
1780327310,148040537,1780327310.1480405,,y,37,,-0.287245012783976,-0.9578569182650365,-0.0006532706488917599,1.0147569179534912,-0.4571316561989276,-0.8893520852896785,-0.009138779553428294,0.6472086481440569,237,-15.986853277632958,5.856771143176887,-4.101888398077921,-13.960499281666301,7.952294845366157,-4.708164186289464,4.32894229888916,1.3043384552001953,1.8826274871826172,Online,true,1780327310.1480405,0.0,map,odom
1780327310,148040537,1780327310.1480405,,y,33,,-0.5047518604814567,-0.8632337440480908,-0.007284399578800405,-4.039683818817139,-0.6537773812805432,-0.7565860040559432,-0.012359376708218451,-4.164826227914923,2980,-15.269565520190552,4.401423924481309,-4.036881375232799,-13.520191341059762,6.389832413345775,-4.668123795124069,5.028347015380859,3.3910281658172607,3.273620367050171,Online,true,1780327310.1480405,0.0,map,odom
1780327310,148040537,1780327310.1480405,,y,57,,-0.5099948664907117,-0.8600379858819412,0.01548867306308542,2.5693717002868652,-0.6581650118582187,-0.7528004274970328,0.010503976673398164,2.4696395678283167,140,-2.644443828719003,4.5064498543739315,-2.8163245507649015,-1.0782381360103155,4.175109832633391,-3.5784947453952713,3.1565089225769043,1.8703649044036865,1.1512219905853271,Online,true,1780327310.1480405,0.0,map,odom
1780327310,148040537,1780327310.1480405,,y,31,,-0.20696202132532615,-0.9779271583605562,-0.02872620179875593,1.4192713499069214,-0.38208607264541433,-0.923333214028042,-0.03828849648457349,0.9465160194153575,354,-15.669878585190423,4.882036396339115,-3.931043398582329,-13.825257195261582,6.93386486815292,-4.552347769397883,4.40989875793457,0.9582867622375488,2.3456811904907227,Online,true,1780327310.1480405,0.0,map,odom
1780327310,148040537,1780327310.1480405,,y,55,,-0.17243220415015278,-0.9849918175951123,-0.007632446697955917,4.476620197296143,-0.34925444526604343,-0.9368618081940466,-0.017643265267231412,3.987071842592563,485,-4.052263270210974,5.282263587184788,-2.8074951004736204,-2.32081773201048,5.1943432888286365,-3.5456375326484686,15.158199787139893,2.666199207305908,2.156053066253662,Online,true,1780327310.1480405,0.0,map,odom
1780327310,148040537,1780327310.1480405,,y,29,,-0.6138603866732185,-0.7894034616442325,0.004195285152347378,-5.5914225578308105,-0.7474926965729348,-0.664269039155635,0.0011455083465047103,-5.565805385281426,422,-14.168949588215181,3.9114814143610226,-4.088335520283306,-12.527854961805348,5.708233622472626,-4.736958529614447,4.25621223449707,3.307042360305786,2.759225606918335,Online,true,1780327310.1480405,0.0,map,odom
1780327310,148040537,1780327310.1480405,,y,10,,-0.5963244861297854,-0.8027342325133185,-0.003854762418175332,2.6758921146392822,-0.7327481924415806,-0.6804612921895352,-0.007246813461407726,2.671204321395589,108,2.513655859011191,1.4810699114093073,-2.694517778025733,3.442331520987338,0.25883518444476356,-3.5469363245340784,4.49074912071228,3.3486413955688477,0.6506595611572266,Online,true,1780327310.1480405,0.0,map,odom
1780327310,148040537,1780327310.1480405,,y,17,,-0.7223625709651604,0.6915114455448238,0.0020583364914505396,6.070710182189941,-0.5840752538814742,0.8115019579553036,0.01790726215814366,7.1376211611971065,749,-1.5041395042225898,-10.260522043434419,-2.811115744912895,-2.650497152159921,-10.550988818013783,-3.762343140354011,7.607370853424072,7.3488264083862305,1.5122225284576416,Online,true,1780327310.1480405,0.0,map,odom
1780327310,148040537,1780327310.1480405,,y,4,,-0.6336685269920427,-0.7736018117954688,-0.0021058695360771256,2.628135919570923,-0.7641367472878583,-0.6450367364896434,-0.004758153331078499,2.675720597376522,998,1.3015637711093635,2.2210870599579478,-2.7097136819052077,2.3854657997645736,1.2075279379714035,-3.5405777157779954,10.920938491821289,8.30232048034668,1.7890067100524902,Online,true,1780327310.1480405,0.0,map,odom
1780327310,148040537,1780327310.1480405,,x,38,,0.9298973109386653,-0.36759984595604184,0.012702140061160294,24.606597900390625,0.8473214318774014,-0.5310784646411014,-0.001433693021797484,23.58098781194547,980,-23.51498151312069,7.328516772328591,-4.0099404145260245,-21.09290808092415,10.770181475225023,-4.519845254458622,1.715017318725586,3.577220916748047,2.9189558029174805,Online,true,1780327310.1480405,0.0,map,odom
1780327310,148040537,1780327310.1480405,,x,15,,-0.928967225938821,0.36940350669940464,0.0236842219571223,2.6573119163513184,-0.8457834389882218,0.5321836764704758,0.03782735559915628,3.713393221396443,175,-2.1863615696770804,-12.511714030674526,-2.8336882523127964,-3.732043805517276,-12.639590660892999,-3.804781408820322,1.7485477924346924,4.398928642272949,1.008683681488037,Online,true,1780327310.1480405,0.0,map,odom
1780327310,148040537,1780327310.1480405,,x,6,,-0.8156744740115265,0.5781980683727955,0.019030138622399346,4.361052989959717,-0.6963492840860174,0.7168736769696255,0.03449356202163555,5.449662212301695,150,3.740176731745402,-2.1440027157465615,-3.7121008586883546,3.978799748859766,-3.5147854310080846,-4.620700554042101,2.299442768096924,3.243731200695038,0.9204399585723877,Online,true,1780327310.1480405,0.0,map,odom
1780327310,148040537,1780327310.1480405,,x,3,,-0.8131416398368438,0.5819513767957816,-0.01154420239526936,4.3148193359375,-0.6934219430809535,0.7205209729356234,0.00394162577340926,5.378350550137449,1332,1.8267598020321167,-4.938048771507031,-2.9033026734629908,1.5944681400517173,-5.924068669155241,-3.8255092118672325,6.777538776397705,9.02839571237564,1.52437424659729,Online,true,1780327310.1480405,0.0,map,odom
1780327310,148040537,1780327310.1480405,,y,65,,-0.6768344827961542,0.7361069525258397,0.006452700301689075,6.589016437530518,-0.5311427878549484,0.8469872344357456,0.022359866112312665,7.648974902611326,121,-0.9819068987507465,-9.804698195339235,-3.1525708722674155,-2.0566660150444047,-10.193356895944916,-4.103748863235634,2.5456111431121826,2.263700485229492,0.7787492275238037,Online,true,1780327310.1480405,0.0,map,odom
1780327310,148040537,1780327310.1480405,,y,40,,-0.4930880328019143,-0.8668962051148803,-0.07317896873390387,-0.7554821372032166,-0.6435110597261435,-0.7614099754201268,-0.07841151280811855,-0.9475501599590823,111,-20.81323060044297,11.32722942249195,-4.256513754526774,-17.709214998318597,14.212437660896331,-4.746677217959034,3.317861557006836,1.806631088256836,1.0376410484313965,Online,true,1780327310.1480405,0.0,map,odom
1780327310,148040537,1780327310.1480405,,y,37,,-0.287245012783976,-0.9578569182650365,-0.0006532706488917599,1.0147569179534912,-0.4571316561989276,-0.8893520852896785,-0.009138779553428294,0.6472086481440569,237,-15.986853277632958,5.856771143176887,-4.101888398077921,-13.960499281666301,7.952294845366157,-4.708164186289464,4.32894229888916,1.3043384552001953,1.8826274871826172,Online,true,1780327310.1480405,0.0,map,odom
1780327310,148040537,1780327310.1480405,,y,33,,-0.5047518604814567,-0.8632337440480908,-0.007284399578800405,-4.039683818817139,-0.6537773812805432,-0.7565860040559432,-0.012359376708218451,-4.164826227914923,2980,-15.269565520190552,4.401423924481309,-4.036881375232799,-13.520191341059762,6.389832413345775,-4.668123795124069,5.028347015380859,3.3910281658172607,3.273620367050171,Online,true,1780327310.1480405,0.0,map,odom
1780327310,148040537,1780327310.1480405,,y,57,,-0.5099948664907117,-0.8600379858819412,0.01548867306308542,2.5693717002868652,-0.6581650118582187,-0.7528004274970328,0.010503976673398164,2.4696395678283167,140,-2.644443828719003,4.5064498543739315,-2.8163245507649015,-1.0782381360103155,4.175109832633391,-3.5784947453952713,3.1565089225769043,1.8703649044036865,1.1512219905853271,Online,true,1780327310.1480405,0.0,map,odom
1780327310,148040537,1780327310.1480405,,y,31,,-0.20696202132532615,-0.9779271583605562,-0.02872620179875593,1.4192713499069214,-0.38208607264541433,-0.923333214028042,-0.03828849648457349,0.9465160194153575,354,-15.669878585190423,4.882036396339115,-3.931043398582329,-13.825257195261582,6.93386486815292,-4.552347769397883,4.40989875793457,0.9582867622375488,2.3456811904907227,Online,true,1780327310.1480405,0.0,map,odom
1780327310,148040537,1780327310.1480405,,y,55,,-0.17243220415015278,-0.9849918175951123,-0.007632446697955917,4.476620197296143,-0.34925444526604343,-0.9368618081940466,-0.017643265267231412,3.987071842592563,485,-4.052263270210974,5.282263587184788,-2.8074951004736204,-2.32081773201048,5.1943432888286365,-3.5456375326484686,15.158199787139893,2.666199207305908,2.156053066253662,Online,true,1780327310.1480405,0.0,map,odom
1780327310,148040537,1780327310.1480405,,y,29,,-0.6138603866732185,-0.7894034616442325,0.004195285152347378,-5.5914225578308105,-0.7474926965729348,-0.664269039155635,0.0011455083465047103,-5.565805385281426,422,-14.168949588215181,3.9114814143610226,-4.088335520283306,-12.527854961805348,5.708233622472626,-4.736958529614447,4.25621223449707,3.307042360305786,2.759225606918335,Online,true,1780327310.1480405,0.0,map,odom
1780327310,148040537,1780327310.1480405,,y,10,,-0.5963244861297854,-0.8027342325133185,-0.003854762418175332,2.6758921146392822,-0.7327481924415806,-0.6804612921895352,-0.007246813461407726,2.671204321395589,108,2.513655859011191,1.4810699114093073,-2.694517778025733,3.442331520987338,0.25883518444476356,-3.5469363245340784,4.49074912071228,3.3486413955688477,0.6506595611572266,Online,true,1780327310.1480405,0.0,map,odom
1780327310,148040537,1780327310.1480405,,y,17,,-0.7223625709651604,0.6915114455448238,0.0020583364914505396,6.070710182189941,-0.5840752538814742,0.8115019579553036,0.01790726215814366,7.1376211611971065,749,-1.5041395042225898,-10.260522043434419,-2.811115744912895,-2.650497152159921,-10.550988818013783,-3.762343140354011,7.607370853424072,7.3488264083862305,1.5122225284576416,Online,true,1780327310.1480405,0.0,map,odom
1780327310,148040537,1780327310.1480405,,y,4,,-0.6336685269920427,-0.7736018117954688,-0.0021058695360771256,2.628135919570923,-0.7641367472878583,-0.6450367364896434,-0.004758153331078499,2.675720597376522,998,1.3015637711093635,2.2210870599579478,-2.7097136819052077,2.3854657997645736,1.2075279379714035,-3.5405777157779954,10.920938491821289,8.30232048034668,1.7890067100524902,Online,true,1780327310.1480405,0.0,map,odom
1780327310,148040537,1780327310.1480405,,x,38,,0.9298973109386653,-0.36759984595604184,0.012702140061160294,24.606597900390625,0.8473214318774014,-0.5310784646411014,-0.001433693021797484,23.58098781194547,980,-23.51498151312069,7.328516772328591,-4.0099404145260245,-21.09290808092415,10.770181475225023,-4.519845254458622,1.715017318725586,3.577220916748047,2.9189558029174805,Online,true,1780327310.1480405,0.0,map,odom
1780327310,148040537,1780327310.1480405,,x,15,,-0.928967225938821,0.36940350669940464,0.0236842219571223,2.6573119163513184,-0.8457834389882218,0.5321836764704758,0.03782735559915628,3.713393221396443,175,-2.1863615696770804,-12.511714030674526,-2.8336882523127964,-3.732043805517276,-12.639590660892999,-3.804781408820322,1.7485477924346924,4.398928642272949,1.008683681488037,Online,true,1780327310.1480405,0.0,map,odom
1780327310,148040537,1780327310.1480405,,x,6,,-0.8156744740115265,0.5781980683727955,0.019030138622399346,4.361052989959717,-0.6963492840860174,0.7168736769696255,0.03449356202163555,5.449662212301695,150,3.740176731745402,-2.1440027157465615,-3.7121008586883546,3.978799748859766,-3.5147854310080846,-4.620700554042101,2.299442768096924,3.243731200695038,0.9204399585723877,Online,true,1780327310.1480405,0.0,map,odom
1780327310,148040537,1780327310.1480405,,x,3,,-0.8131416398368438,0.5819513767957816,-0.01154420239526936,4.3148193359375,-0.6934219430809535,0.7205209729356234,0.00394162577340926,5.378350550137449,1332,1.8267598020321167,-4.938048771507031,-2.9033026734629908,1.5944681400517173,-5.924068669155241,-3.8255092118672325,6.777538776397705,9.02839571237564,1.52437424659729,Online,true,1780327310.1480405,0.0,map,odom
1780327310,148040537,1780327310.1480405,,y,65,,-0.6768344827961542,0.7361069525258397,0.006452700301689075,6.589016437530518,-0.5311427878549484,0.8469872344357456,0.022359866112312665,7.648974902611326,121,-0.9819068987507465,-9.804698195339235,-3.1525708722674155,-2.0566660150444047,-10.193356895944916,-4.103748863235634,2.5456111431121826,2.263700485229492,0.7787492275238037,Online,true,1780327310.1480405,0.0,map,odom
1780327310,148040537,1780327310.1480405,,y,40,,-0.4930880328019143,-0.8668962051148803,-0.07317896873390387,-0.7554821372032166,-0.6435110597261435,-0.7614099754201268,-0.07841151280811855,-0.9475501599590823,111,-20.81323060044297,11.32722942249195,-4.256513754526774,-17.709214998318597,14.212437660896331,-4.746677217959034,3.317861557006836,1.806631088256836,1.0376410484313965,Online,true,1780327310.1480405,0.0,map,odom
1780327310,148040537,1780327310.1480405,,y,37,,-0.287245012783976,-0.9578569182650365,-0.0006532706488917599,1.0147569179534912,-0.4571316561989276,-0.8893520852896785,-0.009138779553428294,0.6472086481440569,237,-15.986853277632958,5.856771143176887,-4.101888398077921,-13.960499281666301,7.952294845366157,-4.708164186289464,4.32894229888916,1.3043384552001953,1.8826274871826172,Online,true,1780327310.1480405,0.0,map,odom
1780327310,148040537,1780327310.1480405,,y,33,,-0.5047518604814567,-0.8632337440480908,-0.007284399578800405,-4.039683818817139,-0.6537773812805432,-0.7565860040559432,-0.012359376708218451,-4.164826227914923,2980,-15.269565520190552,4.401423924481309,-4.036881375232799,-13.520191341059762,6.389832413345775,-4.668123795124069,5.028347015380859,3.3910281658172607,3.273620367050171,Online,true,1780327310.1480405,0.0,map,odom
1780327310,148040537,1780327310.1480405,,y,57,,-0.5099948664907117,-0.8600379858819412,0.01548867306308542,2.5693717002868652,-0.6581650118582187,-0.7528004274970328,0.010503976673398164,2.4696395678283167,140,-2.644443828719003,4.5064498543739315,-2.8163245507649015,-1.0782381360103155,4.175109832633391,-3.5784947453952713,3.1565089225769043,1.8703649044036865,1.1512219905853271,Online,true,1780327310.1480405,0.0,map,odom
1780327310,148040537,1780327310.1480405,,y,31,,-0.20696202132532615,-0.9779271583605562,-0.02872620179875593,1.4192713499069214,-0.38208607264541433,-0.923333214028042,-0.03828849648457349,0.9465160194153575,354,-15.669878585190423,4.882036396339115,-3.931043398582329,-13.825257195261582,6.93386486815292,-4.552347769397883,4.40989875793457,0.9582867622375488,2.3456811904907227,Online,true,1780327310.1480405,0.0,map,odom
1780327310,148040537,1780327310.1480405,,y,55,,-0.17243220415015278,-0.9849918175951123,-0.007632446697955917,4.476620197296143,-0.34925444526604343,-0.9368618081940466,-0.017643265267231412,3.987071842592563,485,-4.052263270210974,5.282263587184788,-2.8074951004736204,-2.32081773201048,5.1943432888286365,-3.5456375326484686,15.158199787139893,2.666199207305908,2.156053066253662,Online,true,1780327310.1480405,0.0,map,odom
1780327310,148040537,1780327310.1480405,,y,29,,-0.6138603866732185,-0.7894034616442325,0.004195285152347378,-5.5914225578308105,-0.7474926965729348,-0.664269039155635,0.0011455083465047103,-5.565805385281426,422,-14.168949588215181,3.9114814143610226,-4.088335520283306,-12.527854961805348,5.708233622472626,-4.736958529614447,4.25621223449707,3.307042360305786,2.759225606918335,Online,true,1780327310.1480405,0.0,map,odom
1780327310,148040537,1780327310.1480405,,y,10,,-0.5963244861297854,-0.8027342325133185,-0.003854762418175332,2.6758921146392822,-0.7327481924415806,-0.6804612921895352,-0.007246813461407726,2.671204321395589,108,2.513655859011191,1.4810699114093073,-2.694517778025733,3.442331520987338,0.25883518444476356,-3.5469363245340784,4.49074912071228,3.3486413955688477,0.6506595611572266,Online,true,1780327310.1480405,0.0,map,odom
1780327310,148040537,1780327310.1480405,,y,17,,-0.7223625709651604,0.6915114455448238,0.0020583364914505396,6.070710182189941,-0.5840752538814742,0.8115019579553036,0.01790726215814366,7.1376211611971065,749,-1.5041395042225898,-10.260522043434419,-2.811115744912895,-2.650497152159921,-10.550988818013783,-3.762343140354011,7.607370853424072,7.3488264083862305,1.5122225284576416,Online,true,1780327310.1480405,0.0,map,odom
1780327310,148040537,1780327310.1480405,,y,4,,-0.6336685269920427,-0.7736018117954688,-0.0021058695360771256,2.628135919570923,-0.7641367472878583,-0.6450367364896434,-0.004758153331078499,2.675720597376522,998,1.3015637711093635,2.2210870599579478,-2.7097136819052077,2.3854657997645736,1.2075279379714035,-3.5405777157779954,10.920938491821289,8.30232048034668,1.7890067100524902,Online,true,1780327310.1480405,0.0,map,odom
1780327310,148040537,1780327310.1480405,,x,38,,0.9298973109386653,-0.36759984595604184,0.012702140061160294,24.606597900390625,0.8473214318774014,-0.5310784646411014,-0.001433693021797484,23.58098781194547,980,-23.51498151312069,7.328516772328591,-4.0099404145260245,-21.09290808092415,10.770181475225023,-4.519845254458622,1.715017318725586,3.577220916748047,2.9189558029174805,Online,true,1780327310.1480405,0.0,map,odom
1780327310,148040537,1780327310.1480405,,x,15,,-0.928967225938821,0.36940350669940464,0.0236842219571223,2.6573119163513184,-0.8457834389882218,0.5321836764704758,0.03782735559915628,3.713393221396443,175,-2.1863615696770804,-12.511714030674526,-2.8336882523127964,-3.732043805517276,-12.639590660892999,-3.804781408820322,1.7485477924346924,4.398928642272949,1.008683681488037,Online,true,1780327310.1480405,0.0,map,odom
1780327310,148040537,1780327310.1480405,,x,6,,-0.8156744740115265,0.5781980683727955,0.019030138622399346,4.361052989959717,-0.6963492840860174,0.7168736769696255,0.03449356202163555,5.449662212301695,150,3.740176731745402,-2.1440027157465615,-3.7121008586883546,3.978799748859766,-3.5147854310080846,-4.620700554042101,2.299442768096924,3.243731200695038,0.9204399585723877,Online,true,1780327310.1480405,0.0,map,odom
1780327310,148040537,1780327310.1480405,,x,3,,-0.8131416398368438,0.5819513767957816,-0.01154420239526936,4.3148193359375,-0.6934219430809535,0.7205209729356234,0.00394162577340926,5.378350550137449,1332,1.8267598020321167,-4.938048771507031,-2.9033026734629908,1.5944681400517173,-5.924068669155241,-3.8255092118672325,6.777538776397705,9.02839571237564,1.52437424659729,Online,true,1780327310.1480405,0.0,map,odom
1780327310,148040537,1780327310.1480405,,y,65,,-0.6768344827961542,0.7361069525258397,0.006452700301689075,6.589016437530518,-0.5311427878549484,0.8469872344357456,0.022359866112312665,7.648974902611326,121,-0.9819068987507465,-9.804698195339235,-3.1525708722674155,-2.0566660150444047,-10.193356895944916,-4.103748863235634,2.5456111431121826,2.263700485229492,0.7787492275238037,Online,true,1780327310.1480405,0.0,map,odom
1780327310,148040537,1780327310.1480405,,y,40,,-0.4930880328019143,-0.8668962051148803,-0.07317896873390387,-0.7554821372032166,-0.6435110597261435,-0.7614099754201268,-0.07841151280811855,-0.9475501599590823,111,-20.81323060044297,11.32722942249195,-4.256513754526774,-17.709214998318597,14.212437660896331,-4.746677217959034,3.317861557006836,1.806631088256836,1.0376410484313965,Online,true,1780327310.1480405,0.0,map,odom
1780327310,148040537,1780327310.1480405,,y,37,,-0.287245012783976,-0.9578569182650365,-0.0006532706488917599,1.0147569179534912,-0.4571316561989276,-0.8893520852896785,-0.009138779553428294,0.6472086481440569,237,-15.986853277632958,5.856771143176887,-4.101888398077921,-13.960499281666301,7.952294845366157,-4.708164186289464,4.32894229888916,1.3043384552001953,1.8826274871826172,Online,true,1780327310.1480405,0.0,map,odom
1780327310,148040537,1780327310.1480405,,y,33,,-0.5047518604814567,-0.8632337440480908,-0.007284399578800405,-4.039683818817139,-0.6537773812805432,-0.7565860040559432,-0.012359376708218451,-4.164826227914923,2980,-15.269565520190552,4.401423924481309,-4.036881375232799,-13.520191341059762,6.389832413345775,-4.668123795124069,5.028347015380859,3.3910281658172607,3.273620367050171,Online,true,1780327310.1480405,0.0,map,odom
1780327310,148040537,1780327310.1480405,,y,57,,-0.5099948664907117,-0.8600379858819412,0.01548867306308542,2.5693717002868652,-0.6581650118582187,-0.7528004274970328,0.010503976673398164,2.4696395678283167,140,-2.644443828719003,4.5064498543739315,-2.8163245507649015,-1.0782381360103155,4.175109832633391,-3.5784947453952713,3.1565089225769043,1.8703649044036865,1.1512219905853271,Online,true,1780327310.1480405,0.0,map,odom
1780327310,148040537,1780327310.1480405,,y,31,,-0.20696202132532615,-0.9779271583605562,-0.02872620179875593,1.4192713499069214,-0.38208607264541433,-0.923333214028042,-0.03828849648457349,0.9465160194153575,354,-15.669878585190423,4.882036396339115,-3.931043398582329,-13.825257195261582,6.93386486815292,-4.552347769397883,4.40989875793457,0.9582867622375488,2.3456811904907227,Online,true,1780327310.1480405,0.0,map,odom
1780327310,148040537,1780327310.1480405,,y,55,,-0.17243220415015278,-0.9849918175951123,-0.007632446697955917,4.476620197296143,-0.34925444526604343,-0.9368618081940466,-0.017643265267231412,3.987071842592563,485,-4.052263270210974,5.282263587184788,-2.8074951004736204,-2.32081773201048,5.1943432888286365,-3.5456375326484686,15.158199787139893,2.666199207305908,2.156053066253662,Online,true,1780327310.1480405,0.0,map,odom
1780327310,148040537,1780327310.1480405,,y,29,,-0.6138603866732185,-0.7894034616442325,0.004195285152347378,-5.5914225578308105,-0.7474926965729348,-0.664269039155635,0.0011455083465047103,-5.565805385281426,422,-14.168949588215181,3.9114814143610226,-4.088335520283306,-12.527854961805348,5.708233622472626,-4.736958529614447,4.25621223449707,3.307042360305786,2.759225606918335,Online,true,1780327310.1480405,0.0,map,odom
1780327310,148040537,1780327310.1480405,,y,10,,-0.5963244861297854,-0.8027342325133185,-0.003854762418175332,2.6758921146392822,-0.7327481924415806,-0.6804612921895352,-0.007246813461407726,2.671204321395589,108,2.513655859011191,1.4810699114093073,-2.694517778025733,3.442331520987338,0.25883518444476356,-3.5469363245340784,4.49074912071228,3.3486413955688477,0.6506595611572266,Online,true,1780327310.1480405,0.0,map,odom
1780327310,148040537,1780327310.1480405,,y,17,,-0.7223625709651604,0.6915114455448238,0.0020583364914505396,6.070710182189941,-0.5840752538814742,0.8115019579553036,0.01790726215814366,7.1376211611971065,749,-1.5041395042225898,-10.260522043434419,-2.811115744912895,-2.650497152159921,-10.550988818013783,-3.762343140354011,7.607370853424072,7.3488264083862305,1.5122225284576416,Online,true,1780327310.1480405,0.0,map,odom
1780327310,148040537,1780327310.1480405,,y,4,,-0.6336685269920427,-0.7736018117954688,-0.0021058695360771256,2.628135919570923,-0.7641367472878583,-0.6450367364896434,-0.004758153331078499,2.675720597376522,998,1.3015637711093635,2.2210870599579478,-2.7097136819052077,2.3854657997645736,1.2075279379714035,-3.5405777157779954,10.920938491821289,8.30232048034668,1.7890067100524902,Online,true,1780327310.1480405,0.0,map,odom
1780327310,148040537,1780327310.1480405,,x,38,,0.9298973109386653,-0.36759984595604184,0.012702140061160294,24.606597900390625,0.8473214318774014,-0.5310784646411014,-0.001433693021797484,23.58098781194547,980,-23.51498151312069,7.328516772328591,-4.0099404145260245,-21.09290808092415,10.770181475225023,-4.519845254458622,1.715017318725586,3.577220916748047,2.9189558029174805,Online,true,1780327310.1480405,0.0,map,odom
1780327310,148040537,1780327310.1480405,,x,15,,-0.928967225938821,0.36940350669940464,0.0236842219571223,2.6573119163513184,-0.8457834389882218,0.5321836764704758,0.03782735559915628,3.713393221396443,175,-2.1863615696770804,-12.511714030674526,-2.8336882523127964,-3.732043805517276,-12.639590660892999,-3.804781408820322,1.7485477924346924,4.398928642272949,1.008683681488037,Online,true,1780327310.1480405,0.0,map,odom
1780327310,148040537,1780327310.1480405,,x,6,,-0.8156744740115265,0.5781980683727955,0.019030138622399346,4.361052989959717,-0.6963492840860174,0.7168736769696255,0.03449356202163555,5.449662212301695,150,3.740176731745402,-2.1440027157465615,-3.7121008586883546,3.978799748859766,-3.5147854310080846,-4.620700554042101,2.299442768096924,3.243731200695038,0.9204399585723877,Online,true,1780327310.1480405,0.0,map,odom
1780327310,148040537,1780327310.1480405,,x,3,,-0.8131416398368438,0.5819513767957816,-0.01154420239526936,4.3148193359375,-0.6934219430809535,0.7205209729356234,0.00394162577340926,5.378350550137449,1332,1.8267598020321167,-4.938048771507031,-2.9033026734629908,1.5944681400517173,-5.924068669155241,-3.8255092118672325,6.777538776397705,9.02839571237564,1.52437424659729,Online,true,1780327310.1480405,0.0,map,odom
1780327310,148040537,1780327310.1480405,,y,65,,-0.6768344827961542,0.7361069525258397,0.006452700301689075,6.589016437530518,-0.5311427878549484,0.8469872344357456,0.022359866112312665,7.648974902611326,121,-0.9819068987507465,-9.804698195339235,-3.1525708722674155,-2.0566660150444047,-10.193356895944916,-4.103748863235634,2.5456111431121826,2.263700485229492,0.7787492275238037,Online,true,1780327310.1480405,0.0,map,odom
1780327310,148040537,1780327310.1480405,,y,40,,-0.4930880328019143,-0.8668962051148803,-0.07317896873390387,-0.7554821372032166,-0.6435110597261435,-0.7614099754201268,-0.07841151280811855,-0.9475501599590823,111,-20.81323060044297,11.32722942249195,-4.256513754526774,-17.709214998318597,14.212437660896331,-4.746677217959034,3.317861557006836,1.806631088256836,1.0376410484313965,Online,true,1780327310.1480405,0.0,map,odom
1780327310,148040537,1780327310.1480405,,y,37,,-0.287245012783976,-0.9578569182650365,-0.0006532706488917599,1.0147569179534912,-0.4571316561989276,-0.8893520852896785,-0.009138779553428294,0.6472086481440569,237,-15.986853277632958,5.856771143176887,-4.101888398077921,-13.960499281666301,7.952294845366157,-4.708164186289464,4.32894229888916,1.3043384552001953,1.8826274871826172,Online,true,1780327310.1480405,0.0,map,odom
1780327310,148040537,1780327310.1480405,,y,33,,-0.5047518604814567,-0.8632337440480908,-0.007284399578800405,-4.039683818817139,-0.6537773812805432,-0.7565860040559432,-0.012359376708218451,-4.164826227914923,2980,-15.269565520190552,4.401423924481309,-4.036881375232799,-13.520191341059762,6.389832413345775,-4.668123795124069,5.028347015380859,3.3910281658172607,3.273620367050171,Online,true,1780327310.1480405,0.0,map,odom
1780327310,148040537,1780327310.1480405,,y,57,,-0.5099948664907117,-0.8600379858819412,0.01548867306308542,2.5693717002868652,-0.6581650118582187,-0.7528004274970328,0.010503976673398164,2.4696395678283167,140,-2.644443828719003,4.5064498543739315,-2.8163245507649015,-1.0782381360103155,4.175109832633391,-3.5784947453952713,3.1565089225769043,1.8703649044036865,1.1512219905853271,Online,true,1780327310.1480405,0.0,map,odom
1780327310,148040537,1780327310.1480405,,y,31,,-0.20696202132532615,-0.9779271583605562,-0.02872620179875593,1.4192713499069214,-0.38208607264541433,-0.923333214028042,-0.03828849648457349,0.9465160194153575,354,-15.669878585190423,4.882036396339115,-3.931043398582329,-13.825257195261582,6.93386486815292,-4.552347769397883,4.40989875793457,0.9582867622375488,2.3456811904907227,Online,true,1780327310.1480405,0.0,map,odom
1780327310,148040537,1780327310.1480405,,y,55,,-0.17243220415015278,-0.9849918175951123,-0.007632446697955917,4.476620197296143,-0.34925444526604343,-0.9368618081940466,-0.017643265267231412,3.987071842592563,485,-4.052263270210974,5.282263587184788,-2.8074951004736204,-2.32081773201048,5.1943432888286365,-3.5456375326484686,15.158199787139893,2.666199207305908,2.156053066253662,Online,true,1780327310.1480405,0.0,map,odom
1780327310,148040537,1780327310.1480405,,y,29,,-0.6138603866732185,-0.7894034616442325,0.004195285152347378,-5.5914225578308105,-0.7474926965729348,-0.664269039155635,0.0011455083465047103,-5.565805385281426,422,-14.168949588215181,3.9114814143610226,-4.088335520283306,-12.527854961805348,5.708233622472626,-4.736958529614447,4.25621223449707,3.307042360305786,2.759225606918335,Online,true,1780327310.1480405,0.0,map,odom
1780327310,148040537,1780327310.1480405,,y,10,,-0.5963244861297854,-0.8027342325133185,-0.003854762418175332,2.6758921146392822,-0.7327481924415806,-0.6804612921895352,-0.007246813461407726,2.671204321395589,108,2.513655859011191,1.4810699114093073,-2.694517778025733,3.442331520987338,0.25883518444476356,-3.5469363245340784,4.49074912071228,3.3486413955688477,0.6506595611572266,Online,true,1780327310.1480405,0.0,map,odom
1780327310,148040537,1780327310.1480405,,y,17,,-0.7223625709651604,0.6915114455448238,0.0020583364914505396,6.070710182189941,-0.5840752538814742,0.8115019579553036,0.01790726215814366,7.1376211611971065,749,-1.5041395042225898,-10.260522043434419,-2.811115744912895,-2.650497152159921,-10.550988818013783,-3.762343140354011,7.607370853424072,7.3488264083862305,1.5122225284576416,Online,true,1780327310.1480405,0.0,map,odom
1780327310,148040537,1780327310.1480405,,y,4,,-0.6336685269920427,-0.7736018117954688,-0.0021058695360771256,2.628135919570923,-0.7641367472878583,-0.6450367364896434,-0.004758153331078499,2.675720597376522,998,1.3015637711093635,2.2210870599579478,-2.7097136819052077,2.3854657997645736,1.2075279379714035,-3.5405777157779954,10.920938491821289,8.30232048034668,1.7890067100524902,Online,true,1780327310.1480405,0.0,map,odom
1780327310,148040537,1780327310.1480405,,x,38,,0.9298973109386653,-0.36759984595604184,0.012702140061160294,24.606597900390625,0.8473214318774014,-0.5310784646411014,-0.001433693021797484,23.58098781194547,980,-23.51498151312069,7.328516772328591,-4.0099404145260245,-21.09290808092415,10.770181475225023,-4.519845254458622,1.715017318725586,3.577220916748047,2.9189558029174805,Online,true,1780327310.1480405,0.0,map,odom
1780327310,148040537,1780327310.1480405,,x,15,,-0.928967225938821,0.36940350669940464,0.0236842219571223,2.6573119163513184,-0.8457834389882218,0.5321836764704758,0.03782735559915628,3.713393221396443,175,-2.1863615696770804,-12.511714030674526,-2.8336882523127964,-3.732043805517276,-12.639590660892999,-3.804781408820322,1.7485477924346924,4.398928642272949,1.008683681488037,Online,true,1780327310.1480405,0.0,map,odom
1780327310,148040537,1780327310.1480405,,x,6,,-0.8156744740115265,0.5781980683727955,0.019030138622399346,4.361052989959717,-0.6963492840860174,0.7168736769696255,0.03449356202163555,5.449662212301695,150,3.740176731745402,-2.1440027157465615,-3.7121008586883546,3.978799748859766,-3.5147854310080846,-4.620700554042101,2.299442768096924,3.243731200695038,0.9204399585723877,Online,true,1780327310.1480405,0.0,map,odom
1780327310,148040537,1780327310.1480405,,x,3,,-0.8131416398368438,0.5819513767957816,-0.01154420239526936,4.3148193359375,-0.6934219430809535,0.7205209729356234,0.00394162577340926,5.378350550137449,1332,1.8267598020321167,-4.938048771507031,-2.9033026734629908,1.5944681400517173,-5.924068669155241,-3.8255092118672325,6.777538776397705,9.02839571237564,1.52437424659729,Online,true,1780327310.1480405,0.0,map,odom
1780327310,148040537,1780327310.1480405,,y,65,,-0.6768344827961542,0.7361069525258397,0.006452700301689075,6.589016437530518,-0.5311427878549484,0.8469872344357456,0.022359866112312665,7.648974902611326,121,-0.9819068987507465,-9.804698195339235,-3.1525708722674155,-2.0566660150444047,-10.193356895944916,-4.103748863235634,2.5456111431121826,2.263700485229492,0.7787492275238037,Online,true,1780327310.1480405,0.0,map,odom
1780327310,148040537,1780327310.1480405,,y,40,,-0.4930880328019143,-0.8668962051148803,-0.07317896873390387,-0.7554821372032166,-0.6435110597261435,-0.7614099754201268,-0.07841151280811855,-0.9475501599590823,111,-20.81323060044297,11.32722942249195,-4.256513754526774,-17.709214998318597,14.212437660896331,-4.746677217959034,3.317861557006836,1.806631088256836,1.0376410484313965,Online,true,1780327310.1480405,0.0,map,odom
1780327310,148040537,1780327310.1480405,,y,37,,-0.287245012783976,-0.9578569182650365,-0.0006532706488917599,1.0147569179534912,-0.4571316561989276,-0.8893520852896785,-0.009138779553428294,0.6472086481440569,237,-15.986853277632958,5.856771143176887,-4.101888398077921,-13.960499281666301,7.952294845366157,-4.708164186289464,4.32894229888916,1.3043384552001953,1.8826274871826172,Online,true,1780327310.1480405,0.0,map,odom
1780327310,148040537,1780327310.1480405,,y,33,,-0.5047518604814567,-0.8632337440480908,-0.007284399578800405,-4.039683818817139,-0.6537773812805432,-0.7565860040559432,-0.012359376708218451,-4.164826227914923,2980,-15.269565520190552,4.401423924481309,-4.036881375232799,-13.520191341059762,6.389832413345775,-4.668123795124069,5.028347015380859,3.3910281658172607,3.273620367050171,Online,true,1780327310.1480405,0.0,map,odom
1780327310,148040537,1780327310.1480405,,y,57,,-0.5099948664907117,-0.8600379858819412,0.01548867306308542,2.5693717002868652,-0.6581650118582187,-0.7528004274970328,0.010503976673398164,2.4696395678283167,140,-2.644443828719003,4.5064498543739315,-2.8163245507649015,-1.0782381360103155,4.175109832633391,-3.5784947453952713,3.1565089225769043,1.8703649044036865,1.1512219905853271,Online,true,1780327310.1480405,0.0,map,odom
1780327310,148040537,1780327310.1480405,,y,31,,-0.20696202132532615,-0.9779271583605562,-0.02872620179875593,1.4192713499069214,-0.38208607264541433,-0.923333214028042,-0.03828849648457349,0.9465160194153575,354,-15.669878585190423,4.882036396339115,-3.931043398582329,-13.825257195261582,6.93386486815292,-4.552347769397883,4.40989875793457,0.9582867622375488,2.3456811904907227,Online,true,1780327310.1480405,0.0,map,odom
1780327310,148040537,1780327310.1480405,,y,55,,-0.17243220415015278,-0.9849918175951123,-0.007632446697955917,4.476620197296143,-0.34925444526604343,-0.9368618081940466,-0.017643265267231412,3.987071842592563,485,-4.052263270210974,5.282263587184788,-2.8074951004736204,-2.32081773201048,5.1943432888286365,-3.5456375326484686,15.158199787139893,2.666199207305908,2.156053066253662,Online,true,1780327310.1480405,0.0,map,odom
1780327310,148040537,1780327310.1480405,,y,29,,-0.6138603866732185,-0.7894034616442325,0.004195285152347378,-5.5914225578308105,-0.7474926965729348,-0.664269039155635,0.0011455083465047103,-5.565805385281426,422,-14.168949588215181,3.9114814143610226,-4.088335520283306,-12.527854961805348,5.708233622472626,-4.736958529614447,4.25621223449707,3.307042360305786,2.759225606918335,Online,true,1780327310.1480405,0.0,map,odom
1780327310,148040537,1780327310.1480405,,y,10,,-0.5963244861297854,-0.8027342325133185,-0.003854762418175332,2.6758921146392822,-0.7327481924415806,-0.6804612921895352,-0.007246813461407726,2.671204321395589,108,2.513655859011191,1.4810699114093073,-2.694517778025733,3.442331520987338,0.25883518444476356,-3.5469363245340784,4.49074912071228,3.3486413955688477,0.6506595611572266,Online,true,1780327310.1480405,0.0,map,odom
1780327310,148040537,1780327310.1480405,,y,17,,-0.7223625709651604,0.6915114455448238,0.0020583364914505396,6.070710182189941,-0.5840752538814742,0.8115019579553036,0.01790726215814366,7.1376211611971065,749,-1.5041395042225898,-10.260522043434419,-2.811115744912895,-2.650497152159921,-10.550988818013783,-3.762343140354011,7.607370853424072,7.3488264083862305,1.5122225284576416,Online,true,1780327310.1480405,0.0,map,odom
1780327310,148040537,1780327310.1480405,,y,4,,-0.6336685269920427,-0.7736018117954688,-0.0021058695360771256,2.628135919570923,-0.7641367472878583,-0.6450367364896434,-0.004758153331078499,2.675720597376522,998,1.3015637711093635,2.2210870599579478,-2.7097136819052077,2.3854657997645736,1.2075279379714035,-3.5405777157779954,10.920938491821289,8.30232048034668,1.7890067100524902,Online,true,1780327310.1480405,0.0,map,odom
