wall_time_iso,ros_time_sec,robot_id,phase,anchor_class,decision,reason,candidate_kind,candidate_id,track_id,track_lifecycle,track_age,track_missed_updates,score,centroid_distance,normal_angle_deg,plane_offset,projected_gap,axis_angle_deg,axis_distance,radius_diff,axial_overlap_ratio,axial_gap,xy_distance,vertical_overlap_ratio,height_diff,footprint_diff,threshold_normal_angle,threshold_plane_offset,threshold_projected_gap,threshold_centroid_distance,threshold_axis_angle,threshold_axis_distance,threshold_radius_diff,threshold_axial_overlap,threshold_axial_gap,threshold_xy_distance,threshold_vertical_overlap,threshold_height_diff,threshold_footprint_diff,debug_margin_scale,debug_centroid_margin_scale,candidate_inlier_count,track_inlier_count,candidate_age
2026-06-03T01:47:29,1773928438.166612864,r1,track_association,wall_like,accepted,selected_best_match,detection,0,1,candidate,1,0,0.009486917,0.015019679,0.034160577,0.000063086,0.000000000,nan,nan,nan,nan,nan,nan,nan,nan,nan,8.000000000,0.300000000,1.800000000,3.000000000,nan,nan,nan,nan,nan,nan,nan,nan,nan,1.500000000,2.000000000,428,425,0
2026-06-03T01:47:29,1773928438.166612864,r1,track_association,wall_like,accepted,selected_best_match,detection,1,2,candidate,1,0,0.014481847,0.010352149,0.081398204,0.000256907,0.000000000,nan,nan,nan,nan,nan,nan,nan,nan,nan,8.000000000,0.300000000,1.800000000,3.000000000,nan,nan,nan,nan,nan,nan,nan,nan,nan,1.500000000,2.000000000,315,315,0
2026-06-03T01:47:29,1773928438.166612864,r1,track_association,wall_like,accepted,selected_best_match,detection,3,3,candidate,1,0,0.743049800,0.771127680,2.200442295,0.021963720,0.247931198,nan,nan,nan,nan,nan,nan,nan,nan,nan,8.000000000,0.300000000,1.800000000,3.000000000,nan,nan,nan,nan,nan,nan,nan,nan,nan,1.500000000,2.000000000,238,168,0
2026-06-03T01:47:29,1773928438.325613022,r1,track_association,wall_like,accepted,selected_best_match,detection,0,1,weak_tracked,2,0,0.011887978,0.028526070,0.016620968,0.000090500,0.000000000,nan,nan,nan,nan,nan,nan,nan,nan,nan,8.000000000,0.300000000,1.800000000,3.000000000,nan,nan,nan,nan,nan,nan,nan,nan,nan,1.500000000,2.000000000,434,428,0
2026-06-03T01:47:29,1773928438.325613022,r1,track_association,wall_like,accepted,selected_best_match,detection,1,2,weak_tracked,2,0,0.003281246,0.003226615,0.015618625,0.000076014,0.000000000,nan,nan,nan,nan,nan,nan,nan,nan,nan,8.000000000,0.300000000,1.800000000,3.000000000,nan,nan,nan,nan,nan,nan,nan,nan,nan,1.500000000,2.000000000,315,315,0
2026-06-03T01:47:29,1773928438.325613022,r1,track_association,wall_like,accepted,selected_best_match,detection,2,5,candidate,1,0,0.672326250,0.211278007,4.272337367,0.020357423,0.000000000,nan,nan,nan,nan,nan,nan,nan,nan,nan,8.000000000,0.300000000,1.800000000,3.000000000,nan,nan,nan,nan,nan,nan,nan,nan,nan,1.500000000,2.000000000,167,195,0
2026-06-03T01:47:29,1773928438.550612926,r1,track_association,wall_like,accepted,selected_best_match,detection,0,1,confirmed,3,0,0.017610373,0.026972140,0.052753869,0.000607628,0.000000000,nan,nan,nan,nan,nan,nan,nan,nan,nan,8.000000000,0.300000000,1.800000000,3.000000000,nan,nan,nan,nan,nan,nan,nan,nan,nan,1.500000000,2.000000000,417,434,0
2026-06-03T01:47:29,1773928438.550612926,r1,track_association,wall_like,accepted,selected_best_match,detection,1,2,confirmed,3,0,0.022180743,0.046280799,0.052792414,0.000046427,0.000000000,nan,nan,nan,nan,nan,nan,nan,nan,nan,8.000000000,0.300000000,1.800000000,3.000000000,nan,nan,nan,nan,nan,nan,nan,nan,nan,1.500000000,2.000000000,277,315,0
2026-06-03T01:47:29,1773928438.550612926,r1,track_association,wall_like,accepted,selected_best_match,detection,2,5,weak_tracked,2,0,0.466729821,0.142212324,3.119653132,0.008810722,0.000000000,nan,nan,nan,nan,nan,nan,nan,nan,nan,8.000000000,0.300000000,1.800000000,3.000000000,nan,nan,nan,nan,nan,nan,nan,nan,nan,1.500000000,2.000000000,159,167,0
2026-06-03T01:47:29,1773928438.766613007,r1,track_association,wall_like,accepted,selected_best_match,detection,0,1,confirmed,4,0,0.048652257,0.139434018,0.012386083,0.000187797,0.000000000,nan,nan,nan,nan,nan,nan,nan,nan,nan,8.000000000,0.300000000,1.800000000,3.000000000,nan,nan,nan,nan,nan,nan,nan,nan,nan,1.500000000,2.000000000,376,417,0
2026-06-03T01:47:29,1773928438.766613007,r1,track_association,wall_like,accepted,selected_best_match,detection,1,2,confirmed,4,0,0.061838944,0.155450811,0.044315431,0.001344773,0.000000000,nan,nan,nan,nan,nan,nan,nan,nan,nan,8.000000000,0.300000000,1.800000000,3.000000000,nan,nan,nan,nan,nan,nan,nan,nan,nan,1.500000000,2.000000000,205,277,0
2026-06-03T01:47:29,1773928438.766613007,r1,track_association,wall_like,accepted,selected_best_match,detection,2,3,weak_tracked,2,2,0.252371675,0.118700548,1.521546743,0.006783445,0.000000000,nan,nan,nan,nan,nan,nan,nan,nan,nan,8.000000000,0.300000000,1.800000000,3.000000000,nan,nan,nan,nan,nan,nan,nan,nan,nan,1.500000000,2.000000000,154,238,0
2026-06-03T01:47:29,1773928438.766613007,r1,track_association,wall_like,accepted,selected_best_match,detection,3,5,confirmed,3,0,0.919734513,0.609918673,3.385227541,0.065457647,0.135148842,nan,nan,nan,nan,nan,nan,nan,nan,nan,8.000000000,0.300000000,1.800000000,3.000000000,nan,nan,nan,nan,nan,nan,nan,nan,nan,1.500000000,2.000000000,182,159,0
2026-06-03T01:47:29,1773928438.946608067,r1,track_association,wall_like,accepted,selected_best_match,detection,0,2,confirmed,5,0,0.076335616,0.197843479,0.068584658,0.000544412,0.000000000,nan,nan,nan,nan,nan,nan,nan,nan,nan,8.000000000,0.300000000,1.800000000,3.000000000,nan,nan,nan,nan,nan,nan,nan,nan,nan,1.500000000,2.000000000,269,205,0
2026-06-03T01:47:29,1773928438.946608067,r1,track_association,wall_like,accepted,selected_best_match,detection,1,1,confirmed,5,0,0.148441715,0.172096170,0.707321050,0.000798358,0.000000000,nan,nan,nan,nan,nan,nan,nan,nan,nan,8.000000000,0.300000000,1.800000000,3.000000000,nan,nan,nan,nan,nan,nan,nan,nan,nan,1.500000000,2.000000000,350,376,0
2026-06-03T01:47:30,1773928439.147608042,r1,track_association,wall_like,accepted,selected_best_match,detection,0,1,confirmed,6,0,0.071286554,0.152075968,0.145634588,0.000717072,0.000000000,nan,nan,nan,nan,nan,nan,nan,nan,nan,8.000000000,0.300000000,1.800000000,3.000000000,nan,nan,nan,nan,nan,nan,nan,nan,nan,1.500000000,2.000000000,353,350,0
2026-06-03T01:47:30,1773928439.147608042,r1,track_association,wall_like,accepted,selected_best_match,detection,1,2,confirmed,6,0,0.045483949,0.050545610,0.193080851,0.001350092,0.000000000,nan,nan,nan,nan,nan,nan,nan,nan,nan,8.000000000,0.300000000,1.800000000,3.000000000,nan,nan,nan,nan,nan,nan,nan,nan,nan,1.500000000,2.000000000,211,269,0
2026-06-03T01:47:30,1773928439.147608042,r1,track_association,wall_like,accepted,selected_best_match,detection,2,5,confirmed,4,1,0.325334216,0.154085729,1.870265185,0.012056747,0.000000000,nan,nan,nan,nan,nan,nan,nan,nan,nan,8.000000000,0.300000000,1.800000000,3.000000000,nan,nan,nan,nan,nan,nan,nan,nan,nan,1.500000000,2.000000000,207,182,0
2026-06-03T01:47:30,1773928439.345607996,r1,track_association,wall_like,accepted,selected_best_match,detection,0,1,confirmed,7,0,0.050736508,0.105439026,0.084811264,0.001496627,0.000000000,nan,nan,nan,nan,nan,nan,nan,nan,nan,8.000000000,0.300000000,1.800000000,3.000000000,nan,nan,nan,nan,nan,nan,nan,nan,nan,1.500000000,2.000000000,375,353,0
2026-06-03T01:47:30,1773928439.345607996,r1,track_association,wall_like,accepted,selected_best_match,detection,1,2,confirmed,7,0,0.065761144,0.142358392,0.122673109,0.000892262,0.000000000,nan,nan,nan,nan,nan,nan,nan,nan,nan,8.000000000,0.300000000,1.800000000,3.000000000,nan,nan,nan,nan,nan,nan,nan,nan,nan,1.500000000,2.000000000,199,211,0
2026-06-03T01:47:30,1773928439.345607996,r1,track_association,wall_like,accepted,selected_best_match,detection,2,3,weak_tracked,3,2,0.224509725,0.116889690,1.371556466,0.004230581,0.000000000,nan,nan,nan,nan,nan,nan,nan,nan,nan,8.000000000,0.300000000,1.800000000,3.000000000,nan,nan,nan,nan,nan,nan,nan,nan,nan,1.500000000,2.000000000,131,154,0
2026-06-03T01:47:30,1773928439.549607992,r1,track_association,wall_like,accepted,selected_best_match,detection,0,1,confirmed,8,0,0.006572637,0.002739199,0.025956148,0.000724516,0.000000000,nan,nan,nan,nan,nan,nan,nan,nan,nan,8.000000000,0.300000000,1.800000000,3.000000000,nan,nan,nan,nan,nan,nan,nan,nan,nan,1.500000000,2.000000000,439,375,0
2026-06-03T01:47:30,1773928439.549607992,r1,track_association,wall_like,accepted,selected_best_match,detection,1,2,confirmed,8,0,0.022403239,0.051411060,0.040687865,0.000054071,0.000000000,nan,nan,nan,nan,nan,nan,nan,nan,nan,8.000000000,0.300000000,1.800000000,3.000000000,nan,nan,nan,nan,nan,nan,nan,nan,nan,1.500000000,2.000000000,315,199,0
2026-06-03T01:47:30,1773928439.549607992,r1,track_association,wall_like,accepted,selected_best_match,detection,2,5,confirmed,5,1,0.304368643,0.044539670,2.107789280,0.007814528,0.000000000,nan,nan,nan,nan,nan,nan,nan,nan,nan,8.000000000,0.300000000,1.800000000,3.000000000,nan,nan,nan,nan,nan,nan,nan,nan,nan,1.500000000,2.000000000,194,207,0
2026-06-03T01:47:30,1773928439.765608072,r1,track_association,wall_like,accepted,selected_best_match,detection,0,1,confirmed,9,0,0.018625949,0.010166440,0.105791152,0.000603973,0.000000000,nan,nan,nan,nan,nan,nan,nan,nan,nan,8.000000000,0.300000000,1.800000000,3.000000000,nan,nan,nan,nan,nan,nan,nan,nan,nan,1.500000000,2.000000000,400,439,0
2026-06-03T01:47:30,1773928439.765608072,r1,track_association,wall_like,accepted,selected_best_match,detection,1,2,confirmed,9,0,0.010419279,0.013206685,0.042198096,0.000222687,0.000000000,nan,nan,nan,nan,nan,nan,nan,nan,nan,8.000000000,0.300000000,1.800000000,3.000000000,nan,nan,nan,nan,nan,nan,nan,nan,nan,1.500000000,2.000000000,276,315,0
2026-06-03T01:47:30,1773928439.948602915,r1,track_association,wall_like,accepted,selected_best_match,detection,0,1,confirmed,10,0,0.019758897,0.014882370,0.110058096,0.000312253,0.000000000,nan,nan,nan,nan,nan,nan,nan,nan,nan,8.000000000,0.300000000,1.800000000,3.000000000,nan,nan,nan,nan,nan,nan,nan,nan,nan,1.500000000,2.000000000,435,400,0
2026-06-03T01:47:30,1773928439.948602915,r1,track_association,wall_like,accepted,selected_best_match,detection,1,2,confirmed,10,0,0.013319289,0.022678497,0.031440678,0.000548911,0.000000000,nan,nan,nan,nan,nan,nan,nan,nan,nan,8.000000000,0.300000000,1.800000000,3.000000000,nan,nan,nan,nan,nan,nan,nan,nan,nan,1.500000000,2.000000000,315,276,0
2026-06-03T01:47:30,1773928439.948602915,r1,track_association,wall_like,accepted,selected_best_match,detection,2,3,confirmed,4,2,0.154823979,0.190070782,0.579729261,0.005700268,0.000000000,nan,nan,nan,nan,nan,nan,nan,nan,nan,8.000000000,0.300000000,1.800000000,3.000000000,nan,nan,nan,nan,nan,nan,nan,nan,nan,1.500000000,2.000000000,224,131,0
2026-06-03T01:47:30,1773928439.948602915,r1,track_association,wall_like,accepted,selected_best_match,detection,4,5,confirmed,6,1,0.364660189,0.312296524,1.869433840,0.008064635,0.000000000,nan,nan,nan,nan,nan,nan,nan,nan,nan,8.000000000,0.300000000,1.800000000,3.000000000,nan,nan,nan,nan,nan,nan,nan,nan,nan,1.500000000,2.000000000,235,194,0
2026-06-03T01:47:31,1773928440.143603086,r1,track_association,wall_like,accepted,selected_best_match,detection,0,1,confirmed,11,0,0.016663420,0.028917232,0.055053216,0.000042807,0.000000000,nan,nan,nan,nan,nan,nan,nan,nan,nan,8.000000000,0.300000000,1.800000000,3.000000000,nan,nan,nan,nan,nan,nan,nan,nan,nan,1.500000000,2.000000000,440,435,0
2026-06-03T01:47:31,1773928440.143603086,r1,track_association,wall_like,accepted,selected_best_match,detection,1,2,confirmed,11,0,0.023794399,0.034961217,0.081588801,0.000582618,0.000000000,nan,nan,nan,nan,nan,nan,nan,nan,nan,8.000000000,0.300000000,1.800000000,3.000000000,nan,nan,nan,nan,nan,nan,nan,nan,nan,1.500000000,2.000000000,315,315,0
2026-06-03T01:47:31,1773928440.143603086,r1,track_association,wall_like,accepted,selected_best_match,detection,2,3,confirmed,5,0,0.803807078,0.551499126,4.465990968,0.018517549,0.000000000,nan,nan,nan,nan,nan,nan,nan,nan,nan,8.000000000,0.300000000,1.800000000,3.000000000,nan,nan,nan,nan,nan,nan,nan,nan,nan,1.500000000,2.000000000,246,224,0
2026-06-03T01:47:31,1773928440.143603086,r1,track_association,wall_like,accepted,selected_best_match,detection,5,5,confirmed,7,0,0.778256896,0.543148356,3.107331215,0.050723450,0.071483179,nan,nan,nan,nan,nan,nan,nan,nan,nan,8.000000000,0.300000000,1.800000000,3.000000000,nan,nan,nan,nan,nan,nan,nan,nan,nan,1.500000000,2.000000000,155,235,0
2026-06-03T01:47:31,1773928440.365602970,r1,track_association,wall_like,accepted,selected_best_match,detection,0,1,confirmed,12,0,0.035512169,0.060648854,0.099282559,0.000865669,0.000000000,nan,nan,nan,nan,nan,nan,nan,nan,nan,8.000000000,0.300000000,1.800000000,3.000000000,nan,nan,nan,nan,nan,nan,nan,nan,nan,1.500000000,2.000000000,384,440,0
2026-06-03T01:47:31,1773928440.365602970,r1,track_association,wall_like,accepted,selected_best_match,detection,1,2,confirmed,12,0,0.863266916,1.086472809,1.139937888,0.008822261,0.592577169,nan,nan,nan,nan,nan,nan,nan,nan,nan,8.000000000,0.300000000,1.800000000,3.000000000,nan,nan,nan,nan,nan,nan,nan,nan,nan,1.500000000,2.000000000,82,315,0
2026-06-03T01:47:31,1773928440.365602970,r1,track_association,wall_like,accepted,selected_best_match,detection,2,3,confirmed,6,0,0.255411670,0.225080564,1.154442226,0.010823861,0.000000000,nan,nan,nan,nan,nan,nan,nan,nan,nan,8.000000000,0.300000000,1.800000000,3.000000000,nan,nan,nan,nan,nan,nan,nan,nan,nan,1.500000000,2.000000000,154,246,0
2026-06-03T01:47:31,1773928440.365602970,r1,track_association,wall_like,accepted,selected_best_match,detection,3,5,confirmed,8,0,1.159876936,1.060026682,1.270574309,0.065528123,0.772714521,nan,nan,nan,nan,nan,nan,nan,nan,nan,8.000000000,0.300000000,1.800000000,3.000000000,nan,nan,nan,nan,nan,nan,nan,nan,nan,1.500000000,2.000000000,105,155,0
2026-06-03T01:47:31,1773928440.566602945,r1,track_association,wall_like,accepted,selected_best_match,detection,0,1,confirmed,13,0,0.015199813,0.032480825,0.023498560,0.000430665,0.000000000,nan,nan,nan,nan,nan,nan,nan,nan,nan,8.000000000,0.300000000,1.800000000,3.000000000,nan,nan,nan,nan,nan,nan,nan,nan,nan,1.500000000,2.000000000,399,384,0
2026-06-03T01:47:31,1773928440.566602945,r1,track_association,wall_like,accepted,selected_best_match,detection,1,2,confirmed,13,0,0.095536003,0.201499154,0.164372233,0.002346927,0.000000000,nan,nan,nan,nan,nan,nan,nan,nan,nan,8.000000000,0.300000000,1.800000000,3.000000000,nan,nan,nan,nan,nan,nan,nan,nan,nan,1.500000000,2.000000000,293,82,0
2026-06-03T01:47:31,1773928440.566602945,r1,track_association,wall_like,accepted,selected_best_match,detection,2,5,confirmed,9,0,0.842547961,0.653703664,2.197367020,0.056699613,0.289758875,nan,nan,nan,nan,nan,nan,nan,nan,nan,8.000000000,0.300000000,1.800000000,3.000000000,nan,nan,nan,nan,nan,nan,nan,nan,nan,1.500000000,2.000000000,156,105,0
2026-06-03T01:47:31,1773928440.767602921,r1,track_association,wall_like,accepted,selected_best_match,detection,0,5,confirmed,10,0,0.372684820,0.106014318,2.551928488,0.005506696,0.000000000,nan,nan,nan,nan,nan,nan,nan,nan,nan,8.000000000,0.300000000,1.800000000,3.000000000,nan,nan,nan,nan,nan,nan,nan,nan,nan,1.500000000,2.000000000,193,156,0
2026-06-03T01:47:31,1773928440.767602921,r1,track_association,wall_like,accepted,selected_best_match,detection,1,1,confirmed,14,0,0.264661388,0.413203718,0.928606729,0.003255292,0.000000000,nan,nan,nan,nan,nan,nan,nan,nan,nan,8.000000000,0.300000000,1.800000000,3.000000000,nan,nan,nan,nan,nan,nan,nan,nan,nan,1.500000000,2.000000000,218,399,0
2026-06-03T01:47:31,1773928440.767602921,r1,track_association,wall_like,accepted,selected_best_match,detection,2,2,confirmed,14,0,0.146125812,0.289059105,0.391707303,0.000242809,0.000000000,nan,nan,nan,nan,nan,nan,nan,nan,nan,8.000000000,0.300000000,1.800000000,3.000000000,nan,nan,nan,nan,nan,nan,nan,nan,nan,1.500000000,2.000000000,218,293,0
2026-06-03T01:47:31,1773928440.968597651,r1,track_association,wall_like,accepted,selected_best_match,detection,0,1,confirmed,15,0,0.076477032,0.137484301,0.201203916,0.001649533,0.000000000,nan,nan,nan,nan,nan,nan,nan,nan,nan,8.000000000,0.300000000,1.800000000,3.000000000,nan,nan,nan,nan,nan,nan,nan,nan,nan,1.500000000,2.000000000,377,218,0
2026-06-03T01:47:31,1773928440.968597651,r1,track_association,wall_like,accepted,selected_best_match,detection,1,2,confirmed,15,0,0.100555764,0.187586279,0.233423571,0.002654718,0.000000000,nan,nan,nan,nan,nan,nan,nan,nan,nan,8.000000000,0.300000000,1.800000000,3.000000000,nan,nan,nan,nan,nan,nan,nan,nan,nan,1.500000000,2.000000000,234,218,0
2026-06-03T01:47:31,1773928440.968597651,r1,track_association,wall_like,accepted,selected_best_match,detection,2,5,confirmed,11,0,0.659496721,0.564210935,2.650511573,0.039459899,0.015443039,nan,nan,nan,nan,nan,nan,nan,nan,nan,8.000000000,0.300000000,1.800000000,3.000000000,nan,nan,nan,nan,nan,nan,nan,nan,nan,1.500000000,2.000000000,112,193,0
2026-06-03T01:47:32,1773928441.148597956,r1,track_association,wall_like,accepted,selected_best_match,detection,0,1,confirmed,16,0,0.223015560,0.286126201,0.916272527,0.003931828,0.000000000,nan,nan,nan,nan,nan,nan,nan,nan,nan,8.000000000,0.300000000,1.800000000,3.000000000,nan,nan,nan,nan,nan,nan,nan,nan,nan,1.500000000,2.000000000,425,377,0
2026-06-03T01:47:32,1773928441.148597956,r1,track_association,wall_like,accepted,selected_best_match,detection,1,2,confirmed,16,0,0.052956446,0.120563690,0.091966557,0.000381819,0.000000000,nan,nan,nan,nan,nan,nan,nan,nan,nan,8.000000000,0.300000000,1.800000000,3.000000000,nan,nan,nan,nan,nan,nan,nan,nan,nan,1.500000000,2.000000000,278,234,0
2026-06-03T01:47:32,1773928441.346597910,r1,track_association,wall_like,accepted,selected_best_match,detection,0,1,confirmed,17,0,0.074741716,0.120886440,0.241141483,0.001291065,0.000000000,nan,nan,nan,nan,nan,nan,nan,nan,nan,8.000000000,0.300000000,1.800000000,3.000000000,nan,nan,nan,nan,nan,nan,nan,nan,nan,1.500000000,2.000000000,412,425,0
2026-06-03T01:47:32,1773928441.346597910,r1,track_association,wall_like,accepted,selected_best_match,detection,1,2,confirmed,17,0,0.031650489,0.063367660,0.070581026,0.000511592,0.000000000,nan,nan,nan,nan,nan,nan,nan,nan,nan,8.000000000,0.300000000,1.800000000,3.000000000,nan,nan,nan,nan,nan,nan,nan,nan,nan,1.500000000,2.000000000,288,278,0
2026-06-03T01:47:32,1773928441.346597910,r1,track_association,wall_like,accepted,selected_best_match,detection,2,5,confirmed,12,1,0.397958665,0.031668063,2.504978305,0.022284107,0.000000000,nan,nan,nan,nan,nan,nan,nan,nan,nan,8.000000000,0.300000000,1.800000000,3.000000000,nan,nan,nan,nan,nan,nan,nan,nan,nan,1.500000000,2.000000000,194,112,0
2026-06-03T01:47:32,1773928441.565598011,r1,track_association,wall_like,accepted,selected_best_match,detection,0,2,confirmed,18,0,0.085702312,0.055798247,0.454945446,0.003070415,0.000000000,nan,nan,nan,nan,nan,nan,nan,nan,nan,8.000000000,0.300000000,1.800000000,3.000000000,nan,nan,nan,nan,nan,nan,nan,nan,nan,1.500000000,2.000000000,279,288,0
2026-06-03T01:47:32,1773928441.565598011,r1,track_association,wall_like,accepted,selected_best_match,detection,1,5,confirmed,13,0,0.570285186,0.390635895,2.393482772,0.042266362,0.000000000,nan,nan,nan,nan,nan,nan,nan,nan,nan,8.000000000,0.300000000,1.800000000,3.000000000,nan,nan,nan,nan,nan,nan,nan,nan,nan,1.500000000,2.000000000,197,194,0
2026-06-03T01:47:32,1773928441.565598011,r1,track_association,wall_like,accepted,selected_best_match,detection,2,1,confirmed,18,0,0.035734253,0.077110872,0.075532425,0.000176723,0.000000000,nan,nan,nan,nan,nan,nan,nan,nan,nan,8.000000000,0.300000000,1.800000000,3.000000000,nan,nan,nan,nan,nan,nan,nan,nan,nan,1.500000000,2.000000000,414,412,0
2026-06-03T01:47:32,1773928441.769598007,r1,track_association,wall_like,accepted,selected_best_match,detection,0,1,confirmed,19,0,0.043601846,0.038451004,0.240527863,0.000215659,0.000000000,nan,nan,nan,nan,nan,nan,nan,nan,nan,8.000000000,0.300000000,1.800000000,3.000000000,nan,nan,nan,nan,nan,nan,nan,nan,nan,1.500000000,2.000000000,439,414,0
2026-06-03T01:47:32,1773928441.769598007,r1,track_association,wall_like,accepted,selected_best_match,detection,1,2,confirmed,19,0,0.039222573,0.039687924,0.187465744,0.000768014,0.000000000,nan,nan,nan,nan,nan,nan,nan,nan,nan,8.000000000,0.300000000,1.800000000,3.000000000,nan,nan,nan,nan,nan,nan,nan,nan,nan,1.500000000,2.000000000,318,279,0
2026-06-03T01:47:32,1773928441.769598007,r1,track_association,wall_like,accepted,selected_best_match,detection,2,5,confirmed,14,0,0.470131127,0.168937796,2.804240589,0.018986536,0.000000000,nan,nan,nan,nan,nan,nan,nan,nan,nan,8.000000000,0.300000000,1.800000000,3.000000000,nan,nan,nan,nan,nan,nan,nan,nan,nan,1.500000000,2.000000000,217,197,0
2026-06-03T01:47:32,1773928441.769598007,r1,track_association,wall_like,accepted,selected_best_match,detection,3,8,candidate,1,0,1.292954993,0.828272777,5.235298119,0.108735541,0.000000000,nan,nan,nan,nan,nan,nan,nan,nan,nan,8.000000000,0.300000000,1.800000000,3.000000000,nan,nan,nan,nan,nan,nan,nan,nan,nan,1.500000000,2.000000000,82,125,0
2026-06-03T01:47:32,1773928441.970587969,r1,track_association,wall_like,accepted,selected_best_match,detection,0,1,confirmed,20,0,0.031163284,0.011084700,0.218937562,0.000030357,0.000000000,nan,nan,nan,nan,nan,nan,nan,nan,nan,8.000000000,0.300000000,1.800000000,3.000000000,nan,nan,nan,nan,nan,nan,nan,nan,nan,1.500000000,2.000000000,435,439,0
2026-06-03T01:47:32,1773928441.970587969,r1,track_association,wall_like,accepted,selected_best_match,detection,1,2,confirmed,20,0,0.032390897,0.047779551,0.104981754,0.001002498,0.000000000,nan,nan,nan,nan,nan,nan,nan,nan,nan,8.000000000,0.300000000,1.800000000,3.000000000,nan,nan,nan,nan,nan,nan,nan,nan,nan,1.500000000,2.000000000,281,318,0
2026-06-03T01:47:32,1773928441.970587969,r1,track_association,wall_like,accepted,selected_best_match,detection,2,8,weak_tracked,2,0,0.826248443,0.464059874,4.894537934,0.017923373,0.000000000,nan,nan,nan,nan,nan,nan,nan,nan,nan,8.000000000,0.300000000,1.800000000,3.000000000,nan,nan,nan,nan,nan,nan,nan,nan,nan,1.500000000,2.000000000,75,82,0
2026-06-03T01:47:33,1773928442.171587706,r1,track_association,wall_like,accepted,selected_best_match,detection,0,2,confirmed,21,0,0.223108048,0.031898584,1.590957711,0.004081642,0.000000000,nan,nan,nan,nan,nan,nan,nan,nan,nan,8.000000000,0.300000000,1.800000000,3.000000000,nan,nan,nan,nan,nan,nan,nan,nan,nan,1.500000000,2.000000000,250,281,0
2026-06-03T01:47:33,1773928442.171587706,r1,track_association,wall_like,accepted,selected_best_match,detection,1,1,confirmed,21,0,0.122166403,0.055474752,0.758701220,0.002651150,0.000000000,nan,nan,nan,nan,nan,nan,nan,nan,nan,8.000000000,0.300000000,1.800000000,3.000000000,nan,nan,nan,nan,nan,nan,nan,nan,nan,1.500000000,2.000000000,416,435,0
2026-06-03T01:47:33,1773928442.171587706,r1,track_association,wall_like,accepted,selected_best_match,detection,4,5,confirmed,15,1,0.599196708,0.316092787,3.655532283,0.011067273,0.000000000,nan,nan,nan,nan,nan,nan,nan,nan,nan,8.000000000,0.300000000,1.800000000,3.000000000,nan,nan,nan,nan,nan,nan,nan,nan,nan,1.500000000,2.000000000,166,217,0
2026-06-03T01:47:33,1773928442.171587706,r1,track_association,wall_like,accepted,selected_best_match,detection,5,3,stale,7,8,0.341043851,0.386317259,1.311948670,0.014483354,0.000000000,nan,nan,nan,nan,nan,nan,nan,nan,nan,8.000000000,0.300000000,1.800000000,3.000000000,nan,nan,nan,nan,nan,nan,nan,nan,nan,1.500000000,2.000000000,192,154,0
2026-06-03T01:47:33,1773928442.366587877,r1,track_association,wall_like,accepted,selected_best_match,detection,0,1,confirmed,22,0,0.040614677,0.007697288,0.294031036,0.000388510,0.000000000,nan,nan,nan,nan,nan,nan,nan,nan,nan,8.000000000,0.300000000,1.800000000,3.000000000,nan,nan,nan,nan,nan,nan,nan,nan,nan,1.500000000,2.000000000,437,416,0
2026-06-03T01:47:33,1773928442.366587877,r1,track_association,wall_like,accepted,selected_best_match,detection,1,2,confirmed,22,0,0.040353577,0.034126018,0.188587993,0.001621422,0.000000000,nan,nan,nan,nan,nan,nan,nan,nan,nan,8.000000000,0.300000000,1.800000000,3.000000000,nan,nan,nan,nan,nan,nan,nan,nan,nan,1.500000000,2.000000000,313,250,0
2026-06-03T01:47:33,1773928442.549587965,r1,track_association,wall_like,accepted,selected_best_match,detection,0,1,confirmed,23,0,0.047794751,0.041266078,0.253625207,0.000700872,0.000000000,nan,nan,nan,nan,nan,nan,nan,nan,nan,8.000000000,0.300000000,1.800000000,3.000000000,nan,nan,nan,nan,nan,nan,nan,nan,nan,1.500000000,2.000000000,422,437,0
2026-06-03T01:47:33,1773928442.549587965,r1,track_association,wall_like,accepted,selected_best_match,detection,1,2,confirmed,23,0,0.044220402,0.038299635,0.213884618,0.001415484,0.000000000,nan,nan,nan,nan,nan,nan,nan,nan,nan,8.000000000,0.300000000,1.800000000,3.000000000,nan,nan,nan,nan,nan,nan,nan,nan,nan,1.500000000,2.000000000,273,313,0
2026-06-03T01:47:33,1773928442.768588066,r1,track_association,wall_like,accepted,selected_best_match,detection,0,2,confirmed,24,0,0.052221830,0.010061040,0.347411301,0.001632521,0.000000000,nan,nan,nan,nan,nan,nan,nan,nan,nan,8.000000000,0.300000000,1.800000000,3.000000000,nan,nan,nan,nan,nan,nan,nan,nan,nan,1.500000000,2.000000000,305,273,0
2026-06-03T01:47:33,1773928442.768588066,r1,track_association,wall_like,accepted,selected_best_match,detection,1,1,confirmed,24,0,0.179720367,0.025728275,1.303011968,0.002480334,0.000000000,nan,nan,nan,nan,nan,nan,nan,nan,nan,8.000000000,0.300000000,1.800000000,3.000000000,nan,nan,nan,nan,nan,nan,nan,nan,nan,1.500000000,2.000000000,424,422,0
2026-06-03T01:47:33,1773928442.768588066,r1,track_association,wall_like,accepted,selected_best_match,detection,3,5,confirmed,16,2,0.661640536,0.430488705,3.626596472,0.019445923,0.000000000,nan,nan,nan,nan,nan,nan,nan,nan,nan,8.000000000,0.300000000,1.800000000,3.000000000,nan,nan,nan,nan,nan,nan,nan,nan,nan,1.500000000,2.000000000,196,166,0
2026-06-03T01:47:33,1773928442.768588066,r1,track_association,wall_like,accepted,selected_best_match,detection,4,3,confirmed,8,2,0.271951890,0.320162381,1.000214499,0.012061285,0.000000000,nan,nan,nan,nan,nan,nan,nan,nan,nan,8.000000000,0.300000000,1.800000000,3.000000000,nan,nan,nan,nan,nan,nan,nan,nan,nan,1.500000000,2.000000000,197,192,0
2026-06-03T01:47:33,1773928442.945583105,r1,track_association,wall_like,accepted,selected_best_match,detection,0,2,confirmed,25,0,0.041334918,0.053842441,0.146064997,0.001538794,0.000000000,nan,nan,nan,nan,nan,nan,nan,nan,nan,8.000000000,0.300000000,1.800000000,3.000000000,nan,nan,nan,nan,nan,nan,nan,nan,nan,1.500000000,2.000000000,293,305,0
2026-06-03T01:47:33,1773928442.945583105,r1,track_association,wall_like,accepted,selected_best_match,detection,1,1,confirmed,25,0,0.165282693,0.046563935,1.134381029,0.002389126,0.000000000,nan,nan,nan,nan,nan,nan,nan,nan,nan,8.000000000,0.300000000,1.800000000,3.000000000,nan,nan,nan,nan,nan,nan,nan,nan,nan,1.500000000,2.000000000,404,424,0
2026-06-03T01:47:33,1773928442.945583105,r1,track_association,wall_like,accepted,selected_best_match,detection,5,5,confirmed,17,0,0.173973578,0.151000213,0.950483289,0.001448929,0.000000000,nan,nan,nan,nan,nan,nan,nan,nan,nan,8.000000000,0.300000000,1.800000000,3.000000000,nan,nan,nan,nan,nan,nan,nan,nan,nan,1.500000000,2.000000000,179,196,0
2026-06-03T01:47:34,1773928443.146583080,r1,track_association,wall_like,accepted,selected_best_match,detection,0,1,confirmed,26,0,0.026857620,0.025569666,0.132280375,0.000539805,0.000000000,nan,nan,nan,nan,nan,nan,nan,nan,nan,8.000000000,0.300000000,1.800000000,3.000000000,nan,nan,nan,nan,nan,nan,nan,nan,nan,1.500000000,2.000000000,446,404,0
2026-06-03T01:47:34,1773928443.146583080,r1,track_association,wall_like,accepted,selected_best_match,detection,1,2,confirmed,26,0,0.016769510,0.008061204,0.111613828,0.000039214,0.000000000,nan,nan,nan,nan,nan,nan,nan,nan,nan,8.000000000,0.300000000,1.800000000,3.000000000,nan,nan,nan,nan,nan,nan,nan,nan,nan,1.500000000,2.000000000,310,293,0
2026-06-03T01:47:34,1773928443.146583080,r1,track_association,wall_like,accepted,selected_best_match,detection,2,5,confirmed,18,0,0.441361884,0.315926253,1.925081546,0.028625382,0.000000000,nan,nan,nan,nan,nan,nan,nan,nan,nan,8.000000000,0.300000000,1.800000000,3.000000000,nan,nan,nan,nan,nan,nan,nan,nan,nan,1.500000000,2.000000000,146,179,0
2026-06-03T01:47:34,1773928443.365582705,r1,track_association,wall_like,accepted,selected_best_match,detection,0,1,confirmed,27,0,0.053358410,0.088634184,0.181939673,0.000321367,0.000000000,nan,nan,nan,nan,nan,nan,nan,nan,nan,8.000000000,0.300000000,1.800000000,3.000000000,nan,nan,nan,nan,nan,nan,nan,nan,nan,1.500000000,2.000000000,401,446,0
2026-06-03T01:47:34,1773928443.365582705,r1,track_association,wall_like,accepted,selected_best_match,detection,1,2,confirmed,27,0,0.043755218,0.083841117,0.111696037,0.000553852,0.000000000,nan,nan,nan,nan,nan,nan,nan,nan,nan,8.000000000,0.300000000,1.800000000,3.000000000,nan,nan,nan,nan,nan,nan,nan,nan,nan,1.500000000,2.000000000,277,310,0
2026-06-03T01:47:34,1773928443.566582918,r1,track_association,wall_like,accepted,selected_best_match,detection,0,1,confirmed,28,0,0.033929880,0.040100373,0.134672243,0.001118718,0.000000000,nan,nan,nan,nan,nan,nan,nan,nan,nan,8.000000000,0.300000000,1.800000000,3.000000000,nan,nan,nan,nan,nan,nan,nan,nan,nan,1.500000000,2.000000000,428,401,0
2026-06-03T01:47:34,1773928443.566582918,r1,track_association,wall_like,accepted,selected_best_match,detection,1,2,confirmed,28,0,0.026313806,0.012843416,0.172184312,0.000152888,0.000000000,nan,nan,nan,nan,nan,nan,nan,nan,nan,8.000000000,0.300000000,1.800000000,3.000000000,nan,nan,nan,nan,nan,nan,nan,nan,nan,1.500000000,2.000000000,289,277,0
2026-06-03T01:47:34,1773928443.566582918,r1,track_association,wall_like,accepted,selected_best_match,detection,2,3,confirmed,9,3,0.442448449,0.533520575,1.955621455,0.006046673,0.000000000,nan,nan,nan,nan,nan,nan,nan,nan,nan,8.000000000,0.300000000,1.800000000,3.000000000,nan,nan,nan,nan,nan,nan,nan,nan,nan,1.500000000,2.000000000,200,197,0
2026-06-03T01:47:34,1773928443.746582985,r1,track_association,wall_like,accepted,selected_best_match,detection,0,2,confirmed,29,0,0.069542077,0.111797939,0.242123846,0.000603185,0.000000000,nan,nan,nan,nan,nan,nan,nan,nan,nan,8.000000000,0.300000000,1.800000000,3.000000000,nan,nan,nan,nan,nan,nan,nan,nan,nan,1.500000000,2.000000000,285,289,0
2026-06-03T01:47:34,1773928443.746582985,r1,track_association,wall_like,accepted,selected_best_match,detection,1,1,confirmed,29,0,0.439311139,0.391242866,1.896066884,0.021566547,0.000000000,nan,nan,nan,nan,nan,nan,nan,nan,nan,8.000000000,0.300000000,1.800000000,3.000000000,nan,nan,nan,nan,nan,nan,nan,nan,nan,1.500000000,2.000000000,268,428,0
2026-06-03T01:47:34,1773928443.746582985,r1,track_association,wall_like,accepted,selected_best_match,detection,2,3,confirmed,10,0,0.151186042,0.272637077,0.458981472,0.000880300,0.000000000,nan,nan,nan,nan,nan,nan,nan,nan,nan,8.000000000,0.300000000,1.800000000,3.000000000,nan,nan,nan,nan,nan,nan,nan,nan,nan,1.500000000,2.000000000,235,200,0
2026-06-03T01:47:34,1773928443.965577841,r1,track_association,wall_like,accepted,selected_best_match,detection,0,1,confirmed,30,0,0.098910388,0.101871053,0.460247345,0.002226735,0.000000000,nan,nan,nan,nan,nan,nan,nan,nan,nan,8.000000000,0.300000000,1.800000000,3.000000000,nan,nan,nan,nan,nan,nan,nan,nan,nan,1.500000000,2.000000000,441,268,0
2026-06-03T01:47:34,1773928443.965577841,r1,track_association,wall_like,accepted,selected_best_match,detection,1,2,confirmed,30,0,0.013907115,0.012188497,0.076821016,0.000072497,0.000000000,nan,nan,nan,nan,nan,nan,nan,nan,nan,8.000000000,0.300000000,1.800000000,3.000000000,nan,nan,nan,nan,nan,nan,nan,nan,nan,1.500000000,2.000000000,309,285,0
2026-06-03T01:47:34,1773928443.965577841,r1,track_association,wall_like,accepted,selected_best_match,detection,2,5,confirmed,19,3,0.363904490,0.327762477,1.788387045,0.009330585,0.000000000,nan,nan,nan,nan,nan,nan,nan,nan,nan,8.000000000,0.300000000,1.800000000,3.000000000,nan,nan,nan,nan,nan,nan,nan,nan,nan,1.500000000,2.000000000,245,146,0
2026-06-03T01:47:34,1773928443.965577841,r1,track_association,wall_like,accepted,selected_best_match,detection,3,8,stale,3,9,1.025559129,0.546535365,4.830420986,0.071873415,0.000000000,nan,nan,nan,nan,nan,nan,nan,nan,nan,8.000000000,0.300000000,1.800000000,3.000000000,nan,nan,nan,nan,nan,nan,nan,nan,nan,1.500000000,2.000000000,103,75,0
2026-06-03T01:47:35,1773928444.166578054,r1,track_association,wall_like,accepted,selected_best_match,detection,0,2,confirmed,31,0,0.137682802,0.237205017,0.450435267,0.000693016,0.000000000,nan,nan,nan,nan,nan,nan,nan,nan,nan,8.000000000,0.300000000,1.800000000,3.000000000,nan,nan,nan,nan,nan,nan,nan,nan,nan,1.500000000,2.000000000,241,309,0
2026-06-03T01:47:35,1773928444.166578054,r1,track_association,wall_like,accepted,selected_best_match,detection,1,1,confirmed,31,0,0.269374261,0.165211935,1.610924045,0.003881433,0.000000000,nan,nan,nan,nan,nan,nan,nan,nan,nan,8.000000000,0.300000000,1.800000000,3.000000000,nan,nan,nan,nan,nan,nan,nan,nan,nan,1.500000000,2.000000000,398,441,0
2026-06-03T01:47:35,1773928444.166578054,r1,track_association,wall_like,accepted,selected_best_match,detection,4,3,confirmed,11,1,0.561458707,0.434065396,2.571510018,0.023306897,0.031755301,nan,nan,nan,nan,nan,nan,nan,nan,nan,8.000000000,0.300000000,1.800000000,3.000000000,nan,nan,nan,nan,nan,nan,nan,nan,nan,1.500000000,2.000000000,199,235,0
2026-06-03T01:47:35,1773928444.166578054,r1,track_association,wall_like,accepted,selected_best_match,detection,5,5,confirmed,20,0,0.531084738,0.193390536,3.220399229,0.019221397,0.000000000,nan,nan,nan,nan,nan,nan,nan,nan,nan,8.000000000,0.300000000,1.800000000,3.000000000,nan,nan,nan,nan,nan,nan,nan,nan,nan,1.500000000,2.000000000,217,245,0
2026-06-03T01:47:35,1773928444.346577883,r1,track_association,wall_like,accepted,selected_best_match,detection,0,1,confirmed,32,0,0.109409860,0.061176764,0.662406800,0.001865027,0.000000000,nan,nan,nan,nan,nan,nan,nan,nan,nan,8.000000000,0.300000000,1.800000000,3.000000000,nan,nan,nan,nan,nan,nan,nan,nan,nan,1.500000000,2.000000000,436,398,0
2026-06-03T01:47:35,1773928444.346577883,r1,track_association,wall_like,accepted,selected_best_match,detection,1,2,confirmed,32,0,0.037896713,0.073988911,0.099317296,0.000245724,0.000000000,nan,nan,nan,nan,nan,nan,nan,nan,nan,8.000000000,0.300000000,1.800000000,3.000000000,nan,nan,nan,nan,nan,nan,nan,nan,nan,1.500000000,2.000000000,311,241,0
2026-06-03T01:47:35,1773928444.346577883,r1,track_association,wall_like,accepted,selected_best_match,detection,2,5,confirmed,21,0,0.382281861,0.347074541,1.727830831,0.015183448,0.000000000,nan,nan,nan,nan,nan,nan,nan,nan,nan,8.000000000,0.300000000,1.800000000,3.000000000,nan,nan,nan,nan,nan,nan,nan,nan,nan,1.500000000,2.000000000,187,217,0
2026-06-03T01:47:35,1773928444.346577883,r1,track_association,wall_like,accepted,selected_best_match,detection,3,3,confirmed,12,0,0.288007665,0.263859050,1.266868612,0.012508822,0.000000000,nan,nan,nan,nan,nan,nan,nan,nan,nan,8.000000000,0.300000000,1.800000000,3.000000000,nan,nan,nan,nan,nan,nan,nan,nan,nan,1.500000000,2.000000000,228,199,0
2026-06-03T01:47:35,1773928444.568578005,r1,track_association,wall_like,accepted,selected_best_match,detection,0,1,confirmed,33,0,0.089335517,0.032812541,0.584685998,0.001593676,0.000000000,nan,nan,nan,nan,nan,nan,nan,nan,nan,8.000000000,0.300000000,1.800000000,3.000000000,nan,nan,nan,nan,nan,nan,nan,nan,nan,1.500000000,2.000000000,440,436,0
2026-06-03T01:47:35,1773928444.568578005,r1,track_association,wall_like,accepted,selected_best_match,detection,1,2,confirmed,33,0,0.034938156,0.060283488,0.107762317,0.000412011,0.000000000,nan,nan,nan,nan,nan,nan,nan,nan,nan,8.000000000,0.300000000,1.800000000,3.000000000,nan,nan,nan,nan,nan,nan,nan,nan,nan,1.500000000,2.000000000,315,311,0
2026-06-03T01:47:35,1773928444.568578005,r1,track_association,wall_like,accepted,selected_best_match,detection,2,5,confirmed,22,0,0.448763620,0.221308228,2.633927849,0.013725969,0.000000000,nan,nan,nan,nan,nan,nan,nan,nan,nan,8.000000000,0.300000000,1.800000000,3.000000000,nan,nan,nan,nan,nan,nan,nan,nan,nan,1.500000000,2.000000000,213,187,0
2026-06-03T01:47:35,1773928444.568578005,r1,track_association,wall_like,accepted,selected_best_match,detection,3,3,confirmed,13,0,0.218302803,0.162996790,1.081896607,0.008620039,0.000000000,nan,nan,nan,nan,nan,nan,nan,nan,nan,8.000000000,0.300000000,1.800000000,3.000000000,nan,nan,nan,nan,nan,nan,nan,nan,nan,1.500000000,2.000000000,240,228,0
2026-06-03T01:47:35,1773928444.766577959,r1,track_association,wall_like,accepted,selected_best_match,detection,0,1,confirmed,34,0,0.075951027,0.042041659,0.464769969,0.001152268,0.000000000,nan,nan,nan,nan,nan,nan,nan,nan,nan,8.000000000,0.300000000,1.800000000,3.000000000,nan,nan,nan,nan,nan,nan,nan,nan,nan,1.500000000,2.000000000,438,440,0
2026-06-03T01:47:35,1773928444.766577959,r1,track_association,wall_like,accepted,selected_best_match,detection,1,2,confirmed,34,0,0.014553694,0.034838844,0.023244015,0.000010573,0.000000000,nan,nan,nan,nan,nan,nan,nan,nan,nan,8.000000000,0.300000000,1.800000000,3.000000000,nan,nan,nan,nan,nan,nan,nan,nan,nan,1.500000000,2.000000000,314,315,0
2026-06-03T01:47:35,1773928444.766577959,r1,track_association,wall_like,accepted,selected_best_match,detection,2,5,confirmed,23,0,0.354014832,0.234792139,1.655138108,0.020657557,0.000000000,nan,nan,nan,nan,nan,nan,nan,nan,nan,8.000000000,0.300000000,1.800000000,3.000000000,nan,nan,nan,nan,nan,nan,nan,nan,nan,1.500000000,2.000000000,171,213,0
2026-06-03T01:47:35,1773928444.967572927,r1,track_association,wall_like,accepted,selected_best_match,detection,0,2,confirmed,35,0,0.061415316,0.024727153,0.366485997,0.002208655,0.000000000,nan,nan,nan,nan,nan,nan,nan,nan,nan,8.000000000,0.300000000,1.800000000,3.000000000,nan,nan,nan,nan,nan,nan,nan,nan,nan,1.500000000,2.000000000,308,314,0
2026-06-03T01:47:35,1773928444.967572927,r1,track_association,wall_like,accepted,selected_best_match,detection,1,1,confirmed,35,0,0.056136387,0.029642654,0.360294667,0.000365601,0.000000000,nan,nan,nan,nan,nan,nan,nan,nan,nan,8.000000000,0.300000000,1.800000000,3.000000000,nan,nan,nan,nan,nan,nan,nan,nan,nan,1.500000000,2.000000000,437,438,0
2026-06-03T01:47:35,1773928444.967572927,r1,track_association,wall_like,accepted,selected_best_match,detection,2,3,confirmed,14,1,0.122729645,0.026186766,0.866761589,0.001696657,0.000000000,nan,nan,nan,nan,nan,nan,nan,nan,nan,8.000000000,0.300000000,1.800000000,3.000000000,nan,nan,nan,nan,nan,nan,nan,nan,nan,1.500000000,2.000000000,287,240,0
2026-06-03T01:47:35,1773928444.967572927,r1,track_association,wall_like,accepted,selected_best_match,detection,3,5,confirmed,24,0,0.378473115,0.263623858,1.890764826,0.016275868,0.000000000,nan,nan,nan,nan,nan,nan,nan,nan,nan,8.000000000,0.300000000,1.800000000,3.000000000,nan,nan,nan,nan,nan,nan,nan,nan,nan,1.500000000,2.000000000,208,171,0
2026-06-03T01:47:36,1773928445.147572994,r1,track_association,wall_like,accepted,selected_best_match,detection,0,1,confirmed,36,0,0.044102694,0.058011076,0.162153812,0.001348933,0.000000000,nan,nan,nan,nan,nan,nan,nan,nan,nan,8.000000000,0.300000000,1.800000000,3.000000000,nan,nan,nan,nan,nan,nan,nan,nan,nan,1.500000000,2.000000000,421,437,0
2026-06-03T01:47:36,1773928445.147572994,r1,track_association,wall_like,accepted,selected_best_match,detection,1,2,confirmed,36,0,0.019585203,0.019624908,0.098694344,0.000212032,0.000000000,nan,nan,nan,nan,nan,nan,nan,nan,nan,8.000000000,0.300000000,1.800000000,3.000000000,nan,nan,nan,nan,nan,nan,nan,nan,nan,1.500000000,2.000000000,315,308,0
2026-06-03T01:47:36,1773928445.147572994,r1,track_association,wall_like,accepted,selected_best_match,detection,2,5,confirmed,25,0,0.201431152,0.019526194,1.204293910,0.013315705,0.000000000,nan,nan,nan,nan,nan,nan,nan,nan,nan,8.000000000,0.300000000,1.800000000,3.000000000,nan,nan,nan,nan,nan,nan,nan,nan,nan,1.500000000,2.000000000,213,208,0
2026-06-03T01:47:36,1773928445.348572969,r1,track_association,wall_like,accepted,selected_best_match,detection,0,1,confirmed,37,0,0.066511469,0.090186210,0.272570016,0.000713444,0.000000000,nan,nan,nan,nan,nan,nan,nan,nan,nan,8.000000000,0.300000000,1.800000000,3.000000000,nan,nan,nan,nan,nan,nan,nan,nan,nan,1.500000000,2.000000000,389,421,0
2026-06-03T01:47:36,1773928445.348572969,r1,track_association,wall_like,accepted,selected_best_match,detection,1,2,confirmed,37,0,0.024750427,0.035979875,0.080232149,0.000818435,0.000000000,nan,nan,nan,nan,nan,nan,nan,nan,nan,8.000000000,0.300000000,1.800000000,3.000000000,nan,nan,nan,nan,nan,nan,nan,nan,nan,1.500000000,2.000000000,264,315,0
2026-06-03T01:47:36,1773928445.348572969,r1,track_association,wall_like,accepted,selected_best_match,detection,2,5,confirmed,26,0,0.818050826,0.558296639,3.327023916,0.064822187,0.000000000,nan,nan,nan,nan,nan,nan,nan,nan,nan,8.000000000,0.300000000,1.800000000,3.000000000,nan,nan,nan,nan,nan,nan,nan,nan,nan,1.500000000,2.000000000,148,213,0
2026-06-03T01:47:36,1773928445.546572685,r1,track_association,wall_like,accepted,selected_best_match,detection,0,1,confirmed,38,0,0.055662899,0.093018364,0.189854427,0.000277492,0.000000000,nan,nan,nan,nan,nan,nan,nan,nan,nan,8.000000000,0.300000000,1.800000000,3.000000000,nan,nan,nan,nan,nan,nan,nan,nan,nan,1.500000000,2.000000000,346,389,0
2026-06-03T01:47:36,1773928445.546572685,r1,track_association,wall_like,accepted,selected_best_match,detection,1,2,confirmed,38,0,0.048828529,0.089231066,0.125013888,0.001037431,0.000000000,nan,nan,nan,nan,nan,nan,nan,nan,nan,8.000000000,0.300000000,1.800000000,3.000000000,nan,nan,nan,nan,nan,nan,nan,nan,nan,1.500000000,2.000000000,239,264,0
2026-06-03T01:47:36,1773928445.546572685,r1,track_association,wall_like,accepted,selected_best_match,detection,2,3,confirmed,15,2,0.140354788,0.166025013,0.668045384,0.000452233,0.000000000,nan,nan,nan,nan,nan,nan,nan,nan,nan,8.000000000,0.300000000,1.800000000,3.000000000,nan,nan,nan,nan,nan,nan,nan,nan,nan,1.500000000,2.000000000,163,287,0
2026-06-03T01:47:36,1773928445.546572685,r1,track_association,wall_like,accepted,selected_best_match,detection,3,5,confirmed,27,0,0.727732188,0.559525614,3.540898057,0.029583418,0.000000000,nan,nan,nan,nan,nan,nan,nan,nan,nan,8.000000000,0.300000000,1.800000000,3.000000000,nan,nan,nan,nan,nan,nan,nan,nan,nan,1.500000000,2.000000000,159,148,0
2026-06-03T01:47:36,1773928445.747572899,r1,track_association,wall_like,accepted,selected_best_match,detection,0,1,confirmed,39,0,0.056085243,0.106343179,0.143987876,0.000791710,0.000000000,nan,nan,nan,nan,nan,nan,nan,nan,nan,8.000000000,0.300000000,1.800000000,3.000000000,nan,nan,nan,nan,nan,nan,nan,nan,nan,1.500000000,2.000000000,418,346,0
2026-06-03T01:47:36,1773928445.747572899,r1,track_association,wall_like,accepted,selected_best_match,detection,1,2,confirmed,39,0,0.032052406,0.039296125,0.148561573,0.000115050,0.000000000,nan,nan,nan,nan,nan,nan,nan,nan,nan,8.000000000,0.300000000,1.800000000,3.000000000,nan,nan,nan,nan,nan,nan,nan,nan,nan,1.500000000,2.000000000,279,239,0
2026-06-03T01:47:36,1773928445.747572899,r1,track_association,wall_like,accepted,selected_best_match,detection,2,3,confirmed,16,0,0.220986804,0.336178578,0.772780522,0.003698914,0.000000000,nan,nan,nan,nan,nan,nan,nan,nan,nan,8.000000000,0.300000000,1.800000000,3.000000000,nan,nan,nan,nan,nan,nan,nan,nan,nan,1.500000000,2.000000000,188,163,0
2026-06-03T01:47:36,1773928445.948563099,r1,track_association,wall_like,accepted,selected_best_match,detection,0,3,confirmed,17,0,0.088038865,0.048920347,0.427400545,0.005492104,0.000000000,nan,nan,nan,nan,nan,nan,nan,nan,nan,8.000000000,0.300000000,1.800000000,3.000000000,nan,nan,nan,nan,nan,nan,nan,nan,nan,1.500000000,2.000000000,267,188,0
2026-06-03T01:47:36,1773928445.948563099,r1,track_association,wall_like,accepted,selected_best_match,detection,1,1,confirmed,40,0,0.043442210,0.065934390,0.120947978,0.001903675,0.000000000,nan,nan,nan,nan,nan,nan,nan,nan,nan,8.000000000,0.300000000,1.800000000,3.000000000,nan,nan,nan,nan,nan,nan,nan,nan,nan,1.500000000,2.000000000,412,418,0
2026-06-03T01:47:36,1773928445.948563099,r1,track_association,wall_like,accepted,selected_best_match,detection,2,2,confirmed,40,0,0.036728906,0.075077627,0.063995755,0.001111068,0.000000000,nan,nan,nan,nan,nan,nan,nan,nan,nan,8.000000000,0.300000000,1.800000000,3.000000000,nan,nan,nan,nan,nan,nan,nan,nan,nan,1.500000000,2.000000000,236,279,0
2026-06-03T01:47:36,1773928445.948563099,r1,track_association,wall_like,accepted,selected_best_match,detection,3,5,confirmed,28,1,0.714341801,0.488851988,2.974464939,0.053874906,0.000000000,nan,nan,nan,nan,nan,nan,nan,nan,nan,8.000000000,0.300000000,1.800000000,3.000000000,nan,nan,nan,nan,nan,nan,nan,nan,nan,1.500000000,2.000000000,146,159,0
2026-06-03T01:47:37,1773928446.146563053,r1,track_association,wall_like,accepted,selected_best_match,detection,0,1,confirmed,41,0,0.041608175,0.051300464,0.081073885,0.004312135,0.000000000,nan,nan,nan,nan,nan,nan,nan,nan,nan,8.000000000,0.300000000,1.800000000,3.000000000,nan,nan,nan,nan,nan,nan,nan,nan,nan,1.500000000,2.000000000,432,412,0
2026-06-03T01:47:37,1773928446.146563053,r1,track_association,wall_like,accepted,selected_best_match,detection,1,2,confirmed,41,0,0.022912386,0.040348105,0.046295430,0.001102827,0.000000000,nan,nan,nan,nan,nan,nan,nan,nan,nan,8.000000000,0.300000000,1.800000000,3.000000000,nan,nan,nan,nan,nan,nan,nan,nan,nan,1.500000000,2.000000000,310,236,0
2026-06-03T01:47:37,1773928446.146563053,r1,track_association,wall_like,accepted,selected_best_match,detection,2,5,confirmed,29,0,0.557001946,0.346648518,2.212190224,0.049478599,0.000000000,nan,nan,nan,nan,nan,nan,nan,nan,nan,8.000000000,0.300000000,1.800000000,3.000000000,nan,nan,nan,nan,nan,nan,nan,nan,nan,1.500000000,2.000000000,152,146,0
2026-06-03T01:47:37,1773928446.365562916,r1,track_association,wall_like,accepted,selected_best_match,detection,0,1,confirmed,42,0,0.186900823,0.200988451,0.759425371,0.007492950,0.000000000,nan,nan,nan,nan,nan,nan,nan,nan,nan,8.000000000,0.300000000,1.800000000,3.000000000,nan,nan,nan,nan,nan,nan,nan,nan,nan,1.500000000,2.000000000,346,432,0
2026-06-03T01:47:37,1773928446.365562916,r1,track_association,wall_like,accepted,selected_best_match,detection,1,2,confirmed,42,0,0.039715804,0.065867250,0.127855759,0.000533425,0.000000000,nan,nan,nan,nan,nan,nan,nan,nan,nan,8.000000000,0.300000000,1.800000000,3.000000000,nan,nan,nan,nan,nan,nan,nan,nan,nan,1.500000000,2.000000000,267,310,0
2026-06-03T01:47:37,1773928446.365562916,r1,track_association,wall_like,accepted,selected_best_match,detection,2,3,confirmed,18,1,0.573394475,0.558396407,2.294420480,0.016782887,0.080130280,nan,nan,nan,nan,nan,nan,nan,nan,nan,8.000000000,0.300000000,1.800000000,3.000000000,nan,nan,nan,nan,nan,nan,nan,nan,nan,1.500000000,2.000000000,136,267,0
2026-06-03T01:47:37,1773928446.365562916,r1,track_association,wall_like,accepted,selected_best_match,detection,3,5,confirmed,30,0,0.366510427,0.145751670,2.474142750,0.002597608,0.000000000,nan,nan,nan,nan,nan,nan,nan,nan,nan,8.000000000,0.300000000,1.800000000,3.000000000,nan,nan,nan,nan,nan,nan,nan,nan,nan,1.500000000,2.000000000,207,152,0
2026-06-03T01:47:37,1773928446.548563004,r1,track_association,wall_like,accepted,selected_best_match,detection,0,2,confirmed,43,0,0.652355170,0.171940525,4.543037332,0.008148599,0.000000000,nan,nan,nan,nan,nan,nan,nan,nan,nan,8.000000000,0.300000000,1.800000000,3.000000000,nan,nan,nan,nan,nan,nan,nan,nan,nan,1.500000000,2.000000000,174,267,0
2026-06-03T01:47:37,1773928446.548563004,r1,track_association,wall_like,accepted,selected_best_match,detection,1,1,confirmed,43,0,0.293341259,0.222114712,1.543987294,0.007891383,0.000000000,nan,nan,nan,nan,nan,nan,nan,nan,nan,8.000000000,0.300000000,1.800000000,3.000000000,nan,nan,nan,nan,nan,nan,nan,nan,nan,1.500000000,2.000000000,346,346,0
2026-06-03T01:47:37,1773928446.788563013,r1,track_association,wall_like,accepted,selected_best_match,detection,0,1,confirmed,44,0,0.059533166,0.109260610,0.116606085,0.002561161,0.000000000,nan,nan,nan,nan,nan,nan,nan,nan,nan,8.000000000,0.300000000,1.800000000,3.000000000,nan,nan,nan,nan,nan,nan,nan,nan,nan,1.500000000,2.000000000,379,346,0
2026-06-03T01:47:37,1773928446.788563013,r1,track_association,wall_like,accepted,selected_best_match,detection,1,2,confirmed,44,0,0.183988337,0.185206005,0.835819800,0.005332658,0.000000000,nan,nan,nan,nan,nan,nan,nan,nan,nan,8.000000000,0.300000000,1.800000000,3.000000000,nan,nan,nan,nan,nan,nan,nan,nan,nan,1.500000000,2.000000000,281,174,0
2026-06-03T01:47:37,1773928446.788563013,r1,track_association,wall_like,accepted,selected_best_match,detection,2,3,confirmed,19,1,0.436903405,0.427481388,1.666498972,0.008385386,0.104662709,nan,nan,nan,nan,nan,nan,nan,nan,nan,8.000000000,0.300000000,1.800000000,3.000000000,nan,nan,nan,nan,nan,nan,nan,nan,nan,1.500000000,2.000000000,138,136,0
2026-06-03T01:47:37,1773928446.788563013,r1,track_association,wall_like,accepted,selected_best_match,detection,4,5,confirmed,31,1,0.462393208,0.410424560,2.427828239,0.006631948,0.000000000,nan,nan,nan,nan,nan,nan,nan,nan,nan,8.000000000,0.300000000,1.800000000,3.000000000,nan,nan,nan,nan,nan,nan,nan,nan,nan,1.500000000,2.000000000,201,207,0
2026-06-03T01:47:37,1773928446.947562933,r1,track_association,wall_like,accepted,selected_best_match,detection,0,1,confirmed,45,0,0.242346989,0.634234707,0.168032348,0.002979413,0.000000000,nan,nan,nan,nan,nan,nan,nan,nan,nan,8.000000000,0.300000000,1.800000000,3.000000000,nan,nan,nan,nan,nan,nan,nan,nan,nan,1.500000000,2.000000000,229,379,0
2026-06-03T01:47:37,1773928446.947562933,r1,track_association,wall_like,accepted,selected_best_match,detection,1,2,confirmed,45,0,0.151430405,0.223844417,0.584768444,0.001115863,0.000000000,nan,nan,nan,nan,nan,nan,nan,nan,nan,8.000000000,0.300000000,1.800000000,3.000000000,nan,nan,nan,nan,nan,nan,nan,nan,nan,1.500000000,2.000000000,199,281,0
2026-06-03T01:47:38,1773928447.148557663,r1,track_association,wall_like,rejected,normal_angle,detection,0,10,candidate,1,1,nan,1.148762507,11.001682440,0.129385290,0.151034770,nan,nan,nan,nan,nan,nan,nan,nan,nan,8.000000000,0.300000000,1.800000000,3.000000000,nan,nan,nan,nan,nan,nan,nan,nan,nan,1.500000000,2.000000000,152,121,0
2026-06-03T01:47:38,1773928447.148557663,r1,track_association,wall_like,rejected,normal_angle,detection,0,8,stale,4,15,nan,3.359742696,8.641224882,0.274168439,2.648244702,nan,nan,nan,nan,nan,nan,nan,nan,nan,8.000000000,0.300000000,1.800000000,3.000000000,nan,nan,nan,nan,nan,nan,nan,nan,nan,1.500000000,2.000000000,152,103,0
2026-06-03T01:47:38,1773928447.148557663,r1,track_association,wall_like,accepted,selected_best_match,detection,1,1,confirmed,46,0,0.392057516,0.788934902,0.737636212,0.011062407,0.000000000,nan,nan,nan,nan,nan,nan,nan,nan,nan,8.000000000,0.300000000,1.800000000,3.000000000,nan,nan,nan,nan,nan,nan,nan,nan,nan,1.500000000,2.000000000,205,229,0
2026-06-03T01:47:38,1773928447.367557764,r1,track_association,wall_like,accepted,selected_best_match,detection,0,2,confirmed,46,1,0.198991642,0.333999564,0.609530312,0.003440150,0.000000000,nan,nan,nan,nan,nan,nan,nan,nan,nan,8.000000000,0.300000000,1.800000000,3.000000000,nan,nan,nan,nan,nan,nan,nan,nan,nan,1.500000000,2.000000000,268,199,0
2026-06-03T01:47:38,1773928447.367557764,r1,track_association,wall_like,accepted,selected_best_match,detection,1,1,confirmed,47,0,0.276544617,0.600436086,0.205907908,0.015198230,0.000000000,nan,nan,nan,nan,nan,nan,nan,nan,nan,8.000000000,0.300000000,1.800000000,3.000000000,nan,nan,nan,nan,nan,nan,nan,nan,nan,1.500000000,2.000000000,165,205,0
2026-06-03T01:47:38,1773928447.565557957,r1,track_association,wall_like,accepted,selected_best_match,detection,0,2,confirmed,47,0,0.215396646,0.347155124,0.593731015,0.007638569,0.000000000,nan,nan,nan,nan,nan,nan,nan,nan,nan,8.000000000,0.300000000,1.800000000,3.000000000,nan,nan,nan,nan,nan,nan,nan,nan,nan,1.500000000,2.000000000,266,268,0
2026-06-03T01:47:38,1773928447.949558020,r1,track_association,wall_like,accepted,selected_best_match,detection,0,2,confirmed,48,1,0.194769545,0.381423248,0.465393423,0.002836285,0.000000000,nan,nan,nan,nan,nan,nan,nan,nan,nan,8.000000000,0.300000000,1.800000000,3.000000000,nan,nan,nan,nan,nan,nan,nan,nan,nan,1.500000000,2.000000000,216,266,0
2026-06-03T01:47:39,1773928448.165553093,r1,track_association,wall_like,accepted,selected_best_match,detection,0,2,confirmed,49,0,0.282942761,0.431360343,0.996921191,0.004362249,0.000000000,nan,nan,nan,nan,nan,nan,nan,nan,nan,8.000000000,0.300000000,1.800000000,3.000000000,nan,nan,nan,nan,nan,nan,nan,nan,nan,1.500000000,2.000000000,253,216,0
2026-06-03T01:47:39,1773928448.366553068,r1,track_association,wall_like,accepted,selected_best_match,detection,0,2,confirmed,50,0,0.165415341,0.057853463,1.078212668,0.003406281,0.000000000,nan,nan,nan,nan,nan,nan,nan,nan,nan,8.000000000,0.300000000,1.800000000,3.000000000,nan,nan,nan,nan,nan,nan,nan,nan,nan,1.500000000,2.000000000,419,253,0
2026-06-03T01:47:39,1773928448.366553068,r1,track_association,wall_like,rejected,projected_gap,detection,0,9,weak_tracked,3,0,nan,2.819765585,3.793784175,0.100782833,2.065846503,nan,nan,nan,nan,nan,nan,nan,nan,nan,8.000000000,0.300000000,1.800000000,3.000000000,nan,nan,nan,nan,nan,nan,nan,nan,nan,1.500000000,2.000000000,419,82,0
2026-06-03T01:47:39,1773928448.567553043,r1,track_association,wall_like,accepted,selected_best_match,detection,0,2,confirmed,51,0,0.147353312,0.045122417,0.797894472,0.009772709,0.000000000,nan,nan,nan,nan,nan,nan,nan,nan,nan,8.000000000,0.300000000,1.800000000,3.000000000,nan,nan,nan,nan,nan,nan,nan,nan,nan,1.500000000,2.000000000,497,419,0
2026-06-03T01:47:39,1773928448.567553043,r1,track_association,wall_like,rejected,projected_gap,detection,0,9,weak_tracked,3,1,nan,2.833450800,3.404044632,0.109408904,1.992431136,nan,nan,nan,nan,nan,nan,nan,nan,nan,8.000000000,0.300000000,1.800000000,3.000000000,nan,nan,nan,nan,nan,nan,nan,nan,nan,1.500000000,2.000000000,497,82,0
2026-06-03T01:47:39,1773928448.567553043,r1,track_association,wall_like,accepted,selected_best_match,detection,1,14,candidate,1,0,0.402689180,0.203577820,2.343458641,0.012569273,0.000000000,nan,nan,nan,nan,nan,nan,nan,nan,nan,8.000000000,0.300000000,1.800000000,3.000000000,nan,nan,nan,nan,nan,nan,nan,nan,nan,1.500000000,2.000000000,188,111,0
2026-06-03T01:47:39,1773928448.567553043,r1,track_association,pillar_like,rejected,xy_distance,detection,2,12,candidate,1,4,nan,0.723912600,nan,nan,nan,nan,nan,nan,nan,nan,0.695409917,0.959688714,0.265062571,0.395579815,nan,nan,nan,nan,nan,nan,nan,nan,nan,0.500000000,0.300000000,0.800000000,0.600000000,1.500000000,2.000000000,34,83,0
2026-06-03T01:47:39,1773928448.567553043,r1,track_association,pillar_like,rejected,xy_distance,detection,2,15,candidate,1,0,nan,0.564393833,nan,nan,nan,nan,nan,nan,nan,nan,0.509446797,0.959348182,0.347453713,0.172977924,nan,nan,nan,nan,nan,nan,nan,nan,nan,0.500000000,0.300000000,0.800000000,0.600000000,1.500000000,2.000000000,34,47,0
2026-06-03T01:47:39,1773928448.567553043,r1,track_association,pipe_like,accepted,selected_best_match,detection,3,13,candidate,1,1,1.433666595,0.549820569,nan,nan,nan,4.515138622,0.052443186,0.020223904,0.800681591,0.000000000,nan,nan,nan,nan,nan,nan,nan,nan,14.000000000,0.120000000,0.030000000,0.200000000,0.250000000,nan,nan,nan,nan,1.500000000,2.000000000,12,12,0
2026-06-03T01:47:39,1773928448.765552759,r1,track_association,wall_like,accepted,selected_best_match,detection,0,2,confirmed,52,0,0.197511315,0.179026913,0.894486718,0.007807451,0.000000000,nan,nan,nan,nan,nan,nan,nan,nan,nan,8.000000000,0.300000000,1.800000000,3.000000000,nan,nan,nan,nan,nan,nan,nan,nan,nan,1.500000000,2.000000000,310,497,0
2026-06-03T01:47:39,1773928448.765552759,r1,track_association,wall_like,rejected,projected_gap,detection,0,9,weak_tracked,3,2,nan,2.985907623,3.544385687,0.118691835,2.169252917,nan,nan,nan,nan,nan,nan,nan,nan,nan,8.000000000,0.300000000,1.800000000,3.000000000,nan,nan,nan,nan,nan,nan,nan,nan,nan,1.500000000,2.000000000,310,82,0
2026-06-03T01:47:39,1773928448.966547966,r1,track_association,wall_like,accepted,selected_best_match,detection,0,2,confirmed,53,0,0.291097269,0.256992370,1.217856274,0.015960333,0.000000000,nan,nan,nan,nan,nan,nan,nan,nan,nan,8.000000000,0.300000000,1.800000000,3.000000000,nan,nan,nan,nan,nan,nan,nan,nan,nan,1.500000000,2.000000000,588,310,0
2026-06-03T01:47:39,1773928448.966547966,r1,track_association,wall_like,rejected,projected_gap,detection,0,9,weak_tracked,3,3,nan,3.108497702,4.659603490,0.142765537,2.275553686,nan,nan,nan,nan,nan,nan,nan,nan,nan,8.000000000,0.300000000,1.800000000,3.000000000,nan,nan,nan,nan,nan,nan,nan,nan,nan,1.500000000,2.000000000,588,82,0
2026-06-03T01:47:39,1773928448.966547966,r1,track_association,wall_like,accepted,selected_best_match,detection,1,7,candidate,1,43,1.878267193,2.188508076,0.596399022,0.049587699,1.636060130,nan,nan,nan,nan,nan,nan,nan,nan,nan,8.000000000,0.300000000,1.800000000,3.000000000,nan,nan,nan,nan,nan,nan,nan,nan,nan,1.500000000,2.000000000,244,171,0
2026-06-03T01:47:39,1773928448.966547966,r1,track_association,wall_like,accepted,selected_best_match,detection,2,14,weak_tracked,2,1,0.638816761,0.474537029,1.539221725,0.086470511,0.000000000,nan,nan,nan,nan,nan,nan,nan,nan,nan,8.000000000,0.300000000,1.800000000,3.000000000,nan,nan,nan,nan,nan,nan,nan,nan,nan,1.500000000,2.000000000,292,188,0
2026-06-03T01:47:40,1773928449.167547941,r1,track_association,wall_like,accepted,selected_best_match,detection,0,2,confirmed,54,0,0.297834607,0.616180409,0.539541257,0.007499544,0.000000000,nan,nan,nan,nan,nan,nan,nan,nan,nan,8.000000000,0.300000000,1.800000000,3.000000000,nan,nan,nan,nan,nan,nan,nan,nan,nan,1.500000000,2.000000000,509,588,0
2026-06-03T01:47:40,1773928449.167547941,r1,track_association,wall_like,rejected,projected_gap,detection,0,9,weak_tracked,3,4,nan,3.531823436,4.289857140,0.144816975,2.657001959,nan,nan,nan,nan,nan,nan,nan,nan,nan,8.000000000,0.300000000,1.800000000,3.000000000,nan,nan,nan,nan,nan,nan,nan,nan,nan,1.500000000,2.000000000,509,82,0
2026-06-03T01:47:40,1773928449.167547941,r1,track_association,wall_like,accepted,selected_best_match,detection,1,14,confirmed,3,0,0.918036384,0.798184578,4.074517596,0.042798047,0.000000000,nan,nan,nan,nan,nan,nan,nan,nan,nan,8.000000000,0.300000000,1.800000000,3.000000000,nan,nan,nan,nan,nan,nan,nan,nan,nan,1.500000000,2.000000000,286,292,0
2026-06-03T01:47:40,1773928449.347547770,r1,track_association,wall_like,accepted,selected_best_match,detection,0,14,confirmed,4,0,0.316331714,0.153364464,1.783600948,0.012678032,0.000000000,nan,nan,nan,nan,nan,nan,nan,nan,nan,8.000000000,0.300000000,1.800000000,3.000000000,nan,nan,nan,nan,nan,nan,nan,nan,nan,1.500000000,2.000000000,230,286,0
2026-06-03T01:47:40,1773928449.347547770,r1,track_association,wall_like,accepted,selected_best_match,detection,1,2,confirmed,55,0,0.156143573,0.208526132,0.516475626,0.006622623,0.000000000,nan,nan,nan,nan,nan,nan,nan,nan,nan,8.000000000,0.300000000,1.800000000,3.000000000,nan,nan,nan,nan,nan,nan,nan,nan,nan,1.500000000,2.000000000,375,509,0
2026-06-03T01:47:40,1773928449.347547770,r1,track_association,wall_like,rejected,projected_gap,detection,1,9,weak_tracked,3,5,nan,3.278308061,4.324178271,0.124934215,2.219951078,nan,nan,nan,nan,nan,nan,nan,nan,nan,8.000000000,0.300000000,1.800000000,3.000000000,nan,nan,nan,nan,nan,nan,nan,nan,nan,1.500000000,2.000000000,375,82,0
2026-06-03T01:47:40,1773928449.347547770,r1,track_association,wall_like,accepted,selected_best_match,detection,2,7,weak_tracked,2,1,2.707526062,2.608866910,7.126548676,0.023759218,1.562198005,nan,nan,nan,nan,nan,nan,nan,nan,nan,8.000000000,0.300000000,1.800000000,3.000000000,nan,nan,nan,nan,nan,nan,nan,nan,nan,1.500000000,2.000000000,205,244,0
2026-06-03T01:47:40,1773928449.563548088,r1,track_association,wall_like,accepted,selected_best_match,detection,0,2,confirmed,56,0,0.114014281,0.218462834,0.240271718,0.003347811,0.000000000,nan,nan,nan,nan,nan,nan,nan,nan,nan,8.000000000,0.300000000,1.800000000,3.000000000,nan,nan,nan,nan,nan,nan,nan,nan,nan,1.500000000,2.000000000,412,375,0
2026-06-03T01:47:40,1773928449.563548088,r1,track_association,wall_like,rejected,projected_gap,detection,0,9,weak_tracked,3,6,nan,2.903771905,4.174496908,0.105691304,1.924210443,nan,nan,nan,nan,nan,nan,nan,nan,nan,8.000000000,0.300000000,1.800000000,3.000000000,nan,nan,nan,nan,nan,nan,nan,nan,nan,1.500000000,2.000000000,412,82,0
2026-06-03T01:47:40,1773928449.563548088,r1,track_association,wall_like,rejected,projected_gap,detection,1,7,weak_tracked,3,0,nan,3.198161449,5.864538329,0.028907235,2.062512039,nan,nan,nan,nan,nan,nan,nan,nan,nan,8.000000000,0.300000000,1.800000000,3.000000000,nan,nan,nan,nan,nan,nan,nan,nan,nan,1.500000000,2.000000000,206,205,0
2026-06-03T01:47:40,1773928449.563548088,r1,track_association,wall_like,accepted,selected_best_match,detection,2,7,weak_tracked,3,0,0.466984215,0.168380144,3.167676772,0.004469371,0.000000000,nan,nan,nan,nan,nan,nan,nan,nan,nan,8.000000000,0.300000000,1.800000000,3.000000000,nan,nan,nan,nan,nan,nan,nan,nan,nan,1.500000000,2.000000000,53,205,0
2026-06-03T01:47:40,1773928449.563548088,r1,track_association,wall_like,accepted,selected_best_match,detection,3,14,confirmed,5,0,0.681677402,0.538887262,3.168132739,0.031809517,0.000000000,nan,nan,nan,nan,nan,nan,nan,nan,nan,8.000000000,0.300000000,1.800000000,3.000000000,nan,nan,nan,nan,nan,nan,nan,nan,nan,1.500000000,2.000000000,219,230,0
2026-06-03T01:47:40,1773928449.767548084,r1,track_association,wall_like,accepted,selected_best_match,detection,0,18,candidate,1,0,0.884835743,0.696109535,4.870446037,0.013198043,0.000000000,nan,nan,nan,nan,nan,nan,nan,nan,nan,8.000000000,0.300000000,1.800000000,3.000000000,nan,nan,nan,nan,nan,nan,nan,nan,nan,1.500000000,2.000000000,512,206,0
2026-06-03T01:47:40,1773928449.767548084,r1,track_association,wall_like,accepted,selected_best_match,detection,1,2,confirmed,57,0,0.084848216,0.107408977,0.345149478,0.001770462,0.000000000,nan,nan,nan,nan,nan,nan,nan,nan,nan,8.000000000,0.300000000,1.800000000,3.000000000,nan,nan,nan,nan,nan,nan,nan,nan,nan,1.500000000,2.000000000,514,412,0
2026-06-03T01:47:40,1773928449.767548084,r1,track_association,wall_like,rejected,projected_gap,detection,1,9,weak_tracked,3,7,nan,2.965367886,4.203953407,0.109297970,1.998745706,nan,nan,nan,nan,nan,nan,nan,nan,nan,8.000000000,0.300000000,1.800000000,3.000000000,nan,nan,nan,nan,nan,nan,nan,nan,nan,1.500000000,2.000000000,514,82,0
2026-06-03T01:47:40,1773928449.947547913,r1,track_association,wall_like,accepted,selected_best_match,detection,0,2,confirmed,58,0,0.099380498,0.051384152,0.646377541,0.000436576,0.000000000,nan,nan,nan,nan,nan,nan,nan,nan,nan,8.000000000,0.300000000,1.800000000,3.000000000,nan,nan,nan,nan,nan,nan,nan,nan,nan,1.500000000,2.000000000,513,514,0
2026-06-03T01:47:40,1773928449.947547913,r1,track_association,wall_like,rejected,projected_gap,detection,0,9,weak_tracked,3,8,nan,3.067771071,4.111942549,0.115126931,1.958451971,nan,nan,nan,nan,nan,nan,nan,nan,nan,8.000000000,0.300000000,1.800000000,3.000000000,nan,nan,nan,nan,nan,nan,nan,nan,nan,1.500000000,2.000000000,513,82,0
2026-06-03T01:47:40,1773928449.947547913,r1,track_association,wall_like,accepted,selected_best_match,detection,1,18,weak_tracked,4,0,0.624425439,0.457708524,3.547960345,0.008508266,0.000000000,nan,nan,nan,nan,nan,nan,nan,nan,nan,8.000000000,0.300000000,1.800000000,3.000000000,nan,nan,nan,nan,nan,nan,nan,nan,nan,1.500000000,2.000000000,428,512,0
2026-06-03T01:47:41,1773928450.148542881,r1,track_association,wall_like,accepted,selected_best_match,detection,0,2,confirmed,59,0,0.136116966,0.267018053,0.298081895,0.002955213,0.000000000,nan,nan,nan,nan,nan,nan,nan,nan,nan,8.000000000,0.300000000,1.800000000,3.000000000,nan,nan,nan,nan,nan,nan,nan,nan,nan,1.500000000,2.000000000,430,513,0
2026-06-03T01:47:41,1773928450.148542881,r1,track_association,wall_like,accepted,selected_best_match,detection,1,18,confirmed,5,0,1.123470454,1.343423686,4.728721172,0.025371724,0.000000000,nan,nan,nan,nan,nan,nan,nan,nan,nan,8.000000000,0.300000000,1.800000000,3.000000000,nan,nan,nan,nan,nan,nan,nan,nan,nan,1.500000000,2.000000000,245,428,0
2026-06-03T01:47:41,1773928450.367542982,r1,track_association,wall_like,accepted,selected_best_match,detection,0,18,confirmed,6,0,1.005249009,0.468566221,6.393446388,0.014963841,0.000000000,nan,nan,nan,nan,nan,nan,nan,nan,nan,8.000000000,0.300000000,1.800000000,3.000000000,nan,nan,nan,nan,nan,nan,nan,nan,nan,1.500000000,2.000000000,285,245,0
2026-06-03T01:47:41,1773928450.367542982,r1,track_association,wall_like,accepted,selected_best_match,detection,1,2,confirmed,60,0,0.149562412,0.113490143,0.859469863,0.001289590,0.000000000,nan,nan,nan,nan,nan,nan,nan,nan,nan,8.000000000,0.300000000,1.800000000,3.000000000,nan,nan,nan,nan,nan,nan,nan,nan,nan,1.500000000,2.000000000,280,430,0
2026-06-03T01:47:41,1773928450.367542982,r1,track_association,wall_like,rejected,projected_gap,detection,1,9,weak_tracked,3,10,nan,3.065901009,4.169252124,0.114369013,2.167762824,nan,nan,nan,nan,nan,nan,nan,nan,nan,8.000000000,0.300000000,1.800000000,3.000000000,nan,nan,nan,nan,nan,nan,nan,nan,nan,1.500000000,2.000000000,280,82,0
2026-06-03T01:47:41,1773928450.565542936,r1,track_association,wall_like,accepted,selected_best_match,detection,0,2,confirmed,61,0,0.059333300,0.021097195,0.215019088,0.007627055,0.000000000,nan,nan,nan,nan,nan,nan,nan,nan,nan,8.000000000,0.300000000,1.800000000,3.000000000,nan,nan,nan,nan,nan,nan,nan,nan,nan,1.500000000,2.000000000,554,280,0
2026-06-03T01:47:41,1773928450.565542936,r1,track_association,wall_like,rejected,projected_gap,detection,0,9,weak_tracked,3,11,nan,3.021214264,4.254016162,0.118825012,2.090318928,nan,nan,nan,nan,nan,nan,nan,nan,nan,8.000000000,0.300000000,1.800000000,3.000000000,nan,nan,nan,nan,nan,nan,nan,nan,nan,1.500000000,2.000000000,554,82,0
2026-06-03T01:47:41,1773928450.565542936,r1,track_association,wall_like,accepted,selected_best_match,detection,1,18,confirmed,7,0,0.303875284,0.217311765,1.675411121,0.006603492,0.000000000,nan,nan,nan,nan,nan,nan,nan,nan,nan,8.000000000,0.300000000,1.800000000,3.000000000,nan,nan,nan,nan,nan,nan,nan,nan,nan,1.500000000,2.000000000,509,285,0
2026-06-03T01:47:41,1773928450.766542912,r1,track_association,wall_like,accepted,selected_best_match,detection,0,2,confirmed,62,0,0.126775469,0.190057094,0.249982486,0.009652588,0.000000000,nan,nan,nan,nan,nan,nan,nan,nan,nan,8.000000000,0.300000000,1.800000000,3.000000000,nan,nan,nan,nan,nan,nan,nan,nan,nan,1.500000000,2.000000000,590,554,0
2026-06-03T01:47:41,1773928450.766542912,r1,track_association,wall_like,rejected,projected_gap,detection,0,9,weak_tracked,3,12,nan,3.197135694,4.326216531,0.125992658,2.219494347,nan,nan,nan,nan,nan,nan,nan,nan,nan,8.000000000,0.300000000,1.800000000,3.000000000,nan,nan,nan,nan,nan,nan,nan,nan,nan,1.500000000,2.000000000,590,82,0
2026-06-03T01:47:41,1773928450.766542912,r1,track_association,wall_like,accepted,selected_best_match,detection,1,18,confirmed,8,0,0.333088168,0.261332826,1.889819236,0.002924946,0.000000000,nan,nan,nan,nan,nan,nan,nan,nan,nan,8.000000000,0.300000000,1.800000000,3.000000000,nan,nan,nan,nan,nan,nan,nan,nan,nan,1.500000000,2.000000000,474,509,0
2026-06-03T01:47:41,1773928450.766542912,r1,track_association,wall_like,accepted,selected_best_match,detection,2,19,candidate,1,0,0.282349422,0.284214045,1.385629473,0.004322317,0.000000000,nan,nan,nan,nan,nan,nan,nan,nan,nan,8.000000000,0.300000000,1.800000000,3.000000000,nan,nan,nan,nan,nan,nan,nan,nan,nan,1.500000000,2.000000000,73,60,0
2026-06-03T01:47:41,1773928450.967533112,r1,track_association,wall_like,rejected,normal_angle,detection,0,18,confirmed,9,0,nan,1.305978452,11.180304632,0.063049228,0.000000000,nan,nan,nan,nan,nan,nan,nan,nan,nan,8.000000000,0.300000000,1.800000000,3.000000000,nan,nan,nan,nan,nan,nan,nan,nan,nan,1.500000000,2.000000000,287,474,0
2026-06-03T01:47:41,1773928450.967533112,r1,track_association,wall_like,accepted,selected_best_match,detection,1,2,confirmed,63,0,0.048965202,0.015433327,0.195411214,0.005818307,0.000000000,nan,nan,nan,nan,nan,nan,nan,nan,nan,8.000000000,0.300000000,1.800000000,3.000000000,nan,nan,nan,nan,nan,nan,nan,nan,nan,1.500000000,2.000000000,470,590,0
2026-06-03T01:47:41,1773928450.967533112,r1,track_association,wall_like,rejected,projected_gap,detection,1,9,weak_tracked,3,13,nan,3.054453130,4.306794721,0.124221251,2.075407933,nan,nan,nan,nan,nan,nan,nan,nan,nan,8.000000000,0.300000000,1.800000000,3.000000000,nan,nan,nan,nan,nan,nan,nan,nan,nan,1.500000000,2.000000000,470,82,0
2026-06-03T01:47:42,1773928451.147532940,r1,track_association,wall_like,accepted,selected_best_match,detection,0,18,confirmed,9,1,0.274253502,0.345618798,0.826343298,0.016726297,0.000000000,nan,nan,nan,nan,nan,nan,nan,nan,nan,8.000000000,0.300000000,1.800000000,3.000000000,nan,nan,nan,nan,nan,nan,nan,nan,nan,1.500000000,2.000000000,367,474,0
2026-06-03T01:47:42,1773928451.147532940,r1,track_association,wall_like,rejected,normal_angle,detection,0,20,candidate,1,0,nan,1.644770491,10.880675490,0.059070347,0.301038924,nan,nan,nan,nan,nan,nan,nan,nan,nan,8.000000000,0.300000000,1.800000000,3.000000000,nan,nan,nan,nan,nan,nan,nan,nan,nan,1.500000000,2.000000000,367,287,0
2026-06-03T01:47:42,1773928451.147532940,r1,track_association,wall_like,accepted,selected_best_match,detection,1,19,weak_tracked,2,1,0.712947137,0.839174272,1.446888059,0.037587897,0.228723086,nan,nan,nan,nan,nan,nan,nan,nan,nan,8.000000000,0.300000000,1.800000000,3.000000000,nan,nan,nan,nan,nan,nan,nan,nan,nan,1.500000000,2.000000000,53,73,0
2026-06-03T01:47:42,1773928451.147532940,r1,track_association,wall_like,accepted,selected_best_match,detection,2,2,confirmed,64,0,0.171842927,0.280727692,0.468547869,0.005909564,0.000000000,nan,nan,nan,nan,nan,nan,nan,nan,nan,8.000000000,0.300000000,1.800000000,3.000000000,nan,nan,nan,nan,nan,nan,nan,nan,nan,1.500000000,2.000000000,617,470,0
2026-06-03T01:47:42,1773928451.147532940,r1,track_association,wall_like,rejected,projected_gap,detection,2,9,weak_tracked,3,14,nan,3.334918906,4.141128602,0.135355869,2.265141591,nan,nan,nan,nan,nan,nan,nan,nan,nan,8.000000000,0.300000000,1.800000000,3.000000000,nan,nan,nan,nan,nan,nan,nan,nan,nan,1.500000000,2.000000000,617,82,0
2026-06-03T01:47:42,1773928451.147532940,r1,track_association,wall_like,accepted,selected_best_match,detection,3,20,candidate,1,0,0.802573365,0.897720580,3.848708393,0.006673387,0.000000000,nan,nan,nan,nan,nan,nan,nan,nan,nan,8.000000000,0.300000000,1.800000000,3.000000000,nan,nan,nan,nan,nan,nan,nan,nan,nan,1.500000000,2.000000000,139,287,0
2026-06-03T01:47:42,1773928451.384532928,r1,track_association,wall_like,accepted,selected_best_match,detection,0,2,confirmed,65,0,0.123046166,0.295493430,0.097840704,0.003695480,0.000000000,nan,nan,nan,nan,nan,nan,nan,nan,nan,8.000000000,0.300000000,1.800000000,3.000000000,nan,nan,nan,nan,nan,nan,nan,nan,nan,1.500000000,2.000000000,630,617,0
2026-06-03T01:47:42,1773928451.384532928,r1,track_association,wall_like,rejected,projected_gap,detection,0,9,weak_tracked,3,15,nan,3.420019738,4.249068044,0.133941361,2.367950023,nan,nan,nan,nan,nan,nan,nan,nan,nan,8.000000000,0.300000000,1.800000000,3.000000000,nan,nan,nan,nan,nan,nan,nan,nan,nan,1.500000000,2.000000000,630,82,0
2026-06-03T01:47:42,1773928451.384532928,r1,track_association,wall_like,accepted,selected_best_match,detection,1,18,confirmed,10,0,0.886200526,0.445863084,5.775105256,0.004707402,0.000000000,nan,nan,nan,nan,nan,nan,nan,nan,nan,8.000000000,0.300000000,1.800000000,3.000000000,nan,nan,nan,nan,nan,nan,nan,nan,nan,1.500000000,2.000000000,257,367,0
2026-06-03T01:47:42,1773928451.384532928,r1,track_association,wall_like,accepted,selected_best_match,detection,2,19,confirmed,3,0,1.897264060,1.505987502,5.108132084,0.057143268,1.019293483,nan,nan,nan,nan,nan,nan,nan,nan,nan,8.000000000,0.300000000,1.800000000,3.000000000,nan,nan,nan,nan,nan,nan,nan,nan,nan,1.500000000,2.000000000,54,53,0
2026-06-03T01:47:42,1773928451.549532890,r1,track_association,wall_like,accepted,selected_best_match,detection,0,2,confirmed,66,0,0.128289995,0.279142156,0.186280288,0.003587272,0.000000000,nan,nan,nan,nan,nan,nan,nan,nan,nan,8.000000000,0.300000000,1.800000000,3.000000000,nan,nan,nan,nan,nan,nan,nan,nan,nan,1.500000000,2.000000000,592,630,0
2026-06-03T01:47:42,1773928451.549532890,r1,track_association,wall_like,rejected,projected_gap,detection,0,9,weak_tracked,3,16,nan,3.476433978,4.240976230,0.144194649,2.414875316,nan,nan,nan,nan,nan,nan,nan,nan,nan,8.000000000,0.300000000,1.800000000,3.000000000,nan,nan,nan,nan,nan,nan,nan,nan,nan,1.500000000,2.000000000,592,82,0
2026-06-03T01:47:42,1773928451.549532890,r1,track_association,wall_like,accepted,selected_best_match,detection,1,18,confirmed,11,0,0.919236417,0.990571542,4.115483048,0.022383157,0.000000000,nan,nan,nan,nan,nan,nan,nan,nan,nan,8.000000000,0.300000000,1.800000000,3.000000000,nan,nan,nan,nan,nan,nan,nan,nan,nan,1.500000000,2.000000000,391,257,0
2026-06-03T01:47:42,1773928451.549532890,r1,track_association,wall_like,rejected,normal_angle,detection,1,20,weak_tracked,2,1,nan,0.614403048,9.752457738,0.064937364,0.000000000,nan,nan,nan,nan,nan,nan,nan,nan,nan,8.000000000,0.300000000,1.800000000,3.000000000,nan,nan,nan,nan,nan,nan,nan,nan,nan,1.500000000,2.000000000,391,139,0
2026-06-03T01:47:42,1773928451.549532890,r1,track_association,wall_like,accepted,selected_best_match,detection,2,19,confirmed,4,0,0.795296568,0.887094671,1.868676288,0.017556599,0.373485259,nan,nan,nan,nan,nan,nan,nan,nan,nan,8.000000000,0.300000000,1.800000000,3.000000000,nan,nan,nan,nan,nan,nan,nan,nan,nan,1.500000000,2.000000000,153,54,0
2026-06-03T01:47:42,1773928451.768532991,r1,track_association,wall_like,accepted,selected_best_match,detection,0,18,confirmed,12,0,0.244861875,0.323969224,0.750030157,0.012935509,0.000000000,nan,nan,nan,nan,nan,nan,nan,nan,nan,8.000000000,0.300000000,1.800000000,3.000000000,nan,nan,nan,nan,nan,nan,nan,nan,nan,1.500000000,2.000000000,430,391,0
2026-06-03T01:47:42,1773928451.768532991,r1,track_association,wall_like,accepted,selected_best_match,detection,1,19,confirmed,5,0,0.453671125,0.604755201,1.736238436,0.010516876,0.000000000,nan,nan,nan,nan,nan,nan,nan,nan,nan,8.000000000,0.300000000,1.800000000,3.000000000,nan,nan,nan,nan,nan,nan,nan,nan,nan,1.500000000,2.000000000,139,153,0
2026-06-03T01:47:42,1773928451.768532991,r1,track_association,wall_like,accepted,selected_best_match,detection,2,2,confirmed,67,0,0.117068136,0.265829973,0.137130741,0.003395041,0.000000000,nan,nan,nan,nan,nan,nan,nan,nan,nan,8.000000000,0.300000000,1.800000000,3.000000000,nan,nan,nan,nan,nan,nan,nan,nan,nan,1.500000000,2.000000000,564,592,0
2026-06-03T01:47:42,1773928451.768532991,r1,track_association,wall_like,rejected,projected_gap,detection,2,9,weak_tracked,3,17,nan,3.532762683,4.088513183,0.148604831,2.492357235,nan,nan,nan,nan,nan,nan,nan,nan,nan,8.000000000,0.300000000,1.800000000,3.000000000,nan,nan,nan,nan,nan,nan,nan,nan,nan,1.500000000,2.000000000,564,82,0
2026-06-03T01:47:42,1773928451.948533058,r1,track_association,wall_like,accepted,selected_best_match,detection,0,2,confirmed,68,0,0.110494728,0.256563114,0.146676888,0.001991724,0.000000000,nan,nan,nan,nan,nan,nan,nan,nan,nan,8.000000000,0.300000000,1.800000000,3.000000000,nan,nan,nan,nan,nan,nan,nan,nan,nan,1.500000000,2.000000000,570,564,0
2026-06-03T01:47:42,1773928451.948533058,r1,track_association,wall_like,rejected,projected_gap,detection,0,9,weak_tracked,3,18,nan,3.589870328,4.136959156,0.152111741,2.589020613,nan,nan,nan,nan,nan,nan,nan,nan,nan,8.000000000,0.300000000,1.800000000,3.000000000,nan,nan,nan,nan,nan,nan,nan,nan,nan,1.500000000,2.000000000,570,82,0
2026-06-03T01:47:42,1773928451.948533058,r1,track_association,wall_like,accepted,selected_best_match,detection,1,18,confirmed,13,0,0.635042593,0.263573577,3.634413345,0.027864920,0.000000000,nan,nan,nan,nan,nan,nan,nan,nan,nan,8.000000000,0.300000000,1.800000000,3.000000000,nan,nan,nan,nan,nan,nan,nan,nan,nan,1.500000000,2.000000000,334,430,0
2026-06-03T01:47:42,1773928451.948533058,r1,track_association,wall_like,rejected,normal_angle,detection,1,20,weak_tracked,2,3,nan,0.945180481,8.874815807,0.026667421,0.000000000,nan,nan,nan,nan,nan,nan,nan,nan,nan,8.000000000,0.300000000,1.800000000,3.000000000,nan,nan,nan,nan,nan,nan,nan,nan,nan,1.500000000,2.000000000,334,139,0
2026-06-03T01:47:42,1773928451.948533058,r1,plane_young_span_merge,wall_like,accepted,young_span_merged_duplicate_track,track,21,18,confirmed,14,0,2.398977967,nan,3.366188663,0.103292223,0.230591391,nan,nan,nan,nan,nan,nan,nan,nan,nan,4.000000000,0.120000000,0.500000000,nan,nan,nan,nan,nan,nan,nan,nan,nan,nan,1.000000000,1.000000000,67,334,1
2026-06-03T01:47:43,1773928452.146528006,r1,track_association,wall_like,accepted,selected_best_match,detection,0,2,confirmed,69,0,0.140865116,0.270818435,0.186173117,0.008196199,0.000000000,nan,nan,nan,nan,nan,nan,nan,nan,nan,8.000000000,0.300000000,1.800000000,3.000000000,nan,nan,nan,nan,nan,nan,nan,nan,nan,1.500000000,2.000000000,568,570,0
2026-06-03T01:47:43,1773928452.146528006,r1,track_association,wall_like,rejected,projected_gap,detection,0,9,weak_tracked,3,19,nan,3.666642548,4.343438630,0.148824177,2.667134962,nan,nan,nan,nan,nan,nan,nan,nan,nan,8.000000000,0.300000000,1.800000000,3.000000000,nan,nan,nan,nan,nan,nan,nan,nan,nan,1.500000000,2.000000000,568,82,0
2026-06-03T01:47:43,1773928452.146528006,r1,track_association,wall_like,rejected,normal_angle,detection,1,20,weak_tracked,2,4,nan,1.275326743,10.479797225,0.051121259,0.380561853,nan,nan,nan,nan,nan,nan,nan,nan,nan,8.000000000,0.300000000,1.800000000,3.000000000,nan,nan,nan,nan,nan,nan,nan,nan,nan,1.500000000,2.000000000,357,139,0
2026-06-03T01:47:43,1773928452.146528006,r1,track_association,wall_like,rejected,normal_angle,detection,1,18,confirmed,15,0,nan,0.119773016,8.919899038,0.016557416,0.000000000,nan,nan,nan,nan,nan,nan,nan,nan,nan,8.000000000,0.300000000,1.800000000,3.000000000,nan,nan,nan,nan,nan,nan,nan,nan,nan,1.500000000,2.000000000,357,401,0
2026-06-03T01:47:43,1773928452.146528006,r1,track_association,wall_like,rejected,normal_angle,detection,2,20,weak_tracked,2,4,nan,1.923082538,8.291283099,0.092931900,1.263195134,nan,nan,nan,nan,nan,nan,nan,nan,nan,8.000000000,0.300000000,1.800000000,3.000000000,nan,nan,nan,nan,nan,nan,nan,nan,nan,1.500000000,2.000000000,60,139,0
2026-06-03T01:47:43,1773928452.146528006,r1,track_association,wall_like,rejected,normal_angle,detection,2,18,confirmed,15,0,nan,3.142243949,11.208476622,0.163791555,2.174515931,nan,nan,nan,nan,nan,nan,nan,nan,nan,8.000000000,0.300000000,1.800000000,3.000000000,nan,nan,nan,nan,nan,nan,nan,nan,nan,1.500000000,2.000000000,60,401,0
2026-06-03T01:47:43,1773928452.146528006,r1,track_association,wall_like,accepted,selected_best_match,detection,3,19,confirmed,6,1,0.818079750,0.863438766,2.015568182,0.036897780,0.279590767,nan,nan,nan,nan,nan,nan,nan,nan,nan,8.000000000,0.300000000,1.800000000,3.000000000,nan,nan,nan,nan,nan,nan,nan,nan,nan,1.500000000,2.000000000,102,139,0
2026-06-03T01:47:43,1773928452.365528107,r1,track_association,wall_like,accepted,selected_best_match,detection,0,2,confirmed,70,0,0.212877896,0.573496481,0.082847243,0.003406949,0.000000000,nan,nan,nan,nan,nan,nan,nan,nan,nan,8.000000000,0.300000000,1.800000000,3.000000000,nan,nan,nan,nan,nan,nan,nan,nan,nan,1.500000000,2.000000000,251,568,0
2026-06-03T01:47:43,1773928452.365528107,r1,track_association,wall_like,rejected,projected_gap,detection,0,9,weak_tracked,3,20,nan,2.894505824,4.268497179,0.114427515,2.227830936,nan,nan,nan,nan,nan,nan,nan,nan,nan,8.000000000,0.300000000,1.800000000,3.000000000,nan,nan,nan,nan,nan,nan,nan,nan,nan,1.500000000,2.000000000,251,82,0
2026-06-03T01:47:43,1773928452.548527718,r1,track_association,wall_like,accepted,selected_best_match,detection,0,18,confirmed,15,2,0.747219921,0.544199205,3.773607906,0.028235759,0.000000000,nan,nan,nan,nan,nan,nan,nan,nan,nan,8.000000000,0.300000000,1.800000000,3.000000000,nan,nan,nan,nan,nan,nan,nan,nan,nan,1.500000000,2.000000000,218,401,0
2026-06-03T01:47:43,1773928452.548527718,r1,track_association,wall_like,rejected,projected_gap,detection,0,23,candidate,1,1,nan,2.640186491,7.507799454,0.068230442,2.183011985,nan,nan,nan,nan,nan,nan,nan,nan,nan,8.000000000,0.300000000,1.800000000,3.000000000,nan,nan,nan,nan,nan,nan,nan,nan,nan,1.500000000,2.000000000,218,60,0
2026-06-03T01:47:43,1773928452.548527718,r1,track_association,wall_like,accepted,selected_best_match,detection,1,19,confirmed,7,1,1.172936632,1.105665402,3.235728669,0.019460637,0.603083923,nan,nan,nan,nan,nan,nan,nan,nan,nan,8.000000000,0.300000000,1.800000000,3.000000000,nan,nan,nan,nan,nan,nan,nan,nan,nan,1.500000000,2.000000000,131,102,0
2026-06-03T01:47:43,1773928452.749527693,r1,track_association,wall_like,accepted,selected_best_match,detection,0,22,candidate,1,2,0.350750500,0.249764792,1.662264013,0.017913770,0.000000000,nan,nan,nan,nan,nan,nan,nan,nan,nan,8.000000000,0.300000000,1.800000000,3.000000000,nan,nan,nan,nan,nan,nan,nan,nan,nan,1.500000000,2.000000000,285,357,0
2026-06-03T01:47:43,1773928452.749527693,r1,track_association,wall_like,rejected,projected_gap,detection,0,23,candidate,1,2,nan,2.844472410,3.854459977,0.024259778,2.369374815,nan,nan,nan,nan,nan,nan,nan,nan,nan,8.000000000,0.300000000,1.800000000,3.000000000,nan,nan,nan,nan,nan,nan,nan,nan,nan,1.500000000,2.000000000,285,60,0
2026-06-03T01:47:43,1773928452.749527693,r1,track_association,wall_like,accepted,selected_best_match,detection,1,2,confirmed,71,1,0.141548137,0.388308098,0.070622036,0.000985305,0.000000000,nan,nan,nan,nan,nan,nan,nan,nan,nan,8.000000000,0.300000000,1.800000000,3.000000000,nan,nan,nan,nan,nan,nan,nan,nan,nan,1.500000000,2.000000000,382,251,0
2026-06-03T01:47:43,1773928452.947527885,r1,track_association,wall_like,accepted,selected_best_match,detection,0,18,confirmed,16,0,0.862575872,0.461893676,5.615104217,0.002016986,0.000000000,nan,nan,nan,nan,nan,nan,nan,nan,nan,8.000000000,0.300000000,1.800000000,3.000000000,nan,nan,nan,nan,nan,nan,nan,nan,nan,1.500000000,2.000000000,430,285,0
2026-06-03T01:47:43,1773928452.947527885,r1,track_association,wall_like,rejected,projected_gap,detection,0,23,candidate,1,3,nan,3.475413837,4.921972273,0.086360226,2.565147190,nan,nan,nan,nan,nan,nan,nan,nan,nan,8.000000000,0.300000000,1.800000000,3.000000000,nan,nan,nan,nan,nan,nan,nan,nan,nan,1.500000000,2.000000000,430,60,0
2026-06-03T01:47:44,1773928453.148522854,r1,track_association,wall_like,accepted,selected_best_match,detection,0,18,confirmed,17,0,0.908798887,0.259209470,6.175900896,0.015122436,0.000000000,nan,nan,nan,nan,nan,nan,nan,nan,nan,8.000000000,0.300000000,1.800000000,3.000000000,nan,nan,nan,nan,nan,nan,nan,nan,nan,1.500000000,2.000000000,405,430,0
2026-06-03T01:47:44,1773928453.148522854,r1,track_association,wall_like,rejected,projected_gap,detection,0,23,candidate,1,4,nan,3.389495533,3.614735567,0.120701230,2.465717848,nan,nan,nan,nan,nan,nan,nan,nan,nan,8.000000000,0.300000000,1.800000000,3.000000000,nan,nan,nan,nan,nan,nan,nan,nan,nan,1.500000000,2.000000000,405,60,0
2026-06-03T01:47:44,1773928453.148522854,r1,track_association,wall_like,rejected,normal_angle,detection,0,20,weak_tracked,2,9,nan,1.573734579,11.154869676,0.066456878,0.287891501,nan,nan,nan,nan,nan,nan,nan,nan,nan,8.000000000,0.300000000,1.800000000,3.000000000,nan,nan,nan,nan,nan,nan,nan,nan,nan,1.500000000,2.000000000,405,139,0
2026-06-03T01:47:44,1773928453.148522854,r1,track_association,wall_like,accepted,selected_best_match,detection,1,2,confirmed,72,1,0.148938118,0.325197837,0.244869695,0.002979038,0.000000000,nan,nan,nan,nan,nan,nan,nan,nan,nan,8.000000000,0.300000000,1.800000000,3.000000000,nan,nan,nan,nan,nan,nan,nan,nan,nan,1.500000000,2.000000000,444,382,0
2026-06-03T01:47:44,1773928453.325522900,r1,track_association,wall_like,accepted,selected_best_match,detection,0,2,confirmed,73,0,0.181109238,0.393671200,0.120945873,0.010430181,0.000000000,nan,nan,nan,nan,nan,nan,nan,nan,nan,8.000000000,0.300000000,1.800000000,3.000000000,nan,nan,nan,nan,nan,nan,nan,nan,nan,1.500000000,2.000000000,513,444,0
2026-06-03T01:47:44,1773928453.325522900,r1,track_association,wall_like,accepted,selected_best_match,detection,2,18,confirmed,18,0,0.785250884,0.150155364,5.761218444,0.004514037,0.000000000,nan,nan,nan,nan,nan,nan,nan,nan,nan,8.000000000,0.300000000,1.800000000,3.000000000,nan,nan,nan,nan,nan,nan,nan,nan,nan,1.500000000,2.000000000,415,405,0
2026-06-03T01:47:44,1773928453.325522900,r1,track_association,wall_like,rejected,projected_gap,detection,2,23,candidate,1,5,nan,3.045664315,2.540047840,0.068421801,2.263801233,nan,nan,nan,nan,nan,nan,nan,nan,nan,8.000000000,0.300000000,1.800000000,3.000000000,nan,nan,nan,nan,nan,nan,nan,nan,nan,1.500000000,2.000000000,415,60,0
2026-06-03T01:47:44,1773928453.325522900,r1,track_association,wall_like,rejected,normal_angle,detection,2,20,weak_tracked,2,10,nan,1.242316728,10.359577304,0.062548629,0.096797715,nan,nan,nan,nan,nan,nan,nan,nan,nan,8.000000000,0.300000000,1.800000000,3.000000000,nan,nan,nan,nan,nan,nan,nan,nan,nan,1.500000000,2.000000000,415,139,0
2026-06-03T01:47:44,1773928453.325522900,r1,track_association,wall_like,accepted,selected_best_match,detection,3,23,candidate,1,5,0.722969134,0.428067529,3.587224934,0.039563052,0.000000000,nan,nan,nan,nan,nan,nan,nan,nan,nan,8.000000000,0.300000000,1.800000000,3.000000000,nan,nan,nan,nan,nan,nan,nan,nan,nan,1.500000000,2.000000000,85,60,0
2026-06-03T01:47:44,1773928453.325522900,r1,track_association,wall_like,rejected,normal_angle,detection,3,20,weak_tracked,2,10,nan,2.289770023,9.262556687,0.106597211,1.562722426,nan,nan,nan,nan,nan,nan,nan,nan,nan,8.000000000,0.300000000,1.800000000,3.000000000,nan,nan,nan,nan,nan,nan,nan,nan,nan,1.500000000,2.000000000,85,139,0
2026-06-03T01:47:44,1773928453.547523022,r1,track_association,wall_like,accepted,selected_best_match,detection,0,18,confirmed,19,0,0.468279096,0.465433785,2.266199357,0.008957874,0.000000000,nan,nan,nan,nan,nan,nan,nan,nan,nan,8.000000000,0.300000000,1.800000000,3.000000000,nan,nan,nan,nan,nan,nan,nan,nan,nan,1.500000000,2.000000000,333,415,0
2026-06-03T01:47:44,1773928453.547523022,r1,track_association,wall_like,accepted,selected_best_match,detection,2,23,weak_tracked,2,0,0.962346237,0.288288777,6.275949956,0.024526870,0.000000000,nan,nan,nan,nan,nan,nan,nan,nan,nan,8.000000000,0.300000000,1.800000000,3.000000000,nan,nan,nan,nan,nan,nan,nan,nan,nan,1.500000000,2.000000000,130,85,0
2026-06-03T01:47:44,1773928453.547523022,r1,track_association,wall_like,accepted,selected_best_match,detection,3,2,confirmed,74,0,0.169890907,0.394403377,0.152145270,0.005821487,0.000000000,nan,nan,nan,nan,nan,nan,nan,nan,nan,8.000000000,0.300000000,1.800000000,3.000000000,nan,nan,nan,nan,nan,nan,nan,nan,nan,1.500000000,2.000000000,522,513,0
2026-06-03T01:47:44,1773928453.547523022,r1,track_association,wall_like,accepted,selected_best_match,detection,4,24,candidate,1,0,0.210213272,0.149111447,1.095645937,0.007066114,0.000000000,nan,nan,nan,nan,nan,nan,nan,nan,nan,8.000000000,0.300000000,1.800000000,3.000000000,nan,nan,nan,nan,nan,nan,nan,nan,nan,1.500000000,2.000000000,55,56,0
2026-06-03T01:47:44,1773928453.727523088,r1,track_association,wall_like,accepted,selected_best_match,detection,0,2,confirmed,75,0,0.300787162,0.755154764,0.220312210,0.006458964,0.000000000,nan,nan,nan,nan,nan,nan,nan,nan,nan,8.000000000,0.300000000,1.800000000,3.000000000,nan,nan,nan,nan,nan,nan,nan,nan,nan,1.500000000,2.000000000,358,522,0
2026-06-03T01:47:44,1773928453.727523088,r1,track_association,wall_like,rejected,projected_gap,detection,0,24,weak_tracked,2,0,nan,3.128196377,2.341588593,0.097262976,2.435858795,nan,nan,nan,nan,nan,nan,nan,nan,nan,8.000000000,0.300000000,1.800000000,3.000000000,nan,nan,nan,nan,nan,nan,nan,nan,nan,1.500000000,2.000000000,358,55,0
2026-06-03T01:47:44,1773928453.727523088,r1,track_association,wall_like,accepted,selected_best_match,detection,1,23,weak_tracked,3,0,1.056770944,1.210416517,0.723010886,0.033750260,0.810758779,nan,nan,nan,nan,nan,nan,nan,nan,nan,8.000000000,0.300000000,1.800000000,3.000000000,nan,nan,nan,nan,nan,nan,nan,nan,nan,1.500000000,2.000000000,308,130,0
2026-06-03T01:47:44,1773928453.727523088,r1,track_association,wall_like,rejected,normal_angle,detection,1,20,weak_tracked,2,12,nan,0.896852436,9.221676982,0.053665342,0.127667028,nan,nan,nan,nan,nan,nan,nan,nan,nan,8.000000000,0.300000000,1.800000000,3.000000000,nan,nan,nan,nan,nan,nan,nan,nan,nan,1.500000000,2.000000000,308,139,0
2026-06-03T01:47:44,1773928453.727523088,r1,track_association,wall_like,accepted,selected_best_match,detection,3,18,confirmed,20,0,1.747439996,1.100057259,6.648413700,0.060636108,0.625647905,nan,nan,nan,nan,nan,nan,nan,nan,nan,8.000000000,0.300000000,1.800000000,3.000000000,nan,nan,nan,nan,nan,nan,nan,nan,nan,1.500000000,2.000000000,69,333,0
2026-06-03T01:47:44,1773928453.727523088,r1,track_association,wall_like,rejected,normal_angle,detection,3,20,weak_tracked,2,12,nan,2.509127582,9.458765577,0.051592008,1.850971891,nan,nan,nan,nan,nan,nan,nan,nan,nan,8.000000000,0.300000000,1.800000000,3.000000000,nan,nan,nan,nan,nan,nan,nan,nan,nan,1.500000000,2.000000000,69,139,0
2026-06-03T01:47:44,1773928453.727523088,r1,track_association,wall_like,rejected,projected_gap,detection,3,19,stale,8,5,nan,3.009348248,6.346293291,0.249158624,2.509853290,nan,nan,nan,nan,nan,nan,nan,nan,nan,8.000000000,0.300000000,1.800000000,3.000000000,nan,nan,nan,nan,nan,nan,nan,nan,nan,1.500000000,2.000000000,69,131,0
2026-06-03T01:47:44,1773928453.925522804,r1,track_association,wall_like,accepted,selected_best_match,detection,0,2,confirmed,76,0,0.180468111,0.349117708,0.233141431,0.010485859,0.000000000,nan,nan,nan,nan,nan,nan,nan,nan,nan,8.000000000,0.300000000,1.800000000,3.000000000,nan,nan,nan,nan,nan,nan,nan,nan,nan,1.500000000,2.000000000,528,358,0
2026-06-03T01:47:44,1773928453.925522804,r1,track_association,wall_like,rejected,projected_gap,detection,0,24,weak_tracked,2,1,nan,3.339201043,2.371275342,0.111355023,2.670331691,nan,nan,nan,nan,nan,nan,nan,nan,nan,8.000000000,0.300000000,1.800000000,3.000000000,nan,nan,nan,nan,nan,nan,nan,nan,nan,1.500000000,2.000000000,528,55,0
2026-06-03T01:47:44,1773928453.925522804,r1,track_association,wall_like,accepted,selected_best_match,detection,1,24,weak_tracked,2,1,0.550361952,0.559314511,1.454880998,0.016481418,0.228826074,nan,nan,nan,nan,nan,nan,nan,nan,nan,8.000000000,0.300000000,1.800000000,3.000000000,nan,nan,nan,nan,nan,nan,nan,nan,nan,1.500000000,2.000000000,62,55,0
2026-06-03T01:47:44,1773928453.925522804,r1,track_association,wall_like,accepted,selected_best_match,detection,2,23,confirmed,4,0,0.810109359,0.228927327,4.970124050,0.033760423,0.000000000,nan,nan,nan,nan,nan,nan,nan,nan,nan,8.000000000,0.300000000,1.800000000,3.000000000,nan,nan,nan,nan,nan,nan,nan,nan,nan,1.500000000,2.000000000,155,308,0
2026-06-03T01:47:44,1773928453.925522804,r1,track_association,wall_like,rejected,normal_angle,detection,2,18,confirmed,21,0,nan,3.204202674,8.567294617,0.162164094,2.655908684,nan,nan,nan,nan,nan,nan,nan,nan,nan,8.000000000,0.300000000,1.800000000,3.000000000,nan,nan,nan,nan,nan,nan,nan,nan,nan,1.500000000,2.000000000,155,69,0
2026-06-03T01:47:44,1773928453.925522804,r1,track_association,wall_like,accepted,selected_best_match,detection,4,18,confirmed,21,0,0.280791251,0.209035877,1.287359473,0.015057808,0.000000000,nan,nan,nan,nan,nan,nan,nan,nan,nan,8.000000000,0.300000000,1.800000000,3.000000000,nan,nan,nan,nan,nan,nan,nan,nan,nan,1.500000000,2.000000000,218,69,0
2026-06-03T01:47:45,1773928454.129518032,r1,track_association,wall_like,accepted,selected_best_match,detection,0,2,confirmed,77,0,0.155230007,0.307155324,0.179143747,0.009135579,0.000000000,nan,nan,nan,nan,nan,nan,nan,nan,nan,8.000000000,0.300000000,1.800000000,3.000000000,nan,nan,nan,nan,nan,nan,nan,nan,nan,1.500000000,2.000000000,547,528,0
2026-06-03T01:47:45,1773928454.129518032,r1,track_association,wall_like,accepted,selected_best_match,detection,1,24,confirmed,3,0,0.449297409,0.513944512,0.915168175,0.015156083,0.203519295,nan,nan,nan,nan,nan,nan,nan,nan,nan,8.000000000,0.300000000,1.800000000,3.000000000,nan,nan,nan,nan,nan,nan,nan,nan,nan,1.500000000,2.000000000,59,62,0
2026-06-03T01:47:45,1773928454.129518032,r1,track_association,wall_like,accepted,selected_best_match,detection,2,18,confirmed,22,0,1.161061810,1.707511494,1.458753402,0.016081832,0.640693854,nan,nan,nan,nan,nan,nan,nan,nan,nan,8.000000000,0.300000000,1.800000000,3.000000000,nan,nan,nan,nan,nan,nan,nan,nan,nan,1.500000000,2.000000000,519,218,0
2026-06-03T01:47:45,1773928454.330518007,r1,track_association,wall_like,accepted,selected_best_match,detection,0,2,confirmed,78,0,0.164725096,0.352352386,0.134497783,0.009138623,0.000000000,nan,nan,nan,nan,nan,nan,nan,nan,nan,8.000000000,0.300000000,1.800000000,3.000000000,nan,nan,nan,nan,nan,nan,nan,nan,nan,1.500000000,2.000000000,591,547,0
2026-06-03T01:47:45,1773928454.330518007,r1,track_association,wall_like,accepted,selected_best_match,detection,1,24,confirmed,4,0,0.337980688,0.457518042,0.330470943,0.015520067,0.166378046,nan,nan,nan,nan,nan,nan,nan,nan,nan,8.000000000,0.300000000,1.800000000,3.000000000,nan,nan,nan,nan,nan,nan,nan,nan,nan,1.500000000,2.000000000,66,59,0
2026-06-03T01:47:45,1773928454.330518007,r1,track_association,wall_like,accepted,selected_best_match,detection,2,18,confirmed,23,0,0.551919631,1.106000069,0.699724306,0.013720450,0.090094627,nan,nan,nan,nan,nan,nan,nan,nan,nan,8.000000000,0.300000000,1.800000000,3.000000000,nan,nan,nan,nan,nan,nan,nan,nan,nan,1.500000000,2.000000000,363,519,0
2026-06-03T01:47:45,1773928454.525517702,r1,track_association,wall_like,accepted,selected_best_match,detection,0,2,confirmed,79,0,0.163989875,0.432190741,0.058506457,0.003783896,0.000000000,nan,nan,nan,nan,nan,nan,nan,nan,nan,8.000000000,0.300000000,1.800000000,3.000000000,nan,nan,nan,nan,nan,nan,nan,nan,nan,1.500000000,2.000000000,643,591,0
2026-06-03T01:47:45,1773928454.525517702,r1,track_association,wall_like,accepted,selected_best_match,detection,1,24,confirmed,5,0,0.269402804,0.385136481,0.452200940,0.011769798,0.081479160,nan,nan,nan,nan,nan,nan,nan,nan,nan,8.000000000,0.300000000,1.800000000,3.000000000,nan,nan,nan,nan,nan,nan,nan,nan,nan,1.500000000,2.000000000,64,66,0
2026-06-03T01:47:45,1773928454.525517702,r1,track_association,wall_like,accepted,selected_best_match,detection,2,18,confirmed,24,0,0.966689197,1.032429235,4.761710157,0.008199705,0.000000000,nan,nan,nan,nan,nan,nan,nan,nan,nan,8.000000000,0.300000000,1.800000000,3.000000000,nan,nan,nan,nan,nan,nan,nan,nan,nan,1.500000000,2.000000000,435,363,0
2026-06-03T01:47:45,1773928454.525517702,r1,track_association,wall_like,rejected,normal_angle,detection,2,20,weak_tracked,2,16,nan,0.460048232,8.643602055,0.043336001,0.000000000,nan,nan,nan,nan,nan,nan,nan,nan,nan,8.000000000,0.300000000,1.800000000,3.000000000,nan,nan,nan,nan,nan,nan,nan,nan,nan,1.500000000,2.000000000,435,139,0
2026-06-03T01:47:45,1773928454.525517702,r1,track_association,wall_like,rejected,normal_angle,detection,3,25,candidate,1,0,nan,2.012013382,10.209039241,0.181932421,1.125937998,nan,nan,nan,nan,nan,nan,nan,nan,nan,8.000000000,0.300000000,1.800000000,3.000000000,nan,nan,nan,nan,nan,nan,nan,nan,nan,1.500000000,2.000000000,159,97,0
2026-06-03T01:47:45,1773928454.525517702,r1,track_association,wall_like,rejected,normal_angle,detection,3,23,confirmed,5,2,nan,0.044121378,8.716751998,0.022661940,0.000000000,nan,nan,nan,nan,nan,nan,nan,nan,nan,8.000000000,0.300000000,1.800000000,3.000000000,nan,nan,nan,nan,nan,nan,nan,nan,nan,1.500000000,2.000000000,159,155,0
2026-06-03T01:47:45,1773928454.747517824,r1,track_association,wall_like,accepted,selected_best_match,detection,0,20,weak_tracked,2,17,0.921018416,1.126752325,2.607368078,0.035494535,0.182156729,nan,nan,nan,nan,nan,nan,nan,nan,nan,8.000000000,0.300000000,1.800000000,3.000000000,nan,nan,nan,nan,nan,nan,nan,nan,nan,1.500000000,2.000000000,358,139,0
2026-06-03T01:47:45,1773928454.747517824,r1,track_association,wall_like,rejected,normal_angle,detection,0,18,confirmed,25,0,nan,1.687769223,9.973802684,0.029952006,0.713829204,nan,nan,nan,nan,nan,nan,nan,nan,nan,8.000000000,0.300000000,1.800000000,3.000000000,nan,nan,nan,nan,nan,nan,nan,nan,nan,1.500000000,2.000000000,358,435,0
2026-06-03T01:47:45,1773928454.747517824,r1,track_association,wall_like,accepted,selected_best_match,detection,1,18,confirmed,25,0,1.626923226,1.222248593,6.951826832,0.036661775,0.410980968,nan,nan,nan,nan,nan,nan,nan,nan,nan,8.000000000,0.300000000,1.800000000,3.000000000,nan,nan,nan,nan,nan,nan,nan,nan,nan,1.500000000,2.000000000,126,435,0
2026-06-03T01:47:45,1773928454.747517824,r1,track_association,wall_like,accepted,selected_best_match,detection,2,2,confirmed,80,0,0.153869333,0.411306751,0.024211093,0.004122209,0.000000000,nan,nan,nan,nan,nan,nan,nan,nan,nan,8.000000000,0.300000000,1.800000000,3.000000000,nan,nan,nan,nan,nan,nan,nan,nan,nan,1.500000000,2.000000000,629,643,0
2026-06-03T01:47:45,1773928454.747517824,r1,track_association,wall_like,accepted,selected_best_match,detection,3,24,confirmed,6,0,0.344605709,0.468169606,0.462051920,0.014437678,0.148800762,nan,nan,nan,nan,nan,nan,nan,nan,nan,8.000000000,0.300000000,1.800000000,3.000000000,nan,nan,nan,nan,nan,nan,nan,nan,nan,1.500000000,2.000000000,69,64,0
2026-06-03T01:47:45,1773928454.747517824,r1,track_association,wall_like,rejected,normal_angle,detection,5,25,candidate,1,1,nan,1.611572791,11.281906028,0.033959396,1.007159212,nan,nan,nan,nan,nan,nan,nan,nan,nan,8.000000000,0.300000000,1.800000000,3.000000000,nan,nan,nan,nan,nan,nan,nan,nan,nan,1.500000000,2.000000000,66,97,0
2026-06-03T01:47:45,1773928454.948518038,r1,track_association,wall_like,accepted,selected_best_match,detection,0,2,confirmed,81,0,0.120964584,0.238134989,0.153702948,0.006712016,0.000000000,nan,nan,nan,nan,nan,nan,nan,nan,nan,8.000000000,0.300000000,1.800000000,3.000000000,nan,nan,nan,nan,nan,nan,nan,nan,nan,1.500000000,2.000000000,533,629,0
2026-06-03T01:47:45,1773928454.948518038,r1,track_association,wall_like,accepted,selected_best_match,detection,1,24,confirmed,7,0,0.325790631,0.486562472,0.163013063,0.015924748,0.162259226,nan,nan,nan,nan,nan,nan,nan,nan,nan,8.000000000,0.300000000,1.800000000,3.000000000,nan,nan,nan,nan,nan,nan,nan,nan,nan,1.500000000,2.000000000,65,69,0
2026-06-03T01:47:45,1773928454.948518038,r1,track_association,wall_like,accepted,selected_best_match,detection,2,18,confirmed,26,0,0.557156020,0.795221540,2.287664567,0.001837231,0.000000000,nan,nan,nan,nan,nan,nan,nan,nan,nan,8.000000000,0.300000000,1.800000000,3.000000000,nan,nan,nan,nan,nan,nan,nan,nan,nan,1.500000000,2.000000000,535,126,0
2026-06-03T01:47:46,1773928455.125508070,r1,track_association,wall_like,accepted,selected_best_match,detection,0,2,confirmed,82,0,0.100707708,0.243585783,0.139297281,0.000630086,0.000000000,nan,nan,nan,nan,nan,nan,nan,nan,nan,8.000000000,0.300000000,1.800000000,3.000000000,nan,nan,nan,nan,nan,nan,nan,nan,nan,1.500000000,2.000000000,551,533,0
2026-06-03T01:47:46,1773928455.125508070,r1,track_association,wall_like,accepted,selected_best_match,detection,1,24,confirmed,8,0,0.315740200,0.390799669,0.637866053,0.013957702,0.106586485,nan,nan,nan,nan,nan,nan,nan,nan,nan,8.000000000,0.300000000,1.800000000,3.000000000,nan,nan,nan,nan,nan,nan,nan,nan,nan,1.500000000,2.000000000,77,65,0
2026-06-03T01:47:46,1773928455.125508070,r1,track_association,wall_like,accepted,selected_best_match,detection,2,18,confirmed,27,0,0.566991300,0.783411165,2.187648532,0.009719454,0.000000000,nan,nan,nan,nan,nan,nan,nan,nan,nan,8.000000000,0.300000000,1.800000000,3.000000000,nan,nan,nan,nan,nan,nan,nan,nan,nan,1.500000000,2.000000000,647,535,0
2026-06-03T01:47:46,1773928455.125508070,r1,track_association,wall_like,rejected,normal_angle,detection,2,20,weak_tracked,3,1,nan,0.432508223,8.845077242,0.041390471,0.000000000,nan,nan,nan,nan,nan,nan,nan,nan,nan,8.000000000,0.300000000,1.800000000,3.000000000,nan,nan,nan,nan,nan,nan,nan,nan,nan,1.500000000,2.000000000,647,358,0
2026-06-03T01:47:46,1773928455.347507954,r1,track_association,wall_like,accepted,selected_best_match,detection,0,20,weak_tracked,3,2,1.209226854,0.950970112,5.768186567,0.037410053,0.083723977,nan,nan,nan,nan,nan,nan,nan,nan,nan,8.000000000,0.300000000,1.800000000,3.000000000,nan,nan,nan,nan,nan,nan,nan,nan,nan,1.500000000,2.000000000,220,358,0
2026-06-03T01:47:46,1773928455.347507954,r1,track_association,wall_like,accepted,selected_best_match,detection,1,18,confirmed,28,0,1.181613400,1.044813475,5.708590350,0.026730674,0.055199162,nan,nan,nan,nan,nan,nan,nan,nan,nan,8.000000000,0.300000000,1.800000000,3.000000000,nan,nan,nan,nan,nan,nan,nan,nan,nan,1.500000000,2.000000000,129,647,0
2026-06-03T01:47:46,1773928455.347507954,r1,track_association,wall_like,accepted,selected_best_match,detection,2,2,confirmed,83,0,0.150399414,0.372658335,0.117353633,0.003453229,0.000000000,nan,nan,nan,nan,nan,nan,nan,nan,nan,8.000000000,0.300000000,1.800000000,3.000000000,nan,nan,nan,nan,nan,nan,nan,nan,nan,1.500000000,2.000000000,509,551,0
2026-06-03T01:47:46,1773928455.347507954,r1,track_association,wall_like,accepted,selected_best_match,detection,3,24,confirmed,9,0,0.444207459,0.599435473,0.416682836,0.009608251,0.288508999,nan,nan,nan,nan,nan,nan,nan,nan,nan,8.000000000,0.300000000,1.800000000,3.000000000,nan,nan,nan,nan,nan,nan,nan,nan,nan,1.500000000,2.000000000,87,77,0
2026-06-03T01:47:46,1773928455.527508020,r1,track_association,wall_like,accepted,selected_best_match,detection,0,18,confirmed,29,0,0.950555301,0.782687935,5.429046906,0.003308538,0.000000000,nan,nan,nan,nan,nan,nan,nan,nan,nan,8.000000000,0.300000000,1.800000000,3.000000000,nan,nan,nan,nan,nan,nan,nan,nan,nan,1.500000000,2.000000000,312,129,0
2026-06-03T01:47:46,1773928455.527508020,r1,track_association,wall_like,rejected,normal_angle,detection,0,25,candidate,1,5,nan,0.354856406,11.841642181,0.069467339,0.000000000,nan,nan,nan,nan,nan,nan,nan,nan,nan,8.000000000,0.300000000,1.800000000,3.000000000,nan,nan,nan,nan,nan,nan,nan,nan,nan,1.500000000,2.000000000,312,97,0
2026-06-03T01:47:46,1773928455.527508020,r1,track_association,wall_like,accepted,selected_best_match,detection,1,2,confirmed,84,0,0.222208217,0.456921979,0.400587389,0.005948240,0.000000000,nan,nan,nan,nan,nan,nan,nan,nan,nan,8.000000000,0.300000000,1.800000000,3.000000000,nan,nan,nan,nan,nan,nan,nan,nan,nan,1.500000000,2.000000000,551,509,0
2026-06-03T01:47:46,1773928455.527508020,r1,track_association,wall_like,rejected,projected_gap,detection,1,24,confirmed,10,0,nan,3.522237809,1.446944689,0.080596412,2.547361179,nan,nan,nan,nan,nan,nan,nan,nan,nan,8.000000000,0.300000000,1.800000000,3.000000000,nan,nan,nan,nan,nan,nan,nan,nan,nan,1.500000000,2.000000000,551,87,0
2026-06-03T01:47:46,1773928455.527508020,r1,track_association,wall_like,accepted,selected_best_match,detection,2,24,confirmed,10,0,0.606019946,0.763881922,0.925070535,0.007577345,0.378901810,nan,nan,nan,nan,nan,nan,nan,nan,nan,8.000000000,0.300000000,1.800000000,3.000000000,nan,nan,nan,nan,nan,nan,nan,nan,nan,1.500000000,2.000000000,84,87,0
2026-06-03T01:47:46,1773928455.527508020,r1,track_association,wall_like,rejected,normal_angle,detection,4,25,candidate,1,5,nan,3.005869633,10.903492482,0.098813217,2.290664076,nan,nan,nan,nan,nan,nan,nan,nan,nan,8.000000000,0.300000000,1.800000000,3.000000000,nan,nan,nan,nan,nan,nan,nan,nan,nan,1.500000000,2.000000000,59,97,0
2026-06-03T01:47:46,1773928455.749507904,r1,track_association,wall_like,accepted,selected_best_match,detection,0,2,confirmed,85,0,0.190408034,0.463114243,0.047711429,0.009021807,0.000000000,nan,nan,nan,nan,nan,nan,nan,nan,nan,8.000000000,0.300000000,1.800000000,3.000000000,nan,nan,nan,nan,nan,nan,nan,nan,nan,1.500000000,2.000000000,585,551,0
2026-06-03T01:47:46,1773928455.749507904,r1,track_association,wall_like,rejected,projected_gap,detection,0,24,confirmed,11,0,nan,3.591717417,1.462366569,0.076256038,2.513399175,nan,nan,nan,nan,nan,nan,nan,nan,nan,8.000000000,0.300000000,1.800000000,3.000000000,nan,nan,nan,nan,nan,nan,nan,nan,nan,1.500000000,2.000000000,585,84,0
2026-06-03T01:47:46,1773928455.749507904,r1,track_association,wall_like,accepted,selected_best_match,detection,1,24,confirmed,11,0,0.558701218,0.760102484,0.763695385,0.011930136,0.306188425,nan,nan,nan,nan,nan,nan,nan,nan,nan,8.000000000,0.300000000,1.800000000,3.000000000,nan,nan,nan,nan,nan,nan,nan,nan,nan,1.500000000,2.000000000,126,84,0
2026-06-03T01:47:46,1773928455.749507904,r1,track_association,wall_like,rejected,normal_angle,detection,2,31,candidate,1,0,nan,0.148550024,8.548436926,0.048436567,0.000000000,nan,nan,nan,nan,nan,nan,nan,nan,nan,8.000000000,0.300000000,1.800000000,3.000000000,nan,nan,nan,nan,nan,nan,nan,nan,nan,1.500000000,2.000000000,100,59,0
2026-06-03T01:47:46,1773928455.749507904,r1,track_association,wall_like,accepted,selected_best_match,detection,3,20,weak_tracked,4,1,0.540332324,0.540060595,1.560944864,0.049558205,0.000000000,nan,nan,nan,nan,nan,nan,nan,nan,nan,8.000000000,0.300000000,1.800000000,3.000000000,nan,nan,nan,nan,nan,nan,nan,nan,nan,1.500000000,2.000000000,196,220,0
2026-06-03T01:47:46,1773928455.749507904,r1,track_association,wall_like,rejected,normal_angle,detection,3,18,confirmed,30,0,nan,0.809889615,10.502230110,0.043466639,0.000000000,nan,nan,nan,nan,nan,nan,nan,nan,nan,8.000000000,0.300000000,1.800000000,3.000000000,nan,nan,nan,nan,nan,nan,nan,nan,nan,1.500000000,2.000000000,196,312,0
2026-06-03T01:47:46,1773928455.749507904,r1,track_association,wall_like,accepted,selected_best_match,detection,4,18,confirmed,30,0,0.264468674,0.478645490,0.671020739,0.006312775,0.000000000,nan,nan,nan,nan,nan,nan,nan,nan,nan,8.000000000,0.300000000,1.800000000,3.000000000,nan,nan,nan,nan,nan,nan,nan,nan,nan,1.500000000,2.000000000,228,312,0
2026-06-03T01:47:46,1773928455.749507904,r1,track_association,wall_like,rejected,projected_gap,detection,4,31,candidate,1,0,nan,2.780676051,5.846886927,0.041072410,1.986807531,nan,nan,nan,nan,nan,nan,nan,nan,nan,8.000000000,0.300000000,1.800000000,3.000000000,nan,nan,nan,nan,nan,nan,nan,nan,nan,1.500000000,2.000000000,228,59,0
2026-06-03T01:47:46,1773928455.749507904,r1,track_association,wall_like,accepted,selected_best_match,detection,5,29,candidate,1,3,0.278419616,0.194304731,0.982088037,0.027267110,0.000000000,nan,nan,nan,nan,nan,nan,nan,nan,nan,8.000000000,0.300000000,1.800000000,3.000000000,nan,nan,nan,nan,nan,nan,nan,nan,nan,1.500000000,2.000000000,117,103,0
2026-06-03T01:47:46,1773928455.926507950,r1,track_association,wall_like,accepted,selected_best_match,detection,0,2,confirmed,86,0,0.182675511,0.488924126,0.096920977,0.002275704,0.000000000,nan,nan,nan,nan,nan,nan,nan,nan,nan,8.000000000,0.300000000,1.800000000,3.000000000,nan,nan,nan,nan,nan,nan,nan,nan,nan,1.500000000,2.000000000,597,585,0
2026-06-03T01:47:46,1773928455.926507950,r1,track_association,wall_like,rejected,projected_gap,detection,0,24,confirmed,12,0,nan,3.640999440,1.268489859,0.061769830,2.368299111,nan,nan,nan,nan,nan,nan,nan,nan,nan,8.000000000,0.300000000,1.800000000,3.000000000,nan,nan,nan,nan,nan,nan,nan,nan,nan,1.500000000,2.000000000,597,126,0
2026-06-03T01:47:46,1773928455.926507950,r1,track_association,wall_like,accepted,selected_best_match,detection,1,24,confirmed,12,0,0.606555796,0.917842531,0.502976099,0.013226097,0.348568712,nan,nan,nan,nan,nan,nan,nan,nan,nan,8.000000000,0.300000000,1.800000000,3.000000000,nan,nan,nan,nan,nan,nan,nan,nan,nan,1.500000000,2.000000000,146,126,0
2026-06-03T01:47:46,1773928455.926507950,r1,track_association,wall_like,accepted,selected_best_match,detection,2,18,confirmed,31,0,0.514794229,0.742007116,1.519879624,0.023242071,0.000000000,nan,nan,nan,nan,nan,nan,nan,nan,nan,8.000000000,0.300000000,1.800000000,3.000000000,nan,nan,nan,nan,nan,nan,nan,nan,nan,1.500000000,2.000000000,529,228,0
2026-06-03T01:47:46,1773928455.926507950,r1,track_association,wall_like,rejected,normal_angle,detection,2,20,weak_tracked,5,0,nan,0.243931689,10.674190486,0.021763784,0.000000000,nan,nan,nan,nan,nan,nan,nan,nan,nan,8.000000000,0.300000000,1.800000000,3.000000000,nan,nan,nan,nan,nan,nan,nan,nan,nan,1.500000000,2.000000000,529,196,0
2026-06-03T01:47:46,1773928455.926507950,r1,track_association,wall_like,rejected,plane_offset,detection,2,32,candidate,1,0,nan,2.266938052,7.022141836,0.343993054,1.310192221,nan,nan,nan,nan,nan,nan,nan,nan,nan,8.000000000,0.300000000,1.800000000,3.000000000,nan,nan,nan,nan,nan,nan,nan,nan,nan,1.500000000,2.000000000,529,100,0
2026-06-03T01:47:47,1773928456.145503044,r1,track_association,wall_like,accepted,selected_best_match,detection,0,2,confirmed,87,0,0.206188584,0.521695322,0.209913318,0.001815294,0.000000000,nan,nan,nan,nan,nan,nan,nan,nan,nan,8.000000000,0.300000000,1.800000000,3.000000000,nan,nan,nan,nan,nan,nan,nan,nan,nan,1.500000000,2.000000000,611,597,0
2026-06-03T01:47:47,1773928456.145503044,r1,track_association,wall_like,rejected,projected_gap,detection,0,24,confirmed,13,0,nan,3.714946621,1.129520040,0.056043641,2.237266246,nan,nan,nan,nan,nan,nan,nan,nan,nan,8.000000000,0.300000000,1.800000000,3.000000000,nan,nan,nan,nan,nan,nan,nan,nan,nan,1.500000000,2.000000000,611,146,0
2026-06-03T01:47:47,1773928456.145503044,r1,track_association,wall_like,accepted,selected_best_match,detection,1,24,confirmed,13,0,0.519809962,0.963733433,0.404310604,0.011164021,0.199463858,nan,nan,nan,nan,nan,nan,nan,nan,nan,8.000000000,0.300000000,1.800000000,3.000000000,nan,nan,nan,nan,nan,nan,nan,nan,nan,1.500000000,2.000000000,186,146,0
2026-06-03T01:47:47,1773928456.145503044,r1,track_association,wall_like,accepted,selected_best_match,detection,2,18,confirmed,32,0,1.025533293,1.616484642,0.936687040,0.012908098,0.587865971,nan,nan,nan,nan,nan,nan,nan,nan,nan,8.000000000,0.300000000,1.800000000,3.000000000,nan,nan,nan,nan,nan,nan,nan,nan,nan,1.500000000,2.000000000,289,529,0
2026-06-03T01:47:47,1773928456.145503044,r1,track_association,wall_like,rejected,normal_angle,detection,2,20,weak_tracked,5,1,nan,0.912521229,9.410281106,0.019862732,0.000000000,nan,nan,nan,nan,nan,nan,nan,nan,nan,8.000000000,0.300000000,1.800000000,3.000000000,nan,nan,nan,nan,nan,nan,nan,nan,nan,1.500000000,2.000000000,289,196,0
2026-06-03T01:47:47,1773928456.145503044,r1,track_association,wall_like,rejected,normal_angle,detection,2,32,candidate,1,1,nan,1.214399818,8.695114454,0.197685072,0.368211912,nan,nan,nan,nan,nan,nan,nan,nan,nan,8.000000000,0.300000000,1.800000000,3.000000000,nan,nan,nan,nan,nan,nan,nan,nan,nan,1.500000000,2.000000000,289,100,0
2026-06-03T01:47:47,1773928456.145503044,r1,track_association,wall_like,rejected,normal_angle,detection,3,20,weak_tracked,5,1,nan,1.747781208,9.207930503,0.028526018,0.825446175,nan,nan,nan,nan,nan,nan,nan,nan,nan,8.000000000,0.300000000,1.800000000,3.000000000,nan,nan,nan,nan,nan,nan,nan,nan,nan,1.500000000,2.000000000,206,196,0
2026-06-03T01:47:47,1773928456.145503044,r1,track_association,wall_like,accepted,selected_best_match,detection,5,29,weak_tracked,2,1,0.325610367,0.095717179,2.323651515,0.000974460,0.000000000,nan,nan,nan,nan,nan,nan,nan,nan,nan,8.000000000,0.300000000,1.800000000,3.000000000,nan,nan,nan,nan,nan,nan,nan,nan,nan,1.500000000,2.000000000,90,117,0
2026-06-03T01:47:47,1773928456.349503040,r1,track_association,wall_like,accepted,selected_best_match,detection,0,2,confirmed,88,0,0.201188568,0.456249624,0.062754228,0.012378325,0.000000000,nan,nan,nan,nan,nan,nan,nan,nan,nan,8.000000000,0.300000000,1.800000000,3.000000000,nan,nan,nan,nan,nan,nan,nan,nan,nan,1.500000000,2.000000000,645,611,0
2026-06-03T01:47:47,1773928456.349503040,r1,track_association,wall_like,rejected,projected_gap,detection,0,24,confirmed,14,0,nan,3.892890348,1.183492510,0.063073912,2.149909188,nan,nan,nan,nan,nan,nan,nan,nan,nan,8.000000000,0.300000000,1.800000000,3.000000000,nan,nan,nan,nan,nan,nan,nan,nan,nan,1.500000000,2.000000000,645,186,0
2026-06-03T01:47:47,1773928456.349503040,r1,track_association,wall_like,accepted,selected_best_match,detection,1,24,confirmed,14,0,0.554337054,1.034092583,0.723286523,0.014996034,0.124635474,nan,nan,nan,nan,nan,nan,nan,nan,nan,8.000000000,0.300000000,1.800000000,3.000000000,nan,nan,nan,nan,nan,nan,nan,nan,nan,1.500000000,2.000000000,229,186,0
2026-06-03T01:47:47,1773928456.349503040,r1,track_association,wall_like,accepted,selected_best_match,detection,2,18,confirmed,33,0,0.896641350,1.291421498,1.657586772,0.002932515,0.448549417,nan,nan,nan,nan,nan,nan,nan,nan,nan,8.000000000,0.300000000,1.800000000,3.000000000,nan,nan,nan,nan,nan,nan,nan,nan,nan,1.500000000,2.000000000,160,289,0
2026-06-03T01:47:47,1773928456.349503040,r1,track_association,wall_like,rejected,normal_angle,detection,2,20,weak_tracked,5,2,nan,1.624200885,8.000981729,0.030975598,0.685077739,nan,nan,nan,nan,nan,nan,nan,nan,nan,8.000000000,0.300000000,1.800000000,3.000000000,nan,nan,nan,nan,nan,nan,nan,nan,nan,1.500000000,2.000000000,160,196,0
2026-06-03T01:47:47,1773928456.349503040,r1,track_association,wall_like,accepted,selected_best_match,detection,3,31,candidate,1,3,1.515086306,1.228426339,5.457699741,0.044997601,0.492131502,nan,nan,nan,nan,nan,nan,nan,nan,nan,8.000000000,0.300000000,1.800000000,3.000000000,nan,nan,nan,nan,nan,nan,nan,nan,nan,1.500000000,2.000000000,138,59,0
2026-06-03T01:47:47,1773928456.349503040,r1,track_association,wall_like,rejected,normal_angle,detection,3,20,weak_tracked,5,2,nan,1.045374353,9.553034319,0.024529308,0.000000000,nan,nan,nan,nan,nan,nan,nan,nan,nan,8.000000000,0.300000000,1.800000000,3.000000000,nan,nan,nan,nan,nan,nan,nan,nan,nan,1.500000000,2.000000000,138,196,0
2026-06-03T01:47:47,1773928456.349503040,r1,track_association,wall_like,rejected,normal_angle,detection,3,32,candidate,1,2,nan,1.090233562,8.831175460,0.176107927,0.243600067,nan,nan,nan,nan,nan,nan,nan,nan,nan,8.000000000,0.300000000,1.800000000,3.000000000,nan,nan,nan,nan,nan,nan,nan,nan,nan,1.500000000,2.000000000,138,100,0
2026-06-03T01:47:47,1773928456.550502777,r1,track_association,wall_like,accepted,selected_best_match,detection,0,2,confirmed,89,0,0.792100143,2.111155251,0.272541621,0.016294207,0.000000000,nan,nan,nan,nan,nan,nan,nan,nan,nan,8.000000000,0.300000000,1.800000000,3.000000000,nan,nan,nan,nan,nan,nan,nan,nan,nan,1.500000000,2.000000000,958,645,0
2026-06-03T01:47:47,1773928456.550502777,r1,track_association,wall_like,accepted,selected_best_match,detection,1,18,confirmed,34,0,1.551213746,1.631898520,4.533404158,0.034646602,0.585150084,nan,nan,nan,nan,nan,nan,nan,nan,nan,8.000000000,0.300000000,1.800000000,3.000000000,nan,nan,nan,nan,nan,nan,nan,nan,nan,1.500000000,2.000000000,152,160,0
2026-06-03T01:47:47,1773928456.550502777,r1,track_association,wall_like,rejected,normal_angle,detection,1,25,candidate,1,10,nan,1.762007789,11.758660236,0.081474082,0.758782988,nan,nan,nan,nan,nan,nan,nan,nan,nan,8.000000000,0.300000000,1.800000000,3.000000000,nan,nan,nan,nan,nan,nan,nan,nan,nan,1.500000000,2.000000000,152,97,0
2026-06-03T01:47:47,1773928456.550502777,r1,track_association,wall_like,rejected,normal_angle,detection,1,32,candidate,1,3,nan,1.109860160,9.704025509,0.201170167,0.203340339,nan,nan,nan,nan,nan,nan,nan,nan,nan,8.000000000,0.300000000,1.800000000,3.000000000,nan,nan,nan,nan,nan,nan,nan,nan,nan,1.500000000,2.000000000,152,100,0
2026-06-03T01:47:47,1773928456.550502777,r1,track_association,wall_like,accepted,selected_best_match,detection,2,29,weak_tracked,3,1,0.488554475,0.484094346,1.679547846,0.035173864,0.000000000,nan,nan,nan,nan,nan,nan,nan,nan,nan,8.000000000,0.300000000,1.800000000,3.000000000,nan,nan,nan,nan,nan,nan,nan,nan,nan,1.500000000,2.000000000,162,90,0
2026-06-03T01:47:47,1773928456.748502970,r1,track_association,wall_like,accepted,selected_best_match,detection,0,2,confirmed,90,0,0.715322969,1.648153437,0.708954210,0.023195764,0.000000000,nan,nan,nan,nan,nan,nan,nan,nan,nan,8.000000000,0.300000000,1.800000000,3.000000000,nan,nan,nan,nan,nan,nan,nan,nan,nan,1.500000000,2.000000000,988,958,0
2026-06-03T01:47:47,1773928456.748502970,r1,track_association,wall_like,accepted,selected_best_match,detection,1,18,confirmed,35,0,0.855184299,0.645226692,4.356142633,0.028677272,0.000000000,nan,nan,nan,nan,nan,nan,nan,nan,nan,8.000000000,0.300000000,1.800000000,3.000000000,nan,nan,nan,nan,nan,nan,nan,nan,nan,1.500000000,2.000000000,127,152,0
2026-06-03T01:47:47,1773928456.748502970,r1,track_association,wall_like,rejected,normal_angle,detection,1,20,weak_tracked,5,4,nan,0.493715441,8.647541571,0.014889800,0.000000000,nan,nan,nan,nan,nan,nan,nan,nan,nan,8.000000000,0.300000000,1.800000000,3.000000000,nan,nan,nan,nan,nan,nan,nan,nan,nan,1.500000000,2.000000000,127,196,0
2026-06-03T01:47:47,1773928456.967497826,r1,track_association,wall_like,accepted,selected_best_match,detection,0,2,confirmed,91,0,0.434091094,1.163970165,0.228134229,0.005275278,0.000000000,nan,nan,nan,nan,nan,nan,nan,nan,nan,8.000000000,0.300000000,1.800000000,3.000000000,nan,nan,nan,nan,nan,nan,nan,nan,nan,1.500000000,2.000000000,1017,988,0
2026-06-03T01:47:48,1773928457.168497801,r1,track_association,wall_like,accepted,selected_best_match,detection,0,2,confirmed,92,0,0.350399066,0.910913871,0.305869860,0.002558213,0.000000000,nan,nan,nan,nan,nan,nan,nan,nan,nan,8.000000000,0.300000000,1.800000000,3.000000000,nan,nan,nan,nan,nan,nan,nan,nan,nan,1.500000000,2.000000000,1032,1017,0
2026-06-03T01:47:48,1773928457.168497801,r1,track_association,wall_like,accepted,selected_best_match,detection,1,29,weak_tracked,4,2,0.347639525,0.705109175,0.580033965,0.012029666,0.000000000,nan,nan,nan,nan,nan,nan,nan,nan,nan,8.000000000,0.300000000,1.800000000,3.000000000,nan,nan,nan,nan,nan,nan,nan,nan,nan,1.500000000,2.000000000,158,162,0
2026-06-03T01:47:48,1773928457.168497801,r1,track_association,wall_like,accepted,selected_best_match,detection,2,30,candidate,1,10,0.737394341,0.802982477,2.228126196,0.057365322,0.000000000,nan,nan,nan,nan,nan,nan,nan,nan,nan,8.000000000,0.300000000,1.800000000,3.000000000,nan,nan,nan,nan,nan,nan,nan,nan,nan,1.500000000,2.000000000,64,69,0
2026-06-03T01:47:48,1773928457.168497801,r1,track_association,wall_like,accepted,selected_best_match,detection,3,18,confirmed,36,1,0.434960495,0.696389247,1.418579104,0.007652508,0.000000000,nan,nan,nan,nan,nan,nan,nan,nan,nan,8.000000000,0.300000000,1.800000000,3.000000000,nan,nan,nan,nan,nan,nan,nan,nan,nan,1.500000000,2.000000000,221,127,0
2026-06-03T01:47:48,1773928457.168497801,r1,track_association,wall_like,rejected,normal_angle,detection,3,20,weak_tracked,5,6,nan,0.655012128,10.742960181,0.029263279,0.000000000,nan,nan,nan,nan,nan,nan,nan,nan,nan,8.000000000,0.300000000,1.800000000,3.000000000,nan,nan,nan,nan,nan,nan,nan,nan,nan,1.500000000,2.000000000,221,196,0
2026-06-03T01:47:48,1773928457.168497801,r1,track_association,wall_like,rejected,normal_angle,detection,3,32,candidate,1,6,nan,1.487523336,8.399002374,0.246956859,0.323015778,nan,nan,nan,nan,nan,nan,nan,nan,nan,8.000000000,0.300000000,1.800000000,3.000000000,nan,nan,nan,nan,nan,nan,nan,nan,nan,1.500000000,2.000000000,221,100,0
2026-06-03T01:47:48,1773928457.348498106,r1,track_association,wall_like,accepted,selected_best_match,detection,0,2,confirmed,93,0,0.580749722,1.167132329,0.712191197,0.030804514,0.000000000,nan,nan,nan,nan,nan,nan,nan,nan,nan,8.000000000,0.300000000,1.800000000,3.000000000,nan,nan,nan,nan,nan,nan,nan,nan,nan,1.500000000,2.000000000,887,1032,0
2026-06-03T01:47:48,1773928457.348498106,r1,track_association,wall_like,accepted,selected_best_match,detection,1,20,weak_tracked,5,7,0.551121400,0.481949002,2.068049984,0.039589645,0.000000000,nan,nan,nan,nan,nan,nan,nan,nan,nan,8.000000000,0.300000000,1.800000000,3.000000000,nan,nan,nan,nan,nan,nan,nan,nan,nan,1.500000000,2.000000000,174,196,0
2026-06-03T01:47:48,1773928457.348498106,r1,track_association,wall_like,rejected,normal_angle,detection,1,18,confirmed,37,0,nan,0.313627860,8.038918022,0.023078137,0.000000000,nan,nan,nan,nan,nan,nan,nan,nan,nan,8.000000000,0.300000000,1.800000000,3.000000000,nan,nan,nan,nan,nan,nan,nan,nan,nan,1.500000000,2.000000000,174,221,0
2026-06-03T01:47:48,1773928457.348498106,r1,track_association,wall_like,rejected,normal_angle,detection,1,32,candidate,1,7,nan,1.708928693,11.888681565,0.258717473,0.354990185,nan,nan,nan,nan,nan,nan,nan,nan,nan,8.000000000,0.300000000,1.800000000,3.000000000,nan,nan,nan,nan,nan,nan,nan,nan,nan,1.500000000,2.000000000,174,100,0
2026-06-03T01:47:48,1773928457.348498106,r1,track_association,wall_like,accepted,selected_best_match,detection,2,29,confirmed,5,0,0.389452836,0.637946624,0.880926016,0.020006463,0.000000000,nan,nan,nan,nan,nan,nan,nan,nan,nan,8.000000000,0.300000000,1.800000000,3.000000000,nan,nan,nan,nan,nan,nan,nan,nan,nan,1.500000000,2.000000000,105,158,0
2026-06-03T01:47:48,1773928457.567497969,r1,track_association,wall_like,accepted,selected_best_match,detection,0,2,confirmed,94,0,0.294428965,0.593844386,0.667285381,0.003921049,0.000000000,nan,nan,nan,nan,nan,nan,nan,nan,nan,8.000000000,0.300000000,1.800000000,3.000000000,nan,nan,nan,nan,nan,nan,nan,nan,nan,1.500000000,2.000000000,883,887,0
2026-06-03T01:47:48,1773928457.567497969,r1,track_association,wall_like,accepted,selected_best_match,detection,2,18,confirmed,37,1,0.279274422,0.071989585,1.656663441,0.014458489,0.000000000,nan,nan,nan,nan,nan,nan,nan,nan,nan,8.000000000,0.300000000,1.800000000,3.000000000,nan,nan,nan,nan,nan,nan,nan,nan,nan,1.500000000,2.000000000,285,221,0
2026-06-03T01:47:48,1773928457.567497969,r1,track_association,wall_like,rejected,normal_angle,detection,2,20,weak_tracked,6,0,nan,0.199807576,10.569213496,0.025800982,0.000000000,nan,nan,nan,nan,nan,nan,nan,nan,nan,8.000000000,0.300000000,1.800000000,3.000000000,nan,nan,nan,nan,nan,nan,nan,nan,nan,1.500000000,2.000000000,285,174,0
2026-06-03T01:47:48,1773928457.567497969,r1,track_association,wall_like,rejected,normal_angle,detection,2,32,candidate,1,8,nan,1.999377749,8.934437917,0.303787058,0.298502194,nan,nan,nan,nan,nan,nan,nan,nan,nan,8.000000000,0.300000000,1.800000000,3.000000000,nan,nan,nan,nan,nan,nan,nan,nan,nan,1.500000000,2.000000000,285,100,0
2026-06-03T01:47:48,1773928457.747498035,r1,track_association,wall_like,accepted,selected_best_match,detection,0,2,confirmed,95,0,0.969696019,1.869322136,1.198299620,0.059040356,0.000000000,nan,nan,nan,nan,nan,nan,nan,nan,nan,8.000000000,0.300000000,1.800000000,3.000000000,nan,nan,nan,nan,nan,nan,nan,nan,nan,1.500000000,2.000000000,605,883,0
2026-06-03T01:47:48,1773928457.747498035,r1,track_association,wall_like,accepted,selected_best_match,detection,1,18,confirmed,38,0,0.352126388,0.236001076,1.445588425,0.027828243,0.000000000,nan,nan,nan,nan,nan,nan,nan,nan,nan,8.000000000,0.300000000,1.800000000,3.000000000,nan,nan,nan,nan,nan,nan,nan,nan,nan,1.500000000,2.000000000,226,285,0
2026-06-03T01:47:48,1773928457.747498035,r1,track_association,wall_like,rejected,normal_angle,detection,1,20,weak_tracked,6,1,nan,0.300118643,9.885731374,0.043994149,0.000000000,nan,nan,nan,nan,nan,nan,nan,nan,nan,8.000000000,0.300000000,1.800000000,3.000000000,nan,nan,nan,nan,nan,nan,nan,nan,nan,1.500000000,2.000000000,226,174,0
2026-06-03T01:47:48,1773928457.747498035,r1,track_association,wall_like,rejected,plane_offset,detection,1,32,candidate,1,9,nan,2.235854341,6.401251285,0.319414531,0.730584597,nan,nan,nan,nan,nan,nan,nan,nan,nan,8.000000000,0.300000000,1.800000000,3.000000000,nan,nan,nan,nan,nan,nan,nan,nan,nan,1.500000000,2.000000000,226,100,0
2026-06-03T01:47:48,1773928457.747498035,r1,track_association,wall_like,accepted,selected_best_match,detection,2,29,confirmed,6,1,0.554807863,0.960467472,0.383029512,0.056032005,0.000000000,nan,nan,nan,nan,nan,nan,nan,nan,nan,8.000000000,0.300000000,1.800000000,3.000000000,nan,nan,nan,nan,nan,nan,nan,nan,nan,1.500000000,2.000000000,119,105,0
2026-06-03T01:47:48,1773928457.747498035,r1,track_association,wall_like,rejected,projected_gap,detection,2,30,weak_tracked,2,2,nan,4.225288814,2.099747931,0.088669476,2.319526624,nan,nan,nan,nan,nan,nan,nan,nan,nan,8.000000000,0.300000000,1.800000000,3.000000000,nan,nan,nan,nan,nan,nan,nan,nan,nan,1.500000000,2.000000000,119,64,0
2026-06-03T01:47:48,1773928457.747498035,r1,track_association,wall_like,accepted,selected_best_match,detection,3,30,weak_tracked,2,2,1.081680078,1.261032908,0.848018545,0.166600037,0.000000000,nan,nan,nan,nan,nan,nan,nan,nan,nan,8.000000000,0.300000000,1.800000000,3.000000000,nan,nan,nan,nan,nan,nan,nan,nan,nan,1.500000000,2.000000000,55,64,0
2026-06-03T01:47:48,1773928457.969492912,r1,track_association,wall_like,accepted,selected_best_match,detection,0,2,confirmed,96,0,0.820142748,2.160658673,0.287470286,0.019196821,0.000000000,nan,nan,nan,nan,nan,nan,nan,nan,nan,8.000000000,0.300000000,1.800000000,3.000000000,nan,nan,nan,nan,nan,nan,nan,nan,nan,1.500000000,2.000000000,310,605,0
2026-06-03T01:47:48,1773928457.969492912,r1,track_association,wall_like,accepted,selected_best_match,detection,1,18,confirmed,39,0,0.206166616,0.099969249,1.005925565,0.014130851,0.000000000,nan,nan,nan,nan,nan,nan,nan,nan,nan,8.000000000,0.300000000,1.800000000,3.000000000,nan,nan,nan,nan,nan,nan,nan,nan,nan,1.500000000,2.000000000,180,226,0
2026-06-03T01:47:48,1773928457.969492912,r1,track_association,wall_like,rejected,normal_angle,detection,1,20,weak_tracked,6,2,nan,0.261531411,10.479965295,0.042662870,0.000000000,nan,nan,nan,nan,nan,nan,nan,nan,nan,8.000000000,0.300000000,1.800000000,3.000000000,nan,nan,nan,nan,nan,nan,nan,nan,nan,1.500000000,2.000000000,180,174,0
2026-06-03T01:47:48,1773928457.969492912,r1,track_association,wall_like,rejected,plane_offset,detection,1,32,candidate,1,10,nan,2.139108545,6.831687862,0.311689400,0.768765794,nan,nan,nan,nan,nan,nan,nan,nan,nan,8.000000000,0.300000000,1.800000000,3.000000000,nan,nan,nan,nan,nan,nan,nan,nan,nan,1.500000000,2.000000000,180,100,0
2026-06-03T01:47:49,1773928458.365493059,r1,track_association,wall_like,accepted,selected_best_match,detection,0,2,confirmed,97,1,1.107636216,2.550540307,0.956117931,0.041382412,0.000000000,nan,nan,nan,nan,nan,nan,nan,nan,nan,8.000000000,0.300000000,1.800000000,3.000000000,nan,nan,nan,nan,nan,nan,nan,nan,nan,1.500000000,2.000000000,177,310,0
2026-06-03T01:47:49,1773928458.365493059,r1,track_association,wall_like,accepted,selected_best_match,detection,1,9,weak_tracked,3,50,2.372303145,2.857045245,3.783429806,0.145075317,0.834194907,nan,nan,nan,nan,nan,nan,nan,nan,nan,8.000000000,0.300000000,1.800000000,3.000000000,nan,nan,nan,nan,nan,nan,nan,nan,nan,1.500000000,2.000000000,117,82,0
2026-06-03T01:47:49,1773928458.365493059,r1,track_association,wall_like,accepted,selected_best_match,detection,2,18,confirmed,40,1,0.295306246,0.151430971,1.324130632,0.023793878,0.000000000,nan,nan,nan,nan,nan,nan,nan,nan,nan,8.000000000,0.300000000,1.800000000,3.000000000,nan,nan,nan,nan,nan,nan,nan,nan,nan,1.500000000,2.000000000,216,180,0
2026-06-03T01:47:49,1773928458.365493059,r1,track_association,wall_like,rejected,normal_angle,detection,2,20,weak_tracked,6,4,nan,0.240529156,8.581701738,0.051782482,0.000000000,nan,nan,nan,nan,nan,nan,nan,nan,nan,8.000000000,0.300000000,1.800000000,3.000000000,nan,nan,nan,nan,nan,nan,nan,nan,nan,1.500000000,2.000000000,216,174,0
2026-06-03T01:47:49,1773928458.566492796,r1,track_association,wall_like,accepted,selected_best_match,detection,0,2,confirmed,98,0,0.745438370,1.494748232,0.741849770,0.046337321,0.000000000,nan,nan,nan,nan,nan,nan,nan,nan,nan,8.000000000,0.300000000,1.800000000,3.000000000,nan,nan,nan,nan,nan,nan,nan,nan,nan,1.500000000,2.000000000,808,177,0
2026-06-03T01:47:49,1773928458.566492796,r1,track_association,wall_like,accepted,selected_best_match,detection,3,18,confirmed,41,0,0.386224903,0.418886925,1.125343566,0.031778395,0.000000000,nan,nan,nan,nan,nan,nan,nan,nan,nan,8.000000000,0.300000000,1.800000000,3.000000000,nan,nan,nan,nan,nan,nan,nan,nan,nan,1.500000000,2.000000000,310,216,0
2026-06-03T01:47:49,1773928458.566492796,r1,track_association,wall_like,rejected,normal_angle,detection,3,20,weak_tracked,6,5,nan,0.454152146,10.402059969,0.036364741,0.000000000,nan,nan,nan,nan,nan,nan,nan,nan,nan,8.000000000,0.300000000,1.800000000,3.000000000,nan,nan,nan,nan,nan,nan,nan,nan,nan,1.500000000,2.000000000,310,174,0
2026-06-03T01:47:49,1773928458.566492796,r1,track_association,wall_like,rejected,normal_angle,detection,3,32,candidate,1,13,nan,1.651731355,8.210192990,0.277212477,0.000000000,nan,nan,nan,nan,nan,nan,nan,nan,nan,8.000000000,0.300000000,1.800000000,3.000000000,nan,nan,nan,nan,nan,nan,nan,nan,nan,1.500000000,2.000000000,310,100,0
2026-06-03T01:47:49,1773928458.746493101,r1,track_association,wall_like,accepted,selected_best_match,detection,0,2,confirmed,99,0,0.412254820,1.080277149,0.194237487,0.008364825,0.000000000,nan,nan,nan,nan,nan,nan,nan,nan,nan,8.000000000,0.300000000,1.800000000,3.000000000,nan,nan,nan,nan,nan,nan,nan,nan,nan,1.500000000,2.000000000,964,808,0
2026-06-03T01:47:49,1773928458.746493101,r1,track_association,wall_like,accepted,selected_best_match,detection,2,18,confirmed,42,0,0.387004201,0.463269657,1.502227745,0.013440754,0.000000000,nan,nan,nan,nan,nan,nan,nan,nan,nan,8.000000000,0.300000000,1.800000000,3.000000000,nan,nan,nan,nan,nan,nan,nan,nan,nan,1.500000000,2.000000000,238,310,0
2026-06-03T01:47:49,1773928458.746493101,r1,track_association,wall_like,rejected,normal_angle,detection,2,20,weak_tracked,6,6,nan,0.585903015,8.400718710,0.018805398,0.000000000,nan,nan,nan,nan,nan,nan,nan,nan,nan,8.000000000,0.300000000,1.800000000,3.000000000,nan,nan,nan,nan,nan,nan,nan,nan,nan,1.500000000,2.000000000,238,174,0
2026-06-03T01:47:49,1773928458.947493076,r1,track_association,wall_like,accepted,selected_best_match,detection,0,2,confirmed,100,0,0.483250955,0.944737443,0.664033670,0.025600280,0.000000000,nan,nan,nan,nan,nan,nan,nan,nan,nan,8.000000000,0.300000000,1.800000000,3.000000000,nan,nan,nan,nan,nan,nan,nan,nan,nan,1.500000000,2.000000000,986,964,0
2026-06-03T01:47:49,1773928458.947493076,r1,track_association,wall_like,accepted,selected_best_match,detection,2,18,confirmed,43,0,0.919814595,0.630000006,4.959965850,0.026945659,0.000000000,nan,nan,nan,nan,nan,nan,nan,nan,nan,8.000000000,0.300000000,1.800000000,3.000000000,nan,nan,nan,nan,nan,nan,nan,nan,nan,1.500000000,2.000000000,217,238,0
2026-06-03T01:47:49,1773928458.947493076,r1,track_association,wall_like,accepted,selected_best_match,detection,3,38,candidate,1,0,0.410974242,0.218537892,2.070248740,0.023804156,0.000000000,nan,nan,nan,nan,nan,nan,nan,nan,nan,8.000000000,0.300000000,1.800000000,3.000000000,nan,nan,nan,nan,nan,nan,nan,nan,nan,1.500000000,2.000000000,91,126,0
2026-06-03T01:47:49,1773928458.947493076,r1,track_association,wall_like,accepted,selected_best_match,detection,4,37,candidate,1,6,0.888204465,0.537253640,4.951400142,0.027058470,0.000000000,nan,nan,nan,nan,nan,nan,nan,nan,nan,8.000000000,0.300000000,1.800000000,3.000000000,nan,nan,nan,nan,nan,nan,nan,nan,nan,1.500000000,2.000000000,119,94,0
2026-06-03T01:47:50,1773928459.148487806,r1,track_association,wall_like,accepted,selected_best_match,detection,0,2,confirmed,101,0,0.382344270,0.555565073,0.656657060,0.034522134,0.000000000,nan,nan,nan,nan,nan,nan,nan,nan,nan,8.000000000,0.300000000,1.800000000,3.000000000,nan,nan,nan,nan,nan,nan,nan,nan,nan,1.500000000,2.000000000,1002,986,0
2026-06-03T01:47:50,1773928459.148487806,r1,track_association,wall_like,accepted,selected_best_match,detection,2,18,confirmed,44,0,0.230131868,0.126858784,0.762257544,0.027769024,0.000000000,nan,nan,nan,nan,nan,nan,nan,nan,nan,8.000000000,0.300000000,1.800000000,3.000000000,nan,nan,nan,nan,nan,nan,nan,nan,nan,1.500000000,2.000000000,345,217,0
2026-06-03T01:47:50,1773928459.148487806,r1,track_association,wall_like,rejected,normal_angle,detection,2,20,weak_tracked,6,8,nan,0.320804184,8.806080268,0.050431324,0.000000000,nan,nan,nan,nan,nan,nan,nan,nan,nan,8.000000000,0.300000000,1.800000000,3.000000000,nan,nan,nan,nan,nan,nan,nan,nan,nan,1.500000000,2.000000000,345,174,0
2026-06-03T01:47:50,1773928459.148487806,r1,track_association,wall_like,accepted,selected_best_match,detection,3,38,weak_tracked,2,0,0.382674401,0.128835479,1.654455091,0.039876707,0.000000000,nan,nan,nan,nan,nan,nan,nan,nan,nan,8.000000000,0.300000000,1.800000000,3.000000000,nan,nan,nan,nan,nan,nan,nan,nan,nan,1.500000000,2.000000000,183,91,0
2026-06-03T01:47:50,1773928459.367487907,r1,track_association,wall_like,accepted,selected_best_match,detection,0,2,confirmed,102,0,0.068212025,0.025551554,0.238426575,0.008967455,0.000000000,nan,nan,nan,nan,nan,nan,nan,nan,nan,8.000000000,0.300000000,1.800000000,3.000000000,nan,nan,nan,nan,nan,nan,nan,nan,nan,1.500000000,2.000000000,886,1002,0
2026-06-03T01:47:50,1773928459.367487907,r1,track_association,wall_like,accepted,selected_best_match,detection,1,18,confirmed,45,0,0.858097581,0.366417278,4.921466676,0.036232546,0.000000000,nan,nan,nan,nan,nan,nan,nan,nan,nan,8.000000000,0.300000000,1.800000000,3.000000000,nan,nan,nan,nan,nan,nan,nan,nan,nan,1.500000000,2.000000000,187,345,0
2026-06-03T01:47:50,1773928459.550487995,r1,track_association,wall_like,accepted,selected_best_match,detection,0,2,confirmed,103,0,0.544496602,0.771715862,1.084973572,0.045490885,0.000000000,nan,nan,nan,nan,nan,nan,nan,nan,nan,8.000000000,0.300000000,1.800000000,3.000000000,nan,nan,nan,nan,nan,nan,nan,nan,nan,1.500000000,2.000000000,733,886,0
2026-06-03T01:47:50,1773928459.550487995,r1,track_association,wall_like,accepted,selected_best_match,detection,3,18,confirmed,46,0,0.401559546,0.099163832,1.759034975,0.044587669,0.000000000,nan,nan,nan,nan,nan,nan,nan,nan,nan,8.000000000,0.300000000,1.800000000,3.000000000,nan,nan,nan,nan,nan,nan,nan,nan,nan,1.500000000,2.000000000,239,187,0
2026-06-03T01:47:50,1773928459.550487995,r1,track_association,wall_like,accepted,selected_best_match,detection,4,38,confirmed,3,1,0.490742962,0.255383209,2.044666649,0.045009568,0.000000000,nan,nan,nan,nan,nan,nan,nan,nan,nan,8.000000000,0.300000000,1.800000000,3.000000000,nan,nan,nan,nan,nan,nan,nan,nan,nan,1.500000000,2.000000000,173,183,0
2026-06-03T01:47:50,1773928459.751487970,r1,track_association,wall_like,accepted,selected_best_match,detection,0,2,confirmed,104,0,0.536470001,1.141576478,0.543759294,0.026392379,0.000000000,nan,nan,nan,nan,nan,nan,nan,nan,nan,8.000000000,0.300000000,1.800000000,3.000000000,nan,nan,nan,nan,nan,nan,nan,nan,nan,1.500000000,2.000000000,539,733,0
2026-06-03T01:47:50,1773928459.751487970,r1,track_association,wall_like,accepted,selected_best_match,detection,1,29,stale,7,9,0.456671742,0.373513672,0.980002599,0.062900058,0.000000000,nan,nan,nan,nan,nan,nan,nan,nan,nan,8.000000000,0.300000000,1.800000000,3.000000000,nan,nan,nan,nan,nan,nan,nan,nan,nan,1.500000000,2.000000000,227,119,0
2026-06-03T01:47:50,1773928459.751487970,r1,track_association,wall_like,rejected,projected_gap,detection,1,30,weak_tracked,3,9,nan,5.151682288,2.505641325,0.143396590,2.229991859,nan,nan,nan,nan,nan,nan,nan,nan,nan,8.000000000,0.300000000,1.800000000,3.000000000,nan,nan,nan,nan,nan,nan,nan,nan,nan,1.500000000,2.000000000,227,55,0
2026-06-03T01:47:50,1773928459.967488050,r1,track_association,wall_like,accepted,selected_best_match,detection,0,2,confirmed,105,0,0.542457978,1.268476060,0.490592319,0.017492575,0.000000000,nan,nan,nan,nan,nan,nan,nan,nan,nan,8.000000000,0.300000000,1.800000000,3.000000000,nan,nan,nan,nan,nan,nan,nan,nan,nan,1.500000000,2.000000000,636,539,0
2026-06-03T01:47:51,1773928460.150477886,r1,track_association,wall_like,accepted,selected_best_match,detection,1,2,confirmed,106,0,0.579178721,1.337815817,0.594581804,0.017675217,0.000000000,nan,nan,nan,nan,nan,nan,nan,nan,nan,8.000000000,0.300000000,1.800000000,3.000000000,nan,nan,nan,nan,nan,nan,nan,nan,nan,1.500000000,2.000000000,603,636,0
2026-06-03T01:47:51,1773928460.387477636,r1,track_association,wall_like,accepted,selected_best_match,detection,0,39,candidate,1,0,0.579143127,0.374383091,2.197378846,0.053902922,0.000000000,nan,nan,nan,nan,nan,nan,nan,nan,nan,8.000000000,0.300000000,1.800000000,3.000000000,nan,nan,nan,nan,nan,nan,nan,nan,nan,1.500000000,2.000000000,395,437,0
2026-06-03T01:47:51,1773928460.387477636,r1,track_association,wall_like,accepted,selected_best_match,detection,1,29,confirmed,8,2,0.208619512,0.380492478,0.148732569,0.018959134,0.000000000,nan,nan,nan,nan,nan,nan,nan,nan,nan,8.000000000,0.300000000,1.800000000,3.000000000,nan,nan,nan,nan,nan,nan,nan,nan,nan,1.500000000,2.000000000,371,227,0
2026-06-03T01:47:51,1773928460.387477636,r1,track_association,wall_like,rejected,projected_gap,detection,1,30,weak_tracked,3,12,nan,5.529176000,2.001127246,0.043536909,2.190383939,nan,nan,nan,nan,nan,nan,nan,nan,nan,8.000000000,0.300000000,1.800000000,3.000000000,nan,nan,nan,nan,nan,nan,nan,nan,nan,1.500000000,2.000000000,371,55,0
2026-06-03T01:47:51,1773928460.387477636,r1,track_association,wall_like,accepted,selected_best_match,detection,2,30,weak_tracked,3,12,0.667371393,0.529292114,1.328082504,0.097479113,0.000000000,nan,nan,nan,nan,nan,nan,nan,nan,nan,8.000000000,0.300000000,1.800000000,3.000000000,nan,nan,nan,nan,nan,nan,nan,nan,nan,1.500000000,2.000000000,66,55,0
2026-06-03T01:47:51,1773928460.588478088,r1,track_association,wall_like,accepted,selected_best_match,detection,0,29,confirmed,9,0,0.252537759,0.314468065,0.554698768,0.023513317,0.000000000,nan,nan,nan,nan,nan,nan,nan,nan,nan,8.000000000,0.300000000,1.800000000,3.000000000,nan,nan,nan,nan,nan,nan,nan,nan,nan,1.500000000,2.000000000,424,371,0
2026-06-03T01:47:51,1773928460.588478088,r1,track_association,wall_like,accepted,selected_best_match,detection,2,2,confirmed,107,1,0.684054220,1.451453209,0.654804239,0.035515786,0.000000000,nan,nan,nan,nan,nan,nan,nan,nan,nan,8.000000000,0.300000000,1.800000000,3.000000000,nan,nan,nan,nan,nan,nan,nan,nan,nan,1.500000000,2.000000000,337,603,0
2026-06-03T01:47:51,1773928460.747478008,r1,track_association,wall_like,accepted,selected_best_match,detection,0,29,confirmed,10,0,0.247414490,0.293804208,0.911824869,0.010650494,0.000000000,nan,nan,nan,nan,nan,nan,nan,nan,nan,8.000000000,0.300000000,1.800000000,3.000000000,nan,nan,nan,nan,nan,nan,nan,nan,nan,1.500000000,2.000000000,433,424,0
2026-06-03T01:47:51,1773928460.747478008,r1,track_association,wall_like,rejected,projected_gap,detection,0,40,candidate,1,0,nan,5.758336310,0.358920571,0.038199878,2.423507815,nan,nan,nan,nan,nan,nan,nan,nan,nan,8.000000000,0.300000000,1.800000000,3.000000000,nan,nan,nan,nan,nan,nan,nan,nan,nan,1.500000000,2.000000000,433,55,0
2026-06-03T01:47:51,1773928460.747478008,r1,track_association,wall_like,accepted,selected_best_match,detection,1,39,weak_tracked,2,1,0.561449645,0.209202761,2.234311076,0.063727952,0.000000000,nan,nan,nan,nan,nan,nan,nan,nan,nan,8.000000000,0.300000000,1.800000000,3.000000000,nan,nan,nan,nan,nan,nan,nan,nan,nan,1.500000000,2.000000000,221,395,0
2026-06-03T01:47:51,1773928460.747478008,r1,track_association,wall_like,accepted,selected_best_match,detection,2,2,confirmed,108,0,0.688410857,1.165123712,1.212982013,0.044524060,0.000000000,nan,nan,nan,nan,nan,nan,nan,nan,nan,8.000000000,0.300000000,1.800000000,3.000000000,nan,nan,nan,nan,nan,nan,nan,nan,nan,1.500000000,2.000000000,347,337,0
2026-06-03T01:47:52,1773928461.167473078,r1,track_association,wall_like,accepted,selected_best_match,detection,0,29,confirmed,11,1,0.316186970,0.612983832,0.710188024,0.006925657,0.000000000,nan,nan,nan,nan,nan,nan,nan,nan,nan,8.000000000,0.300000000,1.800000000,3.000000000,nan,nan,nan,nan,nan,nan,nan,nan,nan,1.500000000,2.000000000,347,433,0
2026-06-03T01:47:52,1773928461.167473078,r1,track_association,wall_like,accepted,selected_best_match,detection,1,20,weak_tracked,6,18,0.854514247,0.735424211,4.350777426,0.019657700,0.000000000,nan,nan,nan,nan,nan,nan,nan,nan,nan,8.000000000,0.300000000,1.800000000,3.000000000,nan,nan,nan,nan,nan,nan,nan,nan,nan,1.500000000,2.000000000,333,174,0
2026-06-03T01:47:52,1773928461.587472916,r1,track_association,wall_like,accepted,selected_best_match,detection,0,20,weak_tracked,7,1,0.714609799,0.739594341,2.836415807,0.034057913,0.000000000,nan,nan,nan,nan,nan,nan,nan,nan,nan,8.000000000,0.300000000,1.800000000,3.000000000,nan,nan,nan,nan,nan,nan,nan,nan,nan,1.500000000,2.000000000,273,333,0
2026-06-03T01:47:52,1773928461.587472916,r1,track_association,wall_like,rejected,normal_angle,detection,0,18,stale,47,9,nan,1.140510311,11.643483537,0.020288265,0.000000000,nan,nan,nan,nan,nan,nan,nan,nan,nan,8.000000000,0.300000000,1.800000000,3.000000000,nan,nan,nan,nan,nan,nan,nan,nan,nan,1.500000000,2.000000000,273,239,0
2026-06-03T01:47:52,1773928461.587472916,r1,track_association,wall_like,accepted,selected_best_match,detection,1,2,confirmed,109,3,0.855501451,1.699350600,1.020070053,0.048462749,0.000000000,nan,nan,nan,nan,nan,nan,nan,nan,nan,8.000000000,0.300000000,1.800000000,3.000000000,nan,nan,nan,nan,nan,nan,nan,nan,nan,1.500000000,2.000000000,734,347,0
2026-06-03T01:47:52,1773928461.587472916,r1,track_association,wall_like,accepted,selected_best_match,detection,2,18,stale,47,9,1.059712797,1.804455934,0.978636058,0.100769393,0.000000000,nan,nan,nan,nan,nan,nan,nan,nan,nan,8.000000000,0.300000000,1.800000000,3.000000000,nan,nan,nan,nan,nan,nan,nan,nan,nan,1.500000000,2.000000000,434,239,0
2026-06-03T01:47:52,1773928461.767472744,r1,track_association,wall_like,accepted,selected_best_match,detection,0,2,confirmed,110,0,0.781967390,1.687008805,0.712673981,0.039164062,0.000000000,nan,nan,nan,nan,nan,nan,nan,nan,nan,8.000000000,0.300000000,1.800000000,3.000000000,nan,nan,nan,nan,nan,nan,nan,nan,nan,1.500000000,2.000000000,700,734,0
2026-06-03T01:47:52,1773928461.767472744,r1,track_association,wall_like,accepted,selected_best_match,detection,2,18,confirmed,48,0,0.915836511,1.494686489,1.497640444,0.069120788,0.000000000,nan,nan,nan,nan,nan,nan,nan,nan,nan,8.000000000,0.300000000,1.800000000,3.000000000,nan,nan,nan,nan,nan,nan,nan,nan,nan,1.500000000,2.000000000,184,434,0
2026-06-03T01:47:52,1773928461.767472744,r1,track_association,wall_like,rejected,normal_angle,detection,2,20,confirmed,8,0,nan,0.495054637,8.654065130,0.065210749,0.000000000,nan,nan,nan,nan,nan,nan,nan,nan,nan,8.000000000,0.300000000,1.800000000,3.000000000,nan,nan,nan,nan,nan,nan,nan,nan,nan,1.500000000,2.000000000,184,273,0
2026-06-03T01:47:52,1773928461.767472744,r1,track_association,wall_like,rejected,normal_angle,detection,3,20,confirmed,8,0,nan,4.487538615,8.182118895,0.215014460,1.248953595,nan,nan,nan,nan,nan,nan,nan,nan,nan,8.000000000,0.300000000,1.800000000,3.000000000,nan,nan,nan,nan,nan,nan,nan,nan,nan,1.500000000,2.000000000,135,273,0
2026-06-03T01:47:52,1773928461.968472719,r1,track_association,wall_like,accepted,selected_best_match,detection,0,2,confirmed,111,0,0.584033275,1.253453416,0.618007986,0.026689341,0.000000000,nan,nan,nan,nan,nan,nan,nan,nan,nan,8.000000000,0.300000000,1.800000000,3.000000000,nan,nan,nan,nan,nan,nan,nan,nan,nan,1.500000000,2.000000000,752,700,0
2026-06-03T01:47:52,1773928461.968472719,r1,track_association,wall_like,accepted,selected_best_match,detection,1,18,confirmed,49,0,0.404775048,0.385490656,1.453809283,0.028365601,0.000000000,nan,nan,nan,nan,nan,nan,nan,nan,nan,8.000000000,0.300000000,1.800000000,3.000000000,nan,nan,nan,nan,nan,nan,nan,nan,nan,1.500000000,2.000000000,362,184,0
2026-06-03T01:47:52,1773928461.968472719,r1,track_association,wall_like,rejected,normal_angle,detection,1,20,confirmed,8,1,nan,0.317022929,11.182820346,0.053413108,0.000000000,nan,nan,nan,nan,nan,nan,nan,nan,nan,8.000000000,0.300000000,1.800000000,3.000000000,nan,nan,nan,nan,nan,nan,nan,nan,nan,1.500000000,2.000000000,362,273,0
2026-06-03T01:47:52,1773928461.968472719,r1,track_association,wall_like,rejected,projected_gap,detection,1,19,stale,8,46,nan,5.875814212,2.889827604,0.101348625,2.602692048,nan,nan,nan,nan,nan,nan,nan,nan,nan,8.000000000,0.300000000,1.800000000,3.000000000,nan,nan,nan,nan,nan,nan,nan,nan,nan,1.500000000,2.000000000,362,131,0
2026-06-03T01:47:53,1773928462.166467905,r1,track_association,wall_like,accepted,selected_best_match,detection,0,2,confirmed,112,0,0.509549752,1.140705799,0.559630358,0.017808207,0.000000000,nan,nan,nan,nan,nan,nan,nan,nan,nan,8.000000000,0.300000000,1.800000000,3.000000000,nan,nan,nan,nan,nan,nan,nan,nan,nan,1.500000000,2.000000000,799,752,0
2026-06-03T01:47:53,1773928462.166467905,r1,track_association,wall_like,accepted,selected_best_match,detection,1,18,confirmed,50,0,0.815300437,0.855553814,3.397946975,0.031611738,0.000000000,nan,nan,nan,nan,nan,nan,nan,nan,nan,8.000000000,0.300000000,1.800000000,3.000000000,nan,nan,nan,nan,nan,nan,nan,nan,nan,1.500000000,2.000000000,575,362,0
2026-06-03T01:47:53,1773928462.367467642,r1,track_association,wall_like,accepted,selected_best_match,detection,0,2,confirmed,113,0,0.510097847,1.167085267,0.532155896,0.016364981,0.000000000,nan,nan,nan,nan,nan,nan,nan,nan,nan,8.000000000,0.300000000,1.800000000,3.000000000,nan,nan,nan,nan,nan,nan,nan,nan,nan,1.500000000,2.000000000,910,799,0
2026-06-03T01:47:53,1773928462.367467642,r1,track_association,wall_like,accepted,selected_best_match,detection,1,18,confirmed,51,0,0.798016989,0.895730983,2.712788771,0.048102419,0.000000000,nan,nan,nan,nan,nan,nan,nan,nan,nan,8.000000000,0.300000000,1.800000000,3.000000000,nan,nan,nan,nan,nan,nan,nan,nan,nan,1.500000000,2.000000000,459,575,0
2026-06-03T01:47:53,1773928462.367467642,r1,track_association,wall_like,rejected,normal_angle,detection,1,20,confirmed,8,3,nan,1.661950641,8.625655497,0.093331473,0.000000000,nan,nan,nan,nan,nan,nan,nan,nan,nan,8.000000000,0.300000000,1.800000000,3.000000000,nan,nan,nan,nan,nan,nan,nan,nan,nan,1.500000000,2.000000000,459,273,0
2026-06-03T01:47:53,1773928462.568467855,r1,track_association,wall_like,accepted,selected_best_match,detection,0,2,confirmed,114,0,0.392371006,0.970924299,0.431001024,0.004456333,0.000000000,nan,nan,nan,nan,nan,nan,nan,nan,nan,8.000000000,0.300000000,1.800000000,3.000000000,nan,nan,nan,nan,nan,nan,nan,nan,nan,1.500000000,2.000000000,938,910,0
2026-06-03T01:47:53,1773928462.568467855,r1,track_association,wall_like,accepted,selected_best_match,detection,1,20,stale,8,4,0.526852290,0.172360214,2.625459195,0.042364946,0.000000000,nan,nan,nan,nan,nan,nan,nan,nan,nan,8.000000000,0.300000000,1.800000000,3.000000000,nan,nan,nan,nan,nan,nan,nan,nan,nan,1.500000000,2.000000000,180,273,0
2026-06-03T01:47:53,1773928462.568467855,r1,track_association,wall_like,accepted,selected_best_match,detection,2,18,confirmed,52,0,2.545997210,3.340796058,6.955954664,0.079786721,0.534507218,nan,nan,nan,nan,nan,nan,nan,nan,nan,8.000000000,0.300000000,1.800000000,3.000000000,nan,nan,nan,nan,nan,nan,nan,nan,nan,1.500000000,2.000000000,109,459,0
2026-06-03T01:47:53,1773928462.787467957,r1,track_association,wall_like,accepted,selected_best_match,detection,0,2,confirmed,115,0,0.474631787,1.200161714,0.373325015,0.008373676,0.000000000,nan,nan,nan,nan,nan,nan,nan,nan,nan,8.000000000,0.300000000,1.800000000,3.000000000,nan,nan,nan,nan,nan,nan,nan,nan,nan,1.500000000,2.000000000,834,938,0
2026-06-03T01:47:53,1773928462.787467957,r1,track_association,wall_like,accepted,selected_best_match,detection,1,18,confirmed,53,0,0.932675473,0.892028362,2.494811520,0.097044374,0.000000000,nan,nan,nan,nan,nan,nan,nan,nan,nan,8.000000000,0.300000000,1.800000000,3.000000000,nan,nan,nan,nan,nan,nan,nan,nan,nan,1.500000000,2.000000000,274,109,0
2026-06-03T01:47:53,1773928462.787467957,r1,track_association,wall_like,rejected,normal_angle,detection,1,20,confirmed,9,0,nan,0.980659373,8.056748835,0.029089268,0.000000000,nan,nan,nan,nan,nan,nan,nan,nan,nan,8.000000000,0.300000000,1.800000000,3.000000000,nan,nan,nan,nan,nan,nan,nan,nan,nan,1.500000000,2.000000000,274,180,0
2026-06-03T01:47:53,1773928462.967468023,r1,track_association,wall_like,accepted,selected_best_match,detection,0,2,confirmed,116,0,0.290941132,0.670285983,0.394194267,0.005471456,0.000000000,nan,nan,nan,nan,nan,nan,nan,nan,nan,8.000000000,0.300000000,1.800000000,3.000000000,nan,nan,nan,nan,nan,nan,nan,nan,nan,1.500000000,2.000000000,904,834,0
2026-06-03T01:47:53,1773928462.967468023,r1,track_association,wall_like,accepted,selected_best_match,detection,1,18,confirmed,54,0,0.508569777,0.216082818,3.109084137,0.014371996,0.000000000,nan,nan,nan,nan,nan,nan,nan,nan,nan,8.000000000,0.300000000,1.800000000,3.000000000,nan,nan,nan,nan,nan,nan,nan,nan,nan,1.500000000,2.000000000,546,274,0
2026-06-03T01:47:53,1773928462.967468023,r1,track_association,wall_like,rejected,normal_angle,detection,1,20,confirmed,9,1,nan,1.437923503,11.376407779,0.060041979,0.000000000,nan,nan,nan,nan,nan,nan,nan,nan,nan,8.000000000,0.300000000,1.800000000,3.000000000,nan,nan,nan,nan,nan,nan,nan,nan,nan,1.500000000,2.000000000,546,180,0
2026-06-03T01:47:54,1773928463.168462992,r1,track_association,wall_like,accepted,selected_best_match,detection,0,2,confirmed,117,0,0.113569448,0.124500122,0.467126221,0.004103589,0.000000000,nan,nan,nan,nan,nan,nan,nan,nan,nan,8.000000000,0.300000000,1.800000000,3.000000000,nan,nan,nan,nan,nan,nan,nan,nan,nan,1.500000000,2.000000000,899,904,0
2026-06-03T01:47:54,1773928463.168462992,r1,track_association,wall_like,accepted,selected_best_match,detection,1,20,confirmed,9,2,0.495070113,0.376186025,2.015853857,0.035307912,0.000000000,nan,nan,nan,nan,nan,nan,nan,nan,nan,8.000000000,0.300000000,1.800000000,3.000000000,nan,nan,nan,nan,nan,nan,nan,nan,nan,1.500000000,2.000000000,302,180,0
2026-06-03T01:47:54,1773928463.168462992,r1,track_association,wall_like,rejected,normal_angle,detection,1,18,confirmed,55,0,nan,1.261952594,10.720320777,0.036611030,0.000000000,nan,nan,nan,nan,nan,nan,nan,nan,nan,8.000000000,0.300000000,1.800000000,3.000000000,nan,nan,nan,nan,nan,nan,nan,nan,nan,1.500000000,2.000000000,302,546,0
2026-06-03T01:47:54,1773928463.168462992,r1,track_association,pipe_like,accepted,selected_best_match,detection,4,36,candidate,1,33,1.193494308,0.101628798,nan,nan,nan,2.559400347,0.063351369,0.014482558,1.000000000,0.000000000,nan,nan,nan,nan,nan,nan,nan,nan,14.000000000,0.120000000,0.030000000,0.200000000,0.250000000,nan,nan,nan,nan,1.500000000,2.000000000,21,12,0
2026-06-03T01:47:54,1773928463.348463058,r1,track_association,wall_like,accepted,selected_best_match,detection,0,29,stale,12,10,0.975745450,2.298757465,0.881756032,0.029782037,0.000000000,nan,nan,nan,nan,nan,nan,nan,nan,nan,8.000000000,0.300000000,1.800000000,3.000000000,nan,nan,nan,nan,nan,nan,nan,nan,nan,1.500000000,2.000000000,388,347,0
2026-06-03T01:47:54,1773928463.348463058,r1,track_association,pipe_like,accepted,selected_best_match,detection,2,44,candidate,1,1,0.814031869,0.034055697,nan,nan,nan,1.560683975,0.027527432,0.014194775,1.000000000,0.000000000,nan,nan,nan,nan,nan,nan,nan,nan,14.000000000,0.120000000,0.030000000,0.200000000,0.250000000,nan,nan,nan,nan,1.500000000,2.000000000,17,14,0
2026-06-03T01:47:54,1773928463.546463013,r1,track_association,wall_like,accepted,selected_best_match,detection,0,2,confirmed,118,1,0.337230590,0.885034397,0.148291742,0.007104797,0.000000000,nan,nan,nan,nan,nan,nan,nan,nan,nan,8.000000000,0.300000000,1.800000000,3.000000000,nan,nan,nan,nan,nan,nan,nan,nan,nan,1.500000000,2.000000000,990,899,0
2026-06-03T01:47:54,1773928463.546463013,r1,track_association,wall_like,accepted,selected_best_match,detection,1,18,confirmed,55,2,0.921382998,1.041244494,4.085308576,0.019091379,0.000000000,nan,nan,nan,nan,nan,nan,nan,nan,nan,8.000000000,0.300000000,1.800000000,3.000000000,nan,nan,nan,nan,nan,nan,nan,nan,nan,1.500000000,2.000000000,398,546,0
2026-06-03T01:47:54,1773928463.546463013,r1,track_association,wall_like,accepted,selected_best_match,detection,3,29,confirmed,13,0,1.567975899,3.876434464,1.792659783,0.015524581,0.000000000,nan,nan,nan,nan,nan,nan,nan,nan,nan,8.000000000,0.300000000,1.800000000,3.000000000,nan,nan,nan,nan,nan,nan,nan,nan,nan,1.500000000,2.000000000,292,388,0
2026-06-03T01:47:54,1773928463.786463022,r1,track_association,wall_like,accepted,selected_best_match,detection,0,2,confirmed,119,0,0.365608833,0.985577462,0.204597541,0.003452496,0.000000000,nan,nan,nan,nan,nan,nan,nan,nan,nan,8.000000000,0.300000000,1.800000000,3.000000000,nan,nan,nan,nan,nan,nan,nan,nan,nan,1.500000000,2.000000000,911,990,0
2026-06-03T01:47:54,1773928463.786463022,r1,track_association,wall_like,accepted,selected_best_match,detection,1,18,confirmed,56,0,0.739535035,0.306646975,4.948976818,0.005609182,0.000000000,nan,nan,nan,nan,nan,nan,nan,nan,nan,8.000000000,0.300000000,1.800000000,3.000000000,nan,nan,nan,nan,nan,nan,nan,nan,nan,1.500000000,2.000000000,460,398,0
2026-06-03T01:47:54,1773928463.966462851,r1,track_association,wall_like,accepted,selected_best_match,detection,0,2,confirmed,120,0,0.334878476,0.632284728,0.285091735,0.026544130,0.000000000,nan,nan,nan,nan,nan,nan,nan,nan,nan,8.000000000,0.300000000,1.800000000,3.000000000,nan,nan,nan,nan,nan,nan,nan,nan,nan,1.500000000,2.000000000,1007,911,0
2026-06-03T01:47:54,1773928463.966462851,r1,track_association,wall_like,accepted,selected_best_match,detection,1,18,confirmed,57,0,0.328185984,0.284287678,0.851643671,0.038090390,0.000000000,nan,nan,nan,nan,nan,nan,nan,nan,nan,8.000000000,0.300000000,1.800000000,3.000000000,nan,nan,nan,nan,nan,nan,nan,nan,nan,1.500000000,2.000000000,424,460,0
2026-06-03T01:47:54,1773928463.966462851,r1,track_association,wall_like,rejected,normal_angle,detection,1,20,confirmed,10,3,nan,1.920406940,9.526483873,0.112644678,0.000000000,nan,nan,nan,nan,nan,nan,nan,nan,nan,8.000000000,0.300000000,1.800000000,3.000000000,nan,nan,nan,nan,nan,nan,nan,nan,nan,1.500000000,2.000000000,424,302,0
2026-06-03T01:47:54,1773928463.966462851,r1,track_association,wall_like,accepted,selected_best_match,detection,3,29,confirmed,14,1,0.375959782,0.645611604,0.827830287,0.017183138,0.000000000,nan,nan,nan,nan,nan,nan,nan,nan,nan,8.000000000,0.300000000,1.800000000,3.000000000,nan,nan,nan,nan,nan,nan,nan,nan,nan,1.500000000,2.000000000,455,292,0
2026-06-03T01:47:55,1773928464.146452904,r1,track_association,wall_like,accepted,selected_best_match,detection,0,29,confirmed,15,0,0.404441769,0.812122284,0.870988502,0.007458234,0.000000000,nan,nan,nan,nan,nan,nan,nan,nan,nan,8.000000000,0.300000000,1.800000000,3.000000000,nan,nan,nan,nan,nan,nan,nan,nan,nan,1.500000000,2.000000000,705,455,0
2026-06-03T01:47:55,1773928464.146452904,r1,track_association,wall_like,accepted,selected_best_match,detection,2,2,confirmed,121,0,0.344384727,0.810899280,0.204961831,0.014539422,0.000000000,nan,nan,nan,nan,nan,nan,nan,nan,nan,8.000000000,0.300000000,1.800000000,3.000000000,nan,nan,nan,nan,nan,nan,nan,nan,nan,1.500000000,2.000000000,1014,1007,0
2026-06-03T01:47:55,1773928464.146452904,r1,track_association,wall_like,accepted,selected_best_match,detection,3,18,confirmed,58,0,0.799570771,0.127691716,5.407534389,0.024319520,0.000000000,nan,nan,nan,nan,nan,nan,nan,nan,nan,8.000000000,0.300000000,1.800000000,3.000000000,nan,nan,nan,nan,nan,nan,nan,nan,nan,1.500000000,2.000000000,362,424,0
2026-06-03T01:47:55,1773928464.146452904,r1,track_association,wall_like,rejected,normal_angle,detection,3,25,candidate,1,48,nan,2.173092486,11.120590937,0.041475699,0.000000000,nan,nan,nan,nan,nan,nan,nan,nan,nan,8.000000000,0.300000000,1.800000000,3.000000000,nan,nan,nan,nan,nan,nan,nan,nan,nan,1.500000000,2.000000000,362,97,0
2026-06-03T01:47:55,1773928464.368453026,r1,track_association,wall_like,accepted,selected_best_match,detection,0,29,confirmed,16,0,0.240519305,0.557569070,0.300567650,0.005127598,0.000000000,nan,nan,nan,nan,nan,nan,nan,nan,nan,8.000000000,0.300000000,1.800000000,3.000000000,nan,nan,nan,nan,nan,nan,nan,nan,nan,1.500000000,2.000000000,615,705,0
2026-06-03T01:47:55,1773928464.368453026,r1,track_association,wall_like,accepted,selected_best_match,detection,2,2,confirmed,122,0,0.298385553,0.826460452,0.171140888,0.000451837,0.000000000,nan,nan,nan,nan,nan,nan,nan,nan,nan,8.000000000,0.300000000,1.800000000,3.000000000,nan,nan,nan,nan,nan,nan,nan,nan,nan,1.500000000,2.000000000,775,1014,0
2026-06-03T01:47:55,1773928464.368453026,r1,track_association,pipe_like,accepted,selected_best_match,detection,3,44,weak_tracked,2,4,0.187137844,0.097512865,nan,nan,nan,0.850161303,0.014008018,0.000290357,0.996794536,0.000000000,nan,nan,nan,nan,nan,nan,nan,nan,14.000000000,0.120000000,0.030000000,0.200000000,0.250000000,nan,nan,nan,nan,1.500000000,2.000000000,13,17,0
2026-06-03T01:47:55,1773928464.566452980,r1,track_association,wall_like,accepted,selected_best_match,detection,0,2,confirmed,123,0,0.218074548,0.480147495,0.134652516,0.012358146,0.000000000,nan,nan,nan,nan,nan,nan,nan,nan,nan,8.000000000,0.300000000,1.800000000,3.000000000,nan,nan,nan,nan,nan,nan,nan,nan,nan,1.500000000,2.000000000,908,775,0
2026-06-03T01:47:55,1773928464.788453102,r1,track_association,wall_like,accepted,selected_best_match,detection,0,2,confirmed,124,0,0.239912892,0.463478546,0.178363974,0.018937364,0.000000000,nan,nan,nan,nan,nan,nan,nan,nan,nan,8.000000000,0.300000000,1.800000000,3.000000000,nan,nan,nan,nan,nan,nan,nan,nan,nan,1.500000000,2.000000000,1006,908,0
2026-06-03T01:47:55,1773928464.788453102,r1,track_association,wall_like,accepted,selected_best_match,detection,1,39,stale,3,19,0.599797695,0.324785788,2.322150592,0.060380083,0.000000000,nan,nan,nan,nan,nan,nan,nan,nan,nan,8.000000000,0.300000000,1.800000000,3.000000000,nan,nan,nan,nan,nan,nan,nan,nan,nan,1.500000000,2.000000000,507,221,0
2026-06-03T01:47:55,1773928464.788453102,r1,track_association,wall_like,accepted,selected_best_match,detection,2,29,confirmed,17,1,0.404374271,0.846715857,0.564530678,0.015470795,0.000000000,nan,nan,nan,nan,nan,nan,nan,nan,nan,8.000000000,0.300000000,1.800000000,3.000000000,nan,nan,nan,nan,nan,nan,nan,nan,nan,1.500000000,2.000000000,553,615,0
2026-06-03T01:47:55,1773928464.947452784,r1,track_association,wall_like,accepted,selected_best_match,detection,0,29,confirmed,18,0,0.582125639,1.447427551,0.490899130,0.011486219,0.000000000,nan,nan,nan,nan,nan,nan,nan,nan,nan,8.000000000,0.300000000,1.800000000,3.000000000,nan,nan,nan,nan,nan,nan,nan,nan,nan,1.500000000,2.000000000,342,553,0
2026-06-03T01:47:55,1773928464.947452784,r1,track_association,wall_like,accepted,selected_best_match,detection,1,48,candidate,1,0,0.415993564,0.746110626,0.765541097,0.021479215,0.000000000,nan,nan,nan,nan,nan,nan,nan,nan,nan,8.000000000,0.300000000,1.800000000,3.000000000,nan,nan,nan,nan,nan,nan,nan,nan,nan,1.500000000,2.000000000,160,97,0
2026-06-03T01:47:55,1773928464.947452784,r1,track_association,wall_like,rejected,projected_gap,detection,1,49,candidate,1,0,nan,4.973640205,1.004550598,0.055059774,2.069118024,nan,nan,nan,nan,nan,nan,nan,nan,nan,8.000000000,0.300000000,1.800000000,3.000000000,nan,nan,nan,nan,nan,nan,nan,nan,nan,1.500000000,2.000000000,160,53,0
2026-06-03T01:47:55,1773928464.947452784,r1,track_association,wall_like,accepted,selected_best_match,detection,2,49,candidate,1,0,0.427881057,0.099546701,2.060217154,0.041151504,0.000000000,nan,nan,nan,nan,nan,nan,nan,nan,nan,8.000000000,0.300000000,1.800000000,3.000000000,nan,nan,nan,nan,nan,nan,nan,nan,nan,1.500000000,2.000000000,72,53,0
2026-06-03T01:47:55,1773928464.947452784,r1,track_association,pipe_like,accepted,selected_best_match,detection,4,44,weak_tracked,3,2,1.284088512,0.597990767,nan,nan,nan,1.537178132,0.024242591,0.029168054,0.188365471,0.000000000,nan,nan,nan,nan,nan,nan,nan,nan,14.000000000,0.120000000,0.030000000,0.200000000,0.250000000,nan,nan,nan,nan,1.500000000,2.000000000,22,13,0
2026-06-03T01:47:56,1773928465.166447878,r1,track_association,pillar_like,accepted,selected_best_match,detection,0,50,candidate,1,0,0.249620699,0.530587624,nan,nan,nan,nan,nan,nan,nan,nan,0.031632682,0.957794353,0.915818691,0.031540692,nan,nan,nan,nan,nan,nan,nan,nan,nan,0.500000000,0.300000000,0.800000000,0.600000000,1.500000000,2.000000000,128,76,0
2026-06-03T01:47:56,1773928465.349447966,r1,track_association,wall_like,accepted,selected_best_match,detection,0,2,confirmed,125,2,0.432307256,1.220329032,0.176068233,0.001056715,0.000000000,nan,nan,nan,nan,nan,nan,nan,nan,nan,8.000000000,0.300000000,1.800000000,3.000000000,nan,nan,nan,nan,nan,nan,nan,nan,nan,1.500000000,2.000000000,788,1006,0
2026-06-03T01:47:56,1773928465.349447966,r1,track_association,wall_like,accepted,selected_best_match,detection,2,29,confirmed,19,1,0.466958306,0.997852333,0.965018533,0.004114063,0.000000000,nan,nan,nan,nan,nan,nan,nan,nan,nan,8.000000000,0.300000000,1.800000000,3.000000000,nan,nan,nan,nan,nan,nan,nan,nan,nan,1.500000000,2.000000000,547,342,0
2026-06-03T01:47:56,1773928465.349447966,r1,track_association,wall_like,accepted,selected_best_match,detection,4,49,weak_tracked,2,1,0.433835060,0.279387484,1.672352924,0.039498535,0.000000000,nan,nan,nan,nan,nan,nan,nan,nan,nan,8.000000000,0.300000000,1.800000000,3.000000000,nan,nan,nan,nan,nan,nan,nan,nan,nan,1.500000000,2.000000000,103,72,0
2026-06-03T01:47:56,1773928465.565447807,r1,track_association,wall_like,accepted,selected_best_match,detection,0,2,confirmed,126,0,0.387374526,1.013542700,0.136081336,0.009755038,0.000000000,nan,nan,nan,nan,nan,nan,nan,nan,nan,8.000000000,0.300000000,1.800000000,3.000000000,nan,nan,nan,nan,nan,nan,nan,nan,nan,1.500000000,2.000000000,746,788,0
2026-06-03T01:47:56,1773928465.769447803,r1,track_association,wall_like,accepted,selected_best_match,detection,0,2,confirmed,127,0,0.394437044,0.971675370,0.151977850,0.015464407,0.000000000,nan,nan,nan,nan,nan,nan,nan,nan,nan,8.000000000,0.300000000,1.800000000,3.000000000,nan,nan,nan,nan,nan,nan,nan,nan,nan,1.500000000,2.000000000,736,746,0
2026-06-03T01:47:56,1773928465.769447803,r1,track_association,wall_like,accepted,selected_best_match,detection,2,29,confirmed,20,1,0.405367695,0.767187081,1.099307114,0.003667584,0.000000000,nan,nan,nan,nan,nan,nan,nan,nan,nan,8.000000000,0.300000000,1.800000000,3.000000000,nan,nan,nan,nan,nan,nan,nan,nan,nan,1.500000000,2.000000000,478,547,0
2026-06-03T01:47:56,1773928465.769447803,r1,track_association,wall_like,accepted,selected_best_match,detection,4,49,confirmed,3,1,0.441456290,0.380208285,1.271735195,0.046725989,0.000000000,nan,nan,nan,nan,nan,nan,nan,nan,nan,8.000000000,0.300000000,1.800000000,3.000000000,nan,nan,nan,nan,nan,nan,nan,nan,nan,1.500000000,2.000000000,146,103,0
2026-06-03T01:47:56,1773928465.949448109,r1,track_association,wall_like,accepted,selected_best_match,detection,0,29,confirmed,21,0,0.648203410,0.838029375,2.875614705,0.002822534,0.000000000,nan,nan,nan,nan,nan,nan,nan,nan,nan,8.000000000,0.300000000,1.800000000,3.000000000,nan,nan,nan,nan,nan,nan,nan,nan,nan,1.500000000,2.000000000,406,478,0
2026-06-03T01:47:56,1773928465.949448109,r1,track_association,wall_like,accepted,selected_best_match,detection,1,49,confirmed,4,0,0.780065813,0.924912358,2.527401469,0.046750953,0.000000000,nan,nan,nan,nan,nan,nan,nan,nan,nan,8.000000000,0.300000000,1.800000000,3.000000000,nan,nan,nan,nan,nan,nan,nan,nan,nan,1.500000000,2.000000000,51,146,0
2026-06-03T01:47:56,1773928465.949448109,r1,track_association,wall_like,accepted,selected_best_match,detection,2,2,confirmed,128,0,0.373692811,0.987270459,0.152124904,0.007676113,0.000000000,nan,nan,nan,nan,nan,nan,nan,nan,nan,8.000000000,0.300000000,1.800000000,3.000000000,nan,nan,nan,nan,nan,nan,nan,nan,nan,1.500000000,2.000000000,673,736,0
2026-06-03T01:47:57,1773928466.387442827,r1,track_association,wall_like,accepted,selected_best_match,detection,0,29,confirmed,22,1,0.345702265,0.798188850,0.458267896,0.006706749,0.000000000,nan,nan,nan,nan,nan,nan,nan,nan,nan,8.000000000,0.300000000,1.800000000,3.000000000,nan,nan,nan,nan,nan,nan,nan,nan,nan,1.500000000,2.000000000,518,406,0
2026-06-03T01:47:57,1773928466.387442827,r1,track_association,wall_like,accepted,selected_best_match,detection,1,49,confirmed,5,1,0.457696551,0.474581228,1.220962081,0.044064765,0.000000000,nan,nan,nan,nan,nan,nan,nan,nan,nan,8.000000000,0.300000000,1.800000000,3.000000000,nan,nan,nan,nan,nan,nan,nan,nan,nan,1.500000000,2.000000000,96,51,0
2026-06-03T01:47:57,1773928466.387442827,r1,track_association,pipe_like,accepted,selected_best_match,detection,2,36,weak_tracked,2,15,1.732064095,0.151416454,nan,nan,nan,2.084144354,0.108232876,0.020437680,0.922328315,0.000000000,nan,nan,nan,nan,nan,nan,nan,nan,14.000000000,0.120000000,0.030000000,0.200000000,0.250000000,nan,nan,nan,nan,1.500000000,2.000000000,14,21,0
2026-06-03T01:47:57,1773928466.546442986,r1,track_association,wall_like,accepted,selected_best_match,detection,0,29,confirmed,23,0,0.384355504,0.558997979,1.163158217,0.015788420,0.000000000,nan,nan,nan,nan,nan,nan,nan,nan,nan,8.000000000,0.300000000,1.800000000,3.000000000,nan,nan,nan,nan,nan,nan,nan,nan,nan,1.500000000,2.000000000,557,518,0
2026-06-03T01:47:57,1773928466.546442986,r1,track_association,wall_like,accepted,selected_best_match,detection,1,49,confirmed,6,0,0.765353560,1.444081470,1.621541236,0.024390125,0.000000000,nan,nan,nan,nan,nan,nan,nan,nan,nan,8.000000000,0.300000000,1.800000000,3.000000000,nan,nan,nan,nan,nan,nan,nan,nan,nan,1.500000000,2.000000000,150,96,0
2026-06-03T01:47:57,1773928466.546442986,r1,track_association,wall_like,accepted,selected_best_match,detection,2,46,candidate,1,16,0.755280875,0.325284429,3.635244120,0.057734165,0.000000000,nan,nan,nan,nan,nan,nan,nan,nan,nan,8.000000000,0.300000000,1.800000000,3.000000000,nan,nan,nan,nan,nan,nan,nan,nan,nan,1.500000000,2.000000000,317,265,0
2026-06-03T01:47:57,1773928466.546442986,r1,track_association,pipe_like,accepted,selected_best_match,detection,4,36,weak_tracked,3,0,1.627717723,0.119836180,nan,nan,nan,1.449139145,0.116913458,0.016497869,1.000000000,0.000000000,nan,nan,nan,nan,nan,nan,nan,nan,14.000000000,0.120000000,0.030000000,0.200000000,0.250000000,nan,nan,nan,nan,1.500000000,2.000000000,23,14,0
2026-06-03T01:47:57,1773928466.768443108,r1,track_association,wall_like,accepted,selected_best_match,detection,0,29,confirmed,24,0,0.305020620,0.477898862,0.889573852,0.010357280,0.000000000,nan,nan,nan,nan,nan,nan,nan,nan,nan,8.000000000,0.300000000,1.800000000,3.000000000,nan,nan,nan,nan,nan,nan,nan,nan,nan,1.500000000,2.000000000,541,557,0
2026-06-03T01:47:57,1773928466.768443108,r1,track_association,wall_like,accepted,selected_best_match,detection,1,49,confirmed,7,0,0.395028021,0.501480999,1.081787115,0.027793289,0.000000000,nan,nan,nan,nan,nan,nan,nan,nan,nan,8.000000000,0.300000000,1.800000000,3.000000000,nan,nan,nan,nan,nan,nan,nan,nan,nan,1.500000000,2.000000000,145,150,0
2026-06-03T01:47:57,1773928466.768443108,r1,track_association,wall_like,accepted,selected_best_match,detection,2,2,confirmed,129,3,0.266400439,0.558829249,0.323691206,0.011898787,0.000000000,nan,nan,nan,nan,nan,nan,nan,nan,nan,8.000000000,0.300000000,1.800000000,3.000000000,nan,nan,nan,nan,nan,nan,nan,nan,nan,1.500000000,2.000000000,469,673,0
2026-06-03T01:47:57,1773928466.768443108,r1,track_association,wall_like,accepted,selected_best_match,detection,5,39,stale,4,9,1.262351309,1.549739378,3.840581969,0.079709631,0.000000000,nan,nan,nan,nan,nan,nan,nan,nan,nan,8.000000000,0.300000000,1.800000000,3.000000000,nan,nan,nan,nan,nan,nan,nan,nan,nan,1.500000000,2.000000000,284,507,0
2026-06-03T01:47:57,1773928466.768443108,r1,track_association,pillar_like,rejected,xy_distance,detection,6,33,candidate,1,54,nan,0.530915146,nan,nan,nan,nan,nan,nan,nan,nan,0.509547934,0.969032688,0.195514560,0.264115334,nan,nan,nan,nan,nan,nan,nan,nan,nan,0.500000000,0.300000000,0.800000000,0.600000000,1.500000000,2.000000000,28,48,0
2026-06-03T01:47:57,1773928466.768443108,r1,track_association,pillar_like,rejected,xy_distance,detection,6,47,candidate,1,10,nan,0.661808561,nan,nan,nan,nan,nan,nan,nan,nan,0.660348390,1.000000000,0.199861765,0.255458474,nan,nan,nan,nan,nan,nan,nan,nan,nan,0.500000000,0.300000000,0.800000000,0.600000000,1.500000000,2.000000000,28,101,0
2026-06-03T01:47:57,1773928466.768443108,r1,track_association,pipe_like,accepted,selected_best_match,detection,7,36,weak_tracked,4,0,0.728324159,0.076178622,nan,nan,nan,1.233481397,0.059107335,0.004429717,1.000000000,0.000000000,nan,nan,nan,nan,nan,nan,nan,nan,14.000000000,0.120000000,0.030000000,0.200000000,0.250000000,nan,nan,nan,nan,1.500000000,2.000000000,18,23,0
2026-06-03T01:47:57,1773928466.969443083,r1,track_association,wall_like,accepted,selected_best_match,detection,0,29,confirmed,25,0,0.389890487,0.185262912,1.677900409,0.035519590,0.000000000,nan,nan,nan,nan,nan,nan,nan,nan,nan,8.000000000,0.300000000,1.800000000,3.000000000,nan,nan,nan,nan,nan,nan,nan,nan,nan,1.500000000,2.000000000,336,541,0
2026-06-03T01:47:57,1773928466.969443083,r1,track_association,wall_like,accepted,selected_best_match,detection,1,49,confirmed,8,0,0.325183574,0.249532118,1.172590915,0.028629701,0.000000000,nan,nan,nan,nan,nan,nan,nan,nan,nan,8.000000000,0.300000000,1.800000000,3.000000000,nan,nan,nan,nan,nan,nan,nan,nan,nan,1.500000000,2.000000000,193,145,0
2026-06-03T01:47:58,1773928467.170438051,r1,track_association,wall_like,accepted,selected_best_match,detection,0,29,confirmed,26,0,1.150649061,3.116093581,0.374825141,0.019529417,0.000000000,nan,nan,nan,nan,nan,nan,nan,nan,nan,8.000000000,0.300000000,1.800000000,3.000000000,nan,nan,nan,nan,nan,nan,nan,nan,nan,1.500000000,2.000000000,812,336,0
2026-06-03T01:47:58,1773928467.170438051,r1,track_association,wall_like,accepted,selected_best_match,detection,2,39,confirmed,5,1,0.234654608,0.228490094,1.174436153,0.003506017,0.000000000,nan,nan,nan,nan,nan,nan,nan,nan,nan,8.000000000,0.300000000,1.800000000,3.000000000,nan,nan,nan,nan,nan,nan,nan,nan,nan,1.500000000,2.000000000,588,284,0
2026-06-03T01:47:58,1773928467.170438051,r1,track_association,wall_like,accepted,selected_best_match,detection,3,46,weak_tracked,2,2,0.771830827,0.368453610,3.952496740,0.046485259,0.000000000,nan,nan,nan,nan,nan,nan,nan,nan,nan,8.000000000,0.300000000,1.800000000,3.000000000,nan,nan,nan,nan,nan,nan,nan,nan,nan,1.500000000,2.000000000,331,317,0
2026-06-03T01:47:58,1773928467.170438051,r1,track_association,wall_like,accepted,selected_best_match,detection,4,2,confirmed,130,1,0.491733711,1.315175233,0.039868609,0.014507517,0.000000000,nan,nan,nan,nan,nan,nan,nan,nan,nan,8.000000000,0.300000000,1.800000000,3.000000000,nan,nan,nan,nan,nan,nan,nan,nan,nan,1.500000000,2.000000000,444,469,0
2026-06-03T01:47:58,1773928467.170438051,r1,track_association,wall_like,accepted,selected_best_match,detection,5,56,candidate,1,1,0.205513415,0.330632111,0.094740513,0.025038044,0.000000000,nan,nan,nan,nan,nan,nan,nan,nan,nan,8.000000000,0.300000000,1.800000000,3.000000000,nan,nan,nan,nan,nan,nan,nan,nan,nan,1.500000000,2.000000000,178,213,0
2026-06-03T01:47:58,1773928467.170438051,r1,track_association,pipe_like,accepted,selected_best_match,detection,8,36,weak_tracked,5,1,1.313504824,0.069256840,nan,nan,nan,1.157059095,0.067806077,0.019974213,0.986908806,0.000000000,nan,nan,nan,nan,nan,nan,nan,nan,14.000000000,0.120000000,0.030000000,0.200000000,0.250000000,nan,nan,nan,nan,1.500000000,2.000000000,26,18,0
2026-06-03T01:47:58,1773928467.170438051,r1,track_association,pipe_like,accepted,selected_best_match,detection,9,44,weak_tracked,4,10,0.690852385,0.383687312,nan,nan,nan,1.091406480,0.051060821,0.005621638,0.640377385,0.000000000,nan,nan,nan,nan,nan,nan,nan,nan,14.000000000,0.120000000,0.030000000,0.200000000,0.250000000,nan,nan,nan,nan,1.500000000,2.000000000,22,22,0
2026-06-03T01:47:58,1773928467.350437880,r1,track_association,wall_like,accepted,selected_best_match,detection,0,2,confirmed,131,0,0.276448762,0.797347180,0.067579071,0.000665695,0.000000000,nan,nan,nan,nan,nan,nan,nan,nan,nan,8.000000000,0.300000000,1.800000000,3.000000000,nan,nan,nan,nan,nan,nan,nan,nan,nan,1.500000000,2.000000000,516,444,0
2026-06-03T01:47:58,1773928467.350437880,r1,track_association,wall_like,accepted,selected_best_match,detection,1,56,weak_tracked,2,0,0.086036964,0.036288299,0.252660777,0.012707480,0.000000000,nan,nan,nan,nan,nan,nan,nan,nan,nan,8.000000000,0.300000000,1.800000000,3.000000000,nan,nan,nan,nan,nan,nan,nan,nan,nan,1.500000000,2.000000000,159,178,0
2026-06-03T01:47:58,1773928467.350437880,r1,track_association,pipe_like,accepted,selected_best_match,detection,2,36,confirmed,6,0,0.415552793,0.047498914,nan,nan,nan,1.145803142,0.030154758,0.002472602,1.000000000,0.000000000,nan,nan,nan,nan,nan,nan,nan,nan,14.000000000,0.120000000,0.030000000,0.200000000,0.250000000,nan,nan,nan,nan,1.500000000,2.000000000,17,26,0
2026-06-03T01:47:58,1773928467.569437981,r1,track_association,wall_like,accepted,selected_best_match,detection,0,2,confirmed,132,0,0.308474669,0.698810896,0.047389156,0.020884218,0.000000000,nan,nan,nan,nan,nan,nan,nan,nan,nan,8.000000000,0.300000000,1.800000000,3.000000000,nan,nan,nan,nan,nan,nan,nan,nan,nan,1.500000000,2.000000000,496,516,0
2026-06-03T01:47:58,1773928467.569437981,r1,track_association,wall_like,accepted,selected_best_match,detection,1,56,confirmed,3,0,0.159538794,0.208958491,0.281950008,0.016392664,0.000000000,nan,nan,nan,nan,nan,nan,nan,nan,nan,8.000000000,0.300000000,1.800000000,3.000000000,nan,nan,nan,nan,nan,nan,nan,nan,nan,1.500000000,2.000000000,185,159,0
2026-06-03T01:47:58,1773928467.788438082,r1,track_association,wall_like,accepted,selected_best_match,detection,0,49,confirmed,27,2,2.275707714,6.008773915,1.165852643,0.038115448,0.000000000,nan,nan,nan,nan,nan,nan,nan,nan,nan,8.000000000,0.300000000,1.800000000,3.000000000,nan,nan,nan,nan,nan,nan,nan,nan,nan,1.500000000,2.000000000,579,812,0
2026-06-03T01:47:58,1773928467.788438082,r1,track_association,pipe_like,accepted,selected_best_match,detection,2,36,confirmed,7,1,0.413978837,0.065393534,nan,nan,nan,1.433100177,0.019557174,0.004459143,1.000000000,0.000000000,nan,nan,nan,nan,nan,nan,nan,nan,14.000000000,0.120000000,0.030000000,0.200000000,0.250000000,nan,nan,nan,nan,1.500000000,2.000000000,24,17,0
2026-06-03T01:47:58,1773928467.965437889,r1,track_association,wall_like,accepted,selected_best_match,detection,0,2,confirmed,133,1,0.271747082,0.528336260,0.128436989,0.023874112,0.000000000,nan,nan,nan,nan,nan,nan,nan,nan,nan,8.000000000,0.300000000,1.800000000,3.000000000,nan,nan,nan,nan,nan,nan,nan,nan,nan,1.500000000,2.000000000,495,496,0
2026-06-03T01:47:58,1773928467.965437889,r1,track_association,wall_like,accepted,selected_best_match,detection,1,56,confirmed,4,1,0.360410945,0.815294982,0.110093318,0.022465286,0.000000000,nan,nan,nan,nan,nan,nan,nan,nan,nan,8.000000000,0.300000000,1.800000000,3.000000000,nan,nan,nan,nan,nan,nan,nan,nan,nan,1.500000000,2.000000000,168,185,0
2026-06-03T01:47:58,1773928467.965437889,r1,track_association,pipe_like,accepted,selected_best_match,detection,2,44,weak_tracked,5,3,0.685738892,0.101225566,nan,nan,nan,1.250756758,0.024313094,0.011813700,0.885338007,0.000000000,nan,nan,nan,nan,nan,nan,nan,nan,14.000000000,0.120000000,0.030000000,0.200000000,0.250000000,nan,nan,nan,nan,1.500000000,2.000000000,16,22,0
2026-06-03T01:47:59,1773928468.169428110,r1,track_association,wall_like,accepted,selected_best_match,detection,0,49,confirmed,28,1,1.288060579,3.338891261,1.318415555,0.003088464,0.000000000,nan,nan,nan,nan,nan,nan,nan,nan,nan,8.000000000,0.300000000,1.800000000,3.000000000,nan,nan,nan,nan,nan,nan,nan,nan,nan,1.500000000,2.000000000,605,579,0
2026-06-03T01:47:59,1773928468.169428110,r1,track_association,wall_like,accepted,selected_best_match,detection,2,2,confirmed,134,0,0.154156651,0.312548741,0.062184304,0.012660210,0.000000000,nan,nan,nan,nan,nan,nan,nan,nan,nan,8.000000000,0.300000000,1.800000000,3.000000000,nan,nan,nan,nan,nan,nan,nan,nan,nan,1.500000000,2.000000000,462,495,0
2026-06-03T01:47:59,1773928468.169428110,r1,track_association,wall_like,accepted,selected_best_match,detection,3,56,confirmed,5,0,0.076753900,0.104768010,0.086661633,0.009299558,0.000000000,nan,nan,nan,nan,nan,nan,nan,nan,nan,8.000000000,0.300000000,1.800000000,3.000000000,nan,nan,nan,nan,nan,nan,nan,nan,nan,1.500000000,2.000000000,250,168,0
2026-06-03T01:47:59,1773928468.349427938,r1,track_association,wall_like,accepted,selected_best_match,detection,0,2,confirmed,135,0,0.121135042,0.278991821,0.020511236,0.007672159,0.000000000,nan,nan,nan,nan,nan,nan,nan,nan,nan,8.000000000,0.300000000,1.800000000,3.000000000,nan,nan,nan,nan,nan,nan,nan,nan,nan,1.500000000,2.000000000,535,462,0
2026-06-03T01:47:59,1773928468.349427938,r1,track_association,wall_like,accepted,selected_best_match,detection,1,56,confirmed,6,0,0.091802079,0.159811861,0.033440687,0.010305412,0.000000000,nan,nan,nan,nan,nan,nan,nan,nan,nan,8.000000000,0.300000000,1.800000000,3.000000000,nan,nan,nan,nan,nan,nan,nan,nan,nan,1.500000000,2.000000000,255,250,0
2026-06-03T01:47:59,1773928468.349427938,r1,track_association,wall_like,accepted,selected_best_match,detection,2,39,stale,6,5,0.239360683,0.221225553,1.211170829,0.004266744,0.000000000,nan,nan,nan,nan,nan,nan,nan,nan,nan,8.000000000,0.300000000,1.800000000,3.000000000,nan,nan,nan,nan,nan,nan,nan,nan,nan,1.500000000,2.000000000,522,588,0
2026-06-03T01:47:59,1773928468.349427938,r1,track_association,wall_like,accepted,selected_best_match,detection,3,49,confirmed,29,0,1.035116029,2.655518753,0.425614451,0.029022391,0.000000000,nan,nan,nan,nan,nan,nan,nan,nan,nan,8.000000000,0.300000000,1.800000000,3.000000000,nan,nan,nan,nan,nan,nan,nan,nan,nan,1.500000000,2.000000000,509,605,0
2026-06-03T01:47:59,1773928468.547427893,r1,track_association,wall_like,accepted,selected_best_match,detection,0,2,confirmed,136,0,0.133250058,0.260548440,0.127145062,0.009152234,0.000000000,nan,nan,nan,nan,nan,nan,nan,nan,nan,8.000000000,0.300000000,1.800000000,3.000000000,nan,nan,nan,nan,nan,nan,nan,nan,nan,1.500000000,2.000000000,485,535,0
2026-06-03T01:47:59,1773928468.547427893,r1,track_association,wall_like,accepted,selected_best_match,detection,1,56,confirmed,7,0,0.110969290,0.240720169,0.178979093,0.002507054,0.000000000,nan,nan,nan,nan,nan,nan,nan,nan,nan,8.000000000,0.300000000,1.800000000,3.000000000,nan,nan,nan,nan,nan,nan,nan,nan,nan,1.500000000,2.000000000,277,255,0
2026-06-03T01:47:59,1773928468.769428015,r1,track_association,wall_like,accepted,selected_best_match,detection,0,49,confirmed,30,1,0.841337124,2.112854507,0.871853082,0.008421196,0.000000000,nan,nan,nan,nan,nan,nan,nan,nan,nan,8.000000000,0.300000000,1.800000000,3.000000000,nan,nan,nan,nan,nan,nan,nan,nan,nan,1.500000000,2.000000000,759,509,0
2026-06-03T01:47:59,1773928468.769428015,r1,track_association,wall_like,accepted,selected_best_match,detection,2,2,confirmed,137,0,0.107451391,0.203220295,0.046726151,0.010161157,0.000000000,nan,nan,nan,nan,nan,nan,nan,nan,nan,8.000000000,0.300000000,1.800000000,3.000000000,nan,nan,nan,nan,nan,nan,nan,nan,nan,1.500000000,2.000000000,502,485,0
2026-06-03T01:47:59,1773928468.769428015,r1,track_association,wall_like,accepted,selected_best_match,detection,3,56,confirmed,8,0,0.150778004,0.390331833,0.013330281,0.005700332,0.000000000,nan,nan,nan,nan,nan,nan,nan,nan,nan,8.000000000,0.300000000,1.800000000,3.000000000,nan,nan,nan,nan,nan,nan,nan,nan,nan,1.500000000,2.000000000,235,277,0
2026-06-03T01:47:59,1773928468.769428015,r1,track_association,wall_like,accepted,selected_best_match,detection,4,39,confirmed,7,1,0.556846488,0.722337046,1.746538576,0.029325045,0.000000000,nan,nan,nan,nan,nan,nan,nan,nan,nan,8.000000000,0.300000000,1.800000000,3.000000000,nan,nan,nan,nan,nan,nan,nan,nan,nan,1.500000000,2.000000000,403,522,0
2026-06-03T01:47:59,1773928468.949427843,r1,track_association,wall_like,accepted,selected_best_match,detection,0,49,confirmed,31,0,1.090580587,1.904686521,2.741472496,0.033900306,0.000000000,nan,nan,nan,nan,nan,nan,nan,nan,nan,8.000000000,0.300000000,1.800000000,3.000000000,nan,nan,nan,nan,nan,nan,nan,nan,nan,1.500000000,2.000000000,495,759,0
2026-06-03T01:48:00,1773928469.168422937,r1,track_association,pipe_like,accepted,selected_best_match,detection,0,44,stale,6,5,0.527810719,0.569264028,nan,nan,nan,1.981892073,0.043645064,0.000676144,0.156241690,0.000000000,nan,nan,nan,nan,nan,nan,nan,nan,14.000000000,0.120000000,0.030000000,0.200000000,0.250000000,nan,nan,nan,nan,1.500000000,2.000000000,18,16,0
2026-06-03T01:48:00,1773928469.564423084,r1,track_association,wall_like,accepted,selected_best_match,detection,0,49,confirmed,32,2,0.843520755,1.453569358,1.700120229,0.043944782,0.000000000,nan,nan,nan,nan,nan,nan,nan,nan,nan,8.000000000,0.300000000,1.800000000,3.000000000,nan,nan,nan,nan,nan,nan,nan,nan,nan,1.500000000,2.000000000,383,495,0
2026-06-03T01:48:00,1773928469.564423084,r1,track_association,pipe_like,accepted,selected_best_match,detection,2,44,confirmed,7,1,0.879888978,0.607786027,nan,nan,nan,1.687842539,0.038401679,0.001566600,0.000000000,0.096773701,nan,nan,nan,nan,nan,nan,nan,nan,14.000000000,0.120000000,0.030000000,0.200000000,0.250000000,nan,nan,nan,nan,1.500000000,2.000000000,11,18,0
2026-06-03T01:48:00,1773928469.747422934,r1,track_association,wall_like,accepted,selected_best_match,detection,0,2,stale,138,4,0.286357974,0.518786367,0.451090394,0.017112866,0.000000000,nan,nan,nan,nan,nan,nan,nan,nan,nan,8.000000000,0.300000000,1.800000000,3.000000000,nan,nan,nan,nan,nan,nan,nan,nan,nan,1.500000000,2.000000000,383,502,0
2026-06-03T01:48:00,1773928469.747422934,r1,track_association,wall_like,accepted,selected_best_match,detection,1,56,stale,9,4,0.441409491,0.435791976,0.719090312,0.061877763,0.000000000,nan,nan,nan,nan,nan,nan,nan,nan,nan,8.000000000,0.300000000,1.800000000,3.000000000,nan,nan,nan,nan,nan,nan,nan,nan,nan,1.500000000,2.000000000,301,235,0
2026-06-03T01:48:00,1773928469.747422934,r1,track_association,pipe_like,accepted,selected_best_match,detection,3,44,confirmed,8,0,0.891666104,0.493567117,nan,nan,nan,0.811816681,0.052991624,0.011762470,0.302755276,0.000000000,nan,nan,nan,nan,nan,nan,nan,nan,14.000000000,0.120000000,0.030000000,0.200000000,0.250000000,nan,nan,nan,nan,1.500000000,2.000000000,20,11,0
2026-06-03T01:48:00,1773928469.966423035,r1,track_association,wall_like,accepted,selected_best_match,detection,0,39,stale,8,5,0.804247153,1.770818400,1.209040810,0.018853276,0.000000000,nan,nan,nan,nan,nan,nan,nan,nan,nan,8.000000000,0.300000000,1.800000000,3.000000000,nan,nan,nan,nan,nan,nan,nan,nan,nan,1.500000000,2.000000000,287,403,0
2026-06-03T01:48:01,1773928470.188417673,r1,track_association,wall_like,accepted,selected_best_match,detection,0,2,confirmed,139,1,0.288984098,0.657308239,0.461857581,0.003644746,0.000000000,nan,nan,nan,nan,nan,nan,nan,nan,nan,8.000000000,0.300000000,1.800000000,3.000000000,nan,nan,nan,nan,nan,nan,nan,nan,nan,1.500000000,2.000000000,253,383,0
2026-06-03T01:48:01,1773928470.188417673,r1,track_association,wall_like,accepted,selected_best_match,detection,1,56,confirmed,10,1,0.417354031,0.340880454,0.601628817,0.068557083,0.000000000,nan,nan,nan,nan,nan,nan,nan,nan,nan,8.000000000,0.300000000,1.800000000,3.000000000,nan,nan,nan,nan,nan,nan,nan,nan,nan,1.500000000,2.000000000,238,301,0
2026-06-03T01:48:01,1773928470.566417933,r1,track_association,wall_like,accepted,selected_best_match,detection,0,2,confirmed,140,1,1.267226830,2.613268236,1.464827607,0.063910190,0.000000000,nan,nan,nan,nan,nan,nan,nan,nan,nan,8.000000000,0.300000000,1.800000000,3.000000000,nan,nan,nan,nan,nan,nan,nan,nan,nan,1.500000000,2.000000000,446,253,0
2026-06-03T01:48:01,1773928470.566417933,r1,track_association,pipe_like,accepted,selected_best_match,detection,2,59,candidate,1,12,1.684624225,0.478786459,nan,nan,nan,9.228455773,0.104366490,0.004671842,0.755135449,0.000000000,nan,nan,nan,nan,nan,nan,nan,nan,14.000000000,0.120000000,0.030000000,0.200000000,0.250000000,nan,nan,nan,nan,1.500000000,2.000000000,12,10,0
2026-06-03T01:48:01,1773928470.749418020,r1,track_association,wall_like,accepted,selected_best_match,detection,0,39,confirmed,9,3,0.556186663,0.173509665,2.169095108,0.068163966,0.000000000,nan,nan,nan,nan,nan,nan,nan,nan,nan,8.000000000,0.300000000,1.800000000,3.000000000,nan,nan,nan,nan,nan,nan,nan,nan,nan,1.500000000,2.000000000,399,287,0
2026-06-03T01:48:01,1773928470.749418020,r1,track_association,pipe_like,rejected,axis_distance,detection,1,36,stale,8,14,nan,0.595344889,nan,nan,nan,0.639177991,0.179009323,0.012201268,0.603543646,0.000000000,nan,nan,nan,nan,nan,nan,nan,nan,14.000000000,0.120000000,0.030000000,0.200000000,0.250000000,nan,nan,nan,nan,1.500000000,2.000000000,10,24,0
2026-06-03T01:48:01,1773928470.749418020,r1,pipe_track_deduplication,pipe_like,rejected,axis_distance,track,62,36,stale,8,14,1.505360531,0.595344889,nan,nan,nan,0.639177991,0.179009323,0.012201268,0.603543646,0.000000000,nan,nan,nan,nan,nan,nan,nan,nan,14.000000000,0.170000000,0.030000000,0.200000000,0.250000000,nan,nan,nan,nan,1.500000000,2.000000000,10,24,1
2026-06-03T01:48:01,1773928470.968417645,r1,pipe_track_deduplication,pipe_like,rejected,axis_distance,track,62,36,stale,8,15,1.505360531,0.595344889,nan,nan,nan,0.639177991,0.179009323,0.012201268,0.603543646,0.000000000,nan,nan,nan,nan,nan,nan,nan,nan,14.000000000,0.170000000,0.030000000,0.200000000,0.250000000,nan,nan,nan,nan,1.500000000,2.000000000,10,24,1
2026-06-03T01:48:01,1773928470.968417645,r1,pipe_track_deduplication,pipe_like,rejected,axis_distance,track,62,36,stale,8,15,1.505360531,0.595344889,nan,nan,nan,0.639177991,0.179009323,0.012201268,0.603543646,0.000000000,nan,nan,nan,nan,nan,nan,nan,nan,14.000000000,0.170000000,0.030000000,0.200000000,0.250000000,nan,nan,nan,nan,1.500000000,2.000000000,10,24,1
2026-06-03T01:48:02,1773928471.148407698,r1,pipe_track_deduplication,pipe_like,rejected,axis_distance,track,62,36,stale,8,16,1.505360531,0.595344889,nan,nan,nan,0.639177991,0.179009323,0.012201268,0.603543646,0.000000000,nan,nan,nan,nan,nan,nan,nan,nan,14.000000000,0.170000000,0.030000000,0.200000000,0.250000000,nan,nan,nan,nan,1.500000000,2.000000000,10,24,1
2026-06-03T01:48:02,1773928471.148407698,r1,pipe_track_deduplication,pipe_like,rejected,axis_distance,track,62,36,stale,8,16,1.505360531,0.595344889,nan,nan,nan,0.639177991,0.179009323,0.012201268,0.603543646,0.000000000,nan,nan,nan,nan,nan,nan,nan,nan,14.000000000,0.170000000,0.030000000,0.200000000,0.250000000,nan,nan,nan,nan,1.500000000,2.000000000,10,24,1
2026-06-03T01:48:02,1773928471.370407820,r1,pipe_track_deduplication,pipe_like,rejected,axis_distance,track,62,36,stale,8,17,1.505360531,0.595344889,nan,nan,nan,0.639177991,0.179009323,0.012201268,0.603543646,0.000000000,nan,nan,nan,nan,nan,nan,nan,nan,14.000000000,0.170000000,0.030000000,0.200000000,0.250000000,nan,nan,nan,nan,1.500000000,2.000000000,10,24,1
2026-06-03T01:48:02,1773928471.370407820,r1,pipe_track_deduplication,pipe_like,rejected,axis_distance,track,62,36,stale,8,17,1.505360531,0.595344889,nan,nan,nan,0.639177991,0.179009323,0.012201268,0.603543646,0.000000000,nan,nan,nan,nan,nan,nan,nan,nan,14.000000000,0.170000000,0.030000000,0.200000000,0.250000000,nan,nan,nan,nan,1.500000000,2.000000000,10,24,1
2026-06-03T01:48:02,1773928471.550407887,r1,pipe_track_deduplication,pipe_like,rejected,axis_distance,track,62,36,stale,8,18,1.505360531,0.595344889,nan,nan,nan,0.639177991,0.179009323,0.012201268,0.603543646,0.000000000,nan,nan,nan,nan,nan,nan,nan,nan,14.000000000,0.170000000,0.030000000,0.200000000,0.250000000,nan,nan,nan,nan,1.500000000,2.000000000,10,24,1
2026-06-03T01:48:02,1773928471.550407887,r1,track_association,wall_like,accepted,selected_best_match,detection,0,49,stale,33,9,1.540663736,2.115171155,2.250854010,0.166274980,0.000000000,nan,nan,nan,nan,nan,nan,nan,nan,nan,8.000000000,0.300000000,1.800000000,3.000000000,nan,nan,nan,nan,nan,nan,nan,nan,nan,1.500000000,2.000000000,325,383,0
2026-06-03T01:48:02,1773928471.550407887,r1,pipe_track_deduplication,pipe_like,rejected,axis_distance,track,62,36,stale,8,18,1.505360531,0.595344889,nan,nan,nan,0.639177991,0.179009323,0.012201268,0.603543646,0.000000000,nan,nan,nan,nan,nan,nan,nan,nan,14.000000000,0.170000000,0.030000000,0.200000000,0.250000000,nan,nan,nan,nan,1.500000000,2.000000000,10,24,1
2026-06-03T01:48:02,1773928471.766407967,r1,pipe_track_deduplication,pipe_like,rejected,axis_distance,track,62,36,stale,8,19,1.505360531,0.595344889,nan,nan,nan,0.639177991,0.179009323,0.012201268,0.603543646,0.000000000,nan,nan,nan,nan,nan,nan,nan,nan,14.000000000,0.170000000,0.030000000,0.200000000,0.250000000,nan,nan,nan,nan,1.500000000,2.000000000,10,24,1
2026-06-03T01:48:02,1773928471.766407967,r1,pipe_track_deduplication,pipe_like,rejected,axis_distance,track,62,36,stale,8,19,1.505360531,0.595344889,nan,nan,nan,0.639177991,0.179009323,0.012201268,0.603543646,0.000000000,nan,nan,nan,nan,nan,nan,nan,nan,14.000000000,0.170000000,0.030000000,0.200000000,0.250000000,nan,nan,nan,nan,1.500000000,2.000000000,10,24,1
2026-06-03T01:48:02,1773928471.949408054,r1,pipe_track_deduplication,pipe_like,rejected,axis_distance,track,62,36,stale,8,20,1.505360531,0.595344889,nan,nan,nan,0.639177991,0.179009323,0.012201268,0.603543646,0.000000000,nan,nan,nan,nan,nan,nan,nan,nan,14.000000000,0.170000000,0.030000000,0.200000000,0.250000000,nan,nan,nan,nan,1.500000000,2.000000000,10,24,1
2026-06-03T01:48:02,1773928471.949408054,r1,pipe_track_deduplication,pipe_like,rejected,axis_distance,track,62,36,stale,8,20,1.505360531,0.595344889,nan,nan,nan,0.639177991,0.179009323,0.012201268,0.603543646,0.000000000,nan,nan,nan,nan,nan,nan,nan,nan,14.000000000,0.170000000,0.030000000,0.200000000,0.250000000,nan,nan,nan,nan,1.500000000,2.000000000,10,24,1
2026-06-03T01:48:03,1773928472.168402910,r1,pipe_track_deduplication,pipe_like,rejected,axis_distance,track,62,36,stale,8,21,1.505360531,0.595344889,nan,nan,nan,0.639177991,0.179009323,0.012201268,0.603543646,0.000000000,nan,nan,nan,nan,nan,nan,nan,nan,14.000000000,0.170000000,0.030000000,0.200000000,0.250000000,nan,nan,nan,nan,1.500000000,2.000000000,10,24,1
2026-06-03T01:48:03,1773928472.168402910,r1,pipe_track_deduplication,pipe_like,rejected,axis_distance,track,62,36,stale,8,21,1.505360531,0.595344889,nan,nan,nan,0.639177991,0.179009323,0.012201268,0.603543646,0.000000000,nan,nan,nan,nan,nan,nan,nan,nan,14.000000000,0.170000000,0.030000000,0.200000000,0.250000000,nan,nan,nan,nan,1.500000000,2.000000000,10,24,1
2026-06-03T01:48:03,1773928472.369402885,r1,pipe_track_deduplication,pipe_like,rejected,axis_distance,track,62,36,stale,8,22,1.505360531,0.595344889,nan,nan,nan,0.639177991,0.179009323,0.012201268,0.603543646,0.000000000,nan,nan,nan,nan,nan,nan,nan,nan,14.000000000,0.170000000,0.030000000,0.200000000,0.250000000,nan,nan,nan,nan,1.500000000,2.000000000,10,24,1
2026-06-03T01:48:03,1773928472.369402885,r1,track_association,wall_like,accepted,selected_best_match,detection,0,2,stale,141,8,1.069594839,1.985298780,1.787100643,0.055332300,0.000000000,nan,nan,nan,nan,nan,nan,nan,nan,nan,8.000000000,0.300000000,1.800000000,3.000000000,nan,nan,nan,nan,nan,nan,nan,nan,nan,1.500000000,2.000000000,409,446,0
2026-06-03T01:48:03,1773928472.369402885,r1,pipe_track_deduplication,pipe_like,rejected,axis_distance,track,62,36,stale,8,22,1.505360531,0.595344889,nan,nan,nan,0.639177991,0.179009323,0.012201268,0.603543646,0.000000000,nan,nan,nan,nan,nan,nan,nan,nan,14.000000000,0.170000000,0.030000000,0.200000000,0.250000000,nan,nan,nan,nan,1.500000000,2.000000000,10,24,1
2026-06-03T01:48:03,1773928472.567403078,r1,pipe_track_deduplication,pipe_like,rejected,axis_distance,track,62,36,stale,8,23,1.505360531,0.595344889,nan,nan,nan,0.639177991,0.179009323,0.012201268,0.603543646,0.000000000,nan,nan,nan,nan,nan,nan,nan,nan,14.000000000,0.170000000,0.030000000,0.200000000,0.250000000,nan,nan,nan,nan,1.500000000,2.000000000,10,24,1
2026-06-03T01:48:03,1773928472.567403078,r1,pipe_track_deduplication,pipe_like,rejected,axis_distance,track,62,36,stale,8,23,1.505360531,0.595344889,nan,nan,nan,0.639177991,0.179009323,0.012201268,0.603543646,0.000000000,nan,nan,nan,nan,nan,nan,nan,nan,14.000000000,0.170000000,0.030000000,0.200000000,0.250000000,nan,nan,nan,nan,1.500000000,2.000000000,10,24,1
2026-06-03T01:48:03,1773928472.765403032,r1,pipe_track_deduplication,pipe_like,rejected,axis_distance,track,62,36,stale,8,24,1.505360531,0.595344889,nan,nan,nan,0.639177991,0.179009323,0.012201268,0.603543646,0.000000000,nan,nan,nan,nan,nan,nan,nan,nan,14.000000000,0.170000000,0.030000000,0.200000000,0.250000000,nan,nan,nan,nan,1.500000000,2.000000000,10,24,1
2026-06-03T01:48:03,1773928472.765403032,r1,track_association,wall_like,accepted,selected_best_match,detection,0,49,stale,34,5,0.999280779,2.046458042,0.752124026,0.066933778,0.000000000,nan,nan,nan,nan,nan,nan,nan,nan,nan,8.000000000,0.300000000,1.800000000,3.000000000,nan,nan,nan,nan,nan,nan,nan,nan,nan,1.500000000,2.000000000,91,325,0
2026-06-03T01:48:03,1773928472.765403032,r1,track_association,wall_like,accepted,selected_best_match,detection,2,63,candidate,1,5,1.151610533,0.765388914,1.721224272,0.204398358,0.000000000,nan,nan,nan,nan,nan,nan,nan,nan,nan,8.000000000,0.300000000,1.800000000,3.000000000,nan,nan,nan,nan,nan,nan,nan,nan,nan,1.500000000,2.000000000,81,98,0
2026-06-03T01:48:03,1773928472.765403032,r1,track_association,pipe_like,accepted,selected_best_match,detection,3,59,weak_tracked,2,10,1.005599211,0.079747728,nan,nan,nan,4.283134166,0.039085180,0.011218537,1.000000000,0.000000000,nan,nan,nan,nan,nan,nan,nan,nan,14.000000000,0.120000000,0.030000000,0.200000000,0.250000000,nan,nan,nan,nan,1.500000000,2.000000000,10,12,0
2026-06-03T01:48:03,1773928472.765403032,r1,pipe_track_deduplication,pipe_like,rejected,axis_distance,track,62,36,stale,8,24,1.505360531,0.595344889,nan,nan,nan,0.639177991,0.179009323,0.012201268,0.603543646,0.000000000,nan,nan,nan,nan,nan,nan,nan,nan,14.000000000,0.170000000,0.030000000,0.200000000,0.250000000,nan,nan,nan,nan,1.500000000,2.000000000,10,24,1
2026-06-03T01:48:03,1773928472.966403008,r1,pipe_track_deduplication,pipe_like,rejected,axis_distance,track,62,36,stale,8,25,1.505360531,0.595344889,nan,nan,nan,0.639177991,0.179009323,0.012201268,0.603543646,0.000000000,nan,nan,nan,nan,nan,nan,nan,nan,14.000000000,0.170000000,0.030000000,0.200000000,0.250000000,nan,nan,nan,nan,1.500000000,2.000000000,10,24,1
2026-06-03T01:48:03,1773928472.966403008,r1,track_association,wall_like,accepted,selected_best_match,detection,1,63,weak_tracked,2,0,1.281626981,0.564522975,2.094960632,0.249474773,0.000000000,nan,nan,nan,nan,nan,nan,nan,nan,nan,8.000000000,0.300000000,1.800000000,3.000000000,nan,nan,nan,nan,nan,nan,nan,nan,nan,1.500000000,2.000000000,101,81,0
2026-06-03T01:48:03,1773928472.966403008,r1,track_association,wall_like,accepted,selected_best_match,detection,2,64,candidate,1,0,0.689291809,0.224389938,1.649191482,0.122503868,0.000000000,nan,nan,nan,nan,nan,nan,nan,nan,nan,8.000000000,0.300000000,1.800000000,3.000000000,nan,nan,nan,nan,nan,nan,nan,nan,nan,1.500000000,2.000000000,72,82,0
2026-06-03T01:48:03,1773928472.966403008,r1,track_association,wall_like,rejected,projected_gap,detection,3,49,confirmed,35,0,nan,3.193830530,0.786638374,0.057149283,2.556927790,nan,nan,nan,nan,nan,nan,nan,nan,nan,8.000000000,0.300000000,1.800000000,3.000000000,nan,nan,nan,nan,nan,nan,nan,nan,nan,1.500000000,2.000000000,55,91,0
2026-06-03T01:48:03,1773928472.966403008,r1,pipe_track_deduplication,pipe_like,rejected,axis_distance,track,62,36,stale,8,25,1.505360531,0.595344889,nan,nan,nan,0.639177991,0.179009323,0.012201268,0.603543646,0.000000000,nan,nan,nan,nan,nan,nan,nan,nan,14.000000000,0.170000000,0.030000000,0.200000000,0.250000000,nan,nan,nan,nan,1.500000000,2.000000000,10,24,1
2026-06-03T01:48:03,1773928472.966403008,r1,plane_young_span_merge,wall_like,accepted,young_span_merged_duplicate_track,track,66,49,confirmed,35,0,0.759338764,nan,0.486035896,0.076539575,0.000000000,nan,nan,nan,nan,nan,nan,nan,nan,nan,4.000000000,0.120000000,0.500000000,nan,nan,nan,nan,nan,nan,nan,nan,nan,nan,1.000000000,1.000000000,55,91,1
2026-06-03T01:48:03,1773928472.966403008,r1,plane_young_span_merge,wall_like,accepted,young_span_merged_duplicate_track,track,65,49,confirmed,36,0,0.723624777,nan,0.853421398,0.061232331,0.000000000,nan,nan,nan,nan,nan,nan,nan,nan,nan,4.000000000,0.120000000,0.500000000,nan,nan,nan,nan,nan,nan,nan,nan,nan,nan,1.000000000,1.000000000,138,383,1
2026-06-03T01:48:04,1773928473.149398088,r1,pipe_track_deduplication,pipe_like,rejected,axis_distance,track,62,36,stale,8,26,1.505360531,0.595344889,nan,nan,nan,0.639177991,0.179009323,0.012201268,0.603543646,0.000000000,nan,nan,nan,nan,nan,nan,nan,nan,14.000000000,0.170000000,0.030000000,0.200000000,0.250000000,nan,nan,nan,nan,1.500000000,2.000000000,10,24,1
2026-06-03T01:48:04,1773928473.149398088,r1,track_association,wall_like,accepted,selected_best_match,detection,0,49,confirmed,37,0,1.329095206,2.622161362,2.810377112,0.031123284,0.000000000,nan,nan,nan,nan,nan,nan,nan,nan,nan,8.000000000,0.300000000,1.800000000,3.000000000,nan,nan,nan,nan,nan,nan,nan,nan,nan,1.500000000,2.000000000,151,521,0
2026-06-03T01:48:04,1773928473.149398088,r1,pipe_track_deduplication,pipe_like,rejected,axis_distance,track,62,36,stale,8,26,1.505360531,0.595344889,nan,nan,nan,0.639177991,0.179009323,0.012201268,0.603543646,0.000000000,nan,nan,nan,nan,nan,nan,nan,nan,14.000000000,0.170000000,0.030000000,0.200000000,0.250000000,nan,nan,nan,nan,1.500000000,2.000000000,10,24,1
2026-06-03T01:48:04,1773928473.149398088,r1,plane_young_span_merge,wall_like,accepted,young_span_merged_duplicate_track,track,67,49,confirmed,38,0,3.246058310,nan,3.248626063,0.099776832,0.488087671,nan,nan,nan,nan,nan,nan,nan,nan,nan,4.000000000,0.120000000,0.500000000,nan,nan,nan,nan,nan,nan,nan,nan,nan,nan,1.000000000,1.000000000,54,151,1
2026-06-03T01:48:04,1773928473.347398043,r1,pipe_track_deduplication,pipe_like,rejected,axis_distance,track,62,36,stale,8,27,1.505360531,0.595344889,nan,nan,nan,0.639177991,0.179009323,0.012201268,0.603543646,0.000000000,nan,nan,nan,nan,nan,nan,nan,nan,14.000000000,0.170000000,0.030000000,0.200000000,0.250000000,nan,nan,nan,nan,1.500000000,2.000000000,10,24,1
2026-06-03T01:48:04,1773928473.347398043,r1,track_association,wall_like,accepted,selected_best_match,detection,0,49,confirmed,39,0,1.236929944,2.666769872,2.026982120,0.028390166,0.000000000,nan,nan,nan,nan,nan,nan,nan,nan,nan,8.000000000,0.300000000,1.800000000,3.000000000,nan,nan,nan,nan,nan,nan,nan,nan,nan,1.500000000,2.000000000,269,383,0
2026-06-03T01:48:04,1773928473.347398043,r1,track_association,wall_like,rejected,plane_offset,detection,1,63,weak_tracked,3,1,nan,0.360276103,2.624393679,0.346030914,0.000000000,nan,nan,nan,nan,nan,nan,nan,nan,nan,8.000000000,0.300000000,1.800000000,3.000000000,nan,nan,nan,nan,nan,nan,nan,nan,nan,1.500000000,2.000000000,164,101,0
2026-06-03T01:48:04,1773928473.347398043,r1,pipe_track_deduplication,pipe_like,rejected,young_mature_policy,track,71,59,weak_tracked,3,2,1.756662103,0.358615330,nan,nan,nan,7.734786180,0.201448135,0.000575650,1.000000000,0.000000000,nan,nan,nan,nan,nan,nan,nan,nan,14.000000000,0.170000000,0.030000000,0.200000000,0.250000000,nan,nan,nan,nan,1.500000000,2.000000000,14,10,1
2026-06-03T01:48:04,1773928473.347398043,r1,pipe_track_deduplication,pipe_like,rejected,axis_distance,track,62,36,stale,8,27,1.505360531,0.595344889,nan,nan,nan,0.639177991,0.179009323,0.012201268,0.603543646,0.000000000,nan,nan,nan,nan,nan,nan,nan,nan,14.000000000,0.170000000,0.030000000,0.200000000,0.250000000,nan,nan,nan,nan,1.500000000,2.000000000,10,24,1
2026-06-03T01:48:04,1773928473.548398018,r1,pipe_track_deduplication,pipe_like,rejected,young_mature_policy,track,71,59,weak_tracked,3,3,1.756662103,0.358615330,nan,nan,nan,7.734786180,0.201448135,0.000575650,1.000000000,0.000000000,nan,nan,nan,nan,nan,nan,nan,nan,14.000000000,0.170000000,0.030000000,0.200000000,0.250000000,nan,nan,nan,nan,1.500000000,2.000000000,14,10,1
2026-06-03T01:48:04,1773928473.548398018,r1,pipe_track_deduplication,pipe_like,rejected,axis_distance,track,62,36,stale,8,28,1.505360531,0.595344889,nan,nan,nan,0.639177991,0.179009323,0.012201268,0.603543646,0.000000000,nan,nan,nan,nan,nan,nan,nan,nan,14.000000000,0.170000000,0.030000000,0.200000000,0.250000000,nan,nan,nan,nan,1.500000000,2.000000000,10,24,1
2026-06-03T01:48:04,1773928473.548398018,r1,track_association,wall_like,accepted,selected_best_match,detection,0,49,confirmed,40,0,0.828338150,1.646066562,1.702891499,0.020036358,0.000000000,nan,nan,nan,nan,nan,nan,nan,nan,nan,8.000000000,0.300000000,1.800000000,3.000000000,nan,nan,nan,nan,nan,nan,nan,nan,nan,1.500000000,2.000000000,282,269,0
2026-06-03T01:48:04,1773928473.548398018,r1,track_association,wall_like,accepted,selected_best_match,detection,1,68,candidate,1,0,0.190414290,0.282057377,0.235804528,0.020075880,0.000000000,nan,nan,nan,nan,nan,nan,nan,nan,nan,8.000000000,0.300000000,1.800000000,3.000000000,nan,nan,nan,nan,nan,nan,nan,nan,nan,1.500000000,2.000000000,136,164,0
2026-06-03T01:48:04,1773928473.548398018,r1,track_association,wall_like,rejected,plane_offset,detection,1,63,weak_tracked,3,2,nan,0.457245932,2.706045376,0.329838251,0.000000000,nan,nan,nan,nan,nan,nan,nan,nan,nan,8.000000000,0.300000000,1.800000000,3.000000000,nan,nan,nan,nan,nan,nan,nan,nan,nan,1.500000000,2.000000000,136,101,0
2026-06-03T01:48:04,1773928473.548398018,r1,pipe_track_deduplication,pipe_like,rejected,young_mature_policy,track,71,59,weak_tracked,3,3,1.756662103,0.358615330,nan,nan,nan,7.734786180,0.201448135,0.000575650,1.000000000,0.000000000,nan,nan,nan,nan,nan,nan,nan,nan,14.000000000,0.170000000,0.030000000,0.200000000,0.250000000,nan,nan,nan,nan,1.500000000,2.000000000,14,10,1
2026-06-03T01:48:04,1773928473.548398018,r1,pipe_track_deduplication,pipe_like,rejected,axis_distance,track,62,36,stale,8,28,1.505360531,0.595344889,nan,nan,nan,0.639177991,0.179009323,0.012201268,0.603543646,0.000000000,nan,nan,nan,nan,nan,nan,nan,nan,14.000000000,0.170000000,0.030000000,0.200000000,0.250000000,nan,nan,nan,nan,1.500000000,2.000000000,10,24,1
2026-06-03T01:48:04,1773928473.767397881,r1,pipe_track_deduplication,pipe_like,rejected,young_mature_policy,track,71,59,weak_tracked,3,4,1.756662103,0.358615330,nan,nan,nan,7.734786180,0.201448135,0.000575650,1.000000000,0.000000000,nan,nan,nan,nan,nan,nan,nan,nan,14.000000000,0.170000000,0.030000000,0.200000000,0.250000000,nan,nan,nan,nan,1.500000000,2.000000000,14,10,1
2026-06-03T01:48:04,1773928473.767397881,r1,pipe_track_deduplication,pipe_like,rejected,axis_distance,track,62,36,stale,8,29,1.505360531,0.595344889,nan,nan,nan,0.639177991,0.179009323,0.012201268,0.603543646,0.000000000,nan,nan,nan,nan,nan,nan,nan,nan,14.000000000,0.170000000,0.030000000,0.200000000,0.250000000,nan,nan,nan,nan,1.500000000,2.000000000,10,24,1
2026-06-03T01:48:04,1773928473.767397881,r1,track_association,wall_like,accepted,selected_best_match,detection,0,2,stale,142,6,0.616689733,0.576819782,1.751340356,0.061649678,0.000000000,nan,nan,nan,nan,nan,nan,nan,nan,nan,8.000000000,0.300000000,1.800000000,3.000000000,nan,nan,nan,nan,nan,nan,nan,nan,nan,1.500000000,2.000000000,103,409,0
2026-06-03T01:48:04,1773928473.767397881,r1,track_association,pipe_like,rejected,axis_distance,detection,4,44,stale,9,19,nan,0.438259747,nan,nan,nan,1.403912683,0.136613323,0.001803406,1.000000000,0.000000000,nan,nan,nan,nan,nan,nan,nan,nan,14.000000000,0.120000000,0.030000000,0.200000000,0.250000000,nan,nan,nan,nan,1.500000000,2.000000000,17,20,0
2026-06-03T01:48:04,1773928473.767397881,r1,pipe_track_deduplication,pipe_like,rejected,young_mature_policy,track,71,59,weak_tracked,3,4,1.756662103,0.358615330,nan,nan,nan,7.734786180,0.201448135,0.000575650,1.000000000,0.000000000,nan,nan,nan,nan,nan,nan,nan,nan,14.000000000,0.170000000,0.030000000,0.200000000,0.250000000,nan,nan,nan,nan,1.500000000,2.000000000,14,10,1
2026-06-03T01:48:04,1773928473.767397881,r1,pipe_track_deduplication,pipe_like,rejected,axis_distance,track,62,36,stale,8,29,1.505360531,0.595344889,nan,nan,nan,0.639177991,0.179009323,0.012201268,0.603543646,0.000000000,nan,nan,nan,nan,nan,nan,nan,nan,14.000000000,0.170000000,0.030000000,0.200000000,0.250000000,nan,nan,nan,nan,1.500000000,2.000000000,10,24,1
2026-06-03T01:48:04,1773928473.767397881,r1,pipe_track_deduplication,pipe_like,accepted,merged_duplicate_track,track,75,44,stale,9,19,0.964000778,0.438259747,nan,nan,nan,1.403912683,0.136613323,0.001803406,1.000000000,0.000000000,nan,nan,nan,nan,nan,nan,nan,nan,14.000000000,0.170000000,0.030000000,0.200000000,0.250000000,nan,nan,nan,nan,1.500000000,2.000000000,17,20,1
2026-06-03T01:48:04,1773928473.767397881,r1,pipe_track_deduplication,pipe_like,rejected,young_mature_policy,track,71,59,weak_tracked,3,4,1.756662103,0.358615330,nan,nan,nan,7.734786180,0.201448135,0.000575650,1.000000000,0.000000000,nan,nan,nan,nan,nan,nan,nan,nan,14.000000000,0.170000000,0.030000000,0.200000000,0.250000000,nan,nan,nan,nan,1.500000000,2.000000000,14,10,1
2026-06-03T01:48:04,1773928473.767397881,r1,pipe_track_deduplication,pipe_like,rejected,axis_distance,track,62,36,stale,8,29,1.505360531,0.595344889,nan,nan,nan,0.639177991,0.179009323,0.012201268,0.603543646,0.000000000,nan,nan,nan,nan,nan,nan,nan,nan,14.000000000,0.170000000,0.030000000,0.200000000,0.250000000,nan,nan,nan,nan,1.500000000,2.000000000,10,24,1
2026-06-03T01:48:04,1773928473.767397881,r1,plane_young_span_merge,wall_like,accepted,young_span_merged_duplicate_track,track,73,2,confirmed,143,0,0.932854412,nan,1.405378740,0.069781167,0.000000000,nan,nan,nan,nan,nan,nan,nan,nan,nan,4.000000000,0.120000000,0.500000000,nan,nan,nan,nan,nan,nan,nan,nan,nan,nan,1.000000000,1.000000000,129,103,1
2026-06-03T01:48:04,1773928473.989398003,r1,pipe_track_deduplication,pipe_like,rejected,young_mature_policy,track,71,59,weak_tracked,3,5,1.756662103,0.358615330,nan,nan,nan,7.734786180,0.201448135,0.000575650,1.000000000,0.000000000,nan,nan,nan,nan,nan,nan,nan,nan,14.000000000,0.170000000,0.030000000,0.200000000,0.250000000,nan,nan,nan,nan,1.500000000,2.000000000,14,10,1
2026-06-03T01:48:04,1773928473.989398003,r1,pipe_track_deduplication,pipe_like,rejected,axis_distance,track,62,36,stale,8,30,1.505360531,0.595344889,nan,nan,nan,0.639177991,0.179009323,0.012201268,0.603543646,0.000000000,nan,nan,nan,nan,nan,nan,nan,nan,14.000000000,0.170000000,0.030000000,0.200000000,0.250000000,nan,nan,nan,nan,1.500000000,2.000000000,10,24,1
2026-06-03T01:48:04,1773928473.989398003,r1,track_association,wall_like,accepted,selected_best_match,detection,0,49,confirmed,41,1,0.965398595,1.335392771,2.130920469,0.076170784,0.000000000,nan,nan,nan,nan,nan,nan,nan,nan,nan,8.000000000,0.300000000,1.800000000,3.000000000,nan,nan,nan,nan,nan,nan,nan,nan,nan,1.500000000,2.000000000,191,282,0
2026-06-03T01:48:04,1773928473.989398003,r1,track_association,wall_like,accepted,selected_best_match,detection,1,68,weak_tracked,2,1,0.519941215,0.258335422,1.080897165,0.089615179,0.000000000,nan,nan,nan,nan,nan,nan,nan,nan,nan,8.000000000,0.300000000,1.800000000,3.000000000,nan,nan,nan,nan,nan,nan,nan,nan,nan,1.500000000,2.000000000,159,136,0
2026-06-03T01:48:04,1773928473.989398003,r1,track_association,wall_like,accepted,selected_best_match,detection,3,72,candidate,1,1,0.589838058,0.224453207,0.491288491,0.136082778,0.000000000,nan,nan,nan,nan,nan,nan,nan,nan,nan,8.000000000,0.300000000,1.800000000,3.000000000,nan,nan,nan,nan,nan,nan,nan,nan,nan,1.500000000,2.000000000,61,75,0
2026-06-03T01:48:04,1773928473.989398003,r1,track_association,wall_like,accepted,selected_best_match,detection,4,2,confirmed,144,0,1.676839400,4.248660205,0.542549424,0.057840196,0.000000000,nan,nan,nan,nan,nan,nan,nan,nan,nan,8.000000000,0.300000000,1.800000000,3.000000000,nan,nan,nan,nan,nan,nan,nan,nan,nan,1.500000000,2.000000000,557,238,0
2026-06-03T01:48:04,1773928473.989398003,r1,pipe_track_deduplication,pipe_like,rejected,young_mature_policy,track,71,59,weak_tracked,3,5,1.756662103,0.358615330,nan,nan,nan,7.734786180,0.201448135,0.000575650,1.000000000,0.000000000,nan,nan,nan,nan,nan,nan,nan,nan,14.000000000,0.170000000,0.030000000,0.200000000,0.250000000,nan,nan,nan,nan,1.500000000,2.000000000,14,10,1
2026-06-03T01:48:04,1773928473.989398003,r1,pipe_track_deduplication,pipe_like,rejected,axis_distance,track,62,36,stale,8,30,1.505360531,0.595344889,nan,nan,nan,0.639177991,0.179009323,0.012201268,0.603543646,0.000000000,nan,nan,nan,nan,nan,nan,nan,nan,14.000000000,0.170000000,0.030000000,0.200000000,0.250000000,nan,nan,nan,nan,1.500000000,2.000000000,10,24,1
2026-06-03T01:48:04,1773928473.989398003,r1,plane_young_span_merge,wall_like,accepted,young_span_merged_duplicate_track,track,76,49,confirmed,42,0,2.417723903,nan,3.174949508,0.071860979,0.266629797,nan,nan,nan,nan,nan,nan,nan,nan,nan,4.000000000,0.120000000,0.500000000,nan,nan,nan,nan,nan,nan,nan,nan,nan,nan,1.000000000,1.000000000,64,191,1
2026-06-03T01:48:05,1773928474.169393063,r1,pipe_track_deduplication,pipe_like,rejected,young_mature_policy,track,71,59,weak_tracked,3,6,1.756662103,0.358615330,nan,nan,nan,7.734786180,0.201448135,0.000575650,1.000000000,0.000000000,nan,nan,nan,nan,nan,nan,nan,nan,14.000000000,0.170000000,0.030000000,0.200000000,0.250000000,nan,nan,nan,nan,1.500000000,2.000000000,14,10,1
2026-06-03T01:48:05,1773928474.169393063,r1,pipe_track_deduplication,pipe_like,rejected,axis_distance,track,62,36,stale,8,31,1.505360531,0.595344889,nan,nan,nan,0.639177991,0.179009323,0.012201268,0.603543646,0.000000000,nan,nan,nan,nan,nan,nan,nan,nan,14.000000000,0.170000000,0.030000000,0.200000000,0.250000000,nan,nan,nan,nan,1.500000000,2.000000000,10,24,1
2026-06-03T01:48:05,1773928474.169393063,r1,track_association,wall_like,accepted,selected_best_match,detection,0,49,confirmed,43,0,1.494152320,2.801885753,1.402260468,0.115472353,0.000000000,nan,nan,nan,nan,nan,nan,nan,nan,nan,8.000000000,0.300000000,1.800000000,3.000000000,nan,nan,nan,nan,nan,nan,nan,nan,nan,1.500000000,2.000000000,254,383,0
2026-06-03T01:48:05,1773928474.169393063,r1,track_association,pipe_like,accepted,selected_best_match,detection,2,44,confirmed,10,1,0.851986841,0.333360442,nan,nan,nan,0.447593681,0.079454654,0.004736812,1.000000000,0.000000000,nan,nan,nan,nan,nan,nan,nan,nan,14.000000000,0.120000000,0.030000000,0.200000000,0.250000000,nan,nan,nan,nan,1.500000000,2.000000000,12,20,0
2026-06-03T01:48:05,1773928474.169393063,r1,pipe_track_deduplication,pipe_like,rejected,young_mature_policy,track,71,59,weak_tracked,3,6,1.756662103,0.358615330,nan,nan,nan,7.734786180,0.201448135,0.000575650,1.000000000,0.000000000,nan,nan,nan,nan,nan,nan,nan,nan,14.000000000,0.170000000,0.030000000,0.200000000,0.250000000,nan,nan,nan,nan,1.500000000,2.000000000,14,10,1
2026-06-03T01:48:05,1773928474.169393063,r1,pipe_track_deduplication,pipe_like,rejected,axis_distance,track,62,36,stale,8,31,1.505360531,0.595344889,nan,nan,nan,0.639177991,0.179009323,0.012201268,0.603543646,0.000000000,nan,nan,nan,nan,nan,nan,nan,nan,14.000000000,0.170000000,0.030000000,0.200000000,0.250000000,nan,nan,nan,nan,1.500000000,2.000000000,10,24,1
2026-06-03T01:48:05,1773928474.370393038,r1,pipe_track_deduplication,pipe_like,rejected,young_mature_policy,track,71,59,weak_tracked,3,7,1.756662103,0.358615330,nan,nan,nan,7.734786180,0.201448135,0.000575650,1.000000000,0.000000000,nan,nan,nan,nan,nan,nan,nan,nan,14.000000000,0.170000000,0.030000000,0.200000000,0.250000000,nan,nan,nan,nan,1.500000000,2.000000000,14,10,1
2026-06-03T01:48:05,1773928474.370393038,r1,pipe_track_deduplication,pipe_like,rejected,axis_distance,track,62,36,stale,8,32,1.505360531,0.595344889,nan,nan,nan,0.639177991,0.179009323,0.012201268,0.603543646,0.000000000,nan,nan,nan,nan,nan,nan,nan,nan,14.000000000,0.170000000,0.030000000,0.200000000,0.250000000,nan,nan,nan,nan,1.500000000,2.000000000,10,24,1
2026-06-03T01:48:05,1773928474.370393038,r1,track_association,wall_like,accepted,selected_best_match,detection,0,2,confirmed,145,1,2.190516759,3.770884638,0.425952462,0.041160083,1.337599584,nan,nan,nan,nan,nan,nan,nan,nan,nan,8.000000000,0.300000000,1.800000000,3.000000000,nan,nan,nan,nan,nan,nan,nan,nan,nan,1.500000000,2.000000000,568,557,0
2026-06-03T01:48:05,1773928474.370393038,r1,track_association,wall_like,accepted,selected_best_match,detection,1,49,confirmed,44,0,1.773141524,2.117004618,1.905736186,0.099766056,0.894064994,nan,nan,nan,nan,nan,nan,nan,nan,nan,8.000000000,0.300000000,1.800000000,3.000000000,nan,nan,nan,nan,nan,nan,nan,nan,nan,1.500000000,2.000000000,175,254,0
2026-06-03T01:48:05,1773928474.370393038,r1,track_association,wall_like,accepted,selected_best_match,detection,2,68,confirmed,3,1,0.610509416,0.221563418,1.289480374,0.112640969,0.000000000,nan,nan,nan,nan,nan,nan,nan,nan,nan,8.000000000,0.300000000,1.800000000,3.000000000,nan,nan,nan,nan,nan,nan,nan,nan,nan,1.500000000,2.000000000,128,159,0
2026-06-03T01:48:05,1773928474.370393038,r1,track_association,wall_like,accepted,selected_best_match,detection,3,77,candidate,1,0,0.604964898,0.203735806,3.163517567,0.042483980,0.000000000,nan,nan,nan,nan,nan,nan,nan,nan,nan,8.000000000,0.300000000,1.800000000,3.000000000,nan,nan,nan,nan,nan,nan,nan,nan,nan,1.500000000,2.000000000,73,62,0
2026-06-03T01:48:05,1773928474.370393038,r1,pipe_track_deduplication,pipe_like,rejected,young_mature_policy,track,71,59,weak_tracked,3,7,1.756662103,0.358615330,nan,nan,nan,7.734786180,0.201448135,0.000575650,1.000000000,0.000000000,nan,nan,nan,nan,nan,nan,nan,nan,14.000000000,0.170000000,0.030000000,0.200000000,0.250000000,nan,nan,nan,nan,1.500000000,2.000000000,14,10,1
2026-06-03T01:48:05,1773928474.370393038,r1,pipe_track_deduplication,pipe_like,rejected,axis_distance,track,62,36,stale,8,32,1.505360531,0.595344889,nan,nan,nan,0.639177991,0.179009323,0.012201268,0.603543646,0.000000000,nan,nan,nan,nan,nan,nan,nan,nan,14.000000000,0.170000000,0.030000000,0.200000000,0.250000000,nan,nan,nan,nan,1.500000000,2.000000000,10,24,1
2026-06-03T01:48:05,1773928474.568392992,r1,pipe_track_deduplication,pipe_like,rejected,young_mature_policy,track,71,59,weak_tracked,3,8,1.756662103,0.358615330,nan,nan,nan,7.734786180,0.201448135,0.000575650,1.000000000,0.000000000,nan,nan,nan,nan,nan,nan,nan,nan,14.000000000,0.170000000,0.030000000,0.200000000,0.250000000,nan,nan,nan,nan,1.500000000,2.000000000,14,10,1
2026-06-03T01:48:05,1773928474.568392992,r1,pipe_track_deduplication,pipe_like,rejected,axis_distance,track,62,36,stale,8,33,1.505360531,0.595344889,nan,nan,nan,0.639177991,0.179009323,0.012201268,0.603543646,0.000000000,nan,nan,nan,nan,nan,nan,nan,nan,14.000000000,0.170000000,0.030000000,0.200000000,0.250000000,nan,nan,nan,nan,1.500000000,2.000000000,10,24,1
2026-06-03T01:48:05,1773928474.568392992,r1,track_association,wall_like,accepted,selected_best_match,detection,0,49,confirmed,45,0,0.910500180,1.518380097,0.348639456,0.068917123,0.235925649,nan,nan,nan,nan,nan,nan,nan,nan,nan,8.000000000,0.300000000,1.800000000,3.000000000,nan,nan,nan,nan,nan,nan,nan,nan,nan,1.500000000,2.000000000,217,175,0
2026-06-03T01:48:05,1773928474.568392992,r1,track_association,wall_like,accepted,selected_best_match,detection,1,68,confirmed,4,0,0.432648479,0.286387851,1.023545098,0.062772818,0.000000000,nan,nan,nan,nan,nan,nan,nan,nan,nan,8.000000000,0.300000000,1.800000000,3.000000000,nan,nan,nan,nan,nan,nan,nan,nan,nan,1.500000000,2.000000000,183,128,0
2026-06-03T01:48:05,1773928474.568392992,r1,track_association,wall_like,accepted,selected_best_match,detection,2,77,weak_tracked,2,0,0.191019663,0.044730983,0.827847444,0.021788521,0.000000000,nan,nan,nan,nan,nan,nan,nan,nan,nan,8.000000000,0.300000000,1.800000000,3.000000000,nan,nan,nan,nan,nan,nan,nan,nan,nan,1.500000000,2.000000000,109,73,0
2026-06-03T01:48:05,1773928474.568392992,r1,track_association,wall_like,accepted,selected_best_match,detection,3,39,stale,10,18,0.630678854,0.213211946,0.998375418,0.130443383,0.000000000,nan,nan,nan,nan,nan,nan,nan,nan,nan,8.000000000,0.300000000,1.800000000,3.000000000,nan,nan,nan,nan,nan,nan,nan,nan,nan,1.500000000,2.000000000,278,399,0
2026-06-03T01:48:05,1773928474.568392992,r1,pipe_track_deduplication,pipe_like,rejected,young_mature_policy,track,71,59,weak_tracked,3,8,1.756662103,0.358615330,nan,nan,nan,7.734786180,0.201448135,0.000575650,1.000000000,0.000000000,nan,nan,nan,nan,nan,nan,nan,nan,14.000000000,0.170000000,0.030000000,0.200000000,0.250000000,nan,nan,nan,nan,1.500000000,2.000000000,14,10,1
2026-06-03T01:48:05,1773928474.568392992,r1,pipe_track_deduplication,pipe_like,rejected,axis_distance,track,62,36,stale,8,33,1.505360531,0.595344889,nan,nan,nan,0.639177991,0.179009323,0.012201268,0.603543646,0.000000000,nan,nan,nan,nan,nan,nan,nan,nan,14.000000000,0.170000000,0.030000000,0.200000000,0.250000000,nan,nan,nan,nan,1.500000000,2.000000000,10,24,1
2026-06-03T01:48:05,1773928474.772392988,r1,pipe_track_deduplication,pipe_like,rejected,young_mature_policy,track,71,59,weak_tracked,3,9,1.756662103,0.358615330,nan,nan,nan,7.734786180,0.201448135,0.000575650,1.000000000,0.000000000,nan,nan,nan,nan,nan,nan,nan,nan,14.000000000,0.170000000,0.030000000,0.200000000,0.250000000,nan,nan,nan,nan,1.500000000,2.000000000,14,10,1
2026-06-03T01:48:05,1773928474.772392988,r1,pipe_track_deduplication,pipe_like,rejected,axis_distance,track,62,36,stale,8,34,1.505360531,0.595344889,nan,nan,nan,0.639177991,0.179009323,0.012201268,0.603543646,0.000000000,nan,nan,nan,nan,nan,nan,nan,nan,14.000000000,0.170000000,0.030000000,0.200000000,0.250000000,nan,nan,nan,nan,1.500000000,2.000000000,10,24,1
2026-06-03T01:48:05,1773928474.772392988,r1,track_association,wall_like,accepted,selected_best_match,detection,0,49,confirmed,46,0,1.004230307,1.539279232,2.665326807,0.047391414,0.000000000,nan,nan,nan,nan,nan,nan,nan,nan,nan,8.000000000,0.300000000,1.800000000,3.000000000,nan,nan,nan,nan,nan,nan,nan,nan,nan,1.500000000,2.000000000,265,217,0
2026-06-03T01:48:05,1773928474.772392988,r1,track_association,wall_like,accepted,selected_best_match,detection,1,68,confirmed,5,0,0.509117559,0.425091817,2.591287743,0.013052796,0.000000000,nan,nan,nan,nan,nan,nan,nan,nan,nan,8.000000000,0.300000000,1.800000000,3.000000000,nan,nan,nan,nan,nan,nan,nan,nan,nan,1.500000000,2.000000000,83,183,0
2026-06-03T01:48:05,1773928474.772392988,r1,track_association,wall_like,accepted,selected_best_match,detection,2,77,confirmed,3,0,0.131482156,0.125373752,0.636500830,0.003038490,0.000000000,nan,nan,nan,nan,nan,nan,nan,nan,nan,8.000000000,0.300000000,1.800000000,3.000000000,nan,nan,nan,nan,nan,nan,nan,nan,nan,1.500000000,2.000000000,74,109,0
2026-06-03T01:48:05,1773928474.772392988,r1,track_association,pillar_like,accepted,selected_best_match,detection,5,78,candidate,1,1,0.523698124,0.179868270,nan,nan,nan,nan,nan,nan,nan,nan,0.094493449,0.933365651,0.084207654,0.155793667,nan,nan,nan,nan,nan,nan,nan,nan,nan,0.500000000,0.300000000,0.800000000,0.600000000,1.500000000,2.000000000,130,162,0
2026-06-03T01:48:05,1773928474.772392988,r1,pipe_track_deduplication,pipe_like,rejected,young_mature_policy,track,71,59,weak_tracked,3,9,1.756662103,0.358615330,nan,nan,nan,7.734786180,0.201448135,0.000575650,1.000000000,0.000000000,nan,nan,nan,nan,nan,nan,nan,nan,14.000000000,0.170000000,0.030000000,0.200000000,0.250000000,nan,nan,nan,nan,1.500000000,2.000000000,14,10,1
2026-06-03T01:48:05,1773928474.772392988,r1,pipe_track_deduplication,pipe_like,rejected,axis_distance,track,62,36,stale,8,34,1.505360531,0.595344889,nan,nan,nan,0.639177991,0.179009323,0.012201268,0.603543646,0.000000000,nan,nan,nan,nan,nan,nan,nan,nan,14.000000000,0.170000000,0.030000000,0.200000000,0.250000000,nan,nan,nan,nan,1.500000000,2.000000000,10,24,1
2026-06-03T01:48:05,1773928474.949393034,r1,pipe_track_deduplication,pipe_like,rejected,young_mature_policy,track,71,59,weak_tracked,3,10,1.756662103,0.358615330,nan,nan,nan,7.734786180,0.201448135,0.000575650,1.000000000,0.000000000,nan,nan,nan,nan,nan,nan,nan,nan,14.000000000,0.170000000,0.030000000,0.200000000,0.250000000,nan,nan,nan,nan,1.500000000,2.000000000,14,10,1
2026-06-03T01:48:05,1773928474.949393034,r1,pipe_track_deduplication,pipe_like,rejected,axis_distance,track,62,36,stale,8,35,1.505360531,0.595344889,nan,nan,nan,0.639177991,0.179009323,0.012201268,0.603543646,0.000000000,nan,nan,nan,nan,nan,nan,nan,nan,14.000000000,0.170000000,0.030000000,0.200000000,0.250000000,nan,nan,nan,nan,1.500000000,2.000000000,10,24,1
2026-06-03T01:48:05,1773928474.949393034,r1,pipe_track_deduplication,pipe_like,rejected,young_mature_policy,track,71,59,weak_tracked,3,10,1.756662103,0.358615330,nan,nan,nan,7.734786180,0.201448135,0.000575650,1.000000000,0.000000000,nan,nan,nan,nan,nan,nan,nan,nan,14.000000000,0.170000000,0.030000000,0.200000000,0.250000000,nan,nan,nan,nan,1.500000000,2.000000000,14,10,1
2026-06-03T01:48:05,1773928474.949393034,r1,pipe_track_deduplication,pipe_like,rejected,axis_distance,track,62,36,stale,8,35,1.505360531,0.595344889,nan,nan,nan,0.639177991,0.179009323,0.012201268,0.603543646,0.000000000,nan,nan,nan,nan,nan,nan,nan,nan,14.000000000,0.170000000,0.030000000,0.200000000,0.250000000,nan,nan,nan,nan,1.500000000,2.000000000,10,24,1
2026-06-03T01:48:06,1773928475.168382883,r1,pipe_track_deduplication,pipe_like,rejected,young_mature_policy,track,71,59,weak_tracked,3,11,1.756662103,0.358615330,nan,nan,nan,7.734786180,0.201448135,0.000575650,1.000000000,0.000000000,nan,nan,nan,nan,nan,nan,nan,nan,14.000000000,0.170000000,0.030000000,0.200000000,0.250000000,nan,nan,nan,nan,1.500000000,2.000000000,14,10,1
2026-06-03T01:48:06,1773928475.168382883,r1,pipe_track_deduplication,pipe_like,rejected,axis_distance,track,62,36,stale,8,36,1.505360531,0.595344889,nan,nan,nan,0.639177991,0.179009323,0.012201268,0.603543646,0.000000000,nan,nan,nan,nan,nan,nan,nan,nan,14.000000000,0.170000000,0.030000000,0.200000000,0.250000000,nan,nan,nan,nan,1.500000000,2.000000000,10,24,1
2026-06-03T01:48:06,1773928475.168382883,r1,track_association,wall_like,accepted,selected_best_match,detection,0,49,confirmed,47,1,0.582094432,0.883294216,1.099930604,0.045051510,0.000000000,nan,nan,nan,nan,nan,nan,nan,nan,nan,8.000000000,0.300000000,1.800000000,3.000000000,nan,nan,nan,nan,nan,nan,nan,nan,nan,1.500000000,2.000000000,254,265,0
2026-06-03T01:48:06,1773928475.168382883,r1,track_association,wall_like,accepted,selected_best_match,detection,1,68,confirmed,6,1,0.160358761,0.035188987,0.796892178,0.014705273,0.000000000,nan,nan,nan,nan,nan,nan,nan,nan,nan,8.000000000,0.300000000,1.800000000,3.000000000,nan,nan,nan,nan,nan,nan,nan,nan,nan,1.500000000,2.000000000,154,83,0
2026-06-03T01:48:06,1773928475.168382883,r1,track_association,wall_like,accepted,selected_best_match,detection,2,77,confirmed,4,1,0.285002787,0.215065979,1.124190470,0.021837096,0.000000000,nan,nan,nan,nan,nan,nan,nan,nan,nan,8.000000000,0.300000000,1.800000000,3.000000000,nan,nan,nan,nan,nan,nan,nan,nan,nan,1.500000000,2.000000000,95,74,0
2026-06-03T01:48:06,1773928475.168382883,r1,track_association,wall_like,accepted,selected_best_match,detection,3,79,candidate,1,1,1.330317671,1.796483141,3.650348420,0.082558921,0.000000000,nan,nan,nan,nan,nan,nan,nan,nan,nan,8.000000000,0.300000000,1.800000000,3.000000000,nan,nan,nan,nan,nan,nan,nan,nan,nan,1.500000000,2.000000000,74,62,0
2026-06-03T01:48:06,1773928475.168382883,r1,pipe_track_deduplication,pipe_like,rejected,young_mature_policy,track,71,59,weak_tracked,3,11,1.756662103,0.358615330,nan,nan,nan,7.734786180,0.201448135,0.000575650,1.000000000,0.000000000,nan,nan,nan,nan,nan,nan,nan,nan,14.000000000,0.170000000,0.030000000,0.200000000,0.250000000,nan,nan,nan,nan,1.500000000,2.000000000,14,10,1
2026-06-03T01:48:06,1773928475.168382883,r1,pipe_track_deduplication,pipe_like,rejected,axis_distance,track,62,36,stale,8,36,1.505360531,0.595344889,nan,nan,nan,0.639177991,0.179009323,0.012201268,0.603543646,0.000000000,nan,nan,nan,nan,nan,nan,nan,nan,14.000000000,0.170000000,0.030000000,0.200000000,0.250000000,nan,nan,nan,nan,1.500000000,2.000000000,10,24,1
2026-06-03T01:48:06,1773928475.369383097,r1,pipe_track_deduplication,pipe_like,rejected,young_mature_policy,track,71,59,weak_tracked,3,12,1.756662103,0.358615330,nan,nan,nan,7.734786180,0.201448135,0.000575650,1.000000000,0.000000000,nan,nan,nan,nan,nan,nan,nan,nan,14.000000000,0.170000000,0.030000000,0.200000000,0.250000000,nan,nan,nan,nan,1.500000000,2.000000000,14,10,1
2026-06-03T01:48:06,1773928475.369383097,r1,pipe_track_deduplication,pipe_like,rejected,axis_distance,track,62,36,stale,8,37,1.505360531,0.595344889,nan,nan,nan,0.639177991,0.179009323,0.012201268,0.603543646,0.000000000,nan,nan,nan,nan,nan,nan,nan,nan,14.000000000,0.170000000,0.030000000,0.200000000,0.250000000,nan,nan,nan,nan,1.500000000,2.000000000,10,24,1
2026-06-03T01:48:06,1773928475.369383097,r1,track_association,wall_like,accepted,selected_best_match,detection,0,2,stale,146,4,1.007099610,2.696098954,0.359680604,0.019031965,0.000000000,nan,nan,nan,nan,nan,nan,nan,nan,nan,8.000000000,0.300000000,1.800000000,3.000000000,nan,nan,nan,nan,nan,nan,nan,nan,nan,1.500000000,2.000000000,526,568,0
2026-06-03T01:48:06,1773928475.369383097,r1,track_association,wall_like,accepted,selected_best_match,detection,1,49,confirmed,48,0,0.311137059,0.688792203,0.519165183,0.004993203,0.000000000,nan,nan,nan,nan,nan,nan,nan,nan,nan,8.000000000,0.300000000,1.800000000,3.000000000,nan,nan,nan,nan,nan,nan,nan,nan,nan,1.500000000,2.000000000,277,254,0
2026-06-03T01:48:06,1773928475.369383097,r1,track_association,wall_like,accepted,selected_best_match,detection,2,68,confirmed,7,0,0.205002238,0.188594933,0.536507555,0.022522145,0.000000000,nan,nan,nan,nan,nan,nan,nan,nan,nan,8.000000000,0.300000000,1.800000000,3.000000000,nan,nan,nan,nan,nan,nan,nan,nan,nan,1.500000000,2.000000000,173,154,0
2026-06-03T01:48:06,1773928475.369383097,r1,track_association,wall_like,accepted,selected_best_match,detection,3,77,confirmed,5,0,0.348654046,0.590963142,0.969252337,0.009152937,0.000000000,nan,nan,nan,nan,nan,nan,nan,nan,nan,8.000000000,0.300000000,1.800000000,3.000000000,nan,nan,nan,nan,nan,nan,nan,nan,nan,1.500000000,2.000000000,87,95,0
2026-06-03T01:48:06,1773928475.369383097,r1,pipe_track_deduplication,pipe_like,rejected,young_mature_policy,track,71,59,weak_tracked,3,12,1.756662103,0.358615330,nan,nan,nan,7.734786180,0.201448135,0.000575650,1.000000000,0.000000000,nan,nan,nan,nan,nan,nan,nan,nan,14.000000000,0.170000000,0.030000000,0.200000000,0.250000000,nan,nan,nan,nan,1.500000000,2.000000000,14,10,1
2026-06-03T01:48:06,1773928475.369383097,r1,pipe_track_deduplication,pipe_like,rejected,axis_distance,track,62,36,stale,8,37,1.505360531,0.595344889,nan,nan,nan,0.639177991,0.179009323,0.012201268,0.603543646,0.000000000,nan,nan,nan,nan,nan,nan,nan,nan,14.000000000,0.170000000,0.030000000,0.200000000,0.250000000,nan,nan,nan,nan,1.500000000,2.000000000,10,24,1
2026-06-03T01:48:06,1773928475.549382925,r1,pipe_track_deduplication,pipe_like,rejected,young_mature_policy,track,71,59,weak_tracked,3,13,1.756662103,0.358615330,nan,nan,nan,7.734786180,0.201448135,0.000575650,1.000000000,0.000000000,nan,nan,nan,nan,nan,nan,nan,nan,14.000000000,0.170000000,0.030000000,0.200000000,0.250000000,nan,nan,nan,nan,1.500000000,2.000000000,14,10,1
2026-06-03T01:48:06,1773928475.549382925,r1,pipe_track_deduplication,pipe_like,rejected,axis_distance,track,62,36,stale,8,38,1.505360531,0.595344889,nan,nan,nan,0.639177991,0.179009323,0.012201268,0.603543646,0.000000000,nan,nan,nan,nan,nan,nan,nan,nan,14.000000000,0.170000000,0.030000000,0.200000000,0.250000000,nan,nan,nan,nan,1.500000000,2.000000000,10,24,1
2026-06-03T01:48:06,1773928475.549382925,r1,track_association,wall_like,accepted,selected_best_match,detection,0,49,confirmed,49,0,0.463393539,0.768053023,0.399727569,0.047222976,0.000000000,nan,nan,nan,nan,nan,nan,nan,nan,nan,8.000000000,0.300000000,1.800000000,3.000000000,nan,nan,nan,nan,nan,nan,nan,nan,nan,1.500000000,2.000000000,291,277,0
2026-06-03T01:48:06,1773928475.549382925,r1,track_association,wall_like,accepted,selected_best_match,detection,1,68,confirmed,8,0,0.553973169,0.519250991,1.455673334,0.059679102,0.000000000,nan,nan,nan,nan,nan,nan,nan,nan,nan,8.000000000,0.300000000,1.800000000,3.000000000,nan,nan,nan,nan,nan,nan,nan,nan,nan,1.500000000,2.000000000,114,173,0
2026-06-03T01:48:06,1773928475.549382925,r1,track_association,wall_like,accepted,selected_best_match,detection,2,79,weak_tracked,2,1,1.106713006,1.448872075,2.259085181,0.102411000,0.000000000,nan,nan,nan,nan,nan,nan,nan,nan,nan,8.000000000,0.300000000,1.800000000,3.000000000,nan,nan,nan,nan,nan,nan,nan,nan,nan,1.500000000,2.000000000,82,74,0
2026-06-03T01:48:06,1773928475.549382925,r1,pipe_track_deduplication,pipe_like,rejected,young_mature_policy,track,71,59,weak_tracked,3,13,1.756662103,0.358615330,nan,nan,nan,7.734786180,0.201448135,0.000575650,1.000000000,0.000000000,nan,nan,nan,nan,nan,nan,nan,nan,14.000000000,0.170000000,0.030000000,0.200000000,0.250000000,nan,nan,nan,nan,1.500000000,2.000000000,14,10,1
2026-06-03T01:48:06,1773928475.549382925,r1,pipe_track_deduplication,pipe_like,rejected,axis_distance,track,62,36,stale,8,38,1.505360531,0.595344889,nan,nan,nan,0.639177991,0.179009323,0.012201268,0.603543646,0.000000000,nan,nan,nan,nan,nan,nan,nan,nan,14.000000000,0.170000000,0.030000000,0.200000000,0.250000000,nan,nan,nan,nan,1.500000000,2.000000000,10,24,1
2026-06-03T01:48:06,1773928475.768383026,r1,pipe_track_deduplication,pipe_like,rejected,young_mature_policy,track,71,59,weak_tracked,3,14,1.756662103,0.358615330,nan,nan,nan,7.734786180,0.201448135,0.000575650,1.000000000,0.000000000,nan,nan,nan,nan,nan,nan,nan,nan,14.000000000,0.170000000,0.030000000,0.200000000,0.250000000,nan,nan,nan,nan,1.500000000,2.000000000,14,10,1
2026-06-03T01:48:06,1773928475.768383026,r1,pipe_track_deduplication,pipe_like,rejected,axis_distance,track,62,36,stale,8,39,1.505360531,0.595344889,nan,nan,nan,0.639177991,0.179009323,0.012201268,0.603543646,0.000000000,nan,nan,nan,nan,nan,nan,nan,nan,14.000000000,0.170000000,0.030000000,0.200000000,0.250000000,nan,nan,nan,nan,1.500000000,2.000000000,10,24,1
2026-06-03T01:48:06,1773928475.768383026,r1,pipe_track_deduplication,pipe_like,rejected,young_mature_policy,track,71,59,weak_tracked,3,14,1.756662103,0.358615330,nan,nan,nan,7.734786180,0.201448135,0.000575650,1.000000000,0.000000000,nan,nan,nan,nan,nan,nan,nan,nan,14.000000000,0.170000000,0.030000000,0.200000000,0.250000000,nan,nan,nan,nan,1.500000000,2.000000000,14,10,1
2026-06-03T01:48:06,1773928475.768383026,r1,pipe_track_deduplication,pipe_like,rejected,axis_distance,track,62,36,stale,8,39,1.505360531,0.595344889,nan,nan,nan,0.639177991,0.179009323,0.012201268,0.603543646,0.000000000,nan,nan,nan,nan,nan,nan,nan,nan,14.000000000,0.170000000,0.030000000,0.200000000,0.250000000,nan,nan,nan,nan,1.500000000,2.000000000,10,24,1
2026-06-03T01:48:06,1773928475.966382980,r1,pipe_track_deduplication,pipe_like,rejected,young_mature_policy,track,71,59,weak_tracked,3,15,1.756662103,0.358615330,nan,nan,nan,7.734786180,0.201448135,0.000575650,1.000000000,0.000000000,nan,nan,nan,nan,nan,nan,nan,nan,14.000000000,0.170000000,0.030000000,0.200000000,0.250000000,nan,nan,nan,nan,1.500000000,2.000000000,14,10,1
2026-06-03T01:48:06,1773928475.966382980,r1,pipe_track_deduplication,pipe_like,rejected,axis_distance,track,62,36,stale,8,40,1.505360531,0.595344889,nan,nan,nan,0.639177991,0.179009323,0.012201268,0.603543646,0.000000000,nan,nan,nan,nan,nan,nan,nan,nan,14.000000000,0.170000000,0.030000000,0.200000000,0.250000000,nan,nan,nan,nan,1.500000000,2.000000000,10,24,1
2026-06-03T01:48:06,1773928475.966382980,r1,pipe_track_deduplication,pipe_like,rejected,young_mature_policy,track,71,59,weak_tracked,3,15,1.756662103,0.358615330,nan,nan,nan,7.734786180,0.201448135,0.000575650,1.000000000,0.000000000,nan,nan,nan,nan,nan,nan,nan,nan,14.000000000,0.170000000,0.030000000,0.200000000,0.250000000,nan,nan,nan,nan,1.500000000,2.000000000,14,10,1
2026-06-03T01:48:06,1773928475.966382980,r1,pipe_track_deduplication,pipe_like,rejected,axis_distance,track,62,36,stale,8,40,1.505360531,0.595344889,nan,nan,nan,0.639177991,0.179009323,0.012201268,0.603543646,0.000000000,nan,nan,nan,nan,nan,nan,nan,nan,14.000000000,0.170000000,0.030000000,0.200000000,0.250000000,nan,nan,nan,nan,1.500000000,2.000000000,10,24,1
2026-06-03T01:48:07,1773928476.146378040,r1,pipe_track_deduplication,pipe_like,rejected,young_mature_policy,track,71,59,weak_tracked,3,16,1.756662103,0.358615330,nan,nan,nan,7.734786180,0.201448135,0.000575650,1.000000000,0.000000000,nan,nan,nan,nan,nan,nan,nan,nan,14.000000000,0.170000000,0.030000000,0.200000000,0.250000000,nan,nan,nan,nan,1.500000000,2.000000000,14,10,1
2026-06-03T01:48:07,1773928476.146378040,r1,pipe_track_deduplication,pipe_like,rejected,axis_distance,track,62,36,stale,8,41,1.505360531,0.595344889,nan,nan,nan,0.639177991,0.179009323,0.012201268,0.603543646,0.000000000,nan,nan,nan,nan,nan,nan,nan,nan,14.000000000,0.170000000,0.030000000,0.200000000,0.250000000,nan,nan,nan,nan,1.500000000,2.000000000,10,24,1
2026-06-03T01:48:07,1773928476.146378040,r1,track_association,wall_like,accepted,selected_best_match,detection,0,49,confirmed,50,2,0.753355069,0.408560269,1.943505673,0.112269031,0.000000000,nan,nan,nan,nan,nan,nan,nan,nan,nan,8.000000000,0.300000000,1.800000000,3.000000000,nan,nan,nan,nan,nan,nan,nan,nan,nan,1.500000000,2.000000000,349,291,0
2026-06-03T01:48:07,1773928476.146378040,r1,track_association,wall_like,accepted,selected_best_match,detection,1,77,confirmed,6,3,0.254076947,0.059102919,1.147816339,0.027269680,0.000000000,nan,nan,nan,nan,nan,nan,nan,nan,nan,8.000000000,0.300000000,1.800000000,3.000000000,nan,nan,nan,nan,nan,nan,nan,nan,nan,1.500000000,2.000000000,129,87,0
2026-06-03T01:48:07,1773928476.146378040,r1,track_association,wall_like,accepted,selected_best_match,detection,2,68,confirmed,9,2,0.853698725,0.899179098,2.184485731,0.084273493,0.000000000,nan,nan,nan,nan,nan,nan,nan,nan,nan,8.000000000,0.300000000,1.800000000,3.000000000,nan,nan,nan,nan,nan,nan,nan,nan,nan,1.500000000,2.000000000,127,114,0
2026-06-03T01:48:07,1773928476.146378040,r1,track_association,wall_like,accepted,selected_best_match,detection,3,79,weak_tracked,3,2,0.999922614,0.546237412,0.791592556,0.215668322,0.000000000,nan,nan,nan,nan,nan,nan,nan,nan,nan,8.000000000,0.300000000,1.800000000,3.000000000,nan,nan,nan,nan,nan,nan,nan,nan,nan,1.500000000,2.000000000,103,82,0
2026-06-03T01:48:07,1773928476.146378040,r1,pipe_track_deduplication,pipe_like,rejected,young_mature_policy,track,71,59,weak_tracked,3,16,1.756662103,0.358615330,nan,nan,nan,7.734786180,0.201448135,0.000575650,1.000000000,0.000000000,nan,nan,nan,nan,nan,nan,nan,nan,14.000000000,0.170000000,0.030000000,0.200000000,0.250000000,nan,nan,nan,nan,1.500000000,2.000000000,14,10,1
2026-06-03T01:48:07,1773928476.146378040,r1,pipe_track_deduplication,pipe_like,rejected,axis_distance,track,62,36,stale,8,41,1.505360531,0.595344889,nan,nan,nan,0.639177991,0.179009323,0.012201268,0.603543646,0.000000000,nan,nan,nan,nan,nan,nan,nan,nan,14.000000000,0.170000000,0.030000000,0.200000000,0.250000000,nan,nan,nan,nan,1.500000000,2.000000000,10,24,1
2026-06-03T01:48:07,1773928476.368377924,r1,pipe_track_deduplication,pipe_like,rejected,young_mature_policy,track,71,59,weak_tracked,3,17,1.756662103,0.358615330,nan,nan,nan,7.734786180,0.201448135,0.000575650,1.000000000,0.000000000,nan,nan,nan,nan,nan,nan,nan,nan,14.000000000,0.170000000,0.030000000,0.200000000,0.250000000,nan,nan,nan,nan,1.500000000,2.000000000,14,10,1
2026-06-03T01:48:07,1773928476.368377924,r1,pipe_track_deduplication,pipe_like,rejected,axis_distance,track,62,36,stale,8,42,1.505360531,0.595344889,nan,nan,nan,0.639177991,0.179009323,0.012201268,0.603543646,0.000000000,nan,nan,nan,nan,nan,nan,nan,nan,14.000000000,0.170000000,0.030000000,0.200000000,0.250000000,nan,nan,nan,nan,1.500000000,2.000000000,10,24,1
2026-06-03T01:48:07,1773928476.368377924,r1,track_association,wall_like,accepted,selected_best_match,detection,0,49,confirmed,51,0,0.306487913,0.212219326,0.647829710,0.046430827,0.000000000,nan,nan,nan,nan,nan,nan,nan,nan,nan,8.000000000,0.300000000,1.800000000,3.000000000,nan,nan,nan,nan,nan,nan,nan,nan,nan,1.500000000,2.000000000,327,349,0
2026-06-03T01:48:07,1773928476.368377924,r1,track_association,wall_like,accepted,selected_best_match,detection,1,77,confirmed,7,0,0.230565238,0.180736625,0.451984674,0.034146484,0.000000000,nan,nan,nan,nan,nan,nan,nan,nan,nan,8.000000000,0.300000000,1.800000000,3.000000000,nan,nan,nan,nan,nan,nan,nan,nan,nan,1.500000000,2.000000000,103,129,0
2026-06-03T01:48:07,1773928476.368377924,r1,track_association,wall_like,accepted,selected_best_match,detection,2,79,confirmed,4,0,0.974634001,0.906146266,2.448863407,0.109943196,0.000000000,nan,nan,nan,nan,nan,nan,nan,nan,nan,8.000000000,0.300000000,1.800000000,3.000000000,nan,nan,nan,nan,nan,nan,nan,nan,nan,1.500000000,2.000000000,83,103,0
2026-06-03T01:48:07,1773928476.368377924,r1,track_association,wall_like,accepted,selected_best_match,detection,3,68,confirmed,10,0,0.590349743,0.518997101,1.709473279,0.061099965,0.000000000,nan,nan,nan,nan,nan,nan,nan,nan,nan,8.000000000,0.300000000,1.800000000,3.000000000,nan,nan,nan,nan,nan,nan,nan,nan,nan,1.500000000,2.000000000,71,127,0
2026-06-03T01:48:07,1773928476.368377924,r1,pipe_track_deduplication,pipe_like,rejected,young_mature_policy,track,71,59,weak_tracked,3,17,1.756662103,0.358615330,nan,nan,nan,7.734786180,0.201448135,0.000575650,1.000000000,0.000000000,nan,nan,nan,nan,nan,nan,nan,nan,14.000000000,0.170000000,0.030000000,0.200000000,0.250000000,nan,nan,nan,nan,1.500000000,2.000000000,14,10,1
2026-06-03T01:48:07,1773928476.368377924,r1,pipe_track_deduplication,pipe_like,rejected,axis_distance,track,62,36,stale,8,42,1.505360531,0.595344889,nan,nan,nan,0.639177991,0.179009323,0.012201268,0.603543646,0.000000000,nan,nan,nan,nan,nan,nan,nan,nan,14.000000000,0.170000000,0.030000000,0.200000000,0.250000000,nan,nan,nan,nan,1.500000000,2.000000000,10,24,1
2026-06-03T01:48:07,1773928476.548377991,r1,pipe_track_deduplication,pipe_like,rejected,young_mature_policy,track,71,59,weak_tracked,3,18,1.756662103,0.358615330,nan,nan,nan,7.734786180,0.201448135,0.000575650,1.000000000,0.000000000,nan,nan,nan,nan,nan,nan,nan,nan,14.000000000,0.170000000,0.030000000,0.200000000,0.250000000,nan,nan,nan,nan,1.500000000,2.000000000,14,10,1
2026-06-03T01:48:07,1773928476.548377991,r1,pipe_track_deduplication,pipe_like,rejected,axis_distance,track,62,36,stale,8,43,1.505360531,0.595344889,nan,nan,nan,0.639177991,0.179009323,0.012201268,0.603543646,0.000000000,nan,nan,nan,nan,nan,nan,nan,nan,14.000000000,0.170000000,0.030000000,0.200000000,0.250000000,nan,nan,nan,nan,1.500000000,2.000000000,10,24,1
2026-06-03T01:48:07,1773928476.548377991,r1,track_association,wall_like,accepted,selected_best_match,detection,0,49,confirmed,52,0,0.571390346,0.482546957,0.890713957,0.089760635,0.000000000,nan,nan,nan,nan,nan,nan,nan,nan,nan,8.000000000,0.300000000,1.800000000,3.000000000,nan,nan,nan,nan,nan,nan,nan,nan,nan,1.500000000,2.000000000,187,327,0
2026-06-03T01:48:07,1773928476.548377991,r1,track_association,wall_like,accepted,selected_best_match,detection,1,68,confirmed,11,0,0.703270086,0.219205768,2.061715111,0.111746132,0.000000000,nan,nan,nan,nan,nan,nan,nan,nan,nan,8.000000000,0.300000000,1.800000000,3.000000000,nan,nan,nan,nan,nan,nan,nan,nan,nan,1.500000000,2.000000000,112,71,0
2026-06-03T01:48:07,1773928476.548377991,r1,track_association,wall_like,accepted,selected_best_match,detection,2,77,confirmed,8,0,0.274788469,0.071849651,0.894902575,0.041692729,0.000000000,nan,nan,nan,nan,nan,nan,nan,nan,nan,8.000000000,0.300000000,1.800000000,3.000000000,nan,nan,nan,nan,nan,nan,nan,nan,nan,1.500000000,2.000000000,103,103,0
2026-06-03T01:48:07,1773928476.548377991,r1,track_association,pipe_like,accepted,selected_best_match,detection,4,36,stale,8,43,0.590997196,0.074173012,nan,nan,nan,0.626604248,0.043285303,0.005565867,0.969226392,0.000000000,nan,nan,nan,nan,nan,nan,nan,nan,14.000000000,0.120000000,0.030000000,0.200000000,0.250000000,nan,nan,nan,nan,1.500000000,2.000000000,20,24,0
2026-06-03T01:48:07,1773928476.548377991,r1,pipe_track_deduplication,pipe_like,rejected,young_mature_policy,track,71,59,weak_tracked,3,18,1.756662103,0.358615330,nan,nan,nan,7.734786180,0.201448135,0.000575650,1.000000000,0.000000000,nan,nan,nan,nan,nan,nan,nan,nan,14.000000000,0.170000000,0.030000000,0.200000000,0.250000000,nan,nan,nan,nan,1.500000000,2.000000000,14,10,1
2026-06-03T01:48:07,1773928476.548377991,r1,pipe_track_deduplication,pipe_like,rejected,axis_distance,track,62,36,confirmed,9,0,1.332798954,0.610649740,nan,nan,nan,0.628139850,0.181347802,0.006635401,0.579691977,0.000000000,nan,nan,nan,nan,nan,nan,nan,nan,14.000000000,0.170000000,0.030000000,0.200000000,0.250000000,nan,nan,nan,nan,1.500000000,2.000000000,10,20,1
2026-06-03T01:48:07,1773928476.770377874,r1,pipe_track_deduplication,pipe_like,rejected,young_mature_policy,track,71,59,weak_tracked,3,19,1.756662103,0.358615330,nan,nan,nan,7.734786180,0.201448135,0.000575650,1.000000000,0.000000000,nan,nan,nan,nan,nan,nan,nan,nan,14.000000000,0.170000000,0.030000000,0.200000000,0.250000000,nan,nan,nan,nan,1.500000000,2.000000000,14,10,1
2026-06-03T01:48:07,1773928476.770377874,r1,pipe_track_deduplication,pipe_like,rejected,axis_distance,track,62,36,confirmed,9,0,1.332798954,0.610649740,nan,nan,nan,0.628139850,0.181347802,0.006635401,0.579691977,0.000000000,nan,nan,nan,nan,nan,nan,nan,nan,14.000000000,0.170000000,0.030000000,0.200000000,0.250000000,nan,nan,nan,nan,1.500000000,2.000000000,10,20,1
2026-06-03T01:48:07,1773928476.770377874,r1,pipe_track_deduplication,pipe_like,rejected,young_mature_policy,track,71,59,weak_tracked,3,19,1.756662103,0.358615330,nan,nan,nan,7.734786180,0.201448135,0.000575650,1.000000000,0.000000000,nan,nan,nan,nan,nan,nan,nan,nan,14.000000000,0.170000000,0.030000000,0.200000000,0.250000000,nan,nan,nan,nan,1.500000000,2.000000000,14,10,1
2026-06-03T01:48:07,1773928476.770377874,r1,pipe_track_deduplication,pipe_like,rejected,axis_distance,track,62,36,confirmed,9,0,1.332798954,0.610649740,nan,nan,nan,0.628139850,0.181347802,0.006635401,0.579691977,0.000000000,nan,nan,nan,nan,nan,nan,nan,nan,14.000000000,0.170000000,0.030000000,0.200000000,0.250000000,nan,nan,nan,nan,1.500000000,2.000000000,10,20,1
2026-06-03T01:48:07,1773928476.968378067,r1,pipe_track_deduplication,pipe_like,rejected,young_mature_policy,track,71,59,weak_tracked,3,20,1.756662103,0.358615330,nan,nan,nan,7.734786180,0.201448135,0.000575650,1.000000000,0.000000000,nan,nan,nan,nan,nan,nan,nan,nan,14.000000000,0.170000000,0.030000000,0.200000000,0.250000000,nan,nan,nan,nan,1.500000000,2.000000000,14,10,1
2026-06-03T01:48:07,1773928476.968378067,r1,pipe_track_deduplication,pipe_like,rejected,axis_distance,track,62,36,confirmed,9,1,1.332798954,0.610649740,nan,nan,nan,0.628139850,0.181347802,0.006635401,0.579691977,0.000000000,nan,nan,nan,nan,nan,nan,nan,nan,14.000000000,0.170000000,0.030000000,0.200000000,0.250000000,nan,nan,nan,nan,1.500000000,2.000000000,10,20,1
2026-06-03T01:48:07,1773928476.968378067,r1,track_association,wall_like,accepted,selected_best_match,detection,0,49,confirmed,53,1,0.361035697,0.174045713,1.067696364,0.050867524,0.000000000,nan,nan,nan,nan,nan,nan,nan,nan,nan,8.000000000,0.300000000,1.800000000,3.000000000,nan,nan,nan,nan,nan,nan,nan,nan,nan,1.500000000,2.000000000,316,187,0
2026-06-03T01:48:07,1773928476.968378067,r1,track_association,wall_like,accepted,selected_best_match,detection,1,79,confirmed,5,2,0.782058977,0.417649020,0.670394166,0.167713010,0.000000000,nan,nan,nan,nan,nan,nan,nan,nan,nan,8.000000000,0.300000000,1.800000000,3.000000000,nan,nan,nan,nan,nan,nan,nan,nan,nan,1.500000000,2.000000000,71,83,0
2026-06-03T01:48:07,1773928476.968378067,r1,pipe_track_deduplication,pipe_like,rejected,young_mature_policy,track,71,59,weak_tracked,3,20,1.756662103,0.358615330,nan,nan,nan,7.734786180,0.201448135,0.000575650,1.000000000,0.000000000,nan,nan,nan,nan,nan,nan,nan,nan,14.000000000,0.170000000,0.030000000,0.200000000,0.250000000,nan,nan,nan,nan,1.500000000,2.000000000,14,10,1
2026-06-03T01:48:07,1773928476.968378067,r1,pipe_track_deduplication,pipe_like,rejected,axis_distance,track,62,36,confirmed,9,1,1.332798954,0.610649740,nan,nan,nan,0.628139850,0.181347802,0.006635401,0.579691977,0.000000000,nan,nan,nan,nan,nan,nan,nan,nan,14.000000000,0.170000000,0.030000000,0.200000000,0.250000000,nan,nan,nan,nan,1.500000000,2.000000000,10,20,1
2026-06-03T01:48:08,1773928477.169372797,r1,pipe_track_deduplication,pipe_like,rejected,young_mature_policy,track,71,59,weak_tracked,3,21,1.756662103,0.358615330,nan,nan,nan,7.734786180,0.201448135,0.000575650,1.000000000,0.000000000,nan,nan,nan,nan,nan,nan,nan,nan,14.000000000,0.170000000,0.030000000,0.200000000,0.250000000,nan,nan,nan,nan,1.500000000,2.000000000,14,10,1
2026-06-03T01:48:08,1773928477.169372797,r1,pipe_track_deduplication,pipe_like,rejected,axis_distance,track,62,36,confirmed,9,2,1.332798954,0.610649740,nan,nan,nan,0.628139850,0.181347802,0.006635401,0.579691977,0.000000000,nan,nan,nan,nan,nan,nan,nan,nan,14.000000000,0.170000000,0.030000000,0.200000000,0.250000000,nan,nan,nan,nan,1.500000000,2.000000000,10,20,1
2026-06-03T01:48:08,1773928477.169372797,r1,track_association,wall_like,accepted,selected_best_match,detection,0,49,confirmed,54,0,0.252105297,0.688055071,0.115176604,0.002506959,0.000000000,nan,nan,nan,nan,nan,nan,nan,nan,nan,8.000000000,0.300000000,1.800000000,3.000000000,nan,nan,nan,nan,nan,nan,nan,nan,nan,1.500000000,2.000000000,589,316,0
2026-06-03T01:48:08,1773928477.169372797,r1,pipe_track_deduplication,pipe_like,rejected,young_mature_policy,track,71,59,weak_tracked,3,21,1.756662103,0.358615330,nan,nan,nan,7.734786180,0.201448135,0.000575650,1.000000000,0.000000000,nan,nan,nan,nan,nan,nan,nan,nan,14.000000000,0.170000000,0.030000000,0.200000000,0.250000000,nan,nan,nan,nan,1.500000000,2.000000000,14,10,1
2026-06-03T01:48:08,1773928477.169372797,r1,pipe_track_deduplication,pipe_like,rejected,axis_distance,track,62,36,confirmed,9,2,1.332798954,0.610649740,nan,nan,nan,0.628139850,0.181347802,0.006635401,0.579691977,0.000000000,nan,nan,nan,nan,nan,nan,nan,nan,14.000000000,0.170000000,0.030000000,0.200000000,0.250000000,nan,nan,nan,nan,1.500000000,2.000000000,10,20,1
2026-06-03T01:48:08,1773928477.370373011,r1,pipe_track_deduplication,pipe_like,rejected,young_mature_policy,track,71,59,weak_tracked,3,22,1.756662103,0.358615330,nan,nan,nan,7.734786180,0.201448135,0.000575650,1.000000000,0.000000000,nan,nan,nan,nan,nan,nan,nan,nan,14.000000000,0.170000000,0.030000000,0.200000000,0.250000000,nan,nan,nan,nan,1.500000000,2.000000000,14,10,1
2026-06-03T01:48:08,1773928477.370373011,r1,pipe_track_deduplication,pipe_like,rejected,axis_distance,track,62,36,confirmed,9,3,1.332798954,0.610649740,nan,nan,nan,0.628139850,0.181347802,0.006635401,0.579691977,0.000000000,nan,nan,nan,nan,nan,nan,nan,nan,14.000000000,0.170000000,0.030000000,0.200000000,0.250000000,nan,nan,nan,nan,1.500000000,2.000000000,10,20,1
2026-06-03T01:48:08,1773928477.370373011,r1,track_association,wall_like,accepted,selected_best_match,detection,0,49,confirmed,55,0,0.205644989,0.310313318,0.507648602,0.011625342,0.000000000,nan,nan,nan,nan,nan,nan,nan,nan,nan,8.000000000,0.300000000,1.800000000,3.000000000,nan,nan,nan,nan,nan,nan,nan,nan,nan,1.500000000,2.000000000,352,589,0
2026-06-03T01:48:08,1773928477.370373011,r1,track_association,wall_like,accepted,selected_best_match,detection,1,77,confirmed,9,3,1.911759672,2.602850240,0.207585299,0.021296593,1.704971015,nan,nan,nan,nan,nan,nan,nan,nan,nan,8.000000000,0.300000000,1.800000000,3.000000000,nan,nan,nan,nan,nan,nan,nan,nan,nan,1.500000000,2.000000000,68,103,0
2026-06-03T01:48:08,1773928477.370373011,r1,pipe_track_deduplication,pipe_like,rejected,young_mature_policy,track,71,59,weak_tracked,3,22,1.756662103,0.358615330,nan,nan,nan,7.734786180,0.201448135,0.000575650,1.000000000,0.000000000,nan,nan,nan,nan,nan,nan,nan,nan,14.000000000,0.170000000,0.030000000,0.200000000,0.250000000,nan,nan,nan,nan,1.500000000,2.000000000,14,10,1
2026-06-03T01:48:08,1773928477.370373011,r1,pipe_track_deduplication,pipe_like,rejected,axis_distance,track,62,36,confirmed,9,3,1.332798954,0.610649740,nan,nan,nan,0.628139850,0.181347802,0.006635401,0.579691977,0.000000000,nan,nan,nan,nan,nan,nan,nan,nan,14.000000000,0.170000000,0.030000000,0.200000000,0.250000000,nan,nan,nan,nan,1.500000000,2.000000000,10,20,1
2026-06-03T01:48:08,1773928477.550373077,r1,pipe_track_deduplication,pipe_like,rejected,young_mature_policy,track,71,59,weak_tracked,3,23,1.756662103,0.358615330,nan,nan,nan,7.734786180,0.201448135,0.000575650,1.000000000,0.000000000,nan,nan,nan,nan,nan,nan,nan,nan,14.000000000,0.170000000,0.030000000,0.200000000,0.250000000,nan,nan,nan,nan,1.500000000,2.000000000,14,10,1
2026-06-03T01:48:08,1773928477.550373077,r1,pipe_track_deduplication,pipe_like,rejected,axis_distance,track,62,36,stale,9,4,1.332798954,0.610649740,nan,nan,nan,0.628139850,0.181347802,0.006635401,0.579691977,0.000000000,nan,nan,nan,nan,nan,nan,nan,nan,14.000000000,0.170000000,0.030000000,0.200000000,0.250000000,nan,nan,nan,nan,1.500000000,2.000000000,10,20,1
2026-06-03T01:48:08,1773928477.550373077,r1,track_association,wall_like,accepted,selected_best_match,detection,0,49,confirmed,56,0,0.564897400,0.586310259,2.042060695,0.034260918,0.000000000,nan,nan,nan,nan,nan,nan,nan,nan,nan,8.000000000,0.300000000,1.800000000,3.000000000,nan,nan,nan,nan,nan,nan,nan,nan,nan,1.500000000,2.000000000,198,352,0
2026-06-03T01:48:08,1773928477.550373077,r1,track_association,wall_like,accepted,selected_best_match,detection,1,77,confirmed,10,0,1.169002101,1.775088019,1.173608205,0.010649497,0.711192142,nan,nan,nan,nan,nan,nan,nan,nan,nan,8.000000000,0.300000000,1.800000000,3.000000000,nan,nan,nan,nan,nan,nan,nan,nan,nan,1.500000000,2.000000000,105,68,0
2026-06-03T01:48:08,1773928477.550373077,r1,track_association,wall_like,accepted,selected_best_match,detection,2,68,stale,12,4,0.328492523,0.170288863,1.179226331,0.037297883,0.000000000,nan,nan,nan,nan,nan,nan,nan,nan,nan,8.000000000,0.300000000,1.800000000,3.000000000,nan,nan,nan,nan,nan,nan,nan,nan,nan,1.500000000,2.000000000,75,112,0
2026-06-03T01:48:08,1773928477.550373077,r1,pipe_track_deduplication,pipe_like,rejected,young_mature_policy,track,71,59,weak_tracked,3,23,1.756662103,0.358615330,nan,nan,nan,7.734786180,0.201448135,0.000575650,1.000000000,0.000000000,nan,nan,nan,nan,nan,nan,nan,nan,14.000000000,0.170000000,0.030000000,0.200000000,0.250000000,nan,nan,nan,nan,1.500000000,2.000000000,14,10,1
2026-06-03T01:48:08,1773928477.550373077,r1,pipe_track_deduplication,pipe_like,rejected,axis_distance,track,62,36,stale,9,4,1.332798954,0.610649740,nan,nan,nan,0.628139850,0.181347802,0.006635401,0.579691977,0.000000000,nan,nan,nan,nan,nan,nan,nan,nan,14.000000000,0.170000000,0.030000000,0.200000000,0.250000000,nan,nan,nan,nan,1.500000000,2.000000000,10,20,1
2026-06-03T01:48:08,1773928477.787373066,r1,pipe_track_deduplication,pipe_like,rejected,young_mature_policy,track,71,59,weak_tracked,3,24,1.756662103,0.358615330,nan,nan,nan,7.734786180,0.201448135,0.000575650,1.000000000,0.000000000,nan,nan,nan,nan,nan,nan,nan,nan,14.000000000,0.170000000,0.030000000,0.200000000,0.250000000,nan,nan,nan,nan,1.500000000,2.000000000,14,10,1
2026-06-03T01:48:08,1773928477.787373066,r1,pipe_track_deduplication,pipe_like,rejected,axis_distance,track,62,36,stale,9,5,1.332798954,0.610649740,nan,nan,nan,0.628139850,0.181347802,0.006635401,0.579691977,0.000000000,nan,nan,nan,nan,nan,nan,nan,nan,14.000000000,0.170000000,0.030000000,0.200000000,0.250000000,nan,nan,nan,nan,1.500000000,2.000000000,10,20,1
2026-06-03T01:48:08,1773928477.787373066,r1,pipe_track_deduplication,pipe_like,rejected,young_mature_policy,track,71,59,weak_tracked,3,24,1.756662103,0.358615330,nan,nan,nan,7.734786180,0.201448135,0.000575650,1.000000000,0.000000000,nan,nan,nan,nan,nan,nan,nan,nan,14.000000000,0.170000000,0.030000000,0.200000000,0.250000000,nan,nan,nan,nan,1.500000000,2.000000000,14,10,1
2026-06-03T01:48:08,1773928477.787373066,r1,pipe_track_deduplication,pipe_like,rejected,axis_distance,track,62,36,stale,9,5,1.332798954,0.610649740,nan,nan,nan,0.628139850,0.181347802,0.006635401,0.579691977,0.000000000,nan,nan,nan,nan,nan,nan,nan,nan,14.000000000,0.170000000,0.030000000,0.200000000,0.250000000,nan,nan,nan,nan,1.500000000,2.000000000,10,20,1
2026-06-03T01:48:08,1773928477.949372768,r1,pipe_track_deduplication,pipe_like,rejected,young_mature_policy,track,71,59,weak_tracked,3,25,1.756662103,0.358615330,nan,nan,nan,7.734786180,0.201448135,0.000575650,1.000000000,0.000000000,nan,nan,nan,nan,nan,nan,nan,nan,14.000000000,0.170000000,0.030000000,0.200000000,0.250000000,nan,nan,nan,nan,1.500000000,2.000000000,14,10,1
2026-06-03T01:48:08,1773928477.949372768,r1,pipe_track_deduplication,pipe_like,rejected,axis_distance,track,62,36,stale,9,6,1.332798954,0.610649740,nan,nan,nan,0.628139850,0.181347802,0.006635401,0.579691977,0.000000000,nan,nan,nan,nan,nan,nan,nan,nan,14.000000000,0.170000000,0.030000000,0.200000000,0.250000000,nan,nan,nan,nan,1.500000000,2.000000000,10,20,1
2026-06-03T01:48:08,1773928477.949372768,r1,track_association,wall_like,accepted,selected_best_match,detection,0,49,confirmed,57,1,1.114873309,2.669606752,1.169020335,0.023663055,0.000000000,nan,nan,nan,nan,nan,nan,nan,nan,nan,8.000000000,0.300000000,1.800000000,3.000000000,nan,nan,nan,nan,nan,nan,nan,nan,nan,1.500000000,2.000000000,424,198,0
2026-06-03T01:48:08,1773928477.949372768,r1,pipe_track_deduplication,pipe_like,rejected,young_mature_policy,track,71,59,weak_tracked,3,25,1.756662103,0.358615330,nan,nan,nan,7.734786180,0.201448135,0.000575650,1.000000000,0.000000000,nan,nan,nan,nan,nan,nan,nan,nan,14.000000000,0.170000000,0.030000000,0.200000000,0.250000000,nan,nan,nan,nan,1.500000000,2.000000000,14,10,1
2026-06-03T01:48:08,1773928477.949372768,r1,pipe_track_deduplication,pipe_like,rejected,axis_distance,track,62,36,stale,9,6,1.332798954,0.610649740,nan,nan,nan,0.628139850,0.181347802,0.006635401,0.579691977,0.000000000,nan,nan,nan,nan,nan,nan,nan,nan,14.000000000,0.170000000,0.030000000,0.200000000,0.250000000,nan,nan,nan,nan,1.500000000,2.000000000,10,20,1
2026-06-03T01:48:09,1773928478.168368101,r1,pipe_track_deduplication,pipe_like,rejected,young_mature_policy,track,71,59,weak_tracked,3,26,1.756662103,0.358615330,nan,nan,nan,7.734786180,0.201448135,0.000575650,1.000000000,0.000000000,nan,nan,nan,nan,nan,nan,nan,nan,14.000000000,0.170000000,0.030000000,0.200000000,0.250000000,nan,nan,nan,nan,1.500000000,2.000000000,14,10,1
2026-06-03T01:48:09,1773928478.168368101,r1,pipe_track_deduplication,pipe_like,rejected,axis_distance,track,62,36,stale,9,7,1.332798954,0.610649740,nan,nan,nan,0.628139850,0.181347802,0.006635401,0.579691977,0.000000000,nan,nan,nan,nan,nan,nan,nan,nan,14.000000000,0.170000000,0.030000000,0.200000000,0.250000000,nan,nan,nan,nan,1.500000000,2.000000000,10,20,1
2026-06-03T01:48:09,1773928478.168368101,r1,pipe_track_deduplication,pipe_like,rejected,young_mature_policy,track,71,59,weak_tracked,3,26,1.756662103,0.358615330,nan,nan,nan,7.734786180,0.201448135,0.000575650,1.000000000,0.000000000,nan,nan,nan,nan,nan,nan,nan,nan,14.000000000,0.170000000,0.030000000,0.200000000,0.250000000,nan,nan,nan,nan,1.500000000,2.000000000,14,10,1
2026-06-03T01:48:09,1773928478.168368101,r1,pipe_track_deduplication,pipe_like,rejected,axis_distance,track,62,36,stale,9,7,1.332798954,0.610649740,nan,nan,nan,0.628139850,0.181347802,0.006635401,0.579691977,0.000000000,nan,nan,nan,nan,nan,nan,nan,nan,14.000000000,0.170000000,0.030000000,0.200000000,0.250000000,nan,nan,nan,nan,1.500000000,2.000000000,10,20,1
2026-06-03T01:48:09,1773928478.369368076,r1,pipe_track_deduplication,pipe_like,rejected,young_mature_policy,track,71,59,weak_tracked,3,27,1.756662103,0.358615330,nan,nan,nan,7.734786180,0.201448135,0.000575650,1.000000000,0.000000000,nan,nan,nan,nan,nan,nan,nan,nan,14.000000000,0.170000000,0.030000000,0.200000000,0.250000000,nan,nan,nan,nan,1.500000000,2.000000000,14,10,1
2026-06-03T01:48:09,1773928478.369368076,r1,pipe_track_deduplication,pipe_like,rejected,axis_distance,track,62,36,stale,9,8,1.332798954,0.610649740,nan,nan,nan,0.628139850,0.181347802,0.006635401,0.579691977,0.000000000,nan,nan,nan,nan,nan,nan,nan,nan,14.000000000,0.170000000,0.030000000,0.200000000,0.250000000,nan,nan,nan,nan,1.500000000,2.000000000,10,20,1
2026-06-03T01:48:09,1773928478.369368076,r1,track_association,wall_like,accepted,selected_best_match,detection,0,49,confirmed,58,1,1.155100721,2.351178377,1.460311206,0.056650708,0.000000000,nan,nan,nan,nan,nan,nan,nan,nan,nan,8.000000000,0.300000000,1.800000000,3.000000000,nan,nan,nan,nan,nan,nan,nan,nan,nan,1.500000000,2.000000000,521,424,0
2026-06-03T01:48:09,1773928478.369368076,r1,pipe_track_deduplication,pipe_like,rejected,young_mature_policy,track,71,59,weak_tracked,3,27,1.756662103,0.358615330,nan,nan,nan,7.734786180,0.201448135,0.000575650,1.000000000,0.000000000,nan,nan,nan,nan,nan,nan,nan,nan,14.000000000,0.170000000,0.030000000,0.200000000,0.250000000,nan,nan,nan,nan,1.500000000,2.000000000,14,10,1
2026-06-03T01:48:09,1773928478.369368076,r1,pipe_track_deduplication,pipe_like,rejected,axis_distance,track,62,36,stale,9,8,1.332798954,0.610649740,nan,nan,nan,0.628139850,0.181347802,0.006635401,0.579691977,0.000000000,nan,nan,nan,nan,nan,nan,nan,nan,14.000000000,0.170000000,0.030000000,0.200000000,0.250000000,nan,nan,nan,nan,1.500000000,2.000000000,10,20,1
2026-06-03T01:48:09,1773928478.603367805,r1,pipe_track_deduplication,pipe_like,rejected,young_mature_policy,track,71,59,weak_tracked,3,28,1.756662103,0.358615330,nan,nan,nan,7.734786180,0.201448135,0.000575650,1.000000000,0.000000000,nan,nan,nan,nan,nan,nan,nan,nan,14.000000000,0.170000000,0.030000000,0.200000000,0.250000000,nan,nan,nan,nan,1.500000000,2.000000000,14,10,1
2026-06-03T01:48:09,1773928478.603367805,r1,pipe_track_deduplication,pipe_like,rejected,axis_distance,track,62,36,stale,9,9,1.332798954,0.610649740,nan,nan,nan,0.628139850,0.181347802,0.006635401,0.579691977,0.000000000,nan,nan,nan,nan,nan,nan,nan,nan,14.000000000,0.170000000,0.030000000,0.200000000,0.250000000,nan,nan,nan,nan,1.500000000,2.000000000,10,20,1
2026-06-03T01:48:09,1773928478.603367805,r1,pipe_track_deduplication,pipe_like,rejected,young_mature_policy,track,71,59,weak_tracked,3,28,1.756662103,0.358615330,nan,nan,nan,7.734786180,0.201448135,0.000575650,1.000000000,0.000000000,nan,nan,nan,nan,nan,nan,nan,nan,14.000000000,0.170000000,0.030000000,0.200000000,0.250000000,nan,nan,nan,nan,1.500000000,2.000000000,14,10,1
2026-06-03T01:48:09,1773928478.603367805,r1,pipe_track_deduplication,pipe_like,rejected,axis_distance,track,62,36,stale,9,9,1.332798954,0.610649740,nan,nan,nan,0.628139850,0.181347802,0.006635401,0.579691977,0.000000000,nan,nan,nan,nan,nan,nan,nan,nan,14.000000000,0.170000000,0.030000000,0.200000000,0.250000000,nan,nan,nan,nan,1.500000000,2.000000000,10,20,1
2026-06-03T01:48:09,1773928478.768368006,r1,pipe_track_deduplication,pipe_like,rejected,young_mature_policy,track,71,59,weak_tracked,3,29,1.756662103,0.358615330,nan,nan,nan,7.734786180,0.201448135,0.000575650,1.000000000,0.000000000,nan,nan,nan,nan,nan,nan,nan,nan,14.000000000,0.170000000,0.030000000,0.200000000,0.250000000,nan,nan,nan,nan,1.500000000,2.000000000,14,10,1
2026-06-03T01:48:09,1773928478.768368006,r1,pipe_track_deduplication,pipe_like,rejected,axis_distance,track,62,36,stale,9,10,1.332798954,0.610649740,nan,nan,nan,0.628139850,0.181347802,0.006635401,0.579691977,0.000000000,nan,nan,nan,nan,nan,nan,nan,nan,14.000000000,0.170000000,0.030000000,0.200000000,0.250000000,nan,nan,nan,nan,1.500000000,2.000000000,10,20,1
2026-06-03T01:48:09,1773928478.768368006,r1,pipe_track_deduplication,pipe_like,rejected,young_mature_policy,track,71,59,weak_tracked,3,29,1.756662103,0.358615330,nan,nan,nan,7.734786180,0.201448135,0.000575650,1.000000000,0.000000000,nan,nan,nan,nan,nan,nan,nan,nan,14.000000000,0.170000000,0.030000000,0.200000000,0.250000000,nan,nan,nan,nan,1.500000000,2.000000000,14,10,1
2026-06-03T01:48:09,1773928478.768368006,r1,pipe_track_deduplication,pipe_like,rejected,axis_distance,track,62,36,stale,9,10,1.332798954,0.610649740,nan,nan,nan,0.628139850,0.181347802,0.006635401,0.579691977,0.000000000,nan,nan,nan,nan,nan,nan,nan,nan,14.000000000,0.170000000,0.030000000,0.200000000,0.250000000,nan,nan,nan,nan,1.500000000,2.000000000,10,20,1
2026-06-03T01:48:09,1773928478.966367960,r1,pipe_track_deduplication,pipe_like,rejected,young_mature_policy,track,71,59,weak_tracked,3,30,1.756662103,0.358615330,nan,nan,nan,7.734786180,0.201448135,0.000575650,1.000000000,0.000000000,nan,nan,nan,nan,nan,nan,nan,nan,14.000000000,0.170000000,0.030000000,0.200000000,0.250000000,nan,nan,nan,nan,1.500000000,2.000000000,14,10,1
2026-06-03T01:48:09,1773928478.966367960,r1,pipe_track_deduplication,pipe_like,rejected,axis_distance,track,62,36,stale,9,11,1.332798954,0.610649740,nan,nan,nan,0.628139850,0.181347802,0.006635401,0.579691977,0.000000000,nan,nan,nan,nan,nan,nan,nan,nan,14.000000000,0.170000000,0.030000000,0.200000000,0.250000000,nan,nan,nan,nan,1.500000000,2.000000000,10,20,1
2026-06-03T01:48:09,1773928478.966367960,r1,pipe_track_deduplication,pipe_like,rejected,young_mature_policy,track,71,59,weak_tracked,3,30,1.756662103,0.358615330,nan,nan,nan,7.734786180,0.201448135,0.000575650,1.000000000,0.000000000,nan,nan,nan,nan,nan,nan,nan,nan,14.000000000,0.170000000,0.030000000,0.200000000,0.250000000,nan,nan,nan,nan,1.500000000,2.000000000,14,10,1
2026-06-03T01:48:09,1773928478.966367960,r1,pipe_track_deduplication,pipe_like,rejected,axis_distance,track,62,36,stale,9,11,1.332798954,0.610649740,nan,nan,nan,0.628139850,0.181347802,0.006635401,0.579691977,0.000000000,nan,nan,nan,nan,nan,nan,nan,nan,14.000000000,0.170000000,0.030000000,0.200000000,0.250000000,nan,nan,nan,nan,1.500000000,2.000000000,10,20,1
2026-06-03T01:48:10,1773928479.167357922,r1,pipe_track_deduplication,pipe_like,rejected,young_mature_policy,track,71,59,weak_tracked,3,31,1.756662103,0.358615330,nan,nan,nan,7.734786180,0.201448135,0.000575650,1.000000000,0.000000000,nan,nan,nan,nan,nan,nan,nan,nan,14.000000000,0.170000000,0.030000000,0.200000000,0.250000000,nan,nan,nan,nan,1.500000000,2.000000000,14,10,1
2026-06-03T01:48:10,1773928479.167357922,r1,pipe_track_deduplication,pipe_like,rejected,axis_distance,track,62,36,stale,9,12,1.332798954,0.610649740,nan,nan,nan,0.628139850,0.181347802,0.006635401,0.579691977,0.000000000,nan,nan,nan,nan,nan,nan,nan,nan,14.000000000,0.170000000,0.030000000,0.200000000,0.250000000,nan,nan,nan,nan,1.500000000,2.000000000,10,20,1
2026-06-03T01:48:10,1773928479.167357922,r1,track_association,wall_like,accepted,selected_best_match,detection,0,49,confirmed,59,3,0.929364370,2.479569840,0.535141336,0.010784527,0.000000000,nan,nan,nan,nan,nan,nan,nan,nan,nan,8.000000000,0.300000000,1.800000000,3.000000000,nan,nan,nan,nan,nan,nan,nan,nan,nan,1.500000000,2.000000000,720,521,0
2026-06-03T01:48:10,1773928479.167357922,r1,pipe_track_deduplication,pipe_like,rejected,young_mature_policy,track,71,59,weak_tracked,3,31,1.756662103,0.358615330,nan,nan,nan,7.734786180,0.201448135,0.000575650,1.000000000,0.000000000,nan,nan,nan,nan,nan,nan,nan,nan,14.000000000,0.170000000,0.030000000,0.200000000,0.250000000,nan,nan,nan,nan,1.500000000,2.000000000,14,10,1
2026-06-03T01:48:10,1773928479.167357922,r1,pipe_track_deduplication,pipe_like,rejected,axis_distance,track,62,36,stale,9,12,1.332798954,0.610649740,nan,nan,nan,0.628139850,0.181347802,0.006635401,0.579691977,0.000000000,nan,nan,nan,nan,nan,nan,nan,nan,14.000000000,0.170000000,0.030000000,0.200000000,0.250000000,nan,nan,nan,nan,1.500000000,2.000000000,10,20,1
2026-06-03T01:48:10,1773928479.368357897,r1,pipe_track_deduplication,pipe_like,rejected,young_mature_policy,track,71,59,weak_tracked,3,32,1.756662103,0.358615330,nan,nan,nan,7.734786180,0.201448135,0.000575650,1.000000000,0.000000000,nan,nan,nan,nan,nan,nan,nan,nan,14.000000000,0.170000000,0.030000000,0.200000000,0.250000000,nan,nan,nan,nan,1.500000000,2.000000000,14,10,1
2026-06-03T01:48:10,1773928479.368357897,r1,pipe_track_deduplication,pipe_like,rejected,axis_distance,track,62,36,stale,9,13,1.332798954,0.610649740,nan,nan,nan,0.628139850,0.181347802,0.006635401,0.579691977,0.000000000,nan,nan,nan,nan,nan,nan,nan,nan,14.000000000,0.170000000,0.030000000,0.200000000,0.250000000,nan,nan,nan,nan,1.500000000,2.000000000,10,20,1
2026-06-03T01:48:10,1773928479.368357897,r1,track_association,wall_like,accepted,selected_best_match,detection,0,49,confirmed,60,0,1.462810046,3.979702425,0.751751885,0.012682076,0.000000000,nan,nan,nan,nan,nan,nan,nan,nan,nan,8.000000000,0.300000000,1.800000000,3.000000000,nan,nan,nan,nan,nan,nan,nan,nan,nan,1.500000000,2.000000000,508,720,0
2026-06-03T01:48:10,1773928479.368357897,r1,track_association,wall_like,rejected,projected_gap,detection,1,79,stale,6,11,nan,5.300054426,0.521101786,0.049254738,2.530491104,nan,nan,nan,nan,nan,nan,nan,nan,nan,8.000000000,0.300000000,1.800000000,3.000000000,nan,nan,nan,nan,nan,nan,nan,nan,nan,1.500000000,2.000000000,135,71,0
2026-06-03T01:48:10,1773928479.368357897,r1,track_association,pipe_like,accepted,selected_best_match,detection,2,44,stale,11,25,0.950318320,0.457478512,nan,nan,nan,2.531017312,0.026144536,0.016549807,0.541508784,0.000000000,nan,nan,nan,nan,nan,nan,nan,nan,14.000000000,0.120000000,0.030000000,0.200000000,0.250000000,nan,nan,nan,nan,1.500000000,2.000000000,15,12,0
2026-06-03T01:48:10,1773928479.368357897,r1,pipe_track_deduplication,pipe_like,rejected,young_mature_policy,track,71,59,weak_tracked,3,32,1.756662103,0.358615330,nan,nan,nan,7.734786180,0.201448135,0.000575650,1.000000000,0.000000000,nan,nan,nan,nan,nan,nan,nan,nan,14.000000000,0.170000000,0.030000000,0.200000000,0.250000000,nan,nan,nan,nan,1.500000000,2.000000000,14,10,1
2026-06-03T01:48:10,1773928479.368357897,r1,pipe_track_deduplication,pipe_like,rejected,axis_distance,track,62,36,stale,9,13,1.332798954,0.610649740,nan,nan,nan,0.628139850,0.181347802,0.006635401,0.579691977,0.000000000,nan,nan,nan,nan,nan,nan,nan,nan,14.000000000,0.170000000,0.030000000,0.200000000,0.250000000,nan,nan,nan,nan,1.500000000,2.000000000,10,20,1
2026-06-03T01:48:10,1773928479.548357964,r1,pipe_track_deduplication,pipe_like,rejected,young_mature_policy,track,71,59,weak_tracked,3,33,1.756662103,0.358615330,nan,nan,nan,7.734786180,0.201448135,0.000575650,1.000000000,0.000000000,nan,nan,nan,nan,nan,nan,nan,nan,14.000000000,0.170000000,0.030000000,0.200000000,0.250000000,nan,nan,nan,nan,1.500000000,2.000000000,14,10,1
2026-06-03T01:48:10,1773928479.548357964,r1,pipe_track_deduplication,pipe_like,rejected,axis_distance,track,62,36,stale,9,14,1.332798954,0.610649740,nan,nan,nan,0.628139850,0.181347802,0.006635401,0.579691977,0.000000000,nan,nan,nan,nan,nan,nan,nan,nan,14.000000000,0.170000000,0.030000000,0.200000000,0.250000000,nan,nan,nan,nan,1.500000000,2.000000000,10,20,1
2026-06-03T01:48:10,1773928479.548357964,r1,track_association,wall_like,accepted,selected_best_match,detection,0,49,confirmed,61,0,1.094548045,3.104476396,0.256605738,0.008294059,0.000000000,nan,nan,nan,nan,nan,nan,nan,nan,nan,8.000000000,0.300000000,1.800000000,3.000000000,nan,nan,nan,nan,nan,nan,nan,nan,nan,1.500000000,2.000000000,528,508,0
2026-06-03T01:48:10,1773928479.548357964,r1,track_association,wall_like,rejected,projected_gap,detection,1,79,stale,6,12,nan,4.753417196,0.950137591,0.094091179,2.357177262,nan,nan,nan,nan,nan,nan,nan,nan,nan,8.000000000,0.300000000,1.800000000,3.000000000,nan,nan,nan,nan,nan,nan,nan,nan,nan,1.500000000,2.000000000,85,71,0
2026-06-03T01:48:10,1773928479.548357964,r1,pipe_track_deduplication,pipe_like,rejected,young_mature_policy,track,71,59,weak_tracked,3,33,1.756662103,0.358615330,nan,nan,nan,7.734786180,0.201448135,0.000575650,1.000000000,0.000000000,nan,nan,nan,nan,nan,nan,nan,nan,14.000000000,0.170000000,0.030000000,0.200000000,0.250000000,nan,nan,nan,nan,1.500000000,2.000000000,14,10,1
2026-06-03T01:48:10,1773928479.548357964,r1,pipe_track_deduplication,pipe_like,rejected,axis_distance,track,62,36,stale,9,14,1.332798954,0.610649740,nan,nan,nan,0.628139850,0.181347802,0.006635401,0.579691977,0.000000000,nan,nan,nan,nan,nan,nan,nan,nan,14.000000000,0.170000000,0.030000000,0.200000000,0.250000000,nan,nan,nan,nan,1.500000000,2.000000000,10,20,1
2026-06-03T01:48:10,1773928479.767357826,r1,pipe_track_deduplication,pipe_like,rejected,young_mature_policy,track,71,59,weak_tracked,3,34,1.756662103,0.358615330,nan,nan,nan,7.734786180,0.201448135,0.000575650,1.000000000,0.000000000,nan,nan,nan,nan,nan,nan,nan,nan,14.000000000,0.170000000,0.030000000,0.200000000,0.250000000,nan,nan,nan,nan,1.500000000,2.000000000,14,10,1
2026-06-03T01:48:10,1773928479.767357826,r1,pipe_track_deduplication,pipe_like,rejected,axis_distance,track,62,36,stale,9,15,1.332798954,0.610649740,nan,nan,nan,0.628139850,0.181347802,0.006635401,0.579691977,0.000000000,nan,nan,nan,nan,nan,nan,nan,nan,14.000000000,0.170000000,0.030000000,0.200000000,0.250000000,nan,nan,nan,nan,1.500000000,2.000000000,10,20,1
2026-06-03T01:48:10,1773928479.767357826,r1,track_association,wall_like,accepted,selected_best_match,detection,0,2,stale,147,21,1.388455251,3.237550866,0.763043224,0.064167368,0.000000000,nan,nan,nan,nan,nan,nan,nan,nan,nan,8.000000000,0.300000000,1.800000000,3.000000000,nan,nan,nan,nan,nan,nan,nan,nan,nan,1.500000000,2.000000000,409,526,0
2026-06-03T01:48:10,1773928479.767357826,r1,pipe_track_deduplication,pipe_like,rejected,young_mature_policy,track,71,59,weak_tracked,3,34,1.756662103,0.358615330,nan,nan,nan,7.734786180,0.201448135,0.000575650,1.000000000,0.000000000,nan,nan,nan,nan,nan,nan,nan,nan,14.000000000,0.170000000,0.030000000,0.200000000,0.250000000,nan,nan,nan,nan,1.500000000,2.000000000,14,10,1
2026-06-03T01:48:10,1773928479.767357826,r1,pipe_track_deduplication,pipe_like,rejected,axis_distance,track,62,36,stale,9,15,1.332798954,0.610649740,nan,nan,nan,0.628139850,0.181347802,0.006635401,0.579691977,0.000000000,nan,nan,nan,nan,nan,nan,nan,nan,14.000000000,0.170000000,0.030000000,0.200000000,0.250000000,nan,nan,nan,nan,1.500000000,2.000000000,10,20,1
2026-06-03T01:48:10,1773928479.968358040,r1,pipe_track_deduplication,pipe_like,rejected,young_mature_policy,track,71,59,weak_tracked,3,35,1.756662103,0.358615330,nan,nan,nan,7.734786180,0.201448135,0.000575650,1.000000000,0.000000000,nan,nan,nan,nan,nan,nan,nan,nan,14.000000000,0.170000000,0.030000000,0.200000000,0.250000000,nan,nan,nan,nan,1.500000000,2.000000000,14,10,1
2026-06-03T01:48:10,1773928479.968358040,r1,pipe_track_deduplication,pipe_like,rejected,axis_distance,track,62,36,stale,9,16,1.332798954,0.610649740,nan,nan,nan,0.628139850,0.181347802,0.006635401,0.579691977,0.000000000,nan,nan,nan,nan,nan,nan,nan,nan,14.000000000,0.170000000,0.030000000,0.200000000,0.250000000,nan,nan,nan,nan,1.500000000,2.000000000,10,20,1
2026-06-03T01:48:10,1773928479.968358040,r1,track_association,wall_like,accepted,selected_best_match,detection,0,2,confirmed,148,0,0.905819469,2.272325914,0.168991281,0.038176076,0.000000000,nan,nan,nan,nan,nan,nan,nan,nan,nan,8.000000000,0.300000000,1.800000000,3.000000000,nan,nan,nan,nan,nan,nan,nan,nan,nan,1.500000000,2.000000000,438,409,0
2026-06-03T01:48:10,1773928479.968358040,r1,track_association,wall_like,accepted,selected_best_match,detection,1,49,confirmed,62,1,1.208405139,2.846227480,1.008602231,0.040076210,0.000000000,nan,nan,nan,nan,nan,nan,nan,nan,nan,8.000000000,0.300000000,1.800000000,3.000000000,nan,nan,nan,nan,nan,nan,nan,nan,nan,1.500000000,2.000000000,564,528,0
2026-06-03T01:48:10,1773928479.968358040,r1,track_association,wall_like,accepted,selected_best_match,detection,3,69,candidate,1,32,1.080606308,1.727429515,1.426329530,0.097951584,0.000000000,nan,nan,nan,nan,nan,nan,nan,nan,nan,8.000000000,0.300000000,1.800000000,3.000000000,nan,nan,nan,nan,nan,nan,nan,nan,nan,1.500000000,2.000000000,193,184,0
2026-06-03T01:48:10,1773928479.968358040,r1,pipe_track_deduplication,pipe_like,rejected,young_mature_policy,track,71,59,weak_tracked,3,35,1.756662103,0.358615330,nan,nan,nan,7.734786180,0.201448135,0.000575650,1.000000000,0.000000000,nan,nan,nan,nan,nan,nan,nan,nan,14.000000000,0.170000000,0.030000000,0.200000000,0.250000000,nan,nan,nan,nan,1.500000000,2.000000000,14,10,1
2026-06-03T01:48:10,1773928479.968358040,r1,pipe_track_deduplication,pipe_like,rejected,axis_distance,track,62,36,stale,9,16,1.332798954,0.610649740,nan,nan,nan,0.628139850,0.181347802,0.006635401,0.579691977,0.000000000,nan,nan,nan,nan,nan,nan,nan,nan,14.000000000,0.170000000,0.030000000,0.200000000,0.250000000,nan,nan,nan,nan,1.500000000,2.000000000,10,20,1
2026-06-03T01:48:11,1773928480.161047459,r1,pipe_track_deduplication,pipe_like,rejected,young_mature_policy,track,71,59,weak_tracked,3,36,1.756662103,0.358615330,nan,nan,nan,7.734786180,0.201448135,0.000575650,1.000000000,0.000000000,nan,nan,nan,nan,nan,nan,nan,nan,14.000000000,0.170000000,0.030000000,0.200000000,0.250000000,nan,nan,nan,nan,1.500000000,2.000000000,14,10,1
2026-06-03T01:48:11,1773928480.161047459,r1,pipe_track_deduplication,pipe_like,rejected,axis_distance,track,62,36,stale,9,17,1.332798954,0.610649740,nan,nan,nan,0.628139850,0.181347802,0.006635401,0.579691977,0.000000000,nan,nan,nan,nan,nan,nan,nan,nan,14.000000000,0.170000000,0.030000000,0.200000000,0.250000000,nan,nan,nan,nan,1.500000000,2.000000000,10,20,1
2026-06-03T01:48:11,1773928480.161047459,r1,track_association,wall_like,accepted,selected_best_match,detection,0,49,confirmed,63,0,1.611583169,2.731511509,4.032940598,0.059088527,0.000000000,nan,nan,nan,nan,nan,nan,nan,nan,nan,8.000000000,0.300000000,1.800000000,3.000000000,nan,nan,nan,nan,nan,nan,nan,nan,nan,1.500000000,2.000000000,383,564,0
2026-06-03T01:48:11,1773928480.161047459,r1,track_association,wall_like,accepted,selected_best_match,detection,2,2,confirmed,149,0,0.772210809,1.965658407,0.086003895,0.031872256,0.000000000,nan,nan,nan,nan,nan,nan,nan,nan,nan,8.000000000,0.300000000,1.800000000,3.000000000,nan,nan,nan,nan,nan,nan,nan,nan,nan,1.500000000,2.000000000,497,438,0
2026-06-03T01:48:11,1773928480.161047459,r1,pipe_track_deduplication,pipe_like,rejected,young_mature_policy,track,71,59,weak_tracked,3,36,1.756662103,0.358615330,nan,nan,nan,7.734786180,0.201448135,0.000575650,1.000000000,0.000000000,nan,nan,nan,nan,nan,nan,nan,nan,14.000000000,0.170000000,0.030000000,0.200000000,0.250000000,nan,nan,nan,nan,1.500000000,2.000000000,14,10,1
2026-06-03T01:48:11,1773928480.161047459,r1,pipe_track_deduplication,pipe_like,rejected,axis_distance,track,62,36,stale,9,17,1.332798954,0.610649740,nan,nan,nan,0.628139850,0.181347802,0.006635401,0.579691977,0.000000000,nan,nan,nan,nan,nan,nan,nan,nan,14.000000000,0.170000000,0.030000000,0.200000000,0.250000000,nan,nan,nan,nan,1.500000000,2.000000000,10,20,1
2026-06-03T01:48:11,1773928480.362047434,r1,pipe_track_deduplication,pipe_like,rejected,young_mature_policy,track,71,59,weak_tracked,3,37,1.756662103,0.358615330,nan,nan,nan,7.734786180,0.201448135,0.000575650,1.000000000,0.000000000,nan,nan,nan,nan,nan,nan,nan,nan,14.000000000,0.170000000,0.030000000,0.200000000,0.250000000,nan,nan,nan,nan,1.500000000,2.000000000,14,10,1
2026-06-03T01:48:11,1773928480.362047434,r1,pipe_track_deduplication,pipe_like,rejected,axis_distance,track,62,36,stale,9,18,1.332798954,0.610649740,nan,nan,nan,0.628139850,0.181347802,0.006635401,0.579691977,0.000000000,nan,nan,nan,nan,nan,nan,nan,nan,14.000000000,0.170000000,0.030000000,0.200000000,0.250000000,nan,nan,nan,nan,1.500000000,2.000000000,10,20,1
2026-06-03T01:48:11,1773928480.362047434,r1,track_association,wall_like,accepted,selected_best_match,detection,0,2,confirmed,150,0,0.558019015,1.595577002,0.092594370,0.004375715,0.000000000,nan,nan,nan,nan,nan,nan,nan,nan,nan,8.000000000,0.300000000,1.800000000,3.000000000,nan,nan,nan,nan,nan,nan,nan,nan,nan,1.500000000,2.000000000,478,497,0
2026-06-03T01:48:11,1773928480.362047434,r1,track_association,wall_like,accepted,selected_best_match,detection,1,49,confirmed,64,0,0.838489428,1.784154784,1.353327169,0.022381581,0.000000000,nan,nan,nan,nan,nan,nan,nan,nan,nan,8.000000000,0.300000000,1.800000000,3.000000000,nan,nan,nan,nan,nan,nan,nan,nan,nan,1.500000000,2.000000000,490,383,0
2026-06-03T01:48:11,1773928480.362047434,r1,track_association,wall_like,accepted,selected_best_match,detection,3,69,weak_tracked,2,1,1.673662049,2.003714534,5.753519548,0.085970178,0.000000000,nan,nan,nan,nan,nan,nan,nan,nan,nan,8.000000000,0.300000000,1.800000000,3.000000000,nan,nan,nan,nan,nan,nan,nan,nan,nan,1.500000000,2.000000000,239,193,0
2026-06-03T01:48:11,1773928480.362047434,r1,pipe_track_deduplication,pipe_like,rejected,young_mature_policy,track,71,59,weak_tracked,3,37,1.756662103,0.358615330,nan,nan,nan,7.734786180,0.201448135,0.000575650,1.000000000,0.000000000,nan,nan,nan,nan,nan,nan,nan,nan,14.000000000,0.170000000,0.030000000,0.200000000,0.250000000,nan,nan,nan,nan,1.500000000,2.000000000,14,10,1
2026-06-03T01:48:11,1773928480.362047434,r1,pipe_track_deduplication,pipe_like,rejected,axis_distance,track,62,36,stale,9,18,1.332798954,0.610649740,nan,nan,nan,0.628139850,0.181347802,0.006635401,0.579691977,0.000000000,nan,nan,nan,nan,nan,nan,nan,nan,14.000000000,0.170000000,0.030000000,0.200000000,0.250000000,nan,nan,nan,nan,1.500000000,2.000000000,10,20,1
2026-06-03T01:48:11,1773928480.542047739,r1,pipe_track_deduplication,pipe_like,rejected,young_mature_policy,track,71,59,weak_tracked,3,38,1.756662103,0.358615330,nan,nan,nan,7.734786180,0.201448135,0.000575650,1.000000000,0.000000000,nan,nan,nan,nan,nan,nan,nan,nan,14.000000000,0.170000000,0.030000000,0.200000000,0.250000000,nan,nan,nan,nan,1.500000000,2.000000000,14,10,1
2026-06-03T01:48:11,1773928480.542047739,r1,pipe_track_deduplication,pipe_like,rejected,axis_distance,track,62,36,stale,9,19,1.332798954,0.610649740,nan,nan,nan,0.628139850,0.181347802,0.006635401,0.579691977,0.000000000,nan,nan,nan,nan,nan,nan,nan,nan,14.000000000,0.170000000,0.030000000,0.200000000,0.250000000,nan,nan,nan,nan,1.500000000,2.000000000,10,20,1
2026-06-03T01:48:11,1773928480.542047739,r1,track_association,wall_like,accepted,selected_best_match,detection,0,49,confirmed,65,0,0.748392643,1.737126744,0.727286758,0.023531865,0.000000000,nan,nan,nan,nan,nan,nan,nan,nan,nan,8.000000000,0.300000000,1.800000000,3.000000000,nan,nan,nan,nan,nan,nan,nan,nan,nan,1.500000000,2.000000000,493,490,0
2026-06-03T01:48:11,1773928480.542047739,r1,pipe_track_deduplication,pipe_like,rejected,young_mature_policy,track,71,59,weak_tracked,3,38,1.756662103,0.358615330,nan,nan,nan,7.734786180,0.201448135,0.000575650,1.000000000,0.000000000,nan,nan,nan,nan,nan,nan,nan,nan,14.000000000,0.170000000,0.030000000,0.200000000,0.250000000,nan,nan,nan,nan,1.500000000,2.000000000,14,10,1
2026-06-03T01:48:11,1773928480.542047739,r1,pipe_track_deduplication,pipe_like,rejected,axis_distance,track,62,36,stale,9,19,1.332798954,0.610649740,nan,nan,nan,0.628139850,0.181347802,0.006635401,0.579691977,0.000000000,nan,nan,nan,nan,nan,nan,nan,nan,14.000000000,0.170000000,0.030000000,0.200000000,0.250000000,nan,nan,nan,nan,1.500000000,2.000000000,10,20,1
2026-06-03T01:48:11,1773928480.740047455,r1,pipe_track_deduplication,pipe_like,rejected,young_mature_policy,track,71,59,weak_tracked,3,39,1.756662103,0.358615330,nan,nan,nan,7.734786180,0.201448135,0.000575650,1.000000000,0.000000000,nan,nan,nan,nan,nan,nan,nan,nan,14.000000000,0.170000000,0.030000000,0.200000000,0.250000000,nan,nan,nan,nan,1.500000000,2.000000000,14,10,1
2026-06-03T01:48:11,1773928480.740047455,r1,pipe_track_deduplication,pipe_like,rejected,axis_distance,track,62,36,stale,9,20,1.332798954,0.610649740,nan,nan,nan,0.628139850,0.181347802,0.006635401,0.579691977,0.000000000,nan,nan,nan,nan,nan,nan,nan,nan,14.000000000,0.170000000,0.030000000,0.200000000,0.250000000,nan,nan,nan,nan,1.500000000,2.000000000,10,20,1
2026-06-03T01:48:11,1773928480.740047455,r1,pipe_track_deduplication,pipe_like,rejected,young_mature_policy,track,71,59,weak_tracked,3,39,1.756662103,0.358615330,nan,nan,nan,7.734786180,0.201448135,0.000575650,1.000000000,0.000000000,nan,nan,nan,nan,nan,nan,nan,nan,14.000000000,0.170000000,0.030000000,0.200000000,0.250000000,nan,nan,nan,nan,1.500000000,2.000000000,14,10,1
2026-06-03T01:48:11,1773928480.740047455,r1,pipe_track_deduplication,pipe_like,rejected,axis_distance,track,62,36,stale,9,20,1.332798954,0.610649740,nan,nan,nan,0.628139850,0.181347802,0.006635401,0.579691977,0.000000000,nan,nan,nan,nan,nan,nan,nan,nan,14.000000000,0.170000000,0.030000000,0.200000000,0.250000000,nan,nan,nan,nan,1.500000000,2.000000000,10,20,1
2026-06-03T01:48:11,1773928480.941047430,r1,pipe_track_deduplication,pipe_like,rejected,young_mature_policy,track,71,59,weak_tracked,3,40,1.756662103,0.358615330,nan,nan,nan,7.734786180,0.201448135,0.000575650,1.000000000,0.000000000,nan,nan,nan,nan,nan,nan,nan,nan,14.000000000,0.170000000,0.030000000,0.200000000,0.250000000,nan,nan,nan,nan,1.500000000,2.000000000,14,10,1
2026-06-03T01:48:11,1773928480.941047430,r1,pipe_track_deduplication,pipe_like,rejected,axis_distance,track,62,36,stale,9,21,1.332798954,0.610649740,nan,nan,nan,0.628139850,0.181347802,0.006635401,0.579691977,0.000000000,nan,nan,nan,nan,nan,nan,nan,nan,14.000000000,0.170000000,0.030000000,0.200000000,0.250000000,nan,nan,nan,nan,1.500000000,2.000000000,10,20,1
2026-06-03T01:48:11,1773928480.941047430,r1,pipe_track_deduplication,pipe_like,rejected,young_mature_policy,track,71,59,weak_tracked,3,40,1.756662103,0.358615330,nan,nan,nan,7.734786180,0.201448135,0.000575650,1.000000000,0.000000000,nan,nan,nan,nan,nan,nan,nan,nan,14.000000000,0.170000000,0.030000000,0.200000000,0.250000000,nan,nan,nan,nan,1.500000000,2.000000000,14,10,1
2026-06-03T01:48:11,1773928480.941047430,r1,pipe_track_deduplication,pipe_like,rejected,axis_distance,track,62,36,stale,9,21,1.332798954,0.610649740,nan,nan,nan,0.628139850,0.181347802,0.006635401,0.579691977,0.000000000,nan,nan,nan,nan,nan,nan,nan,nan,14.000000000,0.170000000,0.030000000,0.200000000,0.250000000,nan,nan,nan,nan,1.500000000,2.000000000,10,20,1
2026-06-03T01:48:12,1773928481.160042524,r1,pipe_track_deduplication,pipe_like,rejected,young_mature_policy,track,71,59,weak_tracked,3,41,1.756662103,0.358615330,nan,nan,nan,7.734786180,0.201448135,0.000575650,1.000000000,0.000000000,nan,nan,nan,nan,nan,nan,nan,nan,14.000000000,0.170000000,0.030000000,0.200000000,0.250000000,nan,nan,nan,nan,1.500000000,2.000000000,14,10,1
2026-06-03T01:48:12,1773928481.160042524,r1,pipe_track_deduplication,pipe_like,rejected,axis_distance,track,62,36,stale,9,22,1.332798954,0.610649740,nan,nan,nan,0.628139850,0.181347802,0.006635401,0.579691977,0.000000000,nan,nan,nan,nan,nan,nan,nan,nan,14.000000000,0.170000000,0.030000000,0.200000000,0.250000000,nan,nan,nan,nan,1.500000000,2.000000000,10,20,1
2026-06-03T01:48:12,1773928481.160042524,r1,track_association,wall_like,accepted,selected_best_match,detection,0,49,confirmed,66,2,0.399816651,0.864506852,0.684697675,0.007818147,0.000000000,nan,nan,nan,nan,nan,nan,nan,nan,nan,8.000000000,0.300000000,1.800000000,3.000000000,nan,nan,nan,nan,nan,nan,nan,nan,nan,1.500000000,2.000000000,350,493,0
2026-06-03T01:48:12,1773928481.160042524,r1,pipe_track_deduplication,pipe_like,rejected,young_mature_policy,track,71,59,weak_tracked,3,41,1.756662103,0.358615330,nan,nan,nan,7.734786180,0.201448135,0.000575650,1.000000000,0.000000000,nan,nan,nan,nan,nan,nan,nan,nan,14.000000000,0.170000000,0.030000000,0.200000000,0.250000000,nan,nan,nan,nan,1.500000000,2.000000000,14,10,1
2026-06-03T01:48:12,1773928481.160042524,r1,pipe_track_deduplication,pipe_like,rejected,axis_distance,track,62,36,stale,9,22,1.332798954,0.610649740,nan,nan,nan,0.628139850,0.181347802,0.006635401,0.579691977,0.000000000,nan,nan,nan,nan,nan,nan,nan,nan,14.000000000,0.170000000,0.030000000,0.200000000,0.250000000,nan,nan,nan,nan,1.500000000,2.000000000,10,20,1
2026-06-03T01:48:12,1773928481.361042500,r1,pipe_track_deduplication,pipe_like,rejected,young_mature_policy,track,71,59,weak_tracked,3,42,1.756662103,0.358615330,nan,nan,nan,7.734786180,0.201448135,0.000575650,1.000000000,0.000000000,nan,nan,nan,nan,nan,nan,nan,nan,14.000000000,0.170000000,0.030000000,0.200000000,0.250000000,nan,nan,nan,nan,1.500000000,2.000000000,14,10,1
2026-06-03T01:48:12,1773928481.361042500,r1,pipe_track_deduplication,pipe_like,rejected,axis_distance,track,62,36,stale,9,23,1.332798954,0.610649740,nan,nan,nan,0.628139850,0.181347802,0.006635401,0.579691977,0.000000000,nan,nan,nan,nan,nan,nan,nan,nan,14.000000000,0.170000000,0.030000000,0.200000000,0.250000000,nan,nan,nan,nan,1.500000000,2.000000000,10,20,1
2026-06-03T01:48:12,1773928481.361042500,r1,track_association,wall_like,accepted,selected_best_match,detection,0,69,weak_tracked,3,4,1.358479876,0.944708638,5.730834384,0.098166809,0.000000000,nan,nan,nan,nan,nan,nan,nan,nan,nan,8.000000000,0.300000000,1.800000000,3.000000000,nan,nan,nan,nan,nan,nan,nan,nan,nan,1.500000000,2.000000000,169,239,0
2026-06-03T01:48:12,1773928481.361042500,r1,track_association,wall_like,rejected,normal_angle,detection,0,70,candidate,1,39,nan,2.316519552,10.188079164,0.355737885,0.292147303,nan,nan,nan,nan,nan,nan,nan,nan,nan,8.000000000,0.300000000,1.800000000,3.000000000,nan,nan,nan,nan,nan,nan,nan,nan,nan,1.500000000,2.000000000,169,53,0
2026-06-03T01:48:12,1773928481.361042500,r1,pipe_track_deduplication,pipe_like,rejected,young_mature_policy,track,71,59,weak_tracked,3,42,1.756662103,0.358615330,nan,nan,nan,7.734786180,0.201448135,0.000575650,1.000000000,0.000000000,nan,nan,nan,nan,nan,nan,nan,nan,14.000000000,0.170000000,0.030000000,0.200000000,0.250000000,nan,nan,nan,nan,1.500000000,2.000000000,14,10,1
2026-06-03T01:48:12,1773928481.361042500,r1,pipe_track_deduplication,pipe_like,rejected,axis_distance,track,62,36,stale,9,23,1.332798954,0.610649740,nan,nan,nan,0.628139850,0.181347802,0.006635401,0.579691977,0.000000000,nan,nan,nan,nan,nan,nan,nan,nan,14.000000000,0.170000000,0.030000000,0.200000000,0.250000000,nan,nan,nan,nan,1.500000000,2.000000000,10,20,1
2026-06-03T01:48:12,1773928481.580042362,r1,pipe_track_deduplication,pipe_like,rejected,young_mature_policy,track,71,59,weak_tracked,3,43,1.756662103,0.358615330,nan,nan,nan,7.734786180,0.201448135,0.000575650,1.000000000,0.000000000,nan,nan,nan,nan,nan,nan,nan,nan,14.000000000,0.170000000,0.030000000,0.200000000,0.250000000,nan,nan,nan,nan,1.500000000,2.000000000,14,10,1
2026-06-03T01:48:12,1773928481.580042362,r1,pipe_track_deduplication,pipe_like,rejected,axis_distance,track,62,36,stale,9,24,1.332798954,0.610649740,nan,nan,nan,0.628139850,0.181347802,0.006635401,0.579691977,0.000000000,nan,nan,nan,nan,nan,nan,nan,nan,14.000000000,0.170000000,0.030000000,0.200000000,0.250000000,nan,nan,nan,nan,1.500000000,2.000000000,10,20,1
2026-06-03T01:48:12,1773928481.580042362,r1,track_association,wall_like,accepted,selected_best_match,detection,0,49,confirmed,67,1,0.113116865,0.159269290,0.283667298,0.007370607,0.000000000,nan,nan,nan,nan,nan,nan,nan,nan,nan,8.000000000,0.300000000,1.800000000,3.000000000,nan,nan,nan,nan,nan,nan,nan,nan,nan,1.500000000,2.000000000,287,350,0
2026-06-03T01:48:12,1773928481.580042362,r1,pipe_track_deduplication,pipe_like,rejected,young_mature_policy,track,71,59,weak_tracked,3,43,1.756662103,0.358615330,nan,nan,nan,7.734786180,0.201448135,0.000575650,1.000000000,0.000000000,nan,nan,nan,nan,nan,nan,nan,nan,14.000000000,0.170000000,0.030000000,0.200000000,0.250000000,nan,nan,nan,nan,1.500000000,2.000000000,14,10,1
2026-06-03T01:48:12,1773928481.580042362,r1,pipe_track_deduplication,pipe_like,rejected,axis_distance,track,62,36,stale,9,24,1.332798954,0.610649740,nan,nan,nan,0.628139850,0.181347802,0.006635401,0.579691977,0.000000000,nan,nan,nan,nan,nan,nan,nan,nan,14.000000000,0.170000000,0.030000000,0.200000000,0.250000000,nan,nan,nan,nan,1.500000000,2.000000000,10,20,1
2026-06-03T01:48:12,1773928481.760042429,r1,pipe_track_deduplication,pipe_like,rejected,young_mature_policy,track,71,59,weak_tracked,3,44,1.756662103,0.358615330,nan,nan,nan,7.734786180,0.201448135,0.000575650,1.000000000,0.000000000,nan,nan,nan,nan,nan,nan,nan,nan,14.000000000,0.170000000,0.030000000,0.200000000,0.250000000,nan,nan,nan,nan,1.500000000,2.000000000,14,10,1
2026-06-03T01:48:12,1773928481.760042429,r1,pipe_track_deduplication,pipe_like,rejected,axis_distance,track,62,36,stale,9,25,1.332798954,0.610649740,nan,nan,nan,0.628139850,0.181347802,0.006635401,0.579691977,0.000000000,nan,nan,nan,nan,nan,nan,nan,nan,14.000000000,0.170000000,0.030000000,0.200000000,0.250000000,nan,nan,nan,nan,1.500000000,2.000000000,10,20,1
2026-06-03T01:48:12,1773928481.760042429,r1,pipe_track_deduplication,pipe_like,rejected,young_mature_policy,track,71,59,weak_tracked,3,44,1.756662103,0.358615330,nan,nan,nan,7.734786180,0.201448135,0.000575650,1.000000000,0.000000000,nan,nan,nan,nan,nan,nan,nan,nan,14.000000000,0.170000000,0.030000000,0.200000000,0.250000000,nan,nan,nan,nan,1.500000000,2.000000000,14,10,1
2026-06-03T01:48:12,1773928481.760042429,r1,pipe_track_deduplication,pipe_like,rejected,axis_distance,track,62,36,stale,9,25,1.332798954,0.610649740,nan,nan,nan,0.628139850,0.181347802,0.006635401,0.579691977,0.000000000,nan,nan,nan,nan,nan,nan,nan,nan,14.000000000,0.170000000,0.030000000,0.200000000,0.250000000,nan,nan,nan,nan,1.500000000,2.000000000,10,20,1
2026-06-03T01:48:12,1773928481.961042404,r1,pipe_track_deduplication,pipe_like,rejected,young_mature_policy,track,71,59,weak_tracked,3,45,1.756662103,0.358615330,nan,nan,nan,7.734786180,0.201448135,0.000575650,1.000000000,0.000000000,nan,nan,nan,nan,nan,nan,nan,nan,14.000000000,0.170000000,0.030000000,0.200000000,0.250000000,nan,nan,nan,nan,1.500000000,2.000000000,14,10,1
2026-06-03T01:48:12,1773928481.961042404,r1,pipe_track_deduplication,pipe_like,rejected,axis_distance,track,62,36,stale,9,26,1.332798954,0.610649740,nan,nan,nan,0.628139850,0.181347802,0.006635401,0.579691977,0.000000000,nan,nan,nan,nan,nan,nan,nan,nan,14.000000000,0.170000000,0.030000000,0.200000000,0.250000000,nan,nan,nan,nan,1.500000000,2.000000000,10,20,1
2026-06-03T01:48:12,1773928481.961042404,r1,track_association,pipe_like,rejected,axis_distance,detection,0,36,stale,9,26,nan,0.647115870,nan,nan,nan,0.317463208,0.128056225,0.003049593,0.591371310,0.000000000,nan,nan,nan,nan,nan,nan,nan,nan,14.000000000,0.120000000,0.030000000,0.200000000,0.250000000,nan,nan,nan,nan,1.500000000,2.000000000,13,20,0
2026-06-03T01:48:12,1773928481.961042404,r1,pipe_track_deduplication,pipe_like,rejected,young_mature_policy,track,62,84,candidate,1,0,2.623628929,1.240951916,nan,nan,nan,0.904918244,0.239216669,0.009684995,0.000000000,0.207250469,nan,nan,nan,nan,nan,nan,nan,nan,14.000000000,0.170000000,0.030000000,0.200000000,0.250000000,nan,nan,nan,nan,1.500000000,2.000000000,10,13,1
2026-06-03T01:48:12,1773928481.961042404,r1,pipe_track_deduplication,pipe_like,accepted,merged_duplicate_track,track,84,36,stale,9,26,0.877600970,0.647115870,nan,nan,nan,0.317463208,0.128056225,0.003049593,0.591371310,0.000000000,nan,nan,nan,nan,nan,nan,nan,nan,14.000000000,0.170000000,0.030000000,0.200000000,0.250000000,nan,nan,nan,nan,1.500000000,2.000000000,13,20,1
2026-06-03T01:48:12,1773928481.961042404,r1,pipe_track_deduplication,pipe_like,rejected,young_mature_policy,track,71,59,weak_tracked,3,45,1.756662103,0.358615330,nan,nan,nan,7.734786180,0.201448135,0.000575650,1.000000000,0.000000000,nan,nan,nan,nan,nan,nan,nan,nan,14.000000000,0.170000000,0.030000000,0.200000000,0.250000000,nan,nan,nan,nan,1.500000000,2.000000000,14,10,1
2026-06-03T01:48:12,1773928481.961042404,r1,pipe_track_deduplication,pipe_like,rejected,axis_distance,track,62,36,stale,9,0,1.471774006,0.741055683,nan,nan,nan,0.733248389,0.196889564,0.007836756,0.579577178,0.000000000,nan,nan,nan,nan,nan,nan,nan,nan,14.000000000,0.170000000,0.030000000,0.200000000,0.250000000,nan,nan,nan,nan,1.500000000,2.000000000,10,20,1
2026-06-03T01:48:13,1773928482.162032366,r1,pipe_track_deduplication,pipe_like,rejected,young_mature_policy,track,71,59,weak_tracked,3,46,1.756662103,0.358615330,nan,nan,nan,7.734786180,0.201448135,0.000575650,1.000000000,0.000000000,nan,nan,nan,nan,nan,nan,nan,nan,14.000000000,0.170000000,0.030000000,0.200000000,0.250000000,nan,nan,nan,nan,1.500000000,2.000000000,14,10,1
2026-06-03T01:48:13,1773928482.162032366,r1,pipe_track_deduplication,pipe_like,rejected,axis_distance,track,62,36,confirmed,10,0,1.471774006,0.741055683,nan,nan,nan,0.733248389,0.196889564,0.007836756,0.579577178,0.000000000,nan,nan,nan,nan,nan,nan,nan,nan,14.000000000,0.170000000,0.030000000,0.200000000,0.250000000,nan,nan,nan,nan,1.500000000,2.000000000,10,20,1
2026-06-03T01:48:13,1773928482.162032366,r1,track_association,pipe_like,accepted,selected_best_match,detection,0,36,confirmed,10,0,0.525926889,0.262543404,nan,nan,nan,0.805010214,0.048859700,0.001837860,1.000000000,0.000000000,nan,nan,nan,nan,nan,nan,nan,nan,14.000000000,0.120000000,0.030000000,0.200000000,0.250000000,nan,nan,nan,nan,1.500000000,2.000000000,19,20,0
2026-06-03T01:48:13,1773928482.162032366,r1,pipe_track_deduplication,pipe_like,rejected,young_mature_policy,track,71,59,weak_tracked,3,46,1.756662103,0.358615330,nan,nan,nan,7.734786180,0.201448135,0.000575650,1.000000000,0.000000000,nan,nan,nan,nan,nan,nan,nan,nan,14.000000000,0.170000000,0.030000000,0.200000000,0.250000000,nan,nan,nan,nan,1.500000000,2.000000000,14,10,1
2026-06-03T01:48:13,1773928482.162032366,r1,pipe_track_deduplication,pipe_like,rejected,axis_distance,track,62,36,confirmed,11,0,1.557802890,0.805156582,nan,nan,nan,0.577864972,0.202986735,0.009674616,0.412110651,0.000000000,nan,nan,nan,nan,nan,nan,nan,nan,14.000000000,0.170000000,0.030000000,0.200000000,0.250000000,nan,nan,nan,nan,1.500000000,2.000000000,10,19,1
2026-06-03T01:48:13,1773928482.360032558,r1,pipe_track_deduplication,pipe_like,rejected,young_mature_policy,track,71,59,weak_tracked,3,47,1.756662103,0.358615330,nan,nan,nan,7.734786180,0.201448135,0.000575650,1.000000000,0.000000000,nan,nan,nan,nan,nan,nan,nan,nan,14.000000000,0.170000000,0.030000000,0.200000000,0.250000000,nan,nan,nan,nan,1.500000000,2.000000000,14,10,1
2026-06-03T01:48:13,1773928482.360032558,r1,pipe_track_deduplication,pipe_like,rejected,axis_distance,track,62,36,confirmed,11,0,1.557802890,0.805156582,nan,nan,nan,0.577864972,0.202986735,0.009674616,0.412110651,0.000000000,nan,nan,nan,nan,nan,nan,nan,nan,14.000000000,0.170000000,0.030000000,0.200000000,0.250000000,nan,nan,nan,nan,1.500000000,2.000000000,10,19,1
2026-06-03T01:48:13,1773928482.360032558,r1,track_association,wall_like,accepted,selected_best_match,detection,0,2,stale,151,9,0.354903750,0.981758627,0.045583074,0.006585897,0.000000000,nan,nan,nan,nan,nan,nan,nan,nan,nan,8.000000000,0.300000000,1.800000000,3.000000000,nan,nan,nan,nan,nan,nan,nan,nan,nan,1.500000000,2.000000000,591,478,0
2026-06-03T01:48:13,1773928482.360032558,r1,pipe_track_deduplication,pipe_like,rejected,young_mature_policy,track,71,59,weak_tracked,3,47,1.756662103,0.358615330,nan,nan,nan,7.734786180,0.201448135,0.000575650,1.000000000,0.000000000,nan,nan,nan,nan,nan,nan,nan,nan,14.000000000,0.170000000,0.030000000,0.200000000,0.250000000,nan,nan,nan,nan,1.500000000,2.000000000,14,10,1
2026-06-03T01:48:13,1773928482.360032558,r1,pipe_track_deduplication,pipe_like,rejected,axis_distance,track,62,36,confirmed,11,0,1.557802890,0.805156582,nan,nan,nan,0.577864972,0.202986735,0.009674616,0.412110651,0.000000000,nan,nan,nan,nan,nan,nan,nan,nan,14.000000000,0.170000000,0.030000000,0.200000000,0.250000000,nan,nan,nan,nan,1.500000000,2.000000000,10,19,1
2026-06-03T01:48:13,1773928482.540032387,r1,pipe_track_deduplication,pipe_like,rejected,young_mature_policy,track,71,59,weak_tracked,3,48,1.756662103,0.358615330,nan,nan,nan,7.734786180,0.201448135,0.000575650,1.000000000,0.000000000,nan,nan,nan,nan,nan,nan,nan,nan,14.000000000,0.170000000,0.030000000,0.200000000,0.250000000,nan,nan,nan,nan,1.500000000,2.000000000,14,10,1
2026-06-03T01:48:13,1773928482.540032387,r1,pipe_track_deduplication,pipe_like,rejected,axis_distance,track,62,36,confirmed,11,1,1.557802890,0.805156582,nan,nan,nan,0.577864972,0.202986735,0.009674616,0.412110651,0.000000000,nan,nan,nan,nan,nan,nan,nan,nan,14.000000000,0.170000000,0.030000000,0.200000000,0.250000000,nan,nan,nan,nan,1.500000000,2.000000000,10,19,1
2026-06-03T01:48:13,1773928482.540032387,r1,pipe_track_deduplication,pipe_like,rejected,young_mature_policy,track,71,59,weak_tracked,3,48,1.756662103,0.358615330,nan,nan,nan,7.734786180,0.201448135,0.000575650,1.000000000,0.000000000,nan,nan,nan,nan,nan,nan,nan,nan,14.000000000,0.170000000,0.030000000,0.200000000,0.250000000,nan,nan,nan,nan,1.500000000,2.000000000,14,10,1
2026-06-03T01:48:13,1773928482.540032387,r1,pipe_track_deduplication,pipe_like,rejected,axis_distance,track,62,36,confirmed,11,1,1.557802890,0.805156582,nan,nan,nan,0.577864972,0.202986735,0.009674616,0.412110651,0.000000000,nan,nan,nan,nan,nan,nan,nan,nan,14.000000000,0.170000000,0.030000000,0.200000000,0.250000000,nan,nan,nan,nan,1.500000000,2.000000000,10,19,1
2026-06-03T01:48:13,1773928482.732032537,r1,pipe_track_deduplication,pipe_like,rejected,young_mature_policy,track,71,59,weak_tracked,3,49,1.756662103,0.358615330,nan,nan,nan,7.734786180,0.201448135,0.000575650,1.000000000,0.000000000,nan,nan,nan,nan,nan,nan,nan,nan,14.000000000,0.170000000,0.030000000,0.200000000,0.250000000,nan,nan,nan,nan,1.500000000,2.000000000,14,10,1
2026-06-03T01:48:13,1773928482.732032537,r1,pipe_track_deduplication,pipe_like,rejected,axis_distance,track,62,36,confirmed,11,2,1.557802890,0.805156582,nan,nan,nan,0.577864972,0.202986735,0.009674616,0.412110651,0.000000000,nan,nan,nan,nan,nan,nan,nan,nan,14.000000000,0.170000000,0.030000000,0.200000000,0.250000000,nan,nan,nan,nan,1.500000000,2.000000000,10,19,1
2026-06-03T01:48:13,1773928482.732032537,r1,track_association,pipe_like,accepted,selected_best_match,detection,0,36,confirmed,11,2,0.872532526,0.164611301,nan,nan,nan,4.834149527,0.018976214,0.011073031,0.882198299,0.000000000,nan,nan,nan,nan,nan,nan,nan,nan,14.000000000,0.120000000,0.030000000,0.200000000,0.250000000,nan,nan,nan,nan,1.500000000,2.000000000,10,19,0
2026-06-03T01:48:13,1773928482.732032537,r1,pipe_track_deduplication,pipe_like,rejected,young_mature_policy,track,71,59,weak_tracked,3,49,1.756662103,0.358615330,nan,nan,nan,7.734786180,0.201448135,0.000575650,1.000000000,0.000000000,nan,nan,nan,nan,nan,nan,nan,nan,14.000000000,0.170000000,0.030000000,0.200000000,0.250000000,nan,nan,nan,nan,1.500000000,2.000000000,14,10,1
2026-06-03T01:48:13,1773928482.732032537,r1,pipe_track_deduplication,pipe_like,rejected,axis_distance,track,62,36,confirmed,12,0,1.363354907,0.845929272,nan,nan,nan,1.409010535,0.206736572,0.001398414,0.355842148,0.000000000,nan,nan,nan,nan,nan,nan,nan,nan,14.000000000,0.170000000,0.030000000,0.200000000,0.250000000,nan,nan,nan,nan,1.500000000,2.000000000,10,10,1
2026-06-03T01:48:13,1773928482.960032463,r1,pipe_track_deduplication,pipe_like,rejected,young_mature_policy,track,71,59,weak_tracked,3,50,1.756662103,0.358615330,nan,nan,nan,7.734786180,0.201448135,0.000575650,1.000000000,0.000000000,nan,nan,nan,nan,nan,nan,nan,nan,14.000000000,0.170000000,0.030000000,0.200000000,0.250000000,nan,nan,nan,nan,1.500000000,2.000000000,14,10,1
2026-06-03T01:48:13,1773928482.960032463,r1,pipe_track_deduplication,pipe_like,rejected,axis_distance,track,62,36,confirmed,12,0,1.363354907,0.845929272,nan,nan,nan,1.409010535,0.206736572,0.001398414,0.355842148,0.000000000,nan,nan,nan,nan,nan,nan,nan,nan,14.000000000,0.170000000,0.030000000,0.200000000,0.250000000,nan,nan,nan,nan,1.500000000,2.000000000,10,10,1
2026-06-03T01:48:13,1773928482.960032463,r1,track_association,wall_like,accepted,selected_best_match,detection,0,2,confirmed,152,2,0.305358350,0.784466920,0.046571639,0.011414377,0.000000000,nan,nan,nan,nan,nan,nan,nan,nan,nan,8.000000000,0.300000000,1.800000000,3.000000000,nan,nan,nan,nan,nan,nan,nan,nan,nan,1.500000000,2.000000000,612,591,0
2026-06-03T01:48:13,1773928482.960032463,r1,track_association,pipe_like,accepted,selected_best_match,detection,1,36,confirmed,12,0,0.780311920,0.337905445,nan,nan,nan,3.036327760,0.027804102,0.009951916,0.785742048,0.000000000,nan,nan,nan,nan,nan,nan,nan,nan,14.000000000,0.120000000,0.030000000,0.200000000,0.250000000,nan,nan,nan,nan,1.500000000,2.000000000,11,10,0
2026-06-03T01:48:13,1773928482.960032463,r1,pipe_track_deduplication,pipe_like,rejected,young_mature_policy,track,71,59,weak_tracked,3,50,1.756662103,0.358615330,nan,nan,nan,7.734786180,0.201448135,0.000575650,1.000000000,0.000000000,nan,nan,nan,nan,nan,nan,nan,nan,14.000000000,0.170000000,0.030000000,0.200000000,0.250000000,nan,nan,nan,nan,1.500000000,2.000000000,14,10,1
2026-06-03T01:48:13,1773928482.960032463,r1,pipe_track_deduplication,pipe_like,rejected,axis_distance,track,62,36,confirmed,13,0,1.621879831,0.766757806,nan,nan,nan,0.939404760,0.215842673,0.008553501,0.386945763,0.000000000,nan,nan,nan,nan,nan,nan,nan,nan,14.000000000,0.170000000,0.030000000,0.200000000,0.250000000,nan,nan,nan,nan,1.500000000,2.000000000,10,11,1
2026-06-03T01:48:14,1773928483.140027523,r1,pipe_track_deduplication,pipe_like,rejected,young_mature_policy,track,71,59,weak_tracked,3,51,1.756662103,0.358615330,nan,nan,nan,7.734786180,0.201448135,0.000575650,1.000000000,0.000000000,nan,nan,nan,nan,nan,nan,nan,nan,14.000000000,0.170000000,0.030000000,0.200000000,0.250000000,nan,nan,nan,nan,1.500000000,2.000000000,14,10,1
2026-06-03T01:48:14,1773928483.140027523,r1,pipe_track_deduplication,pipe_like,rejected,young_mature_policy,track,71,59,weak_tracked,3,51,1.756662103,0.358615330,nan,nan,nan,7.734786180,0.201448135,0.000575650,1.000000000,0.000000000,nan,nan,nan,nan,nan,nan,nan,nan,14.000000000,0.170000000,0.030000000,0.200000000,0.250000000,nan,nan,nan,nan,1.500000000,2.000000000,14,10,1
2026-06-03T01:48:14,1773928483.362027407,r1,pipe_track_deduplication,pipe_like,rejected,young_mature_policy,track,71,59,weak_tracked,3,52,1.756662103,0.358615330,nan,nan,nan,7.734786180,0.201448135,0.000575650,1.000000000,0.000000000,nan,nan,nan,nan,nan,nan,nan,nan,14.000000000,0.170000000,0.030000000,0.200000000,0.250000000,nan,nan,nan,nan,1.500000000,2.000000000,14,10,1
2026-06-03T01:48:14,1773928483.362027407,r1,track_association,pipe_like,accepted,selected_best_match,detection,0,36,confirmed,13,1,0.215055871,0.210924432,nan,nan,nan,0.022668872,0.007988290,0.004406027,0.978505683,0.000000000,nan,nan,nan,nan,nan,nan,nan,nan,14.000000000,0.120000000,0.030000000,0.200000000,0.250000000,nan,nan,nan,nan,1.500000000,2.000000000,14,11,0
2026-06-03T01:48:14,1773928483.362027407,r1,pipe_track_deduplication,pipe_like,rejected,young_mature_policy,track,71,59,weak_tracked,3,52,1.756662103,0.358615330,nan,nan,nan,7.734786180,0.201448135,0.000575650,1.000000000,0.000000000,nan,nan,nan,nan,nan,nan,nan,nan,14.000000000,0.170000000,0.030000000,0.200000000,0.250000000,nan,nan,nan,nan,1.500000000,2.000000000,14,10,1
2026-06-03T01:48:14,1773928483.539027691,r1,pipe_track_deduplication,pipe_like,rejected,young_mature_policy,track,71,59,weak_tracked,3,53,1.756662103,0.358615330,nan,nan,nan,7.734786180,0.201448135,0.000575650,1.000000000,0.000000000,nan,nan,nan,nan,nan,nan,nan,nan,14.000000000,0.170000000,0.030000000,0.200000000,0.250000000,nan,nan,nan,nan,1.500000000,2.000000000,14,10,1
2026-06-03T01:48:14,1773928483.539027691,r1,pipe_track_deduplication,pipe_like,rejected,young_mature_policy,track,71,59,weak_tracked,3,53,1.756662103,0.358615330,nan,nan,nan,7.734786180,0.201448135,0.000575650,1.000000000,0.000000000,nan,nan,nan,nan,nan,nan,nan,nan,14.000000000,0.170000000,0.030000000,0.200000000,0.250000000,nan,nan,nan,nan,1.500000000,2.000000000,14,10,1
2026-06-03T01:48:14,1773928483.743027687,r1,pipe_track_deduplication,pipe_like,rejected,young_mature_policy,track,71,59,weak_tracked,3,54,1.756662103,0.358615330,nan,nan,nan,7.734786180,0.201448135,0.000575650,1.000000000,0.000000000,nan,nan,nan,nan,nan,nan,nan,nan,14.000000000,0.170000000,0.030000000,0.200000000,0.250000000,nan,nan,nan,nan,1.500000000,2.000000000,14,10,1
2026-06-03T01:48:14,1773928483.743027687,r1,track_association,wall_like,rejected,projected_gap,detection,0,49,stale,68,10,nan,5.947813085,0.017582988,0.003814738,1.803314028,nan,nan,nan,nan,nan,nan,nan,nan,nan,8.000000000,0.300000000,1.800000000,3.000000000,nan,nan,nan,nan,nan,nan,nan,nan,nan,1.500000000,2.000000000,91,287,0
2026-06-03T01:48:14,1773928483.743027687,r1,track_association,wall_like,accepted,selected_best_match,detection,1,49,stale,68,10,0.921116461,1.141886973,3.004086060,0.049493014,0.000000000,nan,nan,nan,nan,nan,nan,nan,nan,nan,8.000000000,0.300000000,1.800000000,3.000000000,nan,nan,nan,nan,nan,nan,nan,nan,nan,1.500000000,2.000000000,60,287,0
2026-06-03T01:48:14,1773928483.743027687,r1,pipe_track_deduplication,pipe_like,rejected,young_mature_policy,track,71,59,weak_tracked,3,54,1.756662103,0.358615330,nan,nan,nan,7.734786180,0.201448135,0.000575650,1.000000000,0.000000000,nan,nan,nan,nan,nan,nan,nan,nan,14.000000000,0.170000000,0.030000000,0.200000000,0.250000000,nan,nan,nan,nan,1.500000000,2.000000000,14,10,1
2026-06-03T01:48:14,1773928483.941027403,r1,pipe_track_deduplication,pipe_like,rejected,young_mature_policy,track,71,59,weak_tracked,3,55,1.756662103,0.358615330,nan,nan,nan,7.734786180,0.201448135,0.000575650,1.000000000,0.000000000,nan,nan,nan,nan,nan,nan,nan,nan,14.000000000,0.170000000,0.030000000,0.200000000,0.250000000,nan,nan,nan,nan,1.500000000,2.000000000,14,10,1
2026-06-03T01:48:14,1773928483.941027403,r1,track_association,wall_like,accepted,selected_best_match,detection,0,85,candidate,1,0,1.151150409,2.743773807,1.467838523,0.015923797,0.000000000,nan,nan,nan,nan,nan,nan,nan,nan,nan,8.000000000,0.300000000,1.800000000,3.000000000,nan,nan,nan,nan,nan,nan,nan,nan,nan,1.500000000,2.000000000,281,91,0
2026-06-03T01:48:14,1773928483.941027403,r1,track_association,wall_like,accepted,selected_best_match,detection,2,2,stale,153,4,0.212206880,0.591124097,0.087523976,0.001267505,0.000000000,nan,nan,nan,nan,nan,nan,nan,nan,nan,8.000000000,0.300000000,1.800000000,3.000000000,nan,nan,nan,nan,nan,nan,nan,nan,nan,1.500000000,2.000000000,496,612,0
2026-06-03T01:48:14,1773928483.941027403,r1,track_association,pipe_like,accepted,selected_best_match,detection,3,36,confirmed,14,2,0.336396101,0.157576021,nan,nan,nan,2.668955555,0.014428015,0.000765689,0.925139530,0.000000000,nan,nan,nan,nan,nan,nan,nan,nan,14.000000000,0.120000000,0.030000000,0.200000000,0.250000000,nan,nan,nan,nan,1.500000000,2.000000000,13,14,0
2026-06-03T01:48:14,1773928483.941027403,r1,pipe_track_deduplication,pipe_like,rejected,young_mature_policy,track,71,59,weak_tracked,3,55,1.756662103,0.358615330,nan,nan,nan,7.734786180,0.201448135,0.000575650,1.000000000,0.000000000,nan,nan,nan,nan,nan,nan,nan,nan,14.000000000,0.170000000,0.030000000,0.200000000,0.250000000,nan,nan,nan,nan,1.500000000,2.000000000,14,10,1
2026-06-03T01:48:15,1773928484.139022589,r1,pipe_track_deduplication,pipe_like,rejected,young_mature_policy,track,71,59,weak_tracked,3,56,1.756662103,0.358615330,nan,nan,nan,7.734786180,0.201448135,0.000575650,1.000000000,0.000000000,nan,nan,nan,nan,nan,nan,nan,nan,14.000000000,0.170000000,0.030000000,0.200000000,0.250000000,nan,nan,nan,nan,1.500000000,2.000000000,14,10,1
2026-06-03T01:48:15,1773928484.139022589,r1,track_association,pipe_like,accepted,selected_best_match,detection,0,36,confirmed,15,0,0.363587925,0.061325000,nan,nan,nan,0.135862880,0.009509352,0.008239165,0.998385118,0.000000000,nan,nan,nan,nan,nan,nan,nan,nan,14.000000000,0.120000000,0.030000000,0.200000000,0.250000000,nan,nan,nan,nan,1.500000000,2.000000000,12,13,0
2026-06-03T01:48:15,1773928484.139022589,r1,track_association,pipe_like,accepted,selected_best_match,detection,1,44,stale,12,23,1.438659388,0.072222634,nan,nan,nan,1.421251518,0.071840912,0.022154015,1.000000000,0.000000000,nan,nan,nan,nan,nan,nan,nan,nan,14.000000000,0.120000000,0.030000000,0.200000000,0.250000000,nan,nan,nan,nan,1.500000000,2.000000000,11,15,0
2026-06-03T01:48:15,1773928484.139022589,r1,pipe_track_deduplication,pipe_like,rejected,young_mature_policy,track,71,59,weak_tracked,3,56,1.756662103,0.358615330,nan,nan,nan,7.734786180,0.201448135,0.000575650,1.000000000,0.000000000,nan,nan,nan,nan,nan,nan,nan,nan,14.000000000,0.170000000,0.030000000,0.200000000,0.250000000,nan,nan,nan,nan,1.500000000,2.000000000,14,10,1
2026-06-03T01:48:15,1773928484.340022326,r1,pipe_track_deduplication,pipe_like,rejected,young_mature_policy,track,71,59,weak_tracked,3,57,1.756662103,0.358615330,nan,nan,nan,7.734786180,0.201448135,0.000575650,1.000000000,0.000000000,nan,nan,nan,nan,nan,nan,nan,nan,14.000000000,0.170000000,0.030000000,0.200000000,0.250000000,nan,nan,nan,nan,1.500000000,2.000000000,14,10,1
2026-06-03T01:48:15,1773928484.340022326,r1,pipe_track_deduplication,pipe_like,rejected,young_mature_policy,track,71,59,weak_tracked,3,57,1.756662103,0.358615330,nan,nan,nan,7.734786180,0.201448135,0.000575650,1.000000000,0.000000000,nan,nan,nan,nan,nan,nan,nan,nan,14.000000000,0.170000000,0.030000000,0.200000000,0.250000000,nan,nan,nan,nan,1.500000000,2.000000000,14,10,1
2026-06-03T01:48:15,1773928484.541022539,r1,pipe_track_deduplication,pipe_like,rejected,young_mature_policy,track,71,59,weak_tracked,3,58,1.756662103,0.358615330,nan,nan,nan,7.734786180,0.201448135,0.000575650,1.000000000,0.000000000,nan,nan,nan,nan,nan,nan,nan,nan,14.000000000,0.170000000,0.030000000,0.200000000,0.250000000,nan,nan,nan,nan,1.500000000,2.000000000,14,10,1
2026-06-03T01:48:15,1773928484.541022539,r1,track_association,wall_like,accepted,selected_best_match,detection,0,39,stale,11,49,1.043712545,1.570089875,1.697925599,0.092432566,0.000000000,nan,nan,nan,nan,nan,nan,nan,nan,nan,8.000000000,0.300000000,1.800000000,3.000000000,nan,nan,nan,nan,nan,nan,nan,nan,nan,1.500000000,2.000000000,204,278,0
2026-06-03T01:48:15,1773928484.541022539,r1,track_association,pipe_like,accepted,selected_best_match,detection,2,36,confirmed,16,1,0.210684110,0.026548028,nan,nan,nan,0.801502531,0.002094212,0.004079465,1.000000000,0.000000000,nan,nan,nan,nan,nan,nan,nan,nan,14.000000000,0.120000000,0.030000000,0.200000000,0.250000000,nan,nan,nan,nan,1.500000000,2.000000000,18,12,0
2026-06-03T01:48:15,1773928484.541022539,r1,pipe_track_deduplication,pipe_like,rejected,young_mature_policy,track,71,59,weak_tracked,3,58,1.756662103,0.358615330,nan,nan,nan,7.734786180,0.201448135,0.000575650,1.000000000,0.000000000,nan,nan,nan,nan,nan,nan,nan,nan,14.000000000,0.170000000,0.030000000,0.200000000,0.250000000,nan,nan,nan,nan,1.500000000,2.000000000,14,10,1
2026-06-03T01:48:15,1773928484.763022423,r1,pipe_track_deduplication,pipe_like,rejected,young_mature_policy,track,71,59,weak_tracked,3,59,1.756662103,0.358615330,nan,nan,nan,7.734786180,0.201448135,0.000575650,1.000000000,0.000000000,nan,nan,nan,nan,nan,nan,nan,nan,14.000000000,0.170000000,0.030000000,0.200000000,0.250000000,nan,nan,nan,nan,1.500000000,2.000000000,14,10,1
2026-06-03T01:48:15,1773928484.763022423,r1,track_association,wall_like,accepted,selected_best_match,detection,0,2,confirmed,154,3,0.128682007,0.270756359,0.279382692,0.001052115,0.000000000,nan,nan,nan,nan,nan,nan,nan,nan,nan,8.000000000,0.300000000,1.800000000,3.000000000,nan,nan,nan,nan,nan,nan,nan,nan,nan,1.500000000,2.000000000,462,496,0
2026-06-03T01:48:15,1773928484.763022423,r1,track_association,pipe_like,accepted,selected_best_match,detection,1,36,confirmed,17,0,0.418171800,0.116660834,nan,nan,nan,0.422066343,0.004017929,0.010636244,0.949761340,0.000000000,nan,nan,nan,nan,nan,nan,nan,nan,14.000000000,0.120000000,0.030000000,0.200000000,0.250000000,nan,nan,nan,nan,1.500000000,2.000000000,32,18,0
2026-06-03T01:48:15,1773928484.763022423,r1,pipe_track_deduplication,pipe_like,rejected,young_mature_policy,track,71,59,weak_tracked,3,59,1.756662103,0.358615330,nan,nan,nan,7.734786180,0.201448135,0.000575650,1.000000000,0.000000000,nan,nan,nan,nan,nan,nan,nan,nan,14.000000000,0.170000000,0.030000000,0.200000000,0.250000000,nan,nan,nan,nan,1.500000000,2.000000000,14,10,1
2026-06-03T01:48:15,1773928484.961022377,r1,pipe_track_deduplication,pipe_like,rejected,young_mature_policy,track,71,59,weak_tracked,3,60,1.756662103,0.358615330,nan,nan,nan,7.734786180,0.201448135,0.000575650,1.000000000,0.000000000,nan,nan,nan,nan,nan,nan,nan,nan,14.000000000,0.170000000,0.030000000,0.200000000,0.250000000,nan,nan,nan,nan,1.500000000,2.000000000,14,10,1
2026-06-03T01:48:15,1773928484.961022377,r1,track_association,wall_like,accepted,selected_best_match,detection,0,39,confirmed,12,1,0.768088711,0.516085263,3.533849511,0.046298730,0.000000000,nan,nan,nan,nan,nan,nan,nan,nan,nan,8.000000000,0.300000000,1.800000000,3.000000000,nan,nan,nan,nan,nan,nan,nan,nan,nan,1.500000000,2.000000000,332,204,0
2026-06-03T01:48:15,1773928484.961022377,r1,track_association,pipe_like,accepted,selected_best_match,detection,2,44,confirmed,13,3,0.526774110,0.126134397,nan,nan,nan,0.577182142,0.043585679,0.003669985,0.826476973,0.000000000,nan,nan,nan,nan,nan,nan,nan,nan,14.000000000,0.120000000,0.030000000,0.200000000,0.250000000,nan,nan,nan,nan,1.500000000,2.000000000,16,11,0
2026-06-03T01:48:15,1773928484.961022377,r1,pipe_track_deduplication,pipe_like,rejected,young_mature_policy,track,71,59,weak_tracked,3,60,1.756662103,0.358615330,nan,nan,nan,7.734786180,0.201448135,0.000575650,1.000000000,0.000000000,nan,nan,nan,nan,nan,nan,nan,nan,14.000000000,0.170000000,0.030000000,0.200000000,0.250000000,nan,nan,nan,nan,1.500000000,2.000000000,14,10,1
2026-06-03T01:48:16,1773928485.141017437,r1,track_association,pipe_like,accepted,selected_best_match,detection,0,36,confirmed,18,1,0.298618197,0.129321871,nan,nan,nan,1.457444838,0.013095358,0.002561610,0.994767889,0.000000000,nan,nan,nan,nan,nan,nan,nan,nan,14.000000000,0.120000000,0.030000000,0.200000000,0.250000000,nan,nan,nan,nan,1.500000000,2.000000000,19,32,0
2026-06-03T01:48:16,1773928485.561017513,r1,track_association,wall_like,accepted,selected_best_match,detection,0,2,confirmed,155,3,0.164605382,0.413849405,0.122983223,0.003384803,0.000000000,nan,nan,nan,nan,nan,nan,nan,nan,nan,8.000000000,0.300000000,1.800000000,3.000000000,nan,nan,nan,nan,nan,nan,nan,nan,nan,1.500000000,2.000000000,582,462,0
2026-06-03T01:48:16,1773928485.561017513,r1,track_association,wall_like,accepted,selected_best_match,detection,1,69,weak_tracked,4,20,0.612804953,0.964842966,1.743258918,0.021984980,0.000000000,nan,nan,nan,nan,nan,nan,nan,nan,nan,8.000000000,0.300000000,1.800000000,3.000000000,nan,nan,nan,nan,nan,nan,nan,nan,nan,1.500000000,2.000000000,252,169,0
2026-06-03T01:48:16,1773928485.762017488,r1,track_association,wall_like,accepted,selected_best_match,detection,0,2,confirmed,156,0,0.069513197,0.159891462,0.011919361,0.004417837,0.000000000,nan,nan,nan,nan,nan,nan,nan,nan,nan,8.000000000,0.300000000,1.800000000,3.000000000,nan,nan,nan,nan,nan,nan,nan,nan,nan,1.500000000,2.000000000,536,582,0
