wall_time_iso,ros_time_sec,robot_id,body_frame_id,odom_frame_id,track_id,anchor_id,primitive_type,anchor_class,extraction_source,semantic_label,lifecycle_state,is_strong,observed_in_current_update,expected_visible,was_reactivated,track_age,missed_updates,expected_visible_count,expected_visible_hits,persistence_score,historical_support,recent_support,observability_consistency,missed_expected_observations,contradiction,regional_context,normal_variance_deg,inlier_count,inlier_ratio,fitted_radius,plane_d,centroid_body_x,centroid_body_y,centroid_body_z,centroid_odom_x,centroid_odom_y,centroid_odom_z,extent_x,extent_y,extent_z,normal_body_x,normal_body_y,normal_body_z,normal_odom_x,normal_odom_y,normal_odom_z,pose_body_x,pose_body_y,pose_body_z,pose_body_qx,pose_body_qy,pose_body_qz,pose_body_qw,height,footprint_x,footprint_y,footprint_max,aspect_ratio_height_to_footprint
2026-06-03T01:47:28,1773928437.968612909,r1,body,odom,1,structure_anchor_1,plane,wall_like,general_plane,unknown,candidate,false,true,true,false,1,0,1,1,0.326250000,0.125000000,0.350000000,1.000000000,0.000000000,0.000000000,0.000000000,0.000000000,425,0.134238787,0.000000000,-0.774120410,-5.495128632,0.818055689,0.528420746,-7.716479302,-11.400657153,-1.550280862,5.789197922,0.097450256,3.912844658,0.008420078,0.999954481,0.004487653,-0.988455649,0.151333350,0.007333970,-5.495128632,0.818055689,0.528420746,0.000000000,0.000000000,0.000000000,1.000000000,3.912844658,5.789197922,0.097450256,5.789197922,0.675887180
2026-06-03T01:47:28,1773928437.968612909,r1,body,odom,2,structure_anchor_2,plane,wall_like,general_plane,unknown,candidate,false,true,true,false,1,0,1,1,0.326250000,0.125000000,0.350000000,1.000000000,0.000000000,0.000000000,0.000000000,0.000000000,315,0.099494630,0.000000000,-0.785411024,1.170958757,0.768844485,0.216804504,-6.715426331,-4.810260761,-1.867805714,3.486311197,0.082818031,1.341295600,0.014420216,0.999895418,-0.001100217,-0.987555633,0.157260867,0.001740764,1.170958757,0.768844485,0.216804504,0.000000000,0.000000000,0.000000000,1.000000000,1.341295600,3.486311197,0.082818031,3.486311197,0.384732035
2026-06-03T01:47:28,1773928437.968612909,r1,body,odom,3,structure_anchor_3,plane,wall_like,general_plane,unknown,candidate,false,true,true,false,1,0,1,1,0.326250000,0.125000000,0.350000000,1.000000000,0.000000000,0.000000000,0.000000000,0.000000000,168,0.053063803,0.000000000,-1.289343221,1.304369211,-1.767194271,0.206263021,-4.186416134,-5.040890698,-1.885699852,0.083486438,1.570575237,1.395446658,0.999962757,0.008140746,-0.002865914,0.134931577,0.990848050,-0.003708147,1.304369211,-1.767194271,0.206263021,0.000000000,0.000000000,0.000000000,1.000000000,1.395446658,0.083486438,1.570575237,1.570575237,0.888493989
2026-06-03T01:47:28,1773928437.968612909,r1,body,odom,4,structure_anchor_4,plane,wall_like,general_plane,unknown,candidate,false,true,true,false,1,0,1,1,0.326250000,0.125000000,0.350000000,1.000000000,0.000000000,0.000000000,0.000000000,0.000000000,52,0.016424510,0.000000000,-1.381738727,1.399513006,-3.918610573,-0.758261621,-2.046358465,-5.254819198,-2.856442167,0.058132410,1.762925863,0.570062160,0.999982344,0.003617294,0.004714474,0.139433669,0.990223963,0.003859282,1.399513006,-3.918610573,-0.758261621,0.000000000,0.000000000,0.000000000,1.000000000,0.570062160,0.058132410,1.762925863,1.762925863,0.323361392
2026-06-03T01:47:29,1773928438.166612864,r1,body,odom,1,structure_anchor_1,plane,wall_like,general_plane,unknown,weak_tracked,false,true,true,false,2,0,2,2,0.428000000,0.250000000,0.577500000,1.000000000,0.000000000,0.000000000,0.000000000,0.000000000,428,0.135829895,0.000000000,-0.771224474,-5.480062008,0.818221033,0.529601812,-7.714142553,-11.385860792,-1.549186320,5.797801018,0.106629848,3.921955824,0.009041018,0.999947152,0.004894281,-0.988372742,0.151860236,0.007600596,-5.480062008,0.818221033,0.529601812,0.000000000,0.000000000,0.000000000,1.000000000,3.921955824,5.797801018,0.106629848,5.797801018,0.676455748
2026-06-03T01:47:29,1773928438.166612864,r1,body,odom,2,structure_anchor_2,plane,wall_like,general_plane,unknown,weak_tracked,false,true,true,false,2,0,2,2,0.428000000,0.250000000,0.577500000,1.000000000,0.000000000,0.000000000,0.000000000,0.000000000,315,0.099968264,0.000000000,-0.785905904,1.179562569,0.768280447,0.211065486,-6.713847809,-4.801890380,-1.873689020,3.466238022,0.083922565,1.337059259,0.014945172,0.999888238,0.000391140,-0.987483301,0.157693206,0.003092143,1.179562569,0.768280447,0.211065486,0.000000000,0.000000000,0.000000000,1.000000000,1.337059259,3.466238022,0.083922565,3.466238022,0.385737867
2026-06-03T01:47:29,1773928438.166612864,r1,body,odom,5,structure_anchor_5,plane,wall_like,general_plane,unknown,candidate,false,true,true,false,1,0,1,1,0.326250000,0.125000000,0.350000000,1.000000000,0.000000000,0.000000000,0.000000000,0.000000000,195,0.061885116,0.000000000,3.344470484,-3.576676369,4.853666306,0.605264187,-11.435911693,-8.925243405,-1.464237329,0.176996708,2.951865911,2.497431040,0.998728520,0.043789827,0.024975881,0.099463723,0.994746368,0.024220014,-3.576676369,4.853666306,0.605264187,0.000000000,0.000000000,0.000000000,1.000000000,2.497431040,0.176996708,2.951865911,2.951865911,0.846051655
2026-06-03T01:47:29,1773928438.166612864,r1,body,odom,3,structure_anchor_3,plane,wall_like,general_plane,unknown,weak_tracked,false,true,true,false,2,0,2,2,0.428000000,0.250000000,0.577500000,1.000000000,0.000000000,0.000000000,0.000000000,0.043943040,238,0.075531577,0.000000000,-1.241436469,1.330842853,-2.462164879,-0.127440169,-3.495907717,-5.114011470,-2.221094490,0.213640690,3.335822105,2.043114662,0.999092221,0.034530137,0.024948034,0.108680224,0.993782952,0.024166715,1.330842853,-2.462164879,-0.127440169,0.000000000,0.000000000,0.000000000,1.000000000,2.043114662,0.213640690,3.335822105,3.335822105,0.612477104
2026-06-03T01:47:29,1773928438.325613022,r1,body,odom,1,structure_anchor_1,plane,wall_like,general_plane,unknown,confirmed,true,true,true,false,3,0,3,3,0.513825000,0.375000000,0.725375000,1.000000000,0.000000000,0.000000000,0.000000000,0.000332419,434,0.137168142,0.000000000,-0.774678387,-5.464664936,0.817931056,0.538462639,-7.711862577,-11.370529312,-1.540057585,5.808883667,0.098094940,3.919090748,0.008336152,0.999955829,0.004341502,-0.988471666,0.151236454,0.007181830,-5.464664936,0.817931056,0.538462639,0.000000000,0.000000000,0.000000000,1.000000000,3.919090748,5.808883667,0.098094940,5.808883667,0.674671929
2026-06-03T01:47:29,1773928438.325613022,r1,body,odom,2,structure_anchor_2,plane,wall_like,general_plane,unknown,confirmed,true,true,true,false,3,0,3,3,0.513825000,0.375000000,0.725375000,1.000000000,0.000000000,0.000000000,0.000000000,0.000312373,315,0.099557522,0.000000000,-0.785781976,1.171574712,0.768707335,0.212546185,-6.715202277,-4.809680652,-1.872121667,3.611035347,0.082139015,1.342921257,0.014778847,0.999890518,-0.000732651,-0.987500758,0.157601125,0.002101680,1.171574712,0.768707335,0.212546185,0.000000000,0.000000000,0.000000000,1.000000000,1.342921257,3.611035347,0.082139015,3.611035347,0.371893689
2026-06-03T01:47:29,1773928438.325613022,r1,body,odom,5,structure_anchor_5,plane,wall_like,general_plane,unknown,weak_tracked,false,true,true,false,2,0,2,2,0.428000000,0.250000000,0.577500000,1.000000000,0.000000000,0.000000000,0.000000000,0.085413765,167,0.052781290,0.000000000,3.429855553,-3.595281363,4.994663715,0.760695577,-11.577704220,-8.923014968,-1.307622882,0.190479517,2.907936096,2.570076704,0.998009050,0.039211171,-0.049400618,0.103749713,0.993336297,-0.050192387,-3.595281363,4.994663715,0.760695577,0.000000000,0.000000000,0.000000000,1.000000000,2.570076704,0.190479517,2.907936096,2.907936096,0.883814712
2026-06-03T01:47:29,1773928438.550612926,r1,body,odom,1,structure_anchor_1,plane,wall_like,general_plane,unknown,confirmed,true,true,true,false,4,0,4,4,0.589298750,0.500000000,0.821493750,1.000000000,0.000000000,0.000000000,0.000000000,0.001354255,417,0.132338940,0.000000000,-0.772052118,-5.470166683,0.818219066,0.508315742,-7.712277004,-11.376212126,-1.570340336,5.619849205,0.107161522,3.920886755,0.008777821,0.999954588,0.003710993,-0.988434236,0.151513342,0.006432746,-5.470166683,0.818219066,0.508315742,0.000000000,0.000000000,0.000000000,1.000000000,3.920886755,5.619849205,0.107161522,5.619849205,0.697685403
2026-06-03T01:47:29,1773928438.550612926,r1,body,odom,2,structure_anchor_2,plane,wall_like,general_plane,unknown,confirmed,true,true,true,false,4,0,4,4,0.589298750,0.500000000,0.821493750,1.000000000,0.000000000,0.000000000,0.000000000,0.001336983,277,0.087908600,0.000000000,-0.785714105,1.219120979,0.767758012,0.213638648,-6.707748590,-4.762864010,-1.871165522,3.524707556,0.084837437,1.342121601,0.014756287,0.999891093,0.000234079,-0.987527339,0.157419705,0.002950301,1.219120979,0.767758012,0.213638648,0.000000000,0.000000000,0.000000000,1.000000000,1.342121601,3.524707556,0.084837437,3.524707556,0.380775307
2026-06-03T01:47:29,1773928438.550612926,r1,body,odom,5,structure_anchor_5,plane,wall_like,general_plane,unknown,confirmed,true,true,true,false,3,0,3,3,0.513825000,0.375000000,0.725375000,1.000000000,0.000000000,0.000000000,0.000000000,0.139250649,159,0.050460171,0.000000000,3.416711966,-3.594004869,5.009261131,0.568934917,-11.592192879,-8.920649062,-1.499966860,0.191202641,2.961182833,2.484205723,0.998255246,0.039160384,-0.044191938,0.103695196,0.993591385,-0.044981973,-3.594004869,5.009261131,0.568934917,0.000000000,0.000000000,0.000000000,1.000000000,2.484205723,0.191202641,2.961182833,2.961182833,0.838923452
2026-06-03T01:47:29,1773928438.766613007,r1,body,odom,1,structure_anchor_1,plane,wall_like,general_plane,unknown,confirmed,true,true,true,false,5,0,5,5,0.658044188,0.625000000,0.883970937,1.000000000,0.000000000,0.000000000,0.000000000,0.001466551,376,0.119138150,0.000000000,-0.772506669,-5.424724579,0.818610907,0.397738874,-7.706793668,-11.331114603,-1.680833005,5.627129078,0.095636368,3.920643091,0.008801687,0.999952327,0.004227695,-0.988413933,0.151617885,0.007078680,-5.424724579,0.818610907,0.397738874,0.000000000,0.000000000,0.000000000,1.000000000,3.920643091,5.627129078,0.095636368,5.627129078,0.696739498
2026-06-03T01:47:29,1773928438.766613007,r1,body,odom,2,structure_anchor_2,plane,wall_like,general_plane,unknown,confirmed,true,true,true,false,5,0,5,5,0.658044188,0.625000000,0.883970937,1.000000000,0.000000000,0.000000000,0.000000000,0.002089594,205,0.064955640,0.000000000,-0.783923917,1.330451608,0.765078664,0.267368704,-6.688819271,-4.652990195,-1.817429892,3.428007603,0.068174243,1.325754881,0.014221354,0.999898871,0.000006740,-0.987598991,0.156972249,0.002852718,1.330451608,0.765078664,0.267368704,0.000000000,0.000000000,0.000000000,1.000000000,1.325754881,3.428007603,0.068174243,3.428007603,0.386742106
2026-06-03T01:47:29,1773928438.766613007,r1,body,odom,3,structure_anchor_3,plane,wall_like,general_plane,unknown,weak_tracked,false,true,true,false,3,0,5,3,0.413025000,0.375000000,0.621375000,0.600000000,0.000000000,0.000000000,0.000000000,0.030429221,154,0.048795944,0.000000000,-1.323975535,1.305218339,-1.925375462,0.240505397,-4.029677704,-5.062473739,-1.851962545,0.087266207,1.617371798,1.673525214,0.999907265,-0.010835440,-0.008249520,0.153595821,0.988091216,-0.009179578,1.305218339,-1.925375462,0.240505397,0.000000000,0.000000000,0.000000000,1.000000000,1.673525214,0.087266207,1.617371798,1.617371798,1.034718929
2026-06-03T01:47:29,1773928438.766613007,r1,body,odom,5,structure_anchor_5,plane,wall_like,general_plane,unknown,confirmed,true,true,true,false,4,0,4,4,0.589298750,0.500000000,0.821493750,1.000000000,0.000000000,0.000000000,0.000000000,0.193011230,182,0.057667934,0.000000000,3.732382299,-3.639867544,5.515302181,0.508363008,-12.099856882,-8.893314670,-1.558386211,0.106363535,1.862331390,2.432631731,0.999857083,-0.016902082,0.000364181,0.159618478,0.987178704,-0.000583216,-3.639867544,5.515302181,0.508363008,0.000000000,0.000000000,0.000000000,1.000000000,2.432631731,0.106363535,1.862331390,1.862331390,1.306229248
2026-06-03T01:47:29,1773928438.946608067,r1,body,odom,2,structure_anchor_2,plane,wall_like,general_plane,unknown,confirmed,true,true,true,false,6,0,6,6,0.722416222,0.750000000,0.924581109,1.000000000,0.000000000,0.000000000,0.000000000,0.003252327,269,0.085315572,0.000000000,-0.785998757,1.036332846,0.769833505,0.156597599,-6.736009235,-4.943530664,-1.927952657,3.465473413,0.077772260,1.211286664,0.015807436,0.999874761,-0.000766933,-0.987363920,0.158456072,0.002022962,1.036332846,0.769833505,0.156597599,0.000000000,0.000000000,0.000000000,1.000000000,1.211286664,3.465473413,0.077772260,3.465473413,0.349529925
2026-06-03T01:47:29,1773928438.946608067,r1,body,odom,1,structure_anchor_1,plane,wall_like,general_plane,unknown,confirmed,true,true,true,false,6,0,6,6,0.722416222,0.750000000,0.924581109,1.000000000,0.000000000,0.000000000,0.000000000,0.015466144,350,0.056454171,0.000000000,-0.770094848,-5.298784793,0.816742929,0.456650111,-7.686393043,-11.206854815,-1.622198057,5.073553562,0.128002405,2.606037855,0.008105919,0.999935270,-0.007979183,-0.988544716,0.150838770,-0.005182314,-5.298784793,0.816742929,0.456650111,0.000000000,0.000000000,0.000000000,1.000000000,2.606037855,5.073553562,0.128002405,5.073553562,0.513651393
2026-06-03T01:47:30,1773928439.147608042,r1,body,odom,1,structure_anchor_1,plane,wall_like,general_plane,unknown,confirmed,true,true,true,false,7,0,7,7,0.783945544,0.875000000,0.950977721,1.000000000,0.000000000,0.000000000,0.000000000,0.016832220,353,0.111708861,0.000000000,-0.772012801,-5.487852573,0.817353308,0.622518718,-7.714025660,-11.393614941,-1.455874769,5.665667534,0.097383738,3.924862146,0.008749066,0.999952235,0.004356688,-0.988416948,0.151591692,0.007209372,-5.487852573,0.817353308,0.622518718,0.000000000,0.000000000,0.000000000,1.000000000,3.924862146,5.665667534,0.097383738,5.665667534,0.692744875
2026-06-03T01:47:30,1773928439.147608042,r1,body,odom,2,structure_anchor_2,plane,wall_like,general_plane,unknown,confirmed,true,true,true,false,7,0,7,7,0.783945544,0.875000000,0.950977721,1.000000000,0.000000000,0.000000000,0.000000000,0.006788708,211,0.066772152,0.000000000,-0.788265311,1.218864083,0.768801451,0.185313746,-6.708643575,-4.762925269,-1.899404556,3.357499599,0.080121696,1.339404583,0.016578543,0.999856732,-0.003415751,-0.987226352,0.159323204,-0.000570529,1.218864083,0.768801451,0.185313746,0.000000000,0.000000000,0.000000000,1.000000000,1.339404583,3.357499599,0.080121696,3.357499599,0.398929186
2026-06-03T01:47:30,1773928439.147608042,r1,body,odom,5,structure_anchor_5,plane,wall_like,general_plane,unknown,confirmed,true,true,true,false,5,0,6,5,0.614310854,0.625000000,0.831970937,0.833333333,0.000000000,0.000000000,0.000000000,0.211112224,207,0.065506329,0.000000000,3.365541124,-3.607534170,4.966559410,0.479988694,-11.552268843,-8.939600640,-1.588268490,0.203828812,2.962940216,2.641878128,0.998392493,0.050115408,-0.026474041,0.093026177,0.995290688,-0.027251703,-3.607534170,4.966559410,0.479988694,0.000000000,0.000000000,0.000000000,1.000000000,2.641878128,0.203828812,2.962940216,2.962940216,0.891640713
2026-06-03T01:47:30,1773928439.345607996,r1,body,odom,1,structure_anchor_1,plane,wall_like,general_plane,unknown,confirmed,true,true,true,false,8,0,8,8,0.843627104,1.000000000,0.968135519,1.000000000,0.000000000,0.000000000,0.000000000,0.016845223,375,0.119123253,0.000000000,-0.770535728,-5.521304607,0.817294180,0.586649418,-7.718299306,-11.426946354,-1.491878192,5.819977760,0.105597496,3.918365955,0.008878589,0.999952889,0.003923035,-0.988420211,0.151595381,0.006651758,-5.521304607,0.817294180,0.586649418,0.000000000,0.000000000,0.000000000,1.000000000,3.918365955,5.819977760,0.105597496,5.819977760,0.673261328
2026-06-03T01:47:30,1773928439.345607996,r1,body,odom,2,structure_anchor_2,plane,wall_like,general_plane,unknown,confirmed,true,true,true,false,8,0,8,8,0.843627104,1.000000000,0.968135519,1.000000000,0.000000000,0.000000000,0.000000000,0.008563299,199,0.063214740,0.000000000,-0.782600316,1.303615212,0.765818000,0.283779532,-6.693540531,-4.679491455,-1.801116941,3.428150415,0.067019343,1.344070315,0.013123112,0.999913472,-0.000912358,-0.987788765,0.155788289,0.001812404,1.303615212,0.765818000,0.283779532,0.000000000,0.000000000,0.000000000,1.000000000,1.344070315,3.428150415,0.067019343,3.428150415,0.392068653
2026-06-03T01:47:30,1773928439.345607996,r1,body,odom,3,structure_anchor_3,plane,wall_like,general_plane,unknown,confirmed,true,true,true,false,4,0,8,4,0.454978750,0.500000000,0.649893750,0.500000000,0.000000000,0.000000000,0.000000000,0.054816169,131,0.041613723,0.000000000,-1.325468184,1.306990981,-1.877381563,0.252518237,-4.077051176,-5.053648299,-1.839615550,0.069013357,1.316564202,1.454377055,0.999853671,-0.011631127,-0.012544084,0.154265870,0.987937256,-0.013488452,1.306990981,-1.877381563,0.252518237,0.000000000,0.000000000,0.000000000,1.000000000,1.454377055,0.069013357,1.316564202,1.316564202,1.104676136
2026-06-03T01:47:30,1773928439.549607992,r1,body,odom,1,structure_anchor_1,plane,wall_like,general_plane,unknown,confirmed,true,true,true,false,9,0,9,9,0.845857617,1.000000000,0.979288087,1.000000000,0.000000000,0.000000000,0.000000000,0.015679824,439,0.140031898,0.000000000,-0.773592030,-5.458247662,0.816909492,0.535140395,-7.709410592,-11.364505712,-1.543389656,5.795976639,0.083572388,3.923262596,0.008206982,0.999962346,0.002819891,-0.988514519,0.151019316,0.005659778,-5.458247662,0.816909492,0.535140395,0.000000000,0.000000000,0.000000000,1.000000000,3.923262596,5.795976639,0.083572388,5.795976639,0.676894135
2026-06-03T01:47:30,1773928439.549607992,r1,body,odom,2,structure_anchor_2,plane,wall_like,general_plane,unknown,confirmed,true,true,true,false,9,0,9,9,0.845857617,1.000000000,0.979288087,1.000000000,0.000000000,0.000000000,0.000000000,0.008520726,315,0.100478469,0.000000000,-0.785703997,1.165258408,0.768564880,0.211656675,-6.716026397,-4.816043991,-1.872996447,3.611814022,0.082185924,1.339623213,0.014854506,0.999889584,-0.000403292,-0.987502082,0.157586647,0.002430394,1.165258408,0.768564880,0.211656675,0.000000000,0.000000000,0.000000000,1.000000000,1.339623213,3.611814022,0.082185924,3.611814022,0.370900385
2026-06-03T01:47:30,1773928439.549607992,r1,body,odom,5,structure_anchor_5,plane,wall_like,general_plane,unknown,confirmed,true,true,true,false,6,0,8,6,0.655256222,0.750000000,0.838781109,0.750000000,0.000000000,0.000000000,0.000000000,0.232152219,194,0.061881978,0.000000000,3.393296713,-3.605914354,5.000505447,0.579442322,-11.585226689,-8.933323348,-1.488849740,0.223939896,3.028041840,2.849436045,0.998121728,0.045870212,-0.040607138,0.097111200,0.994412919,-0.041378527,-3.605914354,5.000505447,0.579442322,0.000000000,0.000000000,0.000000000,1.000000000,2.849436045,0.223939896,3.028041840,3.028041840,0.941016074
2026-06-03T01:47:30,1773928439.765608072,r1,body,odom,1,structure_anchor_1,plane,wall_like,general_plane,unknown,confirmed,true,true,true,false,10,0,10,10,0.847307451,1.000000000,0.986537257,1.000000000,0.000000000,0.000000000,0.000000000,0.016227664,400,0.127226463,0.000000000,-0.770155967,-5.450135708,0.817339122,0.533569336,-7.708150138,-11.356622931,-1.545116057,5.764564991,0.096314788,3.927186489,0.009093639,0.999948361,0.004536650,-0.988387037,0.151782124,0.007308553,-5.450135708,0.817339122,0.533569336,0.000000000,0.000000000,0.000000000,1.000000000,3.927186489,5.764564991,0.096314788,5.764564991,0.681263286
2026-06-03T01:47:30,1773928439.765608072,r1,body,odom,2,structure_anchor_2,plane,wall_like,general_plane,unknown,confirmed,true,true,true,false,10,0,10,10,0.847307451,1.000000000,0.986537257,1.000000000,0.000000000,0.000000000,0.000000000,0.008512615,276,0.087786260,0.000000000,-0.785049222,1.215839744,0.767380893,0.218376264,-6.707810658,-4.766236319,-1.866369363,3.611639977,0.081719160,1.342735052,0.014635892,0.999892869,-0.000203140,-0.987554407,0.157257378,0.002563705,1.215839744,0.767380893,0.218376264,0.000000000,0.000000000,0.000000000,1.000000000,1.342735052,3.611639977,0.081719160,3.611639977,0.371779873
2026-06-03T01:47:30,1773928439.948602915,r1,body,odom,1,structure_anchor_1,plane,wall_like,general_plane,unknown,confirmed,true,true,true,false,11,0,11,11,0.848249843,1.000000000,0.991249217,1.000000000,0.000000000,0.000000000,0.000000000,0.016806059,435,0.138623327,0.000000000,-0.769662378,-5.468845367,0.817991257,0.525190651,-7.711775701,-11.374915634,-1.553284132,5.752566338,0.098770618,3.923439980,0.009300476,0.999944690,0.004911039,-0.988343521,0.152045901,0.007692216,-5.468845367,0.817991257,0.525190651,0.000000000,0.000000000,0.000000000,1.000000000,3.923439980,5.752566338,0.098770618,5.752566338,0.682032983
2026-06-03T01:47:30,1773928439.948602915,r1,body,odom,2,structure_anchor_2,plane,wall_like,general_plane,unknown,confirmed,true,true,true,false,11,0,11,11,0.848249843,1.000000000,0.991249217,1.000000000,0.000000000,0.000000000,0.000000000,0.008290167,315,0.100382409,0.000000000,-0.785237653,1.183687210,0.768649995,0.216328457,-6.713558902,-4.797812989,-1.868412622,3.610131979,0.080665469,1.346572638,0.014251614,0.999897999,-0.000940201,-0.987606995,0.156936589,0.001836309,1.183687210,0.768649995,0.216328457,0.000000000,0.000000000,0.000000000,1.000000000,1.346572638,3.610131979,0.080665469,3.610131979,0.372998174
2026-06-03T01:47:30,1773928439.948602915,r1,body,odom,3,structure_anchor_3,plane,wall_like,general_plane,unknown,confirmed,true,true,true,false,5,0,11,5,0.505845278,0.625000000,0.668430937,0.454545455,0.000000000,0.000000000,0.000000000,0.060929043,224,0.071383047,0.000000000,-1.277758579,1.302198052,-1.732742429,0.163253665,-4.221053253,-5.037859111,-1.928575077,0.092650175,1.588516951,1.406189442,0.999887423,0.013380098,-0.006790738,0.129565576,0.991541175,-0.007674725,1.302198052,-1.732742429,0.163253665,0.000000000,0.000000000,0.000000000,1.000000000,1.406189442,0.092650175,1.588516951,1.588516951,0.885221553
2026-06-03T01:47:30,1773928439.948602915,r1,body,odom,6,structure_anchor_6,plane,wall_like,general_plane,unknown,candidate,false,true,true,false,1,0,1,1,0.326250000,0.125000000,0.350000000,1.000000000,0.000000000,0.000000000,0.000000000,0.000000000,64,0.020395156,0.000000000,-1.403779970,1.400206208,-3.809099197,-0.774736345,-2.154711506,-5.237937318,-2.872444222,0.032525539,1.471059799,0.520132899,0.999988275,-0.001852535,0.004474180,0.144688931,0.989470853,0.003547554,1.400206208,-3.809099197,-0.774736345,0.000000000,0.000000000,0.000000000,1.000000000,0.520132899,0.032525539,1.471059799,1.471059799,0.353576992
2026-06-03T01:47:30,1773928439.948602915,r1,body,odom,5,structure_anchor_5,plane,wall_like,general_plane,unknown,confirmed,true,true,true,false,7,0,10,7,0.702391544,0.875000000,0.843207721,0.700000000,0.000000000,0.000000000,0.000000000,0.246322490,235,0.074888464,0.000000000,3.254368127,-3.583874226,4.735198498,0.475993574,-11.319681527,-8.949742433,-1.593289198,0.259448290,2.782583714,2.787158489,0.997644670,0.068365735,-0.005589222,0.074827148,0.997176527,-0.006317742,-3.583874226,4.735198498,0.475993574,0.000000000,0.000000000,0.000000000,1.000000000,2.787158489,0.259448290,2.782583714,2.782583714,1.001644075
2026-06-03T01:47:31,1773928440.143603086,r1,body,odom,1,structure_anchor_1,plane,wall_like,general_plane,unknown,confirmed,true,true,true,false,12,0,12,12,0.848862398,1.000000000,0.994311991,1.000000000,0.000000000,0.000000000,0.000000000,0.016226517,440,0.138757490,0.000000000,-0.771183263,-5.487088203,0.818384826,0.521622419,-7.714392007,-11.393069195,-1.556950122,5.808803558,0.100639701,3.925214767,0.009020584,0.999949280,0.004479650,-0.988403082,0.151683345,0.007189990,-5.487088203,0.818384826,0.521622419,0.000000000,0.000000000,0.000000000,1.000000000,3.925214767,5.808803558,0.100639701,5.808803558,0.675735498
2026-06-03T01:47:31,1773928440.143603086,r1,body,odom,2,structure_anchor_2,plane,wall_like,general_plane,unknown,confirmed,true,true,true,false,12,0,12,12,0.848862398,1.000000000,0.994311991,1.000000000,0.000000000,0.000000000,0.000000000,0.009092926,315,0.099337748,0.000000000,-0.786270823,1.168322206,0.768897831,0.205691546,-6.716189536,-4.813055568,-1.879083211,3.610116482,0.085520148,1.334113359,0.014820779,0.999889927,0.000691232,-0.987527000,0.157413709,0.003396138,1.168322206,0.768897831,0.205691546,0.000000000,0.000000000,0.000000000,1.000000000,1.334113359,3.610116482,0.085520148,3.610116482,0.369548563
2026-06-03T01:47:31,1773928440.143603086,r1,body,odom,3,structure_anchor_3,plane,wall_like,general_plane,unknown,confirmed,true,true,true,false,6,0,12,6,0.594396022,0.750000000,0.784480109,0.500000000,0.000000000,0.000000000,0.000000000,0.089276401,246,0.077578051,0.000000000,-1.262689712,1.321688175,-2.308787346,-0.166527852,-3.649195116,-5.100822583,-2.259808303,0.217933059,3.693402290,2.051997185,0.997095950,0.018564188,0.073858227,0.124177916,0.989571197,0.072999157,1.321688175,-2.308787346,-0.166527852,0.000000000,0.000000000,0.000000000,1.000000000,2.051997185,0.217933059,3.693402290,3.693402290,0.555584532
2026-06-03T01:47:31,1773928440.143603086,r1,body,odom,7,structure_anchor_7,plane,wall_like,general_plane,unknown,candidate,false,true,true,false,1,0,1,1,0.326250000,0.125000000,0.350000000,1.000000000,0.000000000,0.000000000,0.000000000,0.000000000,171,0.031851151,0.000000000,0.800662621,0.653001318,-0.802121062,0.172740316,-5.234926993,-5.547393924,-1.915835556,1.703644633,0.100685716,1.048720479,-0.005508292,0.999608209,0.027446397,-0.990074830,0.137266407,0.030168965,0.653001318,-0.802121062,0.172740316,0.000000000,0.000000000,0.000000000,1.000000000,1.048720479,1.703644633,0.100685716,1.703644633,0.615574668
2026-06-03T01:47:31,1773928440.143603086,r1,body,odom,5,structure_anchor_5,plane,wall_like,general_plane,unknown,confirmed,true,true,true,false,8,0,11,8,0.775071549,1.000000000,0.898085019,0.727272727,0.000000000,0.000000000,0.000000000,0.283822246,155,0.048880479,0.000000000,3.694585460,-3.642184734,5.499596596,0.549729645,-12.084184371,-8.898757865,-1.517798438,0.073068142,2.053249359,2.610361099,0.999950592,-0.009752951,0.001922062,0.152409495,0.988317036,0.000983698,-3.642184734,5.499596596,0.549729645,0.000000000,0.000000000,0.000000000,1.000000000,2.610361099,0.073068142,2.053249359,2.053249359,1.271331749
2026-06-03T01:47:31,1773928440.365602970,r1,body,odom,1,structure_anchor_1,plane,wall_like,general_plane,unknown,confirmed,true,true,true,false,13,0,13,13,0.849260559,1.000000000,0.996302794,1.000000000,0.000000000,0.000000000,0.000000000,0.016589516,384,0.122644523,0.000000000,-0.776273926,-5.517776012,0.819528878,0.563279390,-7.719530789,-11.423367432,-1.515532280,5.794714928,0.091985703,3.920656681,0.008371165,0.999951009,0.005282305,-0.988499484,0.151009085,0.008061693,-5.517776012,0.819528878,0.563279390,0.000000000,0.000000000,0.000000000,1.000000000,3.920656681,5.794714928,0.091985703,5.794714928,0.676591813
2026-06-03T01:47:31,1773928440.365602970,r1,body,odom,2,structure_anchor_2,plane,wall_like,general_plane,unknown,confirmed,true,true,true,false,13,0,13,13,0.849260559,1.000000000,0.996302794,1.000000000,0.000000000,0.000000000,0.000000000,0.030981669,82,0.026189716,0.000000000,-0.797713852,0.108743735,0.792971253,0.143421710,-6.891401149,-5.858430353,-1.940250665,1.339817524,0.093990922,0.661780596,0.025852737,0.999537330,0.016023792,-0.985564028,0.168257409,0.018787104,0.108743735,0.792971253,0.143421710,0.000000000,0.000000000,0.000000000,1.000000000,0.661780596,1.339817524,0.093990922,1.339817524,0.493933378
2026-06-03T01:47:31,1773928440.365602970,r1,body,odom,3,structure_anchor_3,plane,wall_like,general_plane,unknown,confirmed,true,true,true,false,7,0,13,7,0.673424722,0.875000000,0.859912071,0.538461538,0.000000000,0.000000000,0.000000000,0.103436855,154,0.049185564,0.000000000,-1.247432644,1.296773434,-1.785777450,0.195496380,-4.169350881,-5.050601134,-1.896373419,0.106112957,1.589688301,1.294411778,0.999577041,0.028130338,0.007377194,0.114845074,0.993361439,0.006604858,1.296773434,-1.785777450,0.195496380,0.000000000,0.000000000,0.000000000,1.000000000,1.294411778,0.106112957,1.589688301,1.589688301,0.814255082
2026-06-03T01:47:31,1773928440.365602970,r1,body,odom,5,structure_anchor_5,plane,wall_like,general_plane,unknown,confirmed,true,true,true,false,9,0,12,9,0.786751052,1.000000000,0.933755262,0.750000000,0.000000000,0.000000000,0.000000000,0.280850507,105,0.033535612,0.000000000,3.494959969,-3.532595396,4.042155266,0.438628942,-10.626172155,-8.998607039,-1.632891297,0.112660408,1.035101652,2.552067280,0.999914866,0.010128948,-0.008225851,0.132665379,0.991119561,-0.009048573,-3.532595396,4.042155266,0.438628942,0.000000000,0.000000000,0.000000000,1.000000000,2.552067280,0.112660408,1.035101652,1.035101652,2.465523337
2026-06-03T01:47:31,1773928440.566602945,r1,body,odom,1,structure_anchor_1,plane,wall_like,general_plane,unknown,confirmed,true,true,true,false,14,0,14,14,0.849519363,1.000000000,0.997596816,1.000000000,0.000000000,0.000000000,0.000000000,0.015400536,399,0.126908397,0.000000000,-0.773517107,-5.499477863,0.818819046,0.564112723,-7.715746540,-11.405509381,-1.514704806,5.805334091,0.095520496,3.912248135,0.008676367,0.999952912,0.004346835,-0.988475833,0.151213421,0.007074561,-5.499477863,0.818819046,0.564112723,0.000000000,0.000000000,0.000000000,1.000000000,3.912248135,5.805334091,0.095520496,5.805334091,0.673905769
2026-06-03T01:47:31,1773928440.566602945,r1,body,odom,2,structure_anchor_2,plane,wall_like,general_plane,unknown,confirmed,true,true,true,false,14,0,14,14,0.849519363,1.000000000,0.997596816,1.000000000,0.000000000,0.000000000,0.000000000,0.031170945,293,0.093193384,0.000000000,-0.786061655,1.121592879,0.768811226,0.173220292,-6.723002388,-4.859446596,-1.911438212,3.609244585,0.086916864,1.342847109,0.015374984,0.999881641,0.000559706,-0.987460596,0.157831632,0.003281479,1.121592879,0.768811226,0.173220292,0.000000000,0.000000000,0.000000000,1.000000000,1.342847109,3.609244585,0.086916864,3.609244585,0.372057664
2026-06-03T01:47:31,1773928440.566602945,r1,body,odom,5,structure_anchor_5,plane,wall_like,general_plane,unknown,confirmed,true,true,true,false,10,0,13,10,0.795234338,1.000000000,0.956940920,0.769230769,0.000000000,0.000000000,0.000000000,0.296707626,156,0.049618321,0.000000000,3.689084288,-3.639250517,5.453710079,0.327411622,-12.038581309,-8.903334042,-1.740329964,0.096571445,2.411819458,2.431653500,0.999956176,-0.009252512,0.001427145,0.151784282,0.988413507,0.000540105,-3.639250517,5.453710079,0.327411622,0.000000000,0.000000000,0.000000000,1.000000000,2.431653500,0.096571445,2.411819458,2.411819458,1.008223684
2026-06-03T01:47:31,1773928440.767602921,r1,body,odom,5,structure_anchor_5,plane,wall_like,general_plane,unknown,confirmed,true,true,true,false,11,0,14,11,0.801545177,1.000000000,0.972011598,0.785714286,0.000000000,0.000000000,0.000000000,0.318067334,193,0.061858974,0.000000000,3.426064663,-3.603083611,5.016460419,0.574237525,-11.599937112,-8.929861396,-1.494924122,0.209167480,2.948689938,2.912007093,0.998127929,0.039306794,-0.046857362,0.103311652,0.993509261,-0.047603700,-3.603083611,5.016460419,0.574237525,0.000000000,0.000000000,0.000000000,1.000000000,2.912007093,0.209167480,2.948689938,2.948689938,0.987559613
2026-06-03T01:47:31,1773928440.767602921,r1,body,odom,1,structure_anchor_1,plane,wall_like,general_plane,unknown,confirmed,true,true,true,false,15,0,15,15,0.849687586,1.000000000,0.998437931,1.000000000,0.000000000,0.000000000,0.000000000,0.032432227,218,0.069871795,0.000000000,-0.774693376,-5.255499840,0.816541135,0.201017708,-7.679666273,-11.164535314,-1.878075161,4.912680149,0.081157506,2.370835543,0.007487324,0.999899724,-0.012020086,-0.988640947,0.150007246,-0.009325612,-5.255499840,0.816541135,0.201017708,0.000000000,0.000000000,0.000000000,1.000000000,2.370835543,4.912680149,0.081157506,4.912680149,0.482595136
2026-06-03T01:47:31,1773928440.767602921,r1,body,odom,2,structure_anchor_2,plane,wall_like,general_plane,unknown,confirmed,true,true,true,false,15,0,15,15,0.849687586,1.000000000,0.998437931,1.000000000,0.000000000,0.000000000,0.000000000,0.035887967,218,0.069871795,0.000000000,-0.786651701,1.258191705,0.768013418,0.153831095,-6.702819973,-4.724369440,-1.930957284,3.482664824,0.077915072,1.339359999,0.015414712,0.999872034,-0.004278072,-0.987461339,0.157853215,-0.001590476,1.258191705,0.768013418,0.153831095,0.000000000,0.000000000,0.000000000,1.000000000,1.339359999,3.482664824,0.077915072,3.482664824,0.384579070
2026-06-03T01:47:31,1773928440.968597651,r1,body,odom,1,structure_anchor_1,plane,wall_like,general_plane,unknown,confirmed,true,true,true,false,16,0,16,16,0.849796931,1.000000000,0.998984655,1.000000000,0.000000000,0.000000000,0.000000000,0.033213079,377,0.120370370,0.000000000,-0.771110421,-5.449336052,0.817085028,0.594690442,-7.706578177,-11.356211865,-1.484300000,5.663494110,0.099329233,3.922674656,0.008906664,0.999950770,0.004373747,-0.988447530,0.151397944,0.007091595,-5.449336052,0.817085028,0.594690442,0.000000000,0.000000000,0.000000000,1.000000000,3.922674656,5.663494110,0.099329233,5.663494110,0.692624479
2026-06-03T01:47:31,1773928440.968597651,r1,body,odom,2,structure_anchor_2,plane,wall_like,general_plane,unknown,confirmed,true,true,true,false,16,0,16,16,0.849796931,1.000000000,0.998984655,1.000000000,0.000000000,0.000000000,0.000000000,0.036967636,234,0.074712644,0.000000000,-0.783314604,1.222825766,0.766523421,0.236401305,-6.706188705,-4.759592820,-1.848326882,3.432068586,0.074208915,1.341376424,0.014243726,0.999895880,-0.002312175,-0.987651050,0.156669688,0.000401070,1.222825766,0.766523421,0.236401305,0.000000000,0.000000000,0.000000000,1.000000000,1.341376424,3.432068586,0.074208915,3.432068586,0.390836136
2026-06-03T01:47:31,1773928440.968597651,r1,body,odom,5,structure_anchor_5,plane,wall_like,general_plane,unknown,confirmed,true,true,true,false,12,0,15,12,0.806361508,1.000000000,0.981807539,0.800000000,0.000000000,0.000000000,0.000000000,0.339261759,112,0.035759898,0.000000000,3.690479575,-3.638760805,5.500725269,0.743962586,-12.083762304,-8.896242748,-1.323783319,0.105564356,1.958299637,1.808782816,0.999823705,-0.011523761,0.014824368,0.154008184,0.987971116,0.013953531,-3.638760805,5.500725269,0.743962586,0.000000000,0.000000000,0.000000000,1.000000000,1.808782816,0.105564356,1.958299637,1.958299637,0.923649671
2026-06-03T01:47:32,1773928441.148597956,r1,body,odom,1,structure_anchor_1,plane,wall_like,general_plane,unknown,confirmed,true,true,true,false,17,0,17,17,0.849868005,1.000000000,0.999340026,1.000000000,0.000000000,0.000000000,0.000000000,0.048216847,425,0.116560510,0.000000000,-0.833755266,-5.718833596,0.816663101,0.501413569,-7.744981442,-11.622950060,-1.577010704,5.864378929,0.139017344,3.627213478,-0.003744607,0.999956422,-0.008549891,-0.990288991,0.138903435,-0.005787017,-5.718833596,0.816663101,0.501413569,0.000000000,0.000000000,0.000000000,1.000000000,3.627213478,5.864378929,0.139017344,5.864378929,0.618516218
2026-06-03T01:47:32,1773928441.148597956,r1,body,odom,2,structure_anchor_2,plane,wall_like,general_plane,unknown,confirmed,true,true,true,false,17,0,17,17,0.849868005,1.000000000,0.999340026,1.000000000,0.000000000,0.000000000,0.000000000,0.035110203,278,0.088535032,0.000000000,-0.785697228,1.208566785,0.768280983,0.190411359,-6.710009688,-4.773418627,-1.894328404,3.550884247,0.082725048,1.339608550,0.014478595,0.999895180,-0.000008261,-0.987604997,0.156935799,0.002738142,1.208566785,0.768280983,0.190411359,0.000000000,0.000000000,0.000000000,1.000000000,1.339608550,3.550884247,0.082725048,3.550884247,0.377260552
2026-06-03T01:47:32,1773928441.148597956,r1,body,odom,3,structure_anchor_3,plane,wall_like,general_plane,unknown,stale,false,false,true,false,7,4,17,7,0.570085355,0.875000000,0.539912071,0.411764706,0.200000000,0.000000000,0.000000000,0.103436855,154,0.049185564,0.000000000,-1.247432644,1.306929788,-1.934157323,0.115373475,-4.021393663,-5.061520114,-1.976911461,0.106112957,1.589688301,1.294411778,0.999858649,0.012393477,0.011360065,0.130363793,0.991410578,0.010501762,1.306929788,-1.934157323,0.115373475,0.000000000,0.000000000,0.000000000,1.000000000,1.294411778,0.106112957,1.589688301,1.589688301,0.814255082
2026-06-03T01:47:32,1773928441.346597910,r1,body,odom,1,structure_anchor_1,plane,wall_like,general_plane,unknown,confirmed,true,true,true,false,18,0,18,18,0.849914203,1.000000000,0.999571017,1.000000000,0.000000000,0.000000000,0.000000000,0.048217985,412,0.131840000,0.000000000,-0.771087585,-5.411318779,0.816146195,0.571881592,-7.700202492,-11.318653316,-1.506712872,5.618071556,0.114420891,3.917726994,0.008637227,0.999958205,0.002997630,-0.988498573,0.151121712,0.005721724,-5.411318779,0.816146195,0.571881592,0.000000000,0.000000000,0.000000000,1.000000000,3.917726994,5.618071556,0.114420891,5.618071556,0.697343733
2026-06-03T01:47:32,1773928441.346597910,r1,body,odom,2,structure_anchor_2,plane,wall_like,general_plane,unknown,confirmed,true,true,true,false,18,0,18,18,0.849914203,1.000000000,0.999571017,1.000000000,0.000000000,0.000000000,0.000000000,0.033010803,288,0.092160000,0.000000000,-0.785861740,1.179224372,0.768387735,0.211658165,-6.714305758,-4.802437841,-1.873102953,3.537001133,0.081481457,1.338180304,0.014719745,0.999891213,0.000943563,-0.987570873,0.157131474,0.003661911,1.179224372,0.768387735,0.211658165,0.000000000,0.000000000,0.000000000,1.000000000,1.338180304,3.537001133,0.081481457,3.537001133,0.378337539
2026-06-03T01:47:32,1773928441.346597910,r1,body,odom,5,structure_anchor_5,plane,wall_like,general_plane,unknown,confirmed,true,true,true,false,13,0,17,13,0.790176157,1.000000000,0.936174900,0.764705882,0.000000000,0.000000000,0.000000000,0.355427486,194,0.062080000,0.000000000,3.472571705,-3.588165522,5.107093334,0.576193511,-11.687347154,-8.902333073,-1.492347740,0.192801476,2.967965126,3.115081549,0.998319178,0.027225320,-0.051162500,0.115243375,0.991975124,-0.052002475,-3.588165522,5.107093334,0.576193511,0.000000000,0.000000000,0.000000000,1.000000000,3.115081549,0.192801476,2.967965126,2.967965126,1.049568110
2026-06-03T01:47:32,1773928441.346597910,r1,body,odom,3,structure_anchor_3,plane,wall_like,general_plane,unknown,stale,false,false,true,false,7,5,18,7,0.546010192,0.875000000,0.459912071,0.388888889,0.250000000,0.000000000,0.000000000,0.103436855,154,0.049185564,0.000000000,-1.247432644,1.306826322,-1.934225455,0.115350053,-4.021393719,-5.061520190,-1.976911463,0.106112957,1.589688301,1.294411778,0.999858899,0.012349692,0.011384049,0.130363807,0.991410540,0.010501761,1.306826322,-1.934225455,0.115350053,0.000000000,0.000000000,0.000000000,1.000000000,1.294411778,0.106112957,1.589688301,1.589688301,0.814255082
2026-06-03T01:47:32,1773928441.565598011,r1,body,odom,2,structure_anchor_2,plane,wall_like,general_plane,unknown,confirmed,true,true,true,false,19,0,19,19,0.849944232,1.000000000,0.999721161,1.000000000,0.000000000,0.000000000,0.000000000,0.038808586,279,0.089423077,0.000000000,-0.799178899,1.184923649,0.771436274,0.177143484,-6.716556337,-4.796391313,-1.907594722,3.577942848,0.145060718,1.314337254,0.023237722,0.999727181,0.002360577,-0.986186450,0.165560734,0.005091605,1.184923649,0.771436274,0.177143484,0.000000000,0.000000000,0.000000000,1.000000000,1.314337254,3.577942848,0.145060718,3.577942848,0.367344396
2026-06-03T01:47:32,1773928441.565598011,r1,body,odom,5,structure_anchor_5,plane,wall_like,general_plane,unknown,confirmed,true,true,true,false,14,0,18,14,0.797258293,1.000000000,0.958513685,0.777777778,0.000000000,0.000000000,0.000000000,0.367747710,197,0.063141026,0.000000000,3.747838705,-3.640832901,5.470565796,0.399873257,-12.055144346,-8.902629821,-1.667519210,0.146404982,1.911144257,2.639256954,0.999807186,-0.019591235,-0.001332092,0.161955827,0.986795327,-0.002299663,-3.640832901,5.470565796,0.399873257,0.000000000,0.000000000,0.000000000,1.000000000,2.639256954,0.146404982,1.911144257,1.911144257,1.380982595
2026-06-03T01:47:32,1773928441.565598011,r1,body,odom,1,structure_anchor_1,plane,wall_like,general_plane,unknown,confirmed,true,true,true,false,19,0,19,19,0.849944232,1.000000000,0.999721161,1.000000000,0.000000000,0.000000000,0.000000000,0.044906835,414,0.132692308,0.000000000,-0.778072465,-5.520990372,0.817516804,0.579964340,-7.717253330,-11.426997218,-1.498520722,5.626416683,0.082744122,3.922596693,0.007286508,0.999972485,0.001391284,-0.988706596,0.149807016,0.004137568,-5.520990372,0.817516804,0.579964340,0.000000000,0.000000000,0.000000000,1.000000000,3.922596693,5.626416683,0.082744122,5.626416683,0.697174936
2026-06-03T01:47:32,1773928441.565598011,r1,body,odom,8,structure_anchor_8,plane,wall_like,general_plane,unknown,candidate,false,true,true,false,1,0,1,1,0.326250000,0.125000000,0.350000000,1.000000000,0.000000000,0.000000000,0.000000000,0.000000000,125,0.040064103,0.000000000,-0.797409345,1.311596394,-2.296159029,-0.004935839,-3.662778405,-5.108539823,-2.098234199,0.754949272,3.275152683,1.741343260,0.957621711,0.200171705,-0.207103709,-0.062163445,0.976273426,-0.207426851,1.311596394,-2.296159029,-0.004935839,0.000000000,0.000000000,0.000000000,1.000000000,1.741343260,0.754949272,3.275152683,3.275152683,0.531683078
2026-06-03T01:47:32,1773928441.565598011,r1,body,odom,3,structure_anchor_3,plane,wall_like,general_plane,unknown,stale,false,false,true,false,7,6,19,7,0.522416625,0.875000000,0.379912071,0.368421053,0.300000000,0.000000000,0.000000000,0.103436855,154,0.049185564,0.000000000,-1.247432644,1.306887613,-1.934171055,0.115386542,-4.021393625,-5.061520061,-1.976911460,0.106112957,1.589688301,1.294411778,0.999858695,0.012371211,0.011381439,0.130363783,0.991410604,0.010501762,1.306887613,-1.934171055,0.115386542,0.000000000,0.000000000,0.000000000,1.000000000,1.294411778,0.106112957,1.589688301,1.589688301,0.814255082
2026-06-03T01:47:32,1773928441.769598007,r1,body,odom,1,structure_anchor_1,plane,wall_like,general_plane,unknown,confirmed,true,true,true,false,20,0,20,20,0.849963751,1.000000000,0.999818755,1.000000000,0.000000000,0.000000000,0.000000000,0.045226702,439,0.140660045,0.000000000,-0.769752851,-5.452960491,0.817303538,0.536006272,-7.707156166,-11.359808465,-1.542537018,5.626095772,0.113533199,3.919582129,0.009106737,0.999950499,0.004008254,-0.988426922,0.151547788,0.006746864,-5.452960491,0.817303538,0.536006272,0.000000000,0.000000000,0.000000000,1.000000000,3.919582129,5.626095772,0.113533199,5.626095772,0.696678885
2026-06-03T01:47:32,1773928441.769598007,r1,body,odom,2,structure_anchor_2,plane,wall_like,general_plane,unknown,confirmed,true,true,true,false,20,0,20,20,0.849963751,1.000000000,0.999818755,1.000000000,0.000000000,0.000000000,0.000000000,0.038677039,318,0.101890420,0.000000000,-0.785436715,1.180924654,0.768673122,0.212884098,-6.714369106,-4.800759800,-1.871870987,3.558825731,0.080731094,1.336668134,0.014454725,0.999894963,-0.001059778,-0.987624109,0.156830639,0.001673800,1.180924654,0.768673122,0.212884098,0.000000000,0.000000000,0.000000000,1.000000000,1.336668134,3.558825731,0.080731094,3.558825731,0.375592466
2026-06-03T01:47:32,1773928441.769598007,r1,body,odom,5,structure_anchor_5,plane,wall_like,general_plane,unknown,confirmed,true,true,true,false,15,0,19,15,0.802501516,1.000000000,0.973033895,0.789473684,0.000000000,0.000000000,0.000000000,0.387047002,217,0.069528997,0.000000000,3.517456441,-3.592052460,5.060246944,0.605029047,-11.641314578,-8.913081434,-1.463564114,0.244907379,2.986765862,3.177481413,0.997862180,0.020638163,-0.062009168,0.121628237,0.990582850,-0.062866694,-3.592052460,5.060246944,0.605029047,0.000000000,0.000000000,0.000000000,1.000000000,3.177481413,0.244907379,2.986765862,2.986765862,1.063853533
2026-06-03T01:47:32,1773928441.769598007,r1,body,odom,8,structure_anchor_8,plane,wall_like,general_plane,unknown,weak_tracked,false,true,true,false,2,0,2,2,0.428000000,0.250000000,0.577500000,1.000000000,0.000000000,0.000000000,0.000000000,0.104636941,82,0.026273630,0.000000000,-1.055412491,1.385819912,-2.971126556,-0.479317456,-2.985537436,-5.131380965,-2.574531051,0.417111993,3.287194729,1.371052980,0.953883800,0.133101258,-0.269053435,0.003455351,0.962977177,-0.269560840,1.385819912,-2.971126556,-0.479317456,0.000000000,0.000000000,0.000000000,1.000000000,1.371052980,0.417111993,3.287194729,3.287194729,0.417089066
2026-06-03T01:47:32,1773928441.769598007,r1,body,odom,3,structure_anchor_3,plane,wall_like,general_plane,unknown,stale,false,false,true,false,7,7,20,7,0.499232414,0.875000000,0.299912071,0.350000000,0.350000000,0.000000000,0.000000000,0.103436855,154,0.049185564,0.000000000,-1.247432644,1.306772038,-1.934251690,0.115383780,-4.021393561,-5.061519974,-1.976911457,0.106112957,1.589688301,1.294411778,0.999859423,0.012311408,0.011384300,0.130363767,0.991410647,0.010501762,1.306772038,-1.934251690,0.115383780,0.000000000,0.000000000,0.000000000,1.000000000,1.294411778,0.106112957,1.589688301,1.589688301,0.814255082
2026-06-03T01:47:32,1773928441.970587969,r1,body,odom,1,structure_anchor_1,plane,wall_like,general_plane,unknown,confirmed,true,true,true,false,21,0,21,21,0.849976438,1.000000000,0.999882190,1.000000000,0.000000000,0.000000000,0.000000000,0.045082778,435,0.139333760,0.000000000,-0.773977760,-5.470488071,0.817376792,0.530764997,-7.709916283,-11.377115833,-1.547887268,5.824851036,0.104638577,3.629393578,0.008393244,0.999953195,0.004812610,-0.988523467,0.150877911,0.007562345,-5.470488071,0.817376792,0.530764997,0.000000000,0.000000000,0.000000000,1.000000000,3.629393578,5.824851036,0.104638577,5.824851036,0.623087793
2026-06-03T01:47:32,1773928441.970587969,r1,body,odom,2,structure_anchor_2,plane,wall_like,general_plane,unknown,confirmed,true,true,true,false,21,0,21,21,0.849976438,1.000000000,0.999882190,1.000000000,0.000000000,0.000000000,0.000000000,0.036908970,281,0.090006406,0.000000000,-0.786365432,1.194893122,0.768101513,0.171899915,-6.711867496,-4.787029230,-1.912818535,3.609741211,0.079433203,1.344901323,0.015134217,0.999884246,0.001565199,-0.987503418,0.157538604,0.004308759,1.194893122,0.768101513,0.171899915,0.000000000,0.000000000,0.000000000,1.000000000,1.344901323,3.609741211,0.079433203,3.609741211,0.372575552
2026-06-03T01:47:32,1773928441.970587969,r1,body,odom,8,structure_anchor_8,plane,wall_like,general_plane,unknown,confirmed,false,true,true,false,3,0,3,3,0.513825000,0.375000000,0.725375000,1.000000000,0.000000000,0.000000000,0.000000000,0.192006836,75,0.024023062,0.000000000,-0.829158554,1.277133942,-2.025532246,0.016079299,-3.935503883,-5.104006193,-2.076414724,0.439505696,2.505970001,1.646342278,0.970011903,0.201173437,-0.136404384,-0.061209753,0.988717894,-0.136712362,1.277133942,-2.025532246,0.016079299,0.000000000,0.000000000,0.000000000,1.000000000,1.646342278,0.439505696,2.505970001,2.505970001,0.656968071
2026-06-03T01:47:32,1773928441.970587969,r1,body,odom,3,structure_anchor_3,plane,wall_like,general_plane,unknown,stale,false,false,true,false,7,8,21,7,0.476399081,0.875000000,0.219912071,0.333333333,0.400000000,0.000000000,0.000000000,0.103436855,154,0.049185564,0.000000000,-1.247432644,1.306851895,-1.934188440,0.115357560,-4.021393654,-5.061520102,-1.976911461,0.106112957,1.589688301,1.294411778,0.999859248,0.012347566,0.011357582,0.130363791,0.991410584,0.010501762,1.306851895,-1.934188440,0.115357560,0.000000000,0.000000000,0.000000000,1.000000000,1.294411778,0.106112957,1.589688301,1.589688301,0.814255082
2026-06-03T01:47:33,1773928442.171587706,r1,body,odom,2,structure_anchor_2,plane,wall_like,general_plane,unknown,confirmed,true,true,true,false,22,0,22,22,0.849984685,1.000000000,0.999923424,1.000000000,0.000000000,0.000000000,0.000000000,0.065035264,250,0.060791251,0.000000000,-0.784972678,1.170622349,0.772417634,0.160422368,-6.719643731,-4.810432183,-1.924313612,3.847150087,0.155840456,0.846857786,0.014752914,0.999523899,-0.027099073,-0.987289665,0.157058806,-0.024325077,1.170622349,0.772417634,0.160422368,0.000000000,0.000000000,0.000000000,1.000000000,0.846857786,3.847150087,0.155840456,3.847150087,0.220126007
2026-06-03T01:47:33,1773928442.171587706,r1,body,odom,1,structure_anchor_1,plane,wall_like,general_plane,unknown,confirmed,true,true,true,false,22,0,22,22,0.849984685,1.000000000,0.999923424,1.000000000,0.000000000,0.000000000,0.000000000,0.055748311,416,0.086844645,0.000000000,-0.760322277,-5.458427671,0.815448549,0.582869417,-7.705896573,-11.365429222,-1.495434018,5.428777218,0.118549585,2.414505005,0.008875442,0.999896593,-0.011316417,-0.988450595,0.151303077,-0.008535851,-5.458427671,0.815448549,0.582869417,0.000000000,0.000000000,0.000000000,1.000000000,2.414505005,5.428777218,0.118549585,5.428777218,0.444760378
2026-06-03T01:47:33,1773928442.171587706,r1,body,odom,5,structure_anchor_5,plane,wall_like,general_plane,unknown,confirmed,true,true,true,false,16,0,21,16,0.788475359,1.000000000,0.930472032,0.761904762,0.000000000,0.000000000,0.000000000,0.421429136,166,0.053393374,0.000000000,3.223278666,-3.597849607,4.902871609,0.373448253,-11.486972933,-8.941345756,-1.695225642,0.242413521,2.622160435,2.615201950,0.997159267,0.074911674,-0.007850901,0.067962913,0.997650867,-0.008591741,-3.597849607,4.902871609,0.373448253,0.000000000,0.000000000,0.000000000,1.000000000,2.615201950,0.242413521,2.622160435,2.622160435,0.997346278
2026-06-03T01:47:33,1773928442.171587706,r1,body,odom,3,structure_anchor_3,plane,wall_like,general_plane,unknown,confirmed,true,true,true,true,8,0,22,8,0.614315842,1.000000000,0.492942846,0.363636364,0.100000000,0.000000000,0.000000000,0.119331043,192,0.061756192,0.000000000,-1.245083774,1.327004671,-2.305433750,0.010520530,-3.651375770,-5.094442795,-2.082948683,0.164242983,3.315546751,1.852907300,0.999322785,0.035193055,0.010743378,0.107638056,0.994140972,0.009889611,1.327004671,-2.305433750,0.010520530,0.000000000,0.000000000,0.000000000,1.000000000,1.852907300,0.164242983,3.315546751,3.315546751,0.558854222
2026-06-03T01:47:33,1773928442.366587877,r1,body,odom,1,structure_anchor_1,plane,wall_like,general_plane,unknown,confirmed,true,true,true,false,23,0,23,23,0.849990045,1.000000000,0.999950225,1.000000000,0.000000000,0.000000000,0.000000000,0.056054088,437,0.139438417,0.000000000,-0.772612694,-5.467065811,0.817410231,0.540136039,-7.709243916,-11.373665798,-1.537905389,5.619070053,0.099369526,3.920168877,0.008605243,0.999954022,0.004231297,-0.988497108,0.151073756,0.007068987,-5.467065811,0.817410231,0.540136039,0.000000000,0.000000000,0.000000000,1.000000000,3.920168877,5.619070053,0.099369526,5.619070053,0.697654388
2026-06-03T01:47:33,1773928442.366587877,r1,body,odom,2,structure_anchor_2,plane,wall_like,general_plane,unknown,confirmed,true,true,true,false,23,0,23,23,0.849990045,1.000000000,0.999950225,1.000000000,0.000000000,0.000000000,0.000000000,0.062303494,313,0.099872368,0.000000000,-0.785194764,1.167470694,0.768646359,0.217932209,-6.716123656,-4.814032677,-1.866818390,3.437180519,0.087738335,1.341636300,0.014616846,0.999891197,-0.001985499,-0.987596314,0.157011427,0.000846086,1.167470694,0.768646359,0.217932209,0.000000000,0.000000000,0.000000000,1.000000000,1.341636300,3.437180519,0.087738335,3.437180519,0.390330474
2026-06-03T01:47:33,1773928442.549587965,r1,body,odom,1,structure_anchor_1,plane,wall_like,general_plane,unknown,confirmed,true,true,true,false,24,0,24,24,0.849993529,1.000000000,0.999967647,1.000000000,0.000000000,0.000000000,0.000000000,0.055521175,422,0.133249132,0.000000000,-0.771036708,-5.447811127,0.817890763,0.509638429,-7.706855982,-11.354626538,-1.568465777,5.625829697,0.097678423,3.921118021,0.009012139,0.999949349,0.004481218,-0.988439497,0.151438815,0.007321982,-5.447811127,0.817890763,0.509638429,0.000000000,0.000000000,0.000000000,1.000000000,3.921118021,5.625829697,0.097678423,5.625829697,0.696984842
2026-06-03T01:47:33,1773928442.549587965,r1,body,odom,2,structure_anchor_2,plane,wall_like,general_plane,unknown,confirmed,true,true,true,false,24,0,24,24,0.849993529,1.000000000,0.999967647,1.000000000,0.000000000,0.000000000,0.000000000,0.060350832,273,0.086201452,0.000000000,-0.785061979,1.188890934,0.768086970,0.223510206,-6.712537794,-4.792936777,-1.861247847,3.472667694,0.076578259,1.340812683,0.014508524,0.999894373,-0.000863106,-0.987617554,0.156868233,0.001972131,1.188890934,0.768086970,0.223510206,0.000000000,0.000000000,0.000000000,1.000000000,1.340812683,3.472667694,0.076578259,3.472667694,0.386104517
2026-06-03T01:47:33,1773928442.768588066,r1,body,odom,2,structure_anchor_2,plane,wall_like,general_plane,unknown,confirmed,true,true,true,false,25,0,25,25,0.849995794,1.000000000,0.999978970,1.000000000,0.000000000,0.000000000,0.000000000,0.061263954,305,0.098228663,0.000000000,-0.785178865,1.182043195,0.767449260,0.198362231,-6.713055550,-4.799883046,-1.886383056,3.610558033,0.081825137,1.313429475,0.014674589,0.999889534,0.002361256,-0.987588670,0.156977909,0.005154017,1.182043195,0.767449260,0.198362231,0.000000000,0.000000000,0.000000000,1.000000000,1.313429475,3.610558033,0.081825137,3.610558033,0.363774647
2026-06-03T01:47:33,1773928442.768588066,r1,body,odom,1,structure_anchor_1,plane,wall_like,general_plane,unknown,confirmed,true,true,true,false,25,0,25,25,0.849995794,1.000000000,0.999978970,1.000000000,0.000000000,0.000000000,0.000000000,0.076028219,424,0.078260870,0.000000000,-0.802966477,-5.446059630,0.815589441,0.518686682,-7.704046549,-11.353345394,-1.559671012,5.896039009,0.169805050,3.631330013,0.004514062,0.999713401,0.023510601,-0.988800255,0.146907227,0.026312362,-5.446059630,0.815589441,0.518686682,0.000000000,0.000000000,0.000000000,1.000000000,3.631330013,5.896039009,0.169805050,5.896039009,0.615893146
2026-06-03T01:47:33,1773928442.768588066,r1,body,odom,5,structure_anchor_5,plane,wall_like,general_plane,unknown,confirmed,true,true,true,false,17,0,24,17,0.761828031,1.000000000,0.850806821,0.708333333,0.000000000,0.000000000,0.000000000,0.451794901,196,0.063123994,0.000000000,3.196636671,-3.590132952,4.687304497,0.390355080,-11.272221239,-8.964825404,-1.678885565,0.275918722,2.613487482,2.695081949,0.996695614,0.080541147,0.010534545,0.062306022,0.998008784,0.009820151,-3.590132952,4.687304497,0.390355080,0.000000000,0.000000000,0.000000000,1.000000000,2.695081949,0.275918722,2.613487482,2.613487482,1.031220531
2026-06-03T01:47:33,1773928442.768588066,r1,body,odom,3,structure_anchor_3,plane,wall_like,general_plane,unknown,confirmed,true,true,true,false,9,0,25,9,0.635282570,1.000000000,0.566412850,0.360000000,0.000000000,0.000000000,0.000000000,0.127401741,197,0.063446055,0.000000000,-1.250903913,1.330122590,-2.319643974,-0.039440036,-3.637061005,-5.093251565,-2.132989247,0.169382215,3.291797876,2.040817976,0.999303742,0.033471729,0.016482582,0.109284013,0.993887621,0.015633581,1.330122590,-2.319643974,-0.039440036,0.000000000,0.000000000,0.000000000,1.000000000,2.040817976,0.169382215,3.291797876,3.291797876,0.619970622
2026-06-03T01:47:33,1773928442.768588066,r1,body,odom,8,structure_anchor_8,plane,wall_like,general_plane,unknown,stale,false,false,true,false,3,4,7,3,0.321539286,0.375000000,0.405375000,0.428571429,0.200000000,0.000000000,0.000000000,0.192006836,75,0.024023062,0.000000000,-0.829158554,1.316632760,-2.355154857,-0.088449047,-3.603977076,-5.111689108,-2.182084992,0.439505696,2.505970001,1.646342278,0.960603230,0.189727210,-0.203088725,-0.051529992,0.977725951,-0.203461650,1.316632760,-2.355154857,-0.088449047,0.000000000,0.000000000,0.000000000,1.000000000,1.646342278,0.439505696,2.505970001,2.505970001,0.656968071
2026-06-03T01:47:33,1773928442.945583105,r1,body,odom,2,structure_anchor_2,plane,wall_like,general_plane,unknown,confirmed,true,true,true,false,26,0,26,26,0.849997266,1.000000000,0.999986331,1.000000000,0.000000000,0.000000000,0.000000000,0.058058857,293,0.076480000,0.000000000,-0.782996594,1.132098808,0.768017608,0.232481949,-6.720622567,-4.849237644,-1.852152364,3.442015648,0.075027585,0.904976964,0.014288243,0.999886554,-0.004772790,-0.987663123,0.156581859,-0.001943983,1.132098808,0.768017608,0.232481949,0.000000000,0.000000000,0.000000000,1.000000000,0.904976964,3.442015648,0.075027585,3.442015648,0.262920642
2026-06-03T01:47:33,1773928442.945583105,r1,body,odom,1,structure_anchor_1,plane,wall_like,general_plane,unknown,confirmed,true,true,true,false,26,0,26,26,0.849997266,1.000000000,0.999986331,1.000000000,0.000000000,0.000000000,0.000000000,0.091112306,404,0.056960000,0.000000000,-0.764028664,-5.457494518,0.815160805,0.484614068,-7.705268654,-11.364780100,-1.593861978,5.498909473,0.136277914,2.213351011,0.008082870,0.999865683,-0.014259663,-0.988554381,0.150432058,-0.011425199,-5.457494518,0.815160805,0.484614068,0.000000000,0.000000000,0.000000000,1.000000000,2.213351011,5.498909473,0.136277914,5.498909473,0.402507265
2026-06-03T01:47:33,1773928442.945583105,r1,body,odom,5,structure_anchor_5,plane,wall_like,general_plane,unknown,confirmed,true,true,true,false,18,0,25,18,0.774604887,1.000000000,0.903024434,0.720000000,0.000000000,0.000000000,0.000000000,0.425624658,179,0.057280000,0.000000000,3.370243117,-3.605403900,5.050525665,0.330778658,-11.634030952,-8.928295182,-1.737352578,0.163318634,2.960445404,2.705269337,0.998948071,0.045851526,-0.000623243,0.096920456,0.995291161,-0.001406342,-3.605403900,5.050525665,0.330778658,0.000000000,0.000000000,0.000000000,1.000000000,2.705269337,0.163318634,2.960445404,2.960445404,0.913804839
2026-06-03T01:47:33,1773928442.945583105,r1,body,odom,8,structure_anchor_8,plane,wall_like,general_plane,unknown,stale,false,false,true,false,3,5,8,3,0.291325000,0.375000000,0.325375000,0.375000000,0.250000000,0.000000000,0.000000000,0.192006836,75,0.024023062,0.000000000,-0.829158554,1.316610277,-2.355154076,-0.088406803,-3.603976992,-5.111689011,-2.182084995,0.439505696,2.505970001,1.646342278,0.960599174,0.189710749,-0.203123397,-0.051530016,0.977725991,-0.203461655,1.316610277,-2.355154076,-0.088406803,0.000000000,0.000000000,0.000000000,1.000000000,1.646342278,0.439505696,2.505970001,2.505970001,0.656968071
2026-06-03T01:47:34,1773928443.146583080,r1,body,odom,1,structure_anchor_1,plane,wall_like,general_plane,unknown,confirmed,true,true,true,false,27,0,27,27,0.849998223,1.000000000,0.999991115,1.000000000,0.000000000,0.000000000,0.000000000,0.084646682,446,0.143778208,0.000000000,-0.772436490,-5.438432693,0.817124009,0.533264041,-7.704318870,-11.345647105,-1.545377857,5.733487129,0.114427328,3.922575474,0.008574483,0.999956346,0.003712793,-0.988523275,0.150928026,0.006516760,-5.438432693,0.817124009,0.533264041,0.000000000,0.000000000,0.000000000,1.000000000,3.922575474,5.733487129,0.114427328,5.733487129,0.684151788
2026-06-03T01:47:34,1773928443.146583080,r1,body,odom,2,structure_anchor_2,plane,wall_like,general_plane,unknown,confirmed,true,true,true,false,27,0,27,27,0.849998223,1.000000000,0.999991115,1.000000000,0.000000000,0.000000000,0.000000000,0.054485248,310,0.099935525,0.000000000,-0.785494508,1.165819168,0.768521428,0.215715498,-6.716403732,-4.815817615,-1.868940180,3.609306574,0.087212205,1.342548609,0.014814832,0.999889764,-0.000990267,-0.987582161,0.157092996,0.001807978,1.165819168,0.768521428,0.215715498,0.000000000,0.000000000,0.000000000,1.000000000,1.342548609,3.609306574,0.087212205,3.609306574,0.371968571
2026-06-03T01:47:34,1773928443.146583080,r1,body,odom,5,structure_anchor_5,plane,wall_like,general_plane,unknown,confirmed,true,true,true,false,19,0,26,19,0.783547023,1.000000000,0.936965882,0.730769231,0.000000000,0.000000000,0.000000000,0.421560346,146,0.047066409,0.000000000,3.532596560,-3.634306192,5.299641132,0.310500801,-11.884770556,-8.921511130,-1.757142335,0.141654015,2.939061165,2.709307194,0.999719786,0.018106247,0.015248392,0.124526362,0.992111666,0.014409376,-3.634306192,5.299641132,0.310500801,0.000000000,0.000000000,0.000000000,1.000000000,2.709307194,0.141654015,2.939061165,2.939061165,0.921827428
2026-06-03T01:47:34,1773928443.146583080,r1,body,odom,8,structure_anchor_8,plane,wall_like,general_plane,unknown,stale,false,false,true,false,3,6,9,3,0.263491667,0.375000000,0.245375000,0.333333333,0.300000000,0.000000000,0.000000000,0.192006836,75,0.024023062,0.000000000,-0.829158554,1.316588304,-2.355180326,-0.088513406,-3.603977088,-5.111689123,-2.182084992,0.439505696,2.505970001,1.646342278,0.960596618,0.189704812,-0.203140898,-0.051529989,0.977725945,-0.203461649,1.316588304,-2.355180326,-0.088513406,0.000000000,0.000000000,0.000000000,1.000000000,1.646342278,0.439505696,2.505970001,2.505970001,0.656968071
2026-06-03T01:47:34,1773928443.365582705,r1,body,odom,1,structure_anchor_1,plane,wall_like,general_plane,unknown,confirmed,true,true,true,false,28,0,28,28,0.849998845,1.000000000,0.999994225,1.000000000,0.000000000,0.000000000,0.000000000,0.079820804,401,0.128980380,0.000000000,-0.768883433,-5.437811852,0.816945910,0.609920442,-7.703533300,-11.345097852,-1.468626509,5.741934776,0.108417690,3.918580055,0.009372170,0.999944406,0.004831833,-0.988402907,0.151662907,0.007630462,-5.437811852,0.816945910,0.609920442,0.000000000,0.000000000,0.000000000,1.000000000,3.918580055,5.741934776,0.108417690,5.741934776,0.682449420
2026-06-03T01:47:34,1773928443.365582705,r1,body,odom,2,structure_anchor_2,plane,wall_like,general_plane,unknown,confirmed,true,true,true,false,28,0,28,28,0.849998845,1.000000000,0.999994225,1.000000000,0.000000000,0.000000000,0.000000000,0.051270643,277,0.089096172,0.000000000,-0.783581186,1.246527076,0.766846597,0.227471277,-6.703275839,-4.736195163,-1.857293459,3.545176983,0.076776266,1.346514583,0.013705960,0.999905324,-0.001220639,-0.987764738,0.155943944,0.001573966,1.246527076,0.766846597,0.227471277,0.000000000,0.000000000,0.000000000,1.000000000,1.346514583,3.545176983,0.076776266,3.545176983,0.379815899
2026-06-03T01:47:34,1773928443.365582705,r1,body,odom,8,structure_anchor_8,plane,wall_like,general_plane,unknown,stale,false,false,true,false,3,7,10,3,0.237325000,0.375000000,0.165375000,0.300000000,0.350000000,0.000000000,0.000000000,0.192006836,75,0.024023062,0.000000000,-0.829158554,1.316463341,-2.355238214,-0.088493321,-3.603976728,-5.111688708,-2.182085002,0.439505696,2.505970001,1.646342278,0.960610934,0.189653721,-0.203121385,-0.051530092,0.977726116,-0.203461669,1.316463341,-2.355238214,-0.088493321,0.000000000,0.000000000,0.000000000,1.000000000,1.646342278,0.439505696,2.505970001,2.505970001,0.656968071
2026-06-03T01:47:34,1773928443.566582918,r1,body,odom,1,structure_anchor_1,plane,wall_like,general_plane,unknown,confirmed,true,true,true,false,29,0,29,29,0.849999249,1.000000000,0.999996246,1.000000000,0.000000000,0.000000000,0.000000000,0.074532168,428,0.136262337,0.000000000,-0.770889367,-5.490294456,0.818869710,0.541465998,-7.712840946,-11.396890595,-1.537031166,5.817414284,0.099010468,3.913431168,0.009191233,0.999946880,0.004664614,-0.988437019,0.151445705,0.007527478,-5.490294456,0.818869710,0.541465998,0.000000000,0.000000000,0.000000000,1.000000000,3.913431168,5.817414284,0.099010468,5.817414284,0.672709726
2026-06-03T01:47:34,1773928443.566582918,r1,body,odom,2,structure_anchor_2,plane,wall_like,general_plane,unknown,confirmed,true,true,true,false,29,0,29,29,0.849999249,1.000000000,0.999996246,1.000000000,0.000000000,0.000000000,0.000000000,0.049587263,289,0.092008914,0.000000000,-0.786789975,1.175075769,0.768370450,0.206160530,-6.715027400,-4.806751082,-1.878467269,3.444766283,0.083738029,1.326700687,0.015651674,0.999877330,0.000591182,-0.987460623,0.157828495,0.003448061,1.175075769,0.768370450,0.206160530,0.000000000,0.000000000,0.000000000,1.000000000,1.326700687,3.444766283,0.083738029,3.444766283,0.385135181
2026-06-03T01:47:34,1773928443.566582918,r1,body,odom,3,structure_anchor_3,plane,wall_like,general_plane,unknown,confirmed,true,true,true,false,10,0,29,10,0.631399188,1.000000000,0.562168353,0.344827586,0.000000000,0.000000000,0.000000000,0.153770350,200,0.040114613,0.000000000,-1.286894336,1.328689454,-2.542260089,-0.241446615,-3.417588347,-5.126196337,-2.335716164,0.114891052,1.783277988,1.430680990,0.998905537,0.011563580,0.045323844,0.130884416,0.990400454,0.044459576,1.328689454,-2.542260089,-0.241446615,0.000000000,0.000000000,0.000000000,1.000000000,1.430680990,0.114891052,1.783277988,1.783277988,0.802275921
2026-06-03T01:47:34,1773928443.566582918,r1,body,odom,8,structure_anchor_8,plane,wall_like,general_plane,unknown,stale,false,false,true,false,3,8,11,3,0.212370455,0.375000000,0.085375000,0.272727273,0.400000000,0.000000000,0.000000000,0.192006836,75,0.024023062,0.000000000,-0.829158554,1.316378797,-2.355264436,-0.088362740,-3.603976650,-5.111688617,-2.182085004,0.439505696,2.505970001,1.646342278,0.960616056,0.189603519,-0.203144129,-0.051530114,0.977726153,-0.203461673,1.316378797,-2.355264436,-0.088362740,0.000000000,0.000000000,0.000000000,1.000000000,1.646342278,0.439505696,2.505970001,2.505970001,0.656968071
2026-06-03T01:47:34,1773928443.746582985,r1,body,odom,2,structure_anchor_2,plane,wall_like,general_plane,unknown,confirmed,true,true,true,false,30,0,30,30,0.849999512,1.000000000,0.999997560,1.000000000,0.000000000,0.000000000,0.000000000,0.049471007,285,0.091170825,0.000000000,-0.786169761,1.084420085,0.769212484,0.158700466,-6.728886495,-4.896368867,-1.925875310,3.609599352,0.073985875,1.225032330,0.015362490,0.999878955,0.002463718,-0.987497867,0.157542567,0.005333502,1.084420085,0.769212484,0.158700466,0.000000000,0.000000000,0.000000000,1.000000000,1.225032330,3.609599352,0.073985875,3.609599352,0.339381801
2026-06-03T01:47:34,1773928443.746582985,r1,body,odom,1,structure_anchor_1,plane,wall_like,general_plane,unknown,confirmed,true,true,true,false,30,0,30,30,0.849999512,1.000000000,0.999997560,1.000000000,0.000000000,0.000000000,0.000000000,0.104996969,268,0.085732566,0.000000000,-0.785442668,-5.299759388,0.806657135,0.900210857,-7.672523683,-11.209817782,-1.178275917,6.297317505,0.144113541,3.351743460,-0.000951490,0.999584863,-0.028795766,-0.989622495,0.141336696,-0.025911394,-5.299759388,0.806657135,0.900210857,0.000000000,0.000000000,0.000000000,1.000000000,3.351743460,6.297317505,0.144113541,6.297317505,0.532249399
2026-06-03T01:47:34,1773928443.746582985,r1,body,odom,3,structure_anchor_3,plane,wall_like,general_plane,unknown,confirmed,true,true,true,false,11,0,30,11,0.666415219,1.000000000,0.715409429,0.366666667,0.000000000,0.000000000,0.000000000,0.147572898,235,0.051183621,0.000000000,-1.286325468,1.327277235,-2.404037531,-0.209548926,-3.554495629,-5.107895473,-2.303504042,0.109178066,1.821369648,1.444636822,0.999557346,0.014526819,0.025966359,0.127986111,0.991459179,0.025071178,1.327277235,-2.404037531,-0.209548926,0.000000000,0.000000000,0.000000000,1.000000000,1.444636822,0.109178066,1.821369648,1.821369648,0.793159600
2026-06-03T01:47:34,1773928443.746582985,r1,body,odom,8,structure_anchor_8,plane,wall_like,general_plane,unknown,stale,false,false,true,false,3,9,12,3,0.188325000,0.375000000,0.005375000,0.250000000,0.450000000,0.000000000,0.000000000,0.192006836,75,0.024023062,0.000000000,-0.829158554,1.316365097,-2.355250251,-0.088280285,-3.603976781,-5.111688768,-2.182085001,0.439505696,2.505970001,1.646342278,0.960624153,0.189599900,-0.203109040,-0.051530077,0.977726091,-0.203461666,1.316365097,-2.355250251,-0.088280285,0.000000000,0.000000000,0.000000000,1.000000000,1.646342278,0.439505696,2.505970001,2.505970001,0.656968071
2026-06-03T01:47:34,1773928443.965577841,r1,body,odom,1,structure_anchor_1,plane,wall_like,general_plane,unknown,confirmed,true,true,true,false,31,0,31,31,0.849999683,1.000000000,0.999998414,1.000000000,0.000000000,0.000000000,0.000000000,0.103702172,441,0.141983258,0.000000000,-0.768510390,-5.435126781,0.817156196,0.532075405,-7.703136352,-11.342552047,-1.546304708,5.630485535,0.095620275,3.921168327,0.009345602,0.999947848,0.004118483,-0.988421373,0.151572442,0.007005094,-5.435126781,0.817156196,0.532075405,0.000000000,0.000000000,0.000000000,1.000000000,3.921168327,5.630485535,0.095620275,5.630485535,0.696417441
2026-06-03T01:47:34,1773928443.965577841,r1,body,odom,2,structure_anchor_2,plane,wall_like,general_plane,unknown,confirmed,true,true,true,false,31,0,31,31,0.849999683,1.000000000,0.999998414,1.000000000,0.000000000,0.000000000,0.000000000,0.046060326,309,0.099484868,0.000000000,-0.785773045,1.156383157,0.768511295,0.210886434,-6.717811753,-4.825232292,-1.873740732,3.478599548,0.081677079,1.342406511,0.014927845,0.999888492,0.000403707,-0.987579264,0.157087531,0.003284991,1.156383157,0.768511295,0.210886434,0.000000000,0.000000000,0.000000000,1.000000000,1.342406511,3.478599548,0.081677079,3.478599548,0.385904296
2026-06-03T01:47:34,1773928443.965577841,r1,body,odom,5,structure_anchor_5,plane,wall_like,general_plane,unknown,confirmed,true,true,true,false,20,0,30,20,0.743938898,1.000000000,0.803027823,0.666666667,0.000000000,0.000000000,0.000000000,0.415169266,245,0.078879588,0.000000000,3.275615242,-3.589092493,4.762498379,0.462510765,-11.345768358,-8.953816334,-1.606156055,0.223166466,2.699237347,2.787735939,0.997829152,0.065131777,-0.009738378,0.077518605,0.996935926,-0.010474336,-3.589092493,4.762498379,0.462510765,0.000000000,0.000000000,0.000000000,1.000000000,2.787735939,0.223166466,2.699237347,2.699237347,1.032786517
2026-06-03T01:47:34,1773928443.965577841,r1,body,odom,8,structure_anchor_8,plane,wall_like,general_plane,unknown,weak_tracked,false,true,true,true,4,0,13,4,0.346737212,0.500000000,0.353493750,0.307692308,0.150000000,0.000000000,0.000000000,0.269359626,103,0.033161623,0.000000000,-1.000408871,1.376687050,-2.810647726,-0.384389937,-3.145534586,-5.116883973,-2.479581729,0.511914730,3.259346485,1.469122410,0.950093852,0.147058455,-0.275128122,-0.011163221,0.961212958,-0.275581408,1.376687050,-2.810647726,-0.384389937,0.000000000,0.000000000,0.000000000,1.000000000,1.469122410,0.511914730,3.259346485,3.259346485,0.450741404
2026-06-03T01:47:35,1773928444.166578054,r1,body,odom,2,structure_anchor_2,plane,wall_like,general_plane,unknown,confirmed,true,true,true,false,32,0,32,32,0.849999794,1.000000000,0.999998969,1.000000000,0.000000000,0.000000000,0.000000000,0.050462955,241,0.077616747,0.000000000,-0.787724930,0.948469281,0.771894455,0.090108611,-6.751140858,-5.030645706,-1.994326766,3.611059427,0.077778995,0.887017369,0.016136458,0.999844107,0.007167730,-0.987348992,0.158245407,0.010023130,0.948469281,0.771894455,0.090108611,0.000000000,0.000000000,0.000000000,1.000000000,0.887017369,3.611059427,0.077778995,3.611059427,0.245639095
2026-06-03T01:47:35,1773928444.166578054,r1,body,odom,1,structure_anchor_1,plane,wall_like,general_plane,unknown,confirmed,true,true,true,false,32,0,32,32,0.849999794,1.000000000,0.999998969,1.000000000,0.000000000,0.000000000,0.000000000,0.125548398,398,0.076006441,0.000000000,-0.815056099,-5.397286693,0.815189654,0.444654106,-7.695877152,-11.305494085,-1.633839261,5.666637421,0.180561066,2.439867496,-0.002370638,0.999595749,-0.028334441,-0.989842042,0.139873563,-0.025462621,-5.397286693,0.815189654,0.444654106,0.000000000,0.000000000,0.000000000,1.000000000,2.439867496,5.666637421,0.180561066,5.666637421,0.430567075
2026-06-03T01:47:35,1773928444.166578054,r1,body,odom,3,structure_anchor_3,plane,wall_like,general_plane,unknown,confirmed,true,true,true,false,12,0,32,12,0.677603226,1.000000000,0.763016129,0.375000000,0.000000000,0.000000000,0.000000000,0.184237522,199,0.064090177,0.000000000,-1.326657790,1.305352449,-1.887043118,0.157435387,-4.068288657,-5.055705194,-1.934960526,0.100111723,1.556552052,1.666273355,0.999836719,-0.012492573,-0.013056430,0.154593037,0.987878961,-0.014009126,1.305352449,-1.887043118,0.157435387,0.000000000,0.000000000,0.000000000,1.000000000,1.666273355,0.100111723,1.556552052,1.556552052,1.070489967
2026-06-03T01:47:35,1773928444.166578054,r1,body,odom,5,structure_anchor_5,plane,wall_like,general_plane,unknown,confirmed,true,true,true,false,21,0,31,21,0.759877488,1.000000000,0.871968085,0.677419355,0.000000000,0.000000000,0.000000000,0.438044047,217,0.069887279,0.000000000,3.520652851,-3.586623907,5.070769310,0.600376308,-11.650036376,-8.907643753,-1.467561824,0.214119911,2.953440428,3.130533218,0.998100235,0.018619944,-0.058730048,0.123414402,0.990564398,-0.059591631,-3.586623907,5.070769310,0.600376308,0.000000000,0.000000000,0.000000000,1.000000000,3.130533218,0.214119911,2.953440428,2.953440428,1.059961525
2026-06-03T01:47:35,1773928444.346577883,r1,body,odom,1,structure_anchor_1,plane,wall_like,general_plane,unknown,confirmed,true,true,true,false,33,0,33,33,0.849999866,1.000000000,0.999999330,1.000000000,0.000000000,0.000000000,0.000000000,0.126241554,436,0.139967897,0.000000000,-0.771382953,-5.465242386,0.817514002,0.528937042,-7.707618767,-11.372348804,-1.549386491,5.744969368,0.091028810,3.923096180,0.008802577,0.999954002,0.003809102,-0.988510287,0.151006241,0.006686842,-5.465242386,0.817514002,0.528937042,0.000000000,0.000000000,0.000000000,1.000000000,3.923096180,5.744969368,0.091028810,5.744969368,0.682875039
2026-06-03T01:47:35,1773928444.346577883,r1,body,odom,2,structure_anchor_2,plane,wall_like,general_plane,unknown,confirmed,true,true,true,false,33,0,33,33,0.849999866,1.000000000,0.999999330,1.000000000,0.000000000,0.000000000,0.000000000,0.047403005,311,0.099839486,0.000000000,-0.785623787,1.164394855,0.768588424,0.218493059,-6.716750441,-4.817296822,-1.866152679,3.453519583,0.085467219,1.336313963,0.014843687,0.999889546,-0.000749023,-0.987600490,0.156974368,0.002122918,1.164394855,0.768588424,0.218493059,0.000000000,0.000000000,0.000000000,1.000000000,1.336313963,3.453519583,0.085467219,3.453519583,0.386942634
2026-06-03T01:47:35,1773928444.346577883,r1,body,odom,5,structure_anchor_5,plane,wall_like,general_plane,unknown,confirmed,true,true,true,false,22,0,32,22,0.770855851,1.000000000,0.916779255,0.687500000,0.000000000,0.000000000,0.000000000,0.428793747,187,0.060032103,0.000000000,3.271809942,-3.578058004,4.737296581,0.265720367,-11.319745717,-8.946726993,-1.803048956,0.238502502,2.856493950,2.779717445,0.997978310,0.063382211,-0.004689110,0.079257039,0.996839480,-0.005436820,-3.578058004,4.737296581,0.265720367,0.000000000,0.000000000,0.000000000,1.000000000,2.779717445,0.238502502,2.856493950,2.856493950,0.973122119
2026-06-03T01:47:35,1773928444.346577883,r1,body,odom,3,structure_anchor_3,plane,wall_like,general_plane,unknown,confirmed,true,true,true,false,13,0,33,13,0.697979976,1.000000000,0.845960484,0.393939394,0.000000000,0.000000000,0.000000000,0.191150153,228,0.073194222,0.000000000,-1.250490237,1.333905101,-2.406651020,-0.116887085,-3.550717670,-5.101513070,-2.210853412,0.179819822,3.792207956,2.088631868,0.999310202,0.033499333,0.016028577,0.109087158,0.993916165,0.015193285,1.333905101,-2.406651020,-0.116887085,0.000000000,0.000000000,0.000000000,1.000000000,2.088631868,0.179819822,3.792207956,3.792207956,0.550769339
2026-06-03T01:47:35,1773928444.346577883,r1,body,odom,8,structure_anchor_8,plane,wall_like,general_plane,unknown,stale,false,false,true,false,4,2,15,4,0.299532083,0.500000000,0.193493750,0.266666667,0.250000000,0.000000000,0.000000000,0.269359626,103,0.033161623,0.000000000,-1.000408871,1.331320145,-2.469142478,-0.162315136,-3.489366022,-5.112987396,-2.256459200,0.511914730,3.259346485,1.469122410,0.959072120,0.181146792,-0.217638981,-0.043481454,0.974977741,-0.218009550,1.331320145,-2.469142478,-0.162315136,0.000000000,0.000000000,0.000000000,1.000000000,1.469122410,0.511914730,3.259346485,3.259346485,0.450741404
2026-06-03T01:47:35,1773928444.568578005,r1,body,odom,1,structure_anchor_1,plane,wall_like,general_plane,unknown,confirmed,true,true,true,false,34,0,34,34,0.849999913,1.000000000,0.999999564,1.000000000,0.000000000,0.000000000,0.000000000,0.125311021,440,0.140261396,0.000000000,-0.771109177,-5.424571514,0.817617893,0.524882793,-7.701866536,-11.332106082,-1.553440561,5.758031845,0.105684042,3.925846577,0.009026403,0.999947934,0.004759582,-0.988471860,0.151212990,0.007622997,-5.424571514,0.817617893,0.524882793,0.000000000,0.000000000,0.000000000,1.000000000,3.925846577,5.758031845,0.105684042,5.758031845,0.681803554
2026-06-03T01:47:35,1773928444.568578005,r1,body,odom,2,structure_anchor_2,plane,wall_like,general_plane,unknown,confirmed,true,true,true,false,34,0,34,34,0.849999913,1.000000000,0.999999564,1.000000000,0.000000000,0.000000000,0.000000000,0.044817950,315,0.100414409,0.000000000,-0.785278242,1.171186805,0.768719792,0.217126638,-6.715929963,-4.810572298,-1.867547278,3.488522530,0.079019248,1.347347498,0.014408169,0.999895606,-0.001086732,-0.987671744,0.156529495,0.001771491,1.171186805,0.768719792,0.217126638,0.000000000,0.000000000,0.000000000,1.000000000,1.347347498,3.488522530,0.079019248,3.488522530,0.386222960
2026-06-03T01:47:35,1773928444.568578005,r1,body,odom,5,structure_anchor_5,plane,wall_like,general_plane,unknown,confirmed,true,true,true,false,23,0,33,23,0.778575243,1.000000000,0.945906516,0.696969697,0.000000000,0.000000000,0.000000000,0.438584025,213,0.067899267,0.000000000,3.478289007,-3.580846548,5.026630402,0.622175097,-11.605422093,-8.908216107,-1.445796372,0.212285995,2.958639145,3.125362396,0.997970694,0.026143676,-0.058060328,0.115942033,0.991506635,-0.058924811,-3.580846548,5.026630402,0.622175097,0.000000000,0.000000000,0.000000000,1.000000000,3.125362396,0.212285995,2.958639145,2.958639145,1.056351330
2026-06-03T01:47:35,1773928444.568578005,r1,body,odom,3,structure_anchor_3,plane,wall_like,general_plane,unknown,confirmed,true,true,true,false,14,0,34,14,0.712327804,1.000000000,0.899874314,0.411764706,0.000000000,0.000000000,0.000000000,0.193672454,240,0.076506216,0.000000000,-1.248073206,1.332703948,-2.388350725,-0.049402896,-3.568805148,-5.100036516,-2.143295083,0.206749439,3.269110203,2.015421391,0.999271753,0.034700169,0.015870151,0.107877828,0.994050607,0.015028681,1.332703948,-2.388350725,-0.049402896,0.000000000,0.000000000,0.000000000,1.000000000,2.015421391,0.206749439,3.269110203,3.269110203,0.616504573
2026-06-03T01:47:35,1773928444.568578005,r1,body,odom,8,structure_anchor_8,plane,wall_like,general_plane,unknown,stale,false,false,true,false,4,3,16,4,0.276698750,0.500000000,0.113493750,0.250000000,0.300000000,0.000000000,0.000000000,0.269359626,103,0.033161623,0.000000000,-1.000408871,1.331293836,-2.469148839,-0.162336789,-3.489366230,-5.112987630,-2.256459191,0.511914730,3.259346485,1.469122410,0.959076740,0.181135754,-0.217627563,-0.043481398,0.974977647,-0.218009538,1.331293836,-2.469148839,-0.162336789,0.000000000,0.000000000,0.000000000,1.000000000,1.469122410,0.511914730,3.259346485,3.259346485,0.450741404
2026-06-03T01:47:35,1773928444.766577959,r1,body,odom,1,structure_anchor_1,plane,wall_like,general_plane,unknown,confirmed,true,true,true,false,35,0,35,35,0.849999943,1.000000000,0.999999717,1.000000000,0.000000000,0.000000000,0.000000000,0.122075270,438,0.140745501,0.000000000,-0.770709490,-5.468895435,0.818184078,0.539137661,-7.708465241,-11.375929199,-1.538999061,5.746912003,0.095564365,3.923429966,0.009129713,0.999947591,0.004632842,-0.988461807,0.151282560,0.007545828,-5.468895435,0.818184078,0.539137661,0.000000000,0.000000000,0.000000000,1.000000000,3.923429966,5.746912003,0.095564365,5.746912003,0.682702287
2026-06-03T01:47:35,1773928444.766577959,r1,body,odom,2,structure_anchor_2,plane,wall_like,general_plane,unknown,confirmed,true,true,true,false,35,0,35,35,0.849999943,1.000000000,0.999999717,1.000000000,0.000000000,0.000000000,0.000000000,0.040801036,314,0.100899743,0.000000000,-0.785908462,1.162695289,0.768558681,0.211130351,-6.717004825,-4.819012727,-1.873519466,3.444925308,0.083060265,1.344515085,0.014895278,0.999888907,0.000551754,-0.987595939,0.156978961,0.003459050,1.162695289,0.768558681,0.211130351,0.000000000,0.000000000,0.000000000,1.000000000,1.344515085,3.444925308,0.083060265,3.444925308,0.390288603
2026-06-03T01:47:35,1773928444.766577959,r1,body,odom,5,structure_anchor_5,plane,wall_like,general_plane,unknown,confirmed,true,true,true,false,24,0,34,24,0.784144318,1.000000000,0.964839235,0.705882353,0.000000000,0.000000000,0.000000000,0.427826176,171,0.054948586,0.000000000,3.279133774,-3.600240707,4.765658379,0.350008219,-11.350539170,-8.964847972,-1.718388209,0.197185278,2.686266899,2.638503551,0.997560912,0.066979592,-0.019645890,0.075543801,0.996933666,-0.020408245,-3.600240707,4.765658379,0.350008219,0.000000000,0.000000000,0.000000000,1.000000000,2.638503551,0.197185278,2.686266899,2.686266899,0.982219433
2026-06-03T01:47:35,1773928444.766577959,r1,body,odom,8,structure_anchor_8,plane,wall_like,general_plane,unknown,stale,false,false,true,false,4,4,17,4,0.254257574,0.500000000,0.033493750,0.235294118,0.350000000,0.000000000,0.000000000,0.269359626,103,0.033161623,0.000000000,-1.000408871,1.331204268,-2.469179955,-0.162188843,-3.489366227,-5.112987627,-2.256459191,0.511914730,3.259346485,1.469122410,0.959086826,0.181093232,-0.217618506,-0.043481399,0.974977649,-0.218009538,1.331204268,-2.469179955,-0.162188843,0.000000000,0.000000000,0.000000000,1.000000000,1.469122410,0.511914730,3.259346485,3.259346485,0.450741404
2026-06-03T01:47:35,1773928444.967572927,r1,body,odom,2,structure_anchor_2,plane,wall_like,general_plane,unknown,confirmed,true,true,true,false,36,0,36,36,0.849999963,1.000000000,0.999999816,1.000000000,0.000000000,0.000000000,0.000000000,0.044050628,308,0.097437520,0.000000000,-0.793502403,1.159837604,0.770805776,0.212655455,-6.719571245,-4.821477551,-1.872010571,3.597417116,0.141183615,1.344746828,0.020322989,0.999787873,-0.003344521,-0.986731063,0.162362483,-0.000427866,1.159837604,0.770805776,0.212655455,0.000000000,0.000000000,0.000000000,1.000000000,1.344746828,3.597417116,0.141183615,3.597417116,0.373808981
2026-06-03T01:47:35,1773928444.967572927,r1,body,odom,1,structure_anchor_1,plane,wall_like,general_plane,unknown,confirmed,true,true,true,false,36,0,36,36,0.849999963,1.000000000,0.999999816,1.000000000,0.000000000,0.000000000,0.000000000,0.117073613,437,0.138247390,0.000000000,-0.770041100,-5.463250637,0.817531884,0.530353487,-7.707159598,-11.370358665,-1.547609011,5.741081238,0.092022896,3.922116280,0.009112450,0.999948791,0.004402124,-0.988461717,0.151293257,0.007330332,-5.463250637,0.817531884,0.530353487,0.000000000,0.000000000,0.000000000,1.000000000,3.922116280,5.741081238,0.092022896,5.741081238,0.683166832
2026-06-03T01:47:35,1773928444.967572927,r1,body,odom,3,structure_anchor_3,plane,wall_like,general_plane,unknown,confirmed,true,true,true,false,15,0,36,15,0.709916994,1.000000000,0.882918304,0.416666667,0.000000000,0.000000000,0.000000000,0.191640123,287,0.090794053,0.000000000,-1.245492763,1.324929476,-2.240614414,-0.040829379,-3.716084535,-5.086667908,-2.134503693,0.179411769,3.754956484,2.044019699,0.999294491,0.034777534,0.014178969,0.107795247,0.994084255,0.013290105,1.324929476,-2.240614414,-0.040829379,0.000000000,0.000000000,0.000000000,1.000000000,2.044019699,0.179411769,3.754956484,3.754956484,0.544352433
2026-06-03T01:47:35,1773928444.967572927,r1,body,odom,5,structure_anchor_5,plane,wall_like,general_plane,unknown,confirmed,true,true,true,false,25,0,35,25,0.788286243,1.000000000,0.977145503,0.714285714,0.000000000,0.000000000,0.000000000,0.422855560,208,0.065801961,0.000000000,3.230046921,-3.589214563,4.656297684,0.465887666,-11.240421840,-8.969251286,-1.602656862,0.211306572,2.608906031,2.724215508,0.996952990,0.076374470,-0.015864335,0.066196943,0.997667983,-0.016628546,-3.589214563,4.656297684,0.465887666,0.000000000,0.000000000,0.000000000,1.000000000,2.724215508,0.211306572,2.608906031,2.608906031,1.044198402
2026-06-03T01:47:35,1773928444.967572927,r1,body,odom,8,structure_anchor_8,plane,wall_like,general_plane,unknown,stale,false,false,true,false,4,5,18,4,0.241444444,0.500000000,0.000000000,0.222222222,0.400000000,0.000000000,0.000000000,0.269359626,103,0.033161623,0.000000000,-1.000408871,1.331254603,-2.469127941,-0.162107933,-3.489366567,-5.112988007,-2.256459176,0.511914730,3.259346485,1.469122410,0.959088461,0.181116551,-0.217591497,-0.043481309,0.974977496,-0.218009519,1.331254603,-2.469127941,-0.162107933,0.000000000,0.000000000,0.000000000,1.000000000,1.469122410,0.511914730,3.259346485,3.259346485,0.450741404
2026-06-03T01:47:36,1773928445.147572994,r1,body,odom,1,structure_anchor_1,plane,wall_like,general_plane,unknown,confirmed,true,true,true,false,37,0,37,37,0.849999976,1.000000000,0.999999880,1.000000000,0.000000000,0.000000000,0.000000000,0.108609326,421,0.134849455,0.000000000,-0.778334833,-5.470438004,0.816007435,0.594303489,-7.706480286,-11.377664708,-1.483658824,5.628224373,0.086544037,3.920740604,0.007144995,0.999971551,0.002417727,-0.988769120,0.149353960,0.005377785,-5.470438004,0.816007435,0.594303489,0.000000000,0.000000000,0.000000000,1.000000000,3.920740604,5.628224373,0.086544037,5.628224373,0.696621233
2026-06-03T01:47:36,1773928445.147572994,r1,body,odom,2,structure_anchor_2,plane,wall_like,general_plane,unknown,confirmed,true,true,true,false,37,0,37,37,0.849999976,1.000000000,0.999999880,1.000000000,0.000000000,0.000000000,0.000000000,0.041619451,315,0.100896861,0.000000000,-0.786093083,1.161972523,0.768972933,0.211521789,-6.717429788,-4.819639787,-1.873129275,3.609899044,0.081367314,1.346797466,0.014707727,0.999891692,0.000536408,-0.987619822,0.156827338,0.003488769,1.161972523,0.768972933,0.211521789,0.000000000,0.000000000,0.000000000,1.000000000,1.346797466,3.609899044,0.081367314,3.609899044,0.373084524
2026-06-03T01:47:36,1773928445.147572994,r1,body,odom,5,structure_anchor_5,plane,wall_like,general_plane,unknown,confirmed,true,true,true,false,26,0,36,26,0.791473360,1.000000000,0.985144577,0.722222222,0.000000000,0.000000000,0.000000000,0.404655029,213,0.068225496,0.000000000,3.321143232,-3.578577757,4.843886852,0.454762340,-11.424612968,-8.932026221,-1.613116373,0.191017151,3.030941010,2.776090622,0.998638207,0.052169297,-0.000309898,0.090449027,0.995900381,-0.001141488,-3.578577757,4.843886852,0.454762340,0.000000000,0.000000000,0.000000000,1.000000000,2.776090622,0.191017151,3.030941010,3.030941010,0.915917074
2026-06-03T01:47:36,1773928445.147572994,r1,body,odom,8,structure_anchor_8,plane,wall_like,general_plane,unknown,stale,false,false,true,false,4,6,19,4,0.235605263,0.500000000,0.000000000,0.210526316,0.450000000,0.000000000,0.000000000,0.269359626,103,0.033161623,0.000000000,-1.000408871,1.331282802,-2.469109396,-0.162034621,-3.489366683,-5.112988137,-2.256459170,0.511914730,3.259346485,1.469122410,0.959086477,0.181115882,-0.217600663,-0.043481278,0.974977443,-0.218009513,1.331282802,-2.469109396,-0.162034621,0.000000000,0.000000000,0.000000000,1.000000000,1.469122410,0.511914730,3.259346485,3.259346485,0.450741404
2026-06-03T01:47:36,1773928445.348572969,r1,body,odom,1,structure_anchor_1,plane,wall_like,general_plane,unknown,confirmed,true,true,true,false,38,0,38,38,0.849999984,1.000000000,0.999999922,1.000000000,0.000000000,0.000000000,0.000000000,0.103199784,389,0.124400384,0.000000000,-0.770150609,-5.538200855,0.818434536,0.578444064,-7.718369426,-11.444518513,-1.499770182,5.742071152,0.093908668,3.921433926,0.009190036,0.999947232,0.004590804,-0.988452673,0.151341123,0.007558217,-5.538200855,0.818434536,0.578444064,0.000000000,0.000000000,0.000000000,1.000000000,3.921433926,5.742071152,0.093908668,5.742071152,0.682930222
2026-06-03T01:47:36,1773928445.348572969,r1,body,odom,2,structure_anchor_2,plane,wall_like,general_plane,unknown,confirmed,true,true,true,false,38,0,38,38,0.849999984,1.000000000,0.999999922,1.000000000,0.000000000,0.000000000,0.000000000,0.039062149,264,0.084425967,0.000000000,-0.785256669,1.184844613,0.767969966,0.197476715,-6.713253497,-4.797208727,-1.887114274,3.478993893,0.081731379,1.336600304,0.014602081,0.999893326,0.000341449,-0.987642542,0.156688366,0.003303709,1.184844613,0.767969966,0.197476715,0.000000000,0.000000000,0.000000000,1.000000000,1.336600304,3.478993893,0.081731379,3.478993893,0.384191621
2026-06-03T01:47:36,1773928445.348572969,r1,body,odom,5,structure_anchor_5,plane,wall_like,general_plane,unknown,confirmed,true,true,true,false,27,0,37,27,0.794014741,1.000000000,0.990343975,0.729729730,0.000000000,0.000000000,0.000000000,0.430712051,148,0.047329709,0.000000000,3.551016264,-3.525323391,4.410968781,0.785089135,-10.987391267,-8.940971482,-1.284299133,0.063019514,2.852935076,3.188875198,0.999981961,-0.005354954,-0.002720619,0.147537160,0.989049705,-0.003662953,-3.525323391,4.410968781,0.785089135,0.000000000,0.000000000,0.000000000,1.000000000,3.188875198,0.063019514,2.852935076,2.852935076,1.117752460
2026-06-03T01:47:36,1773928445.348572969,r1,body,odom,8,structure_anchor_8,plane,wall_like,general_plane,unknown,stale,false,false,true,false,4,7,20,4,0.230000000,0.500000000,0.000000000,0.200000000,0.500000000,0.000000000,0.000000000,0.269359626,103,0.033161623,0.000000000,-1.000408871,1.331209040,-2.469136993,-0.162100363,-3.489366567,-5.112988007,-2.256459176,0.511914730,3.259346485,1.469122410,0.959079508,0.181080471,-0.217660975,-0.043481309,0.974977496,-0.218009519,1.331209040,-2.469136993,-0.162100363,0.000000000,0.000000000,0.000000000,1.000000000,1.469122410,0.511914730,3.259346485,3.259346485,0.450741404
2026-06-03T01:47:36,1773928445.546572685,r1,body,odom,1,structure_anchor_1,plane,wall_like,general_plane,unknown,confirmed,true,true,true,false,39,0,39,39,0.849999990,1.000000000,0.999999949,1.000000000,0.000000000,0.000000000,0.000000000,0.096676890,346,0.110932991,0.000000000,-0.770809570,-5.454872608,0.817199767,0.652181506,-7.704764190,-11.362175747,-1.425641136,5.682327747,0.095137596,3.922552347,0.008993211,0.999950948,0.004150238,-0.988493426,0.151095424,0.007126353,-5.454872608,0.817199767,0.652181506,0.000000000,0.000000000,0.000000000,1.000000000,3.922552347,5.682327747,0.095137596,5.682327747,0.690307304
2026-06-03T01:47:36,1773928445.546572685,r1,body,odom,2,structure_anchor_2,plane,wall_like,general_plane,unknown,confirmed,true,true,true,false,39,0,39,39,0.849999990,1.000000000,0.999999949,1.000000000,0.000000000,0.000000000,0.000000000,0.037656211,239,0.076627124,0.000000000,-0.787125279,1.242623091,0.768597603,0.173158959,-6.705785177,-4.739927907,-1.911585385,3.560649633,0.084399223,1.345438123,0.015308802,0.999880102,-0.002328735,-0.987545328,0.157333022,0.000640809,1.242623091,0.768597603,0.173158959,0.000000000,0.000000000,0.000000000,1.000000000,1.345438123,3.560649633,0.084399223,3.560649633,0.377863104
2026-06-03T01:47:36,1773928445.546572685,r1,body,odom,3,structure_anchor_3,plane,wall_like,general_plane,unknown,confirmed,true,true,true,false,16,0,39,16,0.696030662,1.000000000,0.819896898,0.410256410,0.000000000,0.000000000,0.000000000,0.185836872,163,0.052260340,0.000000000,-1.248417576,1.319970965,-2.187007904,0.109204143,-3.769427084,-5.083684699,-1.984441791,0.165587425,3.300073624,1.918590903,0.999422362,0.032810932,0.008853539,0.109663687,0.993936969,0.007939866,1.319970965,-2.187007904,0.109204143,0.000000000,0.000000000,0.000000000,1.000000000,1.918590903,0.165587425,3.300073624,3.300073624,0.581378212
2026-06-03T01:47:36,1773928445.546572685,r1,body,odom,5,structure_anchor_5,plane,wall_like,general_plane,unknown,confirmed,true,true,true,false,28,0,38,28,0.796113138,1.000000000,0.993723584,0.736842105,0.000000000,0.000000000,0.000000000,0.458437161,159,0.050977878,0.000000000,3.518946418,-3.578083992,5.088084698,0.970025957,-11.664373395,-8.896963527,-1.096947654,0.212377548,2.963235855,3.114557266,0.996992850,0.023581301,-0.073818562,0.118197820,0.990171977,-0.074756919,-3.578083992,5.088084698,0.970025957,0.000000000,0.000000000,0.000000000,1.000000000,3.114557266,0.212377548,2.963235855,2.963235855,1.051066273
2026-06-03T01:47:36,1773928445.546572685,r1,body,odom,8,structure_anchor_8,plane,wall_like,general_plane,unknown,stale,false,false,true,false,4,8,21,4,0.224595238,0.500000000,0.000000000,0.190476190,0.550000000,0.000000000,0.000000000,0.269359626,103,0.033161623,0.000000000,-1.000408871,1.331063941,-2.469200055,-0.161960900,-3.489366760,-5.112988223,-2.256459167,0.511914730,3.259346485,1.469122410,0.959107602,0.181028409,-0.217580252,-0.043481258,0.974977409,-0.218009509,1.331063941,-2.469200055,-0.161960900,0.000000000,0.000000000,0.000000000,1.000000000,1.469122410,0.511914730,3.259346485,3.259346485,0.450741404
2026-06-03T01:47:36,1773928445.747572899,r1,body,odom,1,structure_anchor_1,plane,wall_like,general_plane,unknown,confirmed,true,true,true,false,40,0,40,40,0.849999993,1.000000000,0.999999967,1.000000000,0.000000000,0.000000000,0.000000000,0.089888957,418,0.132909380,0.000000000,-0.773349153,-5.565627575,0.819295585,0.541333675,-7.722879323,-11.471636673,-1.536695775,5.676950932,0.092907727,3.924829483,0.008645224,0.999954317,0.004077135,-0.988546819,0.150747744,0.007087347,-5.565627575,0.819295585,0.541333675,0.000000000,0.000000000,0.000000000,1.000000000,3.924829483,5.676950932,0.092907727,5.676950932,0.691362235
2026-06-03T01:47:36,1773928445.747572899,r1,body,odom,2,structure_anchor_2,plane,wall_like,general_plane,unknown,confirmed,true,true,true,false,40,0,40,40,0.849999993,1.000000000,0.999999967,1.000000000,0.000000000,0.000000000,0.000000000,0.036861819,279,0.088712242,0.000000000,-0.787520027,1.215011716,0.768347383,0.178293526,-6.709426293,-4.767327716,-1.906309120,3.453751564,0.079315901,1.341229558,0.016325696,0.999861844,-0.003124707,-0.987385668,0.158333362,-0.000122012,1.215011716,0.768347383,0.178293526,0.000000000,0.000000000,0.000000000,1.000000000,1.341229558,3.453751564,0.079315901,3.453751564,0.388339906
2026-06-03T01:47:36,1773928445.747572899,r1,body,odom,3,structure_anchor_3,plane,wall_like,general_plane,unknown,confirmed,true,true,true,false,17,0,40,17,0.711586597,1.000000000,0.882932984,0.425000000,0.000000000,0.000000000,0.000000000,0.182708570,188,0.059777424,0.000000000,-1.239227619,1.336218238,-2.543179512,-0.151179537,-3.415358330,-5.118402132,-2.245891351,0.168536663,3.307755232,2.038039446,0.999269827,0.037248131,0.008508195,0.105245821,0.994416587,0.007674286,1.336218238,-2.543179512,-0.151179537,0.000000000,0.000000000,0.000000000,1.000000000,2.038039446,0.168536663,3.307755232,3.307755232,0.616139739
2026-06-03T01:47:36,1773928445.747572899,r1,body,odom,8,structure_anchor_8,plane,wall_like,general_plane,unknown,stale,false,false,true,false,4,9,22,4,0.219363636,0.500000000,0.000000000,0.181818182,0.600000000,0.000000000,0.000000000,0.269359626,103,0.033161623,0.000000000,-1.000408871,1.331063870,-2.469185629,-0.161975649,-3.489366620,-5.112988066,-2.256459173,0.511914730,3.259346485,1.469122410,0.959094073,0.181017925,-0.217648763,-0.043481295,0.974977472,-0.218009516,1.331063870,-2.469185629,-0.161975649,0.000000000,0.000000000,0.000000000,1.000000000,1.469122410,0.511914730,3.259346485,3.259346485,0.450741404
2026-06-03T01:47:36,1773928445.948563099,r1,body,odom,3,structure_anchor_3,plane,wall_like,general_plane,unknown,confirmed,true,true,true,false,18,0,41,18,0.722586166,1.000000000,0.923906439,0.439024390,0.000000000,0.000000000,0.000000000,0.172985685,267,0.085576923,0.000000000,-1.246905777,1.328972578,-2.360281944,-0.062782913,-3.597457359,-5.095082096,-2.157771245,0.178010464,3.325980902,2.091493607,0.999301824,0.033962664,0.015569236,0.108180030,0.994037895,0.013623925,1.328972578,-2.360281944,-0.062782913,0.000000000,0.000000000,0.000000000,1.000000000,2.091493607,0.178010464,3.325980902,3.325980902,0.628835122
2026-06-03T01:47:36,1773928445.948563099,r1,body,odom,1,structure_anchor_1,plane,wall_like,general_plane,unknown,confirmed,true,true,true,false,41,0,41,41,0.849999996,1.000000000,0.999999979,1.000000000,0.000000000,0.000000000,0.000000000,0.083319020,412,0.132051282,0.000000000,-0.772032889,-5.562203884,0.818042278,0.561324120,-7.719209702,-11.464687320,-1.510587566,5.480129242,0.102669716,3.919560671,0.008710498,0.999952309,0.004416680,-0.988586810,0.150478219,0.007231303,-5.562203884,0.818042278,0.561324120,0.000000000,0.000000000,0.000000000,1.000000000,3.919560671,5.480129242,0.102669716,5.480129242,0.715231429
2026-06-03T01:47:36,1773928445.948563099,r1,body,odom,2,structure_anchor_2,plane,wall_like,general_plane,unknown,confirmed,true,true,true,false,41,0,41,41,0.849999996,1.000000000,0.999999979,1.000000000,0.000000000,0.000000000,0.000000000,0.034455552,236,0.075641026,0.000000000,-0.786733596,1.256053209,0.767748594,0.168514311,-6.703470487,-4.723161060,-1.917466075,3.446374178,0.076640368,1.336446762,0.015436344,0.999879148,-0.001846040,-0.987579703,0.157115514,0.000954674,1.256053209,0.767748594,0.168514311,0.000000000,0.000000000,0.000000000,1.000000000,1.336446762,3.446374178,0.076640368,3.446374178,0.387783419
2026-06-03T01:47:36,1773928445.948563099,r1,body,odom,5,structure_anchor_5,plane,wall_like,general_plane,unknown,confirmed,true,true,true,false,29,0,40,29,0.783784066,1.000000000,0.943920329,0.725000000,0.000000000,0.000000000,0.000000000,0.472069912,146,0.046794872,0.000000000,3.564295732,-3.526687384,4.409959316,0.885459602,-10.985047528,-8.939699900,-1.180437914,0.059211254,2.846373320,2.898994446,0.999960900,-0.008776522,0.001081772,0.150535505,0.988604044,-0.000985859,-3.526687384,4.409959316,0.885459602,0.000000000,0.000000000,0.000000000,1.000000000,2.898994446,0.059211254,2.846373320,2.846373320,1.018487078
2026-06-03T01:47:36,1773928445.948563099,r1,body,odom,8,structure_anchor_8,plane,wall_like,general_plane,unknown,stale,false,false,true,false,4,10,23,4,0.214282609,0.500000000,0.000000000,0.173913043,0.650000000,0.000000000,0.000000000,0.269359626,103,0.033161623,0.000000000,-1.000408871,1.326781812,-2.470098659,-0.161164846,-3.489366756,-5.112988217,-2.256459167,0.511914730,3.259346485,1.469122410,0.959394154,0.180729703,-0.216562868,-0.043481259,0.974977411,-0.218009509,1.326781812,-2.470098659,-0.161164846,0.000000000,0.000000000,0.000000000,1.000000000,1.469122410,0.511914730,3.259346485,3.259346485,0.450741404
2026-06-03T01:47:37,1773928446.146563053,r1,body,odom,1,structure_anchor_1,plane,wall_like,general_plane,unknown,confirmed,true,true,true,false,42,0,42,42,0.849999997,1.000000000,0.999999986,1.000000000,0.000000000,0.000000000,0.000000000,0.076608596,432,0.137667304,0.000000000,-0.769071959,-5.522761822,0.816490412,0.513465941,-7.713662079,-11.388859924,-1.549851923,5.596255302,0.115053177,3.919064045,0.009013939,0.999948399,0.004684862,-0.988406420,0.151721734,0.005765928,-5.522761822,0.816490412,0.513465941,0.000000000,0.000000000,0.000000000,1.000000000,3.919064045,5.596255302,0.115053177,5.596255302,0.700301154
2026-06-03T01:47:37,1773928446.146563053,r1,body,odom,2,structure_anchor_2,plane,wall_like,general_plane,unknown,confirmed,true,true,true,false,42,0,42,42,0.849999997,1.000000000,0.999999986,1.000000000,0.000000000,0.000000000,0.000000000,0.031935906,310,0.098789038,0.000000000,-0.784633254,1.141327381,0.767294943,0.219856873,-6.713910936,-4.801157535,-1.868262763,3.500318289,0.091024280,1.346729636,0.015294481,0.999883025,-0.000127099,-0.987452802,0.157911622,0.000930606,1.141327381,0.767294943,0.219856873,0.000000000,0.000000000,0.000000000,1.000000000,1.346729636,3.500318289,0.091024280,3.500318289,0.384744907
2026-06-03T01:47:37,1773928446.146563053,r1,body,odom,5,structure_anchor_5,plane,wall_like,general_plane,unknown,confirmed,true,true,true,false,30,0,41,30,0.789051106,1.000000000,0.963548214,0.731707317,0.000000000,0.000000000,0.000000000,0.469101448,152,0.048438496,0.000000000,3.581688957,-3.557097673,4.387423038,0.791455626,-10.966876888,-8.932475518,-1.275184139,0.064842224,2.909799099,3.194331169,0.999983521,-0.005715492,0.000538730,0.148441566,0.988916054,-0.003181391,-3.557097673,4.387423038,0.791455626,0.000000000,0.000000000,0.000000000,1.000000000,3.194331169,0.064842224,2.909799099,2.909799099,1.097784095
2026-06-03T01:47:37,1773928446.146563053,r1,body,odom,8,structure_anchor_8,plane,wall_like,general_plane,unknown,stale,false,false,true,false,4,11,24,4,0.209333333,0.500000000,0.000000000,0.166666667,0.700000000,0.000000000,0.000000000,0.269359626,103,0.033161623,0.000000000,-1.000408871,1.294556194,-2.469164411,-0.164165897,-3.489366492,-5.112987921,-2.256459179,0.511914730,3.259346485,1.469122410,0.959581819,0.182010869,-0.214650311,-0.043481329,0.974977530,-0.218009523,1.294556194,-2.469164411,-0.164165897,0.000000000,0.000000000,0.000000000,1.000000000,1.469122410,0.511914730,3.259346485,3.259346485,0.450741404
2026-06-03T01:47:37,1773928446.365562916,r1,body,odom,1,structure_anchor_1,plane,wall_like,general_plane,unknown,confirmed,true,true,true,false,43,0,43,43,0.849999998,1.000000000,0.999999991,1.000000000,0.000000000,0.000000000,0.000000000,0.084136031,346,0.112556929,0.000000000,-0.776588381,-5.537346840,0.808142006,0.742714584,-7.695726359,-11.332753878,-1.332006872,6.288956642,0.110053718,3.921880245,0.005029325,0.999975049,-0.004960644,-0.989144720,0.146774517,-0.007080717,-5.537346840,0.808142006,0.742714584,0.000000000,0.000000000,0.000000000,1.000000000,3.921880245,6.288956642,0.110053718,6.288956642,0.623613815
2026-06-03T01:47:37,1773928446.365562916,r1,body,odom,2,structure_anchor_2,plane,wall_like,general_plane,unknown,confirmed,true,true,true,false,43,0,43,43,0.849999998,1.000000000,0.999999991,1.000000000,0.000000000,0.000000000,0.000000000,0.031299429,267,0.086857515,0.000000000,-0.780070840,1.149771690,0.762718141,0.222304299,-6.701506803,-4.721179516,-1.869653702,3.453461170,0.073372424,1.346529007,0.014208662,0.999886756,0.004958769,-0.987772559,0.155876941,0.002815031,1.149771690,0.762718141,0.222304299,0.000000000,0.000000000,0.000000000,1.000000000,1.346529007,3.453461170,0.073372424,3.453461170,0.389907093
2026-06-03T01:47:37,1773928446.365562916,r1,body,odom,3,structure_anchor_3,plane,wall_like,general_plane,unknown,confirmed,true,true,true,false,19,0,43,19,0.718079930,1.000000000,0.898539186,0.441860465,0.000000000,0.000000000,0.000000000,0.201569642,136,0.044242030,0.000000000,-1.223251560,1.214481354,-1.833199143,0.199092478,-4.122614190,-5.025327487,-1.887563243,0.081248045,1.107120872,1.391130924,0.999959706,-0.005574934,-0.007036043,0.147343990,0.989038647,-0.009616474,1.214481354,-1.833199143,0.199092478,0.000000000,0.000000000,0.000000000,1.000000000,1.391130924,0.081248045,1.107120872,1.107120872,1.256530303
2026-06-03T01:47:37,1773928446.365562916,r1,body,odom,5,structure_anchor_5,plane,wall_like,general_plane,unknown,confirmed,true,true,true,false,31,0,42,31,0.792880315,1.000000000,0.976306339,0.738095238,0.000000000,0.000000000,0.000000000,0.471666780,207,0.067338972,0.000000000,3.407076245,-3.663238287,4.757124424,0.665166080,-11.338871778,-8.917795889,-1.422734201,0.193074226,2.928817749,2.523204803,0.998599795,0.050622830,0.015355051,0.091482985,0.995726253,0.012659605,-3.663238287,4.757124424,0.665166080,0.000000000,0.000000000,0.000000000,1.000000000,2.523204803,0.193074226,2.928817749,2.928817749,0.861509667
2026-06-03T01:47:37,1773928446.365562916,r1,body,odom,8,structure_anchor_8,plane,wall_like,general_plane,unknown,stale,false,false,true,false,4,12,25,4,0.204500000,0.500000000,0.000000000,0.160000000,0.750000000,0.000000000,0.000000000,0.269359626,103,0.033161623,0.000000000,-1.000408871,1.218470630,-2.471699884,-0.171140597,-3.489366044,-5.112987453,-2.256459198,0.511914730,3.259346485,1.469122410,0.959518501,0.181766529,-0.215140365,-0.043481446,0.974977727,-0.218009548,1.218470630,-2.471699884,-0.171140597,0.000000000,0.000000000,0.000000000,1.000000000,1.469122410,0.511914730,3.259346485,3.259346485,0.450741404
2026-06-03T01:47:37,1773928446.548563004,r1,body,odom,2,structure_anchor_2,plane,wall_like,general_plane,unknown,confirmed,true,true,true,false,44,0,44,44,0.849999999,1.000000000,0.999999994,1.000000000,0.000000000,0.000000000,0.000000000,0.118984528,174,0.055273189,0.000000000,-0.796631537,0.806001306,0.761040866,0.167765304,-6.743371177,-4.929248935,-1.931985502,3.906373262,0.186173916,0.758840859,0.030609048,0.996096104,0.082798777,-0.981936085,0.171680040,0.079546697,0.806001306,0.761040866,0.167765304,0.000000000,0.000000000,0.000000000,1.000000000,0.758840859,3.906373262,0.186173916,3.906373262,0.194257130
2026-06-03T01:47:37,1773928446.548563004,r1,body,odom,1,structure_anchor_1,plane,wall_like,general_plane,unknown,confirmed,true,true,true,false,44,0,44,44,0.849999999,1.000000000,0.999999994,1.000000000,0.000000000,0.000000000,0.000000000,0.106600380,346,0.079733164,0.000000000,-0.786874062,-5.902155533,0.807925473,0.712567536,-7.737939421,-11.558393981,-1.328947953,5.806291580,0.159116268,3.940528393,0.007477212,0.999426140,0.033040929,-0.988412714,0.148801123,0.029982366,-5.902155533,0.807925473,0.712567536,0.000000000,0.000000000,0.000000000,1.000000000,3.940528393,5.806291580,0.159116268,5.806291580,0.678665261
2026-06-03T01:47:37,1773928446.548563004,r1,body,odom,8,structure_anchor_8,plane,wall_like,general_plane,unknown,stale,false,false,true,false,4,13,26,4,0.199769231,0.500000000,0.000000000,0.153846154,0.800000000,0.000000000,0.000000000,0.269359626,103,0.033161623,0.000000000,-1.000408871,1.086409064,-2.485325387,-0.164000253,-3.489365993,-5.112987442,-2.256459199,0.511914730,3.259346485,1.469122410,0.960929997,0.181347108,-0.209109991,-0.043481456,0.974977743,-0.218009551,1.086409064,-2.485325387,-0.164000253,0.000000000,0.000000000,0.000000000,1.000000000,1.469122410,0.511914730,3.259346485,3.259346485,0.450741404
2026-06-03T01:47:37,1773928446.788563013,r1,body,odom,1,structure_anchor_1,plane,wall_like,general_plane,unknown,confirmed,true,true,true,false,45,0,45,45,0.849999999,1.000000000,0.999999996,1.000000000,0.000000000,0.000000000,0.000000000,0.098272463,379,0.121552277,0.000000000,-0.747405913,-5.977908611,0.795090079,0.531963408,-7.725928688,-11.474675620,-1.535508466,5.861919403,0.115749359,3.862951517,0.008741065,0.999923924,0.008702865,-0.988555458,0.150708363,0.006711597,-5.977908611,0.795090079,0.531963408,0.000000000,0.000000000,0.000000000,1.000000000,3.862951517,5.861919403,0.115749359,5.861919403,0.658990896
2026-06-03T01:47:37,1773928446.788563013,r1,body,odom,2,structure_anchor_2,plane,wall_like,general_plane,unknown,confirmed,true,true,true,false,45,0,45,45,0.849999999,1.000000000,0.999999996,1.000000000,0.000000000,0.000000000,0.000000000,0.123802186,281,0.090121873,0.000000000,-0.748876533,0.950022280,0.737419426,0.206593528,-6.684266645,-4.626233718,-1.880760833,3.548144341,0.080564916,1.315552950,0.010587556,0.999919032,0.007059273,-0.988285806,0.152530273,0.005062694,0.950022280,0.737419426,0.206593528,0.000000000,0.000000000,0.000000000,1.000000000,1.315552950,3.548144341,0.080564916,3.548144341,0.370772106
2026-06-03T01:47:37,1773928446.788563013,r1,body,odom,3,structure_anchor_3,plane,wall_like,general_plane,unknown,confirmed,true,true,true,false,20,0,45,20,0.715298983,1.000000000,0.882050471,0.444444444,0.000000000,0.000000000,0.000000000,0.214740401,138,0.044259140,0.000000000,-0.925327688,0.918085456,-1.899449468,0.277970284,-4.078784303,-5.032162175,-1.804107890,0.073419511,1.111512899,1.289421082,0.999987203,-0.004225999,-0.002781198,0.146230375,0.989234350,-0.005659392,0.918085456,-1.899449468,0.277970284,0.000000000,0.000000000,0.000000000,1.000000000,1.289421082,0.073419511,1.111512899,1.111512899,1.160059485
2026-06-03T01:47:37,1773928446.788563013,r1,body,odom,10,structure_anchor_10,plane,wall_like,general_plane,unknown,candidate,false,true,true,false,1,0,1,1,0.326250000,0.125000000,0.350000000,1.000000000,0.000000000,0.000000000,0.000000000,0.000000000,121,0.038806928,0.000000000,-1.005130935,1.009239316,-4.672388077,-0.897239566,-1.319212752,-5.339485847,-2.974121726,0.107820988,3.617089033,0.946645498,0.999990053,0.001671229,-0.004135225,0.140395436,0.990070564,-0.007025013,1.009239316,-4.672388077,-0.897239566,0.000000000,0.000000000,0.000000000,1.000000000,0.946645498,0.107820988,3.617089033,3.617089033,0.261714735
2026-06-03T01:47:37,1773928446.788563013,r1,body,odom,5,structure_anchor_5,plane,wall_like,general_plane,unknown,confirmed,true,true,true,false,32,0,44,32,0.781974370,1.000000000,0.932599120,0.727272727,0.000000000,0.000000000,0.000000000,0.473049691,201,0.064464400,0.000000000,3.687168749,-3.952704191,4.316882610,0.468862623,-10.924240132,-8.969979228,-1.611379046,0.198105574,2.248228073,2.713875055,0.997545225,0.062658797,-0.031263371,0.079720740,0.996228089,-0.034265846,-3.952704191,4.316882610,0.468862623,0.000000000,0.000000000,0.000000000,1.000000000,2.713875055,0.198105574,2.248228073,2.248228073,1.207117324
2026-06-03T01:47:37,1773928446.788563013,r1,body,odom,8,structure_anchor_8,plane,wall_like,general_plane,unknown,stale,false,false,true,false,4,14,27,4,0.195129630,0.500000000,0.000000000,0.148148148,0.850000000,0.000000000,0.000000000,0.269359626,103,0.033161623,0.000000000,-1.000408871,0.923108994,-2.493481022,-0.175537212,-3.489366575,-5.112987981,-2.256459176,0.511914730,3.259346485,1.469122410,0.959540376,0.181954304,-0.214883316,-0.043481310,0.974977497,-0.218009519,0.923108994,-2.493481022,-0.175537212,0.000000000,0.000000000,0.000000000,1.000000000,1.469122410,0.511914730,3.259346485,3.259346485,0.450741404
2026-06-03T01:47:37,1773928446.947562933,r1,body,odom,1,structure_anchor_1,plane,wall_like,general_plane,unknown,confirmed,true,true,true,false,46,0,46,46,0.850000000,1.000000000,0.999999998,1.000000000,0.000000000,0.000000000,0.000000000,0.091805862,229,0.071361795,0.000000000,-0.765863157,-6.733971596,0.811782718,0.755498648,-7.811195071,-12.047824869,-1.294423067,5.050430775,0.083586216,4.332963943,0.007834782,0.999927619,0.009130917,-0.988718433,0.149383522,0.010990004,-6.733971596,0.811782718,0.755498648,0.000000000,0.000000000,0.000000000,1.000000000,4.332963943,5.050430775,0.083586216,5.050430775,0.857939478
2026-06-03T01:47:37,1773928446.947562933,r1,body,odom,2,structure_anchor_2,plane,wall_like,general_plane,unknown,confirmed,true,true,true,false,46,0,46,46,0.850000000,1.000000000,0.999999998,1.000000000,0.000000000,0.000000000,0.000000000,0.123117241,199,0.062013088,0.000000000,-0.761153978,0.860911012,0.746779382,0.185256332,-6.673151957,-4.541918052,-1.909146442,3.617135525,0.090802073,1.352453232,0.016181101,0.999864748,0.002942471,-0.987491359,0.157602611,0.004752798,0.860911012,0.746779382,0.185256332,0.000000000,0.000000000,0.000000000,1.000000000,1.352453232,3.617135525,0.090802073,3.617135525,0.373901730
2026-06-03T01:47:37,1773928446.947562933,r1,body,odom,8,structure_anchor_8,plane,wall_like,general_plane,unknown,stale,false,false,true,false,4,15,28,4,0.190571429,0.500000000,0.000000000,0.142857143,0.900000000,0.000000000,0.000000000,0.269359626,103,0.033161623,0.000000000,-1.000408871,0.748375657,-2.486444307,-0.156560477,-3.489365539,-5.112987198,-2.256459217,0.511914730,3.259346485,1.469122410,0.960258270,0.180672908,-0.212748139,-0.043481558,0.974977916,-0.218009572,0.748375657,-2.486444307,-0.156560477,0.000000000,0.000000000,0.000000000,1.000000000,1.469122410,0.511914730,3.259346485,3.259346485,0.450741404
2026-06-03T01:47:38,1773928447.148557663,r1,body,odom,11,structure_anchor_11,plane,wall_like,general_plane,unknown,candidate,false,true,true,false,1,0,1,1,0.326250000,0.125000000,0.350000000,1.000000000,0.000000000,0.000000000,0.000000000,0.000000000,152,0.049032258,0.000000000,-0.731449197,0.808359444,-5.788733006,-0.705145180,-0.183927879,-5.368562578,-2.801095457,0.474075079,7.507815361,2.822524548,0.981361796,0.033728893,-0.189186116,0.105416241,0.975134688,-0.194935138,0.808359444,-5.788733006,-0.705145180,0.000000000,0.000000000,0.000000000,1.000000000,2.822524548,0.474075079,7.507815361,7.507815361,0.375944854
2026-06-03T01:47:38,1773928447.148557663,r1,body,odom,1,structure_anchor_1,plane,wall_like,general_plane,unknown,confirmed,true,true,true,false,47,0,47,47,0.850000000,1.000000000,0.999999998,1.000000000,0.000000000,0.000000000,0.000000000,0.097377804,205,0.066129032,0.000000000,-0.817552479,-7.211023808,0.805418313,0.763586700,-7.845828315,-12.363125624,-1.277324850,4.956533909,0.091913044,4.094012737,-0.001773609,0.999998061,-0.000856235,-0.990140963,0.140073970,0.000327227,-7.211023808,0.805418313,0.763586700,0.000000000,0.000000000,0.000000000,1.000000000,4.094012737,4.956533909,0.091913044,4.956533909,0.825982998
2026-06-03T01:47:38,1773928447.148557663,r1,body,odom,8,structure_anchor_8,plane,wall_like,general_plane,unknown,stale,false,false,true,false,4,16,29,4,0.186086207,0.500000000,0.000000000,0.137931034,0.950000000,0.000000000,0.000000000,0.269359626,103,0.033161623,0.000000000,-1.000408871,0.589336070,-2.479825144,-0.165673094,-3.489366579,-5.112987961,-2.256459176,0.511914730,3.259346485,1.469122410,0.960224907,0.181071681,-0.212558501,-0.043481310,0.974977497,-0.218009519,0.589336070,-2.479825144,-0.165673094,0.000000000,0.000000000,0.000000000,1.000000000,1.469122410,0.511914730,3.259346485,3.259346485,0.450741404
2026-06-03T01:47:38,1773928447.367557764,r1,body,odom,2,structure_anchor_2,plane,wall_like,general_plane,unknown,confirmed,true,true,true,false,47,0,48,47,0.835433333,1.000000000,0.947999998,0.979166667,0.000000000,0.000000000,0.000000000,0.122996013,268,0.089214381,0.000000000,-0.759399571,0.648638427,0.750809550,0.258314699,-6.650805433,-4.381596539,-1.841679302,4.013586998,0.082778215,1.316413879,0.012285325,0.999921062,0.002634592,-0.988123772,0.153621233,0.003451571,0.648638427,0.750809550,0.258314699,0.000000000,0.000000000,0.000000000,1.000000000,1.316413879,4.013586998,0.082778215,4.013586998,0.327989372
2026-06-03T01:47:38,1773928447.367557764,r1,body,odom,1,structure_anchor_1,plane,wall_like,general_plane,unknown,confirmed,true,true,true,false,48,0,48,48,0.850000000,1.000000000,0.999999999,1.000000000,0.000000000,0.000000000,0.000000000,0.091758177,165,0.054926764,0.000000000,-0.742120464,-7.372898102,0.801505923,0.346669197,-7.835190560,-12.313837334,-1.662202920,5.174537659,0.099238873,3.689626217,0.008471767,0.999923154,0.009050733,-0.988648784,0.149917798,0.009910598,-7.372898102,0.801505923,0.346669197,0.000000000,0.000000000,0.000000000,1.000000000,3.689626217,5.174537659,0.099238873,5.174537659,0.713034953
2026-06-03T01:47:38,1773928447.367557764,r1,body,odom,8,structure_anchor_8,plane,wall_like,general_plane,unknown,stale,false,false,true,false,4,17,30,4,0.181666667,0.500000000,0.000000000,0.133333333,1.000000000,0.000000000,0.000000000,0.269359626,103,0.033161623,0.000000000,-1.000408871,0.376453109,-2.482690877,-0.156489043,-3.489366492,-5.112987899,-2.256459179,0.511914730,3.259346485,1.469122410,0.961441026,0.180738463,-0.207279384,-0.043481331,0.974977532,-0.218009524,0.376453109,-2.482690877,-0.156489043,0.000000000,0.000000000,0.000000000,1.000000000,1.469122410,0.511914730,3.259346485,3.259346485,0.450741404
2026-06-03T01:47:38,1773928447.565557957,r1,body,odom,2,structure_anchor_2,plane,wall_like,general_plane,unknown,confirmed,true,true,true,false,48,0,49,48,0.839158367,1.000000000,0.966199999,0.979591837,0.000000000,0.000000000,0.000000000,0.122570929,266,0.094460227,0.000000000,-0.764675777,0.591788590,0.753073215,0.231859624,-6.639263348,-4.282727304,-1.861940519,4.268599987,0.139415622,1.329332471,0.019603768,0.999807629,0.000630317,-0.986761217,0.162169854,0.001743107,0.591788590,0.753073215,0.231859624,0.000000000,0.000000000,0.000000000,1.000000000,1.329332471,4.268599987,0.139415622,4.268599987,0.311421186
2026-06-03T01:47:38,1773928447.565557957,r1,body,odom,12,structure_anchor_12,compact_cluster,pillar_like,pillar_compact_cluster,unknown,candidate,false,true,true,false,1,0,1,1,0.326250000,0.125000000,0.350000000,1.000000000,0.000000000,0.000000000,0.000000000,0.000000000,83,0.029474432,0.000000000,0.000000000,-4.610765457,2.599313259,0.610044897,-9.208729791,-9.166628274,-1.457536709,0.254785538,0.686026573,1.966862798,0.000000000,0.000000000,1.000000000,0.001849865,0.004394187,0.999988634,-4.610765457,2.599313259,0.610044897,0.000000000,0.000000000,0.000000000,1.000000000,1.966862798,0.254785538,0.686026573,0.686026573,2.867035877
2026-06-03T01:47:38,1773928447.565557957,r1,body,odom,8,structure_anchor_8,plane,wall_like,general_plane,unknown,stale,false,false,true,false,4,18,31,4,0.180806452,0.500000000,0.000000000,0.129032258,1.000000000,0.000000000,0.000000000,0.269359626,103,0.033161623,0.000000000,-1.000408871,0.221621601,-2.483572622,-0.160475972,-3.489367004,-5.112988133,-2.256459161,0.511914730,3.259346485,1.469122410,0.959774357,0.181992119,-0.213803223,-0.043481218,0.974977342,-0.218009500,0.221621601,-2.483572622,-0.160475972,0.000000000,0.000000000,0.000000000,1.000000000,1.469122410,0.511914730,3.259346485,3.259346485,0.450741404
2026-06-03T01:47:38,1773928447.565557957,r1,body,odom,5,structure_anchor_5,plane,wall_like,general_plane,unknown,stale,false,false,true,false,32,4,48,32,0.691853157,1.000000000,0.612599120,0.666666667,0.200000000,0.000000000,0.000000000,0.473049691,201,0.064464400,0.000000000,3.687168749,-4.665388982,4.570224365,0.640065196,-11.167186699,-8.939129535,-1.424892829,0.198105574,2.248228073,2.713875055,0.999331794,0.034576909,-0.011839323,0.108445080,0.993966809,-0.016407795,-4.665388982,4.570224365,0.640065196,0.000000000,0.000000000,0.000000000,1.000000000,2.713875055,0.198105574,2.248228073,2.248228073,1.207117324
2026-06-03T01:47:38,1773928447.565557957,r1,body,odom,3,structure_anchor_3,plane,wall_like,general_plane,unknown,stale,false,false,true,false,20,4,49,20,0.630042747,1.000000000,0.562050471,0.408163265,0.200000000,0.000000000,0.000000000,0.214740401,138,0.044259140,0.000000000,-0.925327688,0.217112399,-2.135337942,0.087011229,-3.834218971,-5.066638500,-2.008534882,0.073419511,1.111512899,1.289421082,0.999805781,0.017238610,0.009539276,0.125712920,0.992054107,0.004947509,0.217112399,-2.135337942,0.087011229,0.000000000,0.000000000,0.000000000,1.000000000,1.289421082,0.073419511,1.111512899,1.111512899,1.160059485
2026-06-03T01:47:38,1773928447.748558044,r1,body,odom,8,structure_anchor_8,plane,wall_like,general_plane,unknown,stale,false,false,true,false,4,19,32,4,0.180000000,0.500000000,0.000000000,0.125000000,1.000000000,0.000000000,0.000000000,0.269359626,103,0.033161623,0.000000000,-1.000408871,0.039231684,-2.477653840,-0.160020207,-3.489366194,-5.112987779,-2.256459189,0.511914730,3.259346485,1.469122410,0.960360906,0.182552906,-0.210669103,-0.043481395,0.974977641,-0.218009538,0.039231684,-2.477653840,-0.160020207,0.000000000,0.000000000,0.000000000,1.000000000,1.469122410,0.511914730,3.259346485,3.259346485,0.450741404
2026-06-03T01:47:38,1773928447.748558044,r1,body,odom,5,structure_anchor_5,plane,wall_like,general_plane,unknown,stale,false,false,true,false,32,5,49,32,0.669632069,1.000000000,0.532599120,0.653061224,0.250000000,0.000000000,0.000000000,0.473049691,201,0.064464400,0.000000000,3.687168749,-4.851044942,4.573856556,0.640736485,-11.167187657,-8.939131663,-1.424892711,0.198105574,2.248228073,2.713875055,0.999357097,0.034733889,-0.008891234,0.108444948,0.993967138,-0.016407799,-4.851044942,4.573856556,0.640736485,0.000000000,0.000000000,0.000000000,1.000000000,2.713875055,0.198105574,2.248228073,2.248228073,1.207117324
2026-06-03T01:47:38,1773928447.748558044,r1,body,odom,3,structure_anchor_3,plane,wall_like,general_plane,unknown,stale,false,false,true,false,20,5,50,20,0.608910094,1.000000000,0.482050471,0.400000000,0.250000000,0.000000000,0.000000000,0.214740401,138,0.044259140,0.000000000,-0.925327688,0.033961441,-2.129922043,0.088158203,-3.834218277,-5.066638189,-2.008534868,0.073419511,1.111512899,1.289421082,0.999771930,0.017352354,0.012453466,0.125712794,0.992054439,0.004947509,0.033961441,-2.129922043,0.088158203,0.000000000,0.000000000,0.000000000,1.000000000,1.289421082,0.073419511,1.111512899,1.111512899,1.160059485
2026-06-03T01:47:38,1773928447.949558020,r1,body,odom,2,structure_anchor_2,plane,wall_like,general_plane,unknown,confirmed,true,true,true,false,49,0,51,49,0.827362863,1.000000000,0.926029999,0.960784314,0.000000000,0.000000000,0.000000000,0.119621654,216,0.082981176,0.000000000,-0.767034740,0.367929488,0.761869431,0.147009477,-6.619913722,-4.169866814,-1.951257964,4.623642921,0.103421688,1.204830289,0.014160354,0.999899714,0.000215653,-0.987838890,0.155472216,0.001598410,0.367929488,0.761869431,0.147009477,0.000000000,0.000000000,0.000000000,1.000000000,1.204830289,4.623642921,0.103421688,4.623642921,0.260580306
2026-06-03T01:47:38,1773928447.949558020,r1,body,odom,8,structure_anchor_8,plane,wall_like,general_plane,unknown,stale,false,false,true,false,4,20,33,4,0.179242424,0.500000000,0.000000000,0.121212121,1.000000000,0.000000000,0.000000000,0.269359626,103,0.033161623,0.000000000,-1.000408871,-0.120691863,-2.471063587,-0.156871534,-3.489366923,-5.112988021,-2.256459165,0.511914730,3.259346485,1.469122410,0.960545721,0.180647970,-0.211466400,-0.043481240,0.974977380,-0.218009504,-0.120691863,-2.471063587,-0.156871534,0.000000000,0.000000000,0.000000000,1.000000000,1.469122410,0.511914730,3.259346485,3.259346485,0.450741404
2026-06-03T01:47:38,1773928447.949558020,r1,body,odom,5,structure_anchor_5,plane,wall_like,general_plane,unknown,stale,false,false,true,false,32,6,50,32,0.647519824,1.000000000,0.452599120,0.640000000,0.300000000,0.000000000,0.000000000,0.473049691,201,0.064464400,0.000000000,3.687168749,-5.000220295,4.589491424,0.629613644,-11.167186841,-8.939129736,-1.424892816,0.198105574,2.248228073,2.713875055,0.999403587,0.033235204,-0.009364947,0.108445063,0.993966850,-0.016407795,-5.000220295,4.589491424,0.629613644,0.000000000,0.000000000,0.000000000,1.000000000,2.713875055,0.198105574,2.248228073,2.248228073,1.207117324
2026-06-03T01:47:38,1773928447.949558020,r1,body,odom,3,structure_anchor_3,plane,wall_like,general_plane,unknown,stale,false,false,true,false,20,6,51,20,0.587841467,1.000000000,0.402050471,0.392156863,0.300000000,0.000000000,0.000000000,0.214740401,138,0.044259140,0.000000000,-0.925327688,-0.125349413,-2.122755433,0.090509518,-3.834218905,-5.066638393,-2.008534881,0.073419511,1.111512899,1.289421082,0.999801213,0.015902139,0.012019453,0.125712904,0.992054149,0.004947509,-0.125349413,-2.122755433,0.090509518,0.000000000,0.000000000,0.000000000,1.000000000,1.289421082,0.073419511,1.111512899,1.111512899,1.160059485
2026-06-03T01:47:39,1773928448.165553093,r1,body,odom,2,structure_anchor_2,plane,wall_like,general_plane,unknown,confirmed,true,true,true,false,50,0,52,50,0.832691592,1.000000000,0.951919500,0.961538462,0.000000000,0.000000000,0.000000000,0.127597431,253,0.090876437,0.000000000,-0.768180363,0.298054099,0.765146971,0.304042459,-6.598793760,-4.031319415,-1.801972538,3.889371395,0.081286013,1.205429792,0.020730791,0.999738167,-0.009686687,-0.986748877,0.161990902,-0.009261099,0.298054099,0.765146971,0.304042459,0.000000000,0.000000000,0.000000000,1.000000000,1.205429792,3.889371395,0.081286013,3.889371395,0.309929207
2026-06-03T01:47:39,1773928448.165553093,r1,body,odom,9,structure_anchor_9,plane,wall_like,general_plane,unknown,weak_tracked,false,true,true,false,3,0,21,3,0.250221429,0.375000000,0.369500000,0.142857143,0.300000000,0.000000000,0.000000000,0.189573508,82,0.029454023,0.000000000,-0.780032186,-2.689279079,0.882761896,0.135722369,-7.138657398,-6.973708574,-1.933194594,1.004949808,0.133780479,1.412845373,0.036983294,0.999143974,-0.018535225,-0.983880712,0.177886569,-0.018310686,-2.689279079,0.882761896,0.135722369,0.000000000,0.000000000,0.000000000,1.000000000,1.412845373,1.004949808,0.133780479,1.004949808,1.405886505
2026-06-03T01:47:39,1773928448.165553093,r1,body,odom,13,structure_anchor_13,cylinder,pipe_like,pipe_candidate,unknown,candidate,false,true,true,false,1,0,1,1,0.326250000,0.125000000,0.350000000,1.000000000,0.000000000,0.000000000,0.000000000,0.000000000,12,0.004310345,0.055380285,0.000000000,-1.898760676,-2.403351545,-0.301197827,-3.774786441,-6.661930517,-2.382114058,0.110760570,0.110760570,0.596113145,0.041224833,-0.018080869,0.998986284,0.026163102,0.050399027,0.998386414,-1.898760676,-2.403351545,-0.301197827,0.000000000,0.000000000,0.000000000,1.000000000,0.596113145,0.110760570,0.110760570,0.110760570,5.381997832
2026-06-03T01:47:39,1773928448.165553093,r1,body,odom,8,structure_anchor_8,plane,wall_like,general_plane,unknown,stale,false,false,true,false,4,21,34,4,0.178529412,0.500000000,0.000000000,0.117647059,1.000000000,0.000000000,0.000000000,0.269359626,103,0.033161623,0.000000000,-1.000408871,-0.326685898,-2.466439488,-0.156015070,-3.489365951,-5.112987767,-2.256459196,0.511914730,3.259346485,1.469122410,0.961620565,0.180976237,-0.206236964,-0.043481442,0.974977721,-0.218009548,-0.326685898,-2.466439488,-0.156015070,0.000000000,0.000000000,0.000000000,1.000000000,1.469122410,0.511914730,3.259346485,3.259346485,0.450741404
2026-06-03T01:47:39,1773928448.165553093,r1,body,odom,5,structure_anchor_5,plane,wall_like,general_plane,unknown,stale,false,false,true,false,32,7,51,32,0.625510020,1.000000000,0.372599120,0.627450980,0.350000000,0.000000000,0.000000000,0.473049691,201,0.064464400,0.000000000,3.687168749,-5.211506739,4.592677139,0.610287819,-11.167187886,-8.939132315,-1.424892676,0.198105574,2.248228073,2.713875055,0.999433681,0.033408157,-0.004050640,0.108444912,0.993967227,-0.016407800,-5.211506739,4.592677139,0.610287819,0.000000000,0.000000000,0.000000000,1.000000000,2.713875055,0.198105574,2.248228073,2.248228073,1.207117324
2026-06-03T01:47:39,1773928448.165553093,r1,body,odom,3,structure_anchor_3,plane,wall_like,general_plane,unknown,stale,false,false,true,false,20,7,52,20,0.566833171,1.000000000,0.322050471,0.384615385,0.350000000,0.000000000,0.000000000,0.214740401,138,0.044259140,0.000000000,-0.925327688,-0.332711325,-2.118330166,0.091616334,-3.834218065,-5.066638188,-2.008534863,0.073419511,1.111512899,1.289421082,0.999721108,0.016058043,0.017321703,0.125712760,0.992054528,0.004947508,-0.332711325,-2.118330166,0.091616334,0.000000000,0.000000000,0.000000000,1.000000000,1.289421082,0.073419511,1.111512899,1.111512899,1.160059485
2026-06-03T01:47:39,1773928448.165553093,r1,body,odom,1,structure_anchor_1,plane,wall_like,general_plane,unknown,stale,false,false,true,false,48,4,52,48,0.756615384,1.000000000,0.679999999,0.923076923,0.200000000,0.000000000,0.000000000,0.091758177,165,0.054926764,0.000000000,-0.742120464,-7.680957577,0.822284027,0.553973643,-7.784626497,-11.918176529,-1.453183498,5.174537659,0.099238873,3.689626217,0.006610072,0.999953838,0.006987425,-0.988921452,0.148246970,0.007586793,-7.680957577,0.822284027,0.553973643,0.000000000,0.000000000,0.000000000,1.000000000,3.689626217,5.174537659,0.099238873,5.174537659,0.713034953
2026-06-03T01:47:39,1773928448.366553068,r1,body,odom,2,structure_anchor_2,plane,wall_like,general_plane,unknown,confirmed,true,true,true,false,51,0,53,51,0.836202365,1.000000000,0.968747675,0.962264151,0.000000000,0.000000000,0.000000000,0.136401331,419,0.151263538,0.000000000,-0.766648588,-0.132355615,0.771684647,0.180620253,-6.644264548,-4.315185167,-1.923232308,5.530273914,0.144021094,1.363625050,0.014821840,0.999762060,-0.016004243,-0.987465599,0.157166453,-0.014505810,-0.132355615,0.771684647,0.180620253,0.000000000,0.000000000,0.000000000,1.000000000,1.363625050,5.530273914,0.144021094,5.530273914,0.246574595
2026-06-03T01:47:39,1773928448.366553068,r1,body,odom,14,structure_anchor_14,plane,wall_like,general_plane,unknown,candidate,false,true,true,false,1,0,1,1,0.326250000,0.125000000,0.350000000,1.000000000,0.000000000,0.000000000,0.000000000,0.000000000,111,0.040072202,0.000000000,-1.326318272,0.623529673,-2.825227261,0.523460805,-2.975369201,-4.077439955,-1.592533180,0.535707653,2.217736721,1.754172444,0.963854286,-0.263735233,-0.037797377,0.398416692,0.916037619,-0.046251923,0.623529673,-2.825227261,0.523460805,0.000000000,0.000000000,0.000000000,1.000000000,1.754172444,0.535707653,2.217736721,2.217736721,0.790974162
2026-06-03T01:47:39,1773928448.366553068,r1,body,odom,15,structure_anchor_15,compact_cluster,pillar_like,pillar_compact_cluster,unknown,candidate,false,true,true,false,1,0,1,1,0.326250000,0.125000000,0.350000000,1.000000000,0.000000000,0.000000000,0.000000000,0.000000000,47,0.016967509,0.000000000,0.000000000,-5.203587055,1.433099151,0.158961535,-8.022337903,-9.240200094,-1.901577953,0.463424683,0.432618141,2.049253941,0.000000000,0.000000000,1.000000000,0.002793303,0.008012751,0.999963996,-5.203587055,1.433099151,0.158961535,0.000000000,0.000000000,0.000000000,1.000000000,2.049253941,0.463424683,0.432618141,0.463424683,4.421978409
2026-06-03T01:47:39,1773928448.366553068,r1,body,odom,8,structure_anchor_8,plane,wall_like,general_plane,unknown,stale,false,false,true,false,4,22,35,4,0.177857143,0.500000000,0.000000000,0.114285714,1.000000000,0.000000000,0.000000000,0.269359626,103,0.033161623,0.000000000,-1.000408871,-0.469179886,-2.465294754,-0.150174631,-3.489366386,-5.112987866,-2.256459183,0.511914730,3.259346485,1.469122410,0.960587434,0.181772218,-0.210310883,-0.043481353,0.974977570,-0.218009529,-0.469179886,-2.465294754,-0.150174631,0.000000000,0.000000000,0.000000000,1.000000000,1.469122410,0.511914730,3.259346485,3.259346485,0.450741404
2026-06-03T01:47:39,1773928448.366553068,r1,body,odom,5,structure_anchor_5,plane,wall_like,general_plane,unknown,stale,false,false,true,false,32,8,52,32,0.603596747,1.000000000,0.292599120,0.615384615,0.400000000,0.000000000,0.000000000,0.473049691,201,0.064464400,0.000000000,3.687168749,-5.358161357,4.589501875,0.629257457,-11.167187429,-8.939131160,-1.424892739,0.198105574,2.248228073,2.713875055,0.999373770,0.034435961,-0.008139877,0.108444979,0.993967060,-0.016407798,-5.358161357,4.589501875,0.629257457,0.000000000,0.000000000,0.000000000,1.000000000,2.713875055,0.198105574,2.248228073,2.248228073,1.207117324
2026-06-03T01:47:39,1773928448.366553068,r1,body,odom,3,structure_anchor_3,plane,wall_like,general_plane,unknown,stale,false,false,true,false,20,8,53,20,0.545881792,1.000000000,0.242050471,0.377358491,0.400000000,0.000000000,0.000000000,0.214740401,138,0.044259140,0.000000000,-0.925327688,-0.474560840,-2.116956096,0.097148866,-3.834218441,-5.066638265,-2.008534871,0.073419511,1.111512899,1.289421082,0.999765919,0.017106525,0.013247569,0.125712824,0.992054360,0.004947509,-0.474560840,-2.116956096,0.097148866,0.000000000,0.000000000,0.000000000,1.000000000,1.289421082,0.073419511,1.111512899,1.111512899,1.160059485
2026-06-03T01:47:39,1773928448.366553068,r1,body,odom,1,structure_anchor_1,plane,wall_like,general_plane,unknown,stale,false,false,true,false,48,5,53,48,0.733632075,1.000000000,0.599999999,0.905660377,0.250000000,0.000000000,0.000000000,0.091758177,165,0.054926764,0.000000000,-0.742120464,-7.823912225,0.816509977,0.586545833,-7.784626827,-11.918175189,-1.453183562,5.174537659,0.099238873,3.689626217,0.005602280,0.999966247,0.006012029,-0.988921283,0.148247030,0.007586793,-7.823912225,0.816509977,0.586545833,0.000000000,0.000000000,0.000000000,1.000000000,3.689626217,5.174537659,0.099238873,5.174537659,0.713034953
2026-06-03T01:47:39,1773928448.567553043,r1,body,odom,2,structure_anchor_2,plane,wall_like,general_plane,unknown,confirmed,true,true,true,false,52,0,54,52,0.838529790,1.000000000,0.979685989,0.962962963,0.000000000,0.000000000,0.000000000,0.138718840,497,0.163486842,0.000000000,-0.782125660,-0.319989711,0.786866546,0.190908268,-6.649710199,-4.300176657,-1.912016376,6.173941612,0.174251080,1.525533319,0.020629852,0.999728135,0.010865827,-0.986434762,0.163607805,0.013376037,-0.319989711,0.786866546,0.190908268,0.000000000,0.000000000,0.000000000,1.000000000,1.525533319,6.173941612,0.174251080,6.173941612,0.247092281
2026-06-03T01:47:39,1773928448.567553043,r1,body,odom,14,structure_anchor_14,plane,wall_like,general_plane,unknown,weak_tracked,false,true,true,false,2,0,2,2,0.428000000,0.250000000,0.577500000,1.000000000,0.000000000,0.000000000,0.000000000,0.046854267,188,0.061842105,0.000000000,-1.215731636,0.471491724,-2.666682959,0.402254015,-3.117511451,-4.008375808,-1.720867254,0.575782478,1.971520305,1.520353079,0.958107654,-0.286407728,0.000579730,0.420512482,0.907193714,-0.012991932,0.471491724,-2.666682959,0.402254015,0.000000000,0.000000000,0.000000000,1.000000000,1.520353079,0.575782478,1.971520305,1.971520305,0.771157708
2026-06-03T01:47:39,1773928448.567553043,r1,body,odom,16,structure_anchor_16,compact_cluster,pillar_like,pillar_compact_cluster,unknown,candidate,false,true,true,false,1,0,1,1,0.326250000,0.125000000,0.350000000,1.000000000,0.000000000,0.000000000,0.000000000,0.000000000,34,0.011184211,0.000000000,0.000000000,-5.546128273,1.929684401,0.371412218,-8.527483018,-9.306265207,-1.658669815,0.051675320,0.290446758,1.701800227,0.000000000,0.000000000,1.000000000,0.004665784,0.012795984,0.999907242,-5.546128273,1.929684401,0.371412218,0.000000000,0.000000000,0.000000000,1.000000000,1.701800227,0.051675320,0.290446758,0.290446758,5.859250202
2026-06-03T01:47:39,1773928448.567553043,r1,body,odom,13,structure_anchor_13,cylinder,pipe_like,pipe_candidate,unknown,weak_tracked,false,true,true,false,2,0,3,2,0.350933333,0.250000000,0.525500000,0.666666667,0.000000000,0.000000000,0.000000000,0.090222425,12,0.003947368,0.035156380,0.000000000,-2.273841858,-2.358623743,0.251414567,-3.815803555,-6.683080554,-1.834233658,0.080000000,0.080000000,1.452643156,-0.012620144,0.042456604,0.999018603,-0.039163551,0.006369387,0.999212514,-2.273841858,-2.358623743,0.251414567,0.000000000,0.000000000,0.000000000,1.000000000,1.452643156,0.080000000,0.080000000,0.080000000,18.158039451
2026-06-03T01:47:39,1773928448.567553043,r1,body,odom,1,structure_anchor_1,plane,wall_like,general_plane,unknown,stale,false,false,true,false,48,6,54,48,0.710777778,1.000000000,0.519999999,0.888888889,0.300000000,0.000000000,0.000000000,0.091758177,165,0.054926764,0.000000000,-0.742120464,-8.027422936,0.821305454,0.546923444,-7.784626942,-11.918174726,-1.453183583,5.174537659,0.099238873,3.689626217,0.005149948,0.999974869,0.004868963,-0.988921227,0.148247050,0.007586793,-8.027422936,0.821305454,0.546923444,0.000000000,0.000000000,0.000000000,1.000000000,3.689626217,5.174537659,0.099238873,5.174537659,0.713034953
2026-06-03T01:47:39,1773928448.567553043,r1,body,odom,3,structure_anchor_3,plane,wall_like,general_plane,unknown,stale,false,false,true,false,20,9,54,20,0.524984168,1.000000000,0.162050471,0.370370370,0.450000000,0.000000000,0.000000000,0.214740401,138,0.044259140,0.000000000,-0.925327688,-0.674477779,-2.109584410,0.097727568,-3.834218572,-5.066638275,-2.008534874,0.073419511,1.111512899,1.289421082,0.999679804,0.017549950,0.018227910,0.125712845,0.992054305,0.004947509,-0.674477779,-2.109584410,0.097727568,0.000000000,0.000000000,0.000000000,1.000000000,1.289421082,0.073419511,1.111512899,1.111512899,1.160059485
2026-06-03T01:47:39,1773928448.567553043,r1,body,odom,5,structure_anchor_5,plane,wall_like,general_plane,unknown,stale,false,false,true,false,32,9,53,32,0.581774541,1.000000000,0.212599120,0.603773585,0.450000000,0.000000000,0.000000000,0.473049691,201,0.064464400,0.000000000,3.687168749,-5.563509823,4.595399723,0.597549143,-11.167187282,-8.939130760,-1.424892761,0.198105574,2.248228073,2.713875055,0.999387327,0.034854205,-0.003181508,0.108445001,0.993967005,-0.016407797,-5.563509823,4.595399723,0.597549143,0.000000000,0.000000000,0.000000000,1.000000000,2.713875055,0.198105574,2.248228073,2.248228073,1.207117324
2026-06-03T01:47:39,1773928448.567553043,r1,body,odom,8,structure_anchor_8,plane,wall_like,general_plane,unknown,stale,false,false,true,false,4,23,36,4,0.177222222,0.500000000,0.000000000,0.111111111,1.000000000,0.000000000,0.000000000,0.269359626,103,0.033161623,0.000000000,-1.000408871,-0.667712658,-2.458209586,-0.149157823,-3.489366536,-5.112987883,-2.256459179,0.511914730,3.259346485,1.469122410,0.961550579,0.181937419,-0.205716378,-0.043481323,0.974977520,-0.218009522,-0.667712658,-2.458209586,-0.149157823,0.000000000,0.000000000,0.000000000,1.000000000,1.469122410,0.511914730,3.259346485,3.259346485,0.450741404
2026-06-03T01:47:39,1773928448.765552759,r1,body,odom,2,structure_anchor_2,plane,wall_like,general_plane,unknown,confirmed,true,true,true,false,53,0,55,53,0.840086451,1.000000000,0.986795893,0.963636364,0.000000000,0.000000000,0.000000000,0.142736341,310,0.099263529,0.000000000,-0.781747503,-0.385518163,0.784917235,0.228732720,-6.625192874,-4.149688857,-1.886032122,5.940169334,0.174452543,1.501099586,0.019186280,0.999620185,0.019783135,-0.986554167,0.162396927,0.018388836,-0.385518163,0.784917235,0.228732720,0.000000000,0.000000000,0.000000000,1.000000000,1.501099586,5.940169334,0.174452543,5.940169334,0.252703164
2026-06-03T01:47:39,1773928448.765552759,r1,body,odom,1,structure_anchor_1,plane,wall_like,general_plane,unknown,stale,false,false,true,false,48,7,55,48,0.688045454,1.000000000,0.439999999,0.872727273,0.350000000,0.000000000,0.000000000,0.091758177,165,0.054926764,0.000000000,-0.742120464,-8.243883265,0.818907131,0.583651919,-7.784626785,-11.918175351,-1.453183555,5.174537659,0.099238873,3.689626217,0.004951118,0.999948693,0.008839667,-0.988921301,0.148247024,0.007586793,-8.243883265,0.818907131,0.583651919,0.000000000,0.000000000,0.000000000,1.000000000,3.689626217,5.174537659,0.099238873,5.174537659,0.713034953
2026-06-03T01:47:39,1773928448.765552759,r1,body,odom,3,structure_anchor_3,plane,wall_like,general_plane,unknown,stale,false,false,true,false,20,10,55,20,0.504137367,1.000000000,0.082050471,0.363636364,0.500000000,0.000000000,0.000000000,0.214740401,138,0.044259140,0.000000000,-0.925327688,-0.891880496,-2.108484448,0.097716383,-3.834218394,-5.066638278,-2.008534870,0.073419511,1.111512899,1.289421082,0.999732361,0.017706044,0.014891106,0.125712817,0.992054378,0.004947509,-0.891880496,-2.108484448,0.097716383,0.000000000,0.000000000,0.000000000,1.000000000,1.289421082,0.073419511,1.111512899,1.111512899,1.160059485
2026-06-03T01:47:39,1773928448.765552759,r1,body,odom,5,structure_anchor_5,plane,wall_like,general_plane,unknown,stale,false,false,true,false,32,10,54,32,0.560038343,1.000000000,0.132599120,0.592592593,0.500000000,0.000000000,0.000000000,0.473049691,201,0.064464400,0.000000000,3.687168749,-5.780624816,4.593333776,0.640933467,-11.167187470,-8.939131303,-1.424892733,0.198105574,2.248228073,2.713875055,0.999363184,0.035095467,-0.006448005,0.108444972,0.993967078,-0.016407798,-5.780624816,4.593333776,0.640933467,0.000000000,0.000000000,0.000000000,1.000000000,2.713875055,0.198105574,2.248228073,2.248228073,1.207117324
2026-06-03T01:47:39,1773928448.765552759,r1,body,odom,8,structure_anchor_8,plane,wall_like,general_plane,unknown,stale,false,false,true,false,4,24,37,4,0.176621622,0.500000000,0.000000000,0.108108108,1.000000000,0.000000000,0.000000000,0.269359626,103,0.033161623,0.000000000,-1.000408871,-0.885881837,-2.456120812,-0.150579137,-3.489366333,-5.112987876,-2.256459184,0.511914730,3.259346485,1.469122410,0.960804627,0.182976490,-0.208264532,-0.043481362,0.974977586,-0.218009531,-0.885881837,-2.456120812,-0.150579137,0.000000000,0.000000000,0.000000000,1.000000000,1.469122410,0.511914730,3.259346485,3.259346485,0.450741404
2026-06-03T01:47:39,1773928448.966547966,r1,body,odom,2,structure_anchor_2,plane,wall_like,general_plane,unknown,confirmed,true,true,true,false,54,0,56,54,0.841140609,1.000000000,0.991417330,0.964285714,0.000000000,0.000000000,0.000000000,0.152818952,588,0.186607426,0.000000000,-0.758364762,-0.434676349,0.767466068,0.213885024,-6.589440033,-4.031620050,-1.904989064,6.427645683,0.194323301,1.562598228,0.025217957,0.999631768,0.010019164,-0.990066315,0.140588079,-0.001917275,-0.434676349,0.767466068,0.213885024,0.000000000,0.000000000,0.000000000,1.000000000,1.562598228,6.427645683,0.194323301,6.427645683,0.243105844
2026-06-03T01:47:39,1773928448.966547966,r1,body,odom,7,structure_anchor_7,plane,wall_like,general_plane,unknown,weak_tracked,false,true,true,false,2,0,45,2,0.142388889,0.250000000,0.350000000,0.044444444,0.700000000,0.000000000,0.000000000,0.011927877,244,0.077435735,0.000000000,0.828251819,0.402175426,-0.846342802,0.096688852,-4.888678212,-3.388849395,-2.017638932,4.083302498,0.181355119,1.305034876,0.030222304,0.998413496,0.047508981,-0.988633863,0.146093131,0.035494708,0.402175426,-0.846342802,0.096688852,0.000000000,0.000000000,0.000000000,1.000000000,1.305034876,4.083302498,0.181355119,4.083302498,0.319602791
2026-06-03T01:47:39,1773928448.966547966,r1,body,odom,14,structure_anchor_14,plane,wall_like,general_plane,unknown,confirmed,true,true,true,false,3,0,4,3,0.453425000,0.375000000,0.673375000,0.750000000,0.000000000,0.000000000,0.000000000,0.072951497,292,0.065376071,0.000000000,-0.832353871,-0.111120313,-3.259629731,0.391830025,-2.553810520,-4.171817959,-1.686145838,0.774286270,2.329512119,1.789598703,0.954184522,-0.294345430,-0.053783429,0.403162425,0.912715216,-0.066415186,-0.111120313,-3.259629731,0.391830025,0.000000000,0.000000000,0.000000000,1.000000000,1.789598703,0.774286270,2.329512119,2.329512119,0.768228973
2026-06-03T01:47:39,1773928448.966547966,r1,body,odom,1,structure_anchor_1,plane,wall_like,general_plane,unknown,stale,false,false,true,false,48,8,56,48,0.665428571,1.000000000,0.359999999,0.857142857,0.400000000,0.000000000,0.000000000,0.091758177,165,0.054926764,0.000000000,-0.742120464,-8.412989361,1.039239674,0.534834415,-7.784626896,-11.918174911,-1.453183574,5.174537659,0.099238873,3.689626217,0.032797163,0.999268871,0.019648397,-0.988921250,0.148247042,0.007586793,-8.412989361,1.039239674,0.534834415,0.000000000,0.000000000,0.000000000,1.000000000,3.689626217,5.174537659,0.099238873,5.174537659,0.713034953
2026-06-03T01:47:39,1773928448.966547966,r1,body,odom,3,structure_anchor_3,plane,wall_like,general_plane,unknown,stale,false,false,true,false,20,11,56,20,0.483338666,1.000000000,0.002050471,0.357142857,0.550000000,0.000000000,0.000000000,0.214740401,138,0.044259140,0.000000000,-0.925327688,-1.142398979,-2.087416347,0.065543588,-3.834218520,-5.066638269,-2.008534873,0.073419511,1.111512899,1.289421082,0.999711614,-0.010433750,0.021629072,0.125712836,0.992054327,0.004947509,-1.142398979,-2.087416347,0.065543588,0.000000000,0.000000000,0.000000000,1.000000000,1.289421082,0.073419511,1.111512899,1.111512899,1.160059485
2026-06-03T01:47:39,1773928448.966547966,r1,body,odom,5,structure_anchor_5,plane,wall_like,general_plane,unknown,stale,false,false,true,false,32,11,55,32,0.538383460,1.000000000,0.052599120,0.581818182,0.550000000,0.000000000,0.000000000,0.473049691,201,0.064464400,0.000000000,3.687168749,-5.845796182,4.742443870,0.648925031,-11.167187342,-8.939130920,-1.424892752,0.198105574,2.248228073,2.713875055,0.999974075,0.007184206,0.000476656,0.108444992,0.993967027,-0.016407797,-5.845796182,4.742443870,0.648925031,0.000000000,0.000000000,0.000000000,1.000000000,2.713875055,0.198105574,2.248228073,2.248228073,1.207117324
2026-06-03T01:47:39,1773928448.966547966,r1,body,odom,8,structure_anchor_8,plane,wall_like,general_plane,unknown,stale,false,false,true,false,4,25,38,4,0.176052632,0.500000000,0.000000000,0.105263158,1.000000000,0.000000000,0.000000000,0.269359626,103,0.033161623,0.000000000,-1.000408871,-1.144404844,-2.432435408,-0.186439557,-3.489366476,-5.112987874,-2.256459180,0.511914730,3.259346485,1.469122410,0.966940997,0.158215252,-0.199982580,-0.043481335,0.974977540,-0.218009525,-1.144404844,-2.432435408,-0.186439557,0.000000000,0.000000000,0.000000000,1.000000000,1.469122410,0.511914730,3.259346485,3.259346485,0.450741404
2026-06-03T01:47:40,1773928449.167547941,r1,body,odom,2,structure_anchor_2,plane,wall_like,general_plane,unknown,confirmed,true,true,true,false,55,0,57,55,0.841866709,1.000000000,0.994421265,0.964912281,0.000000000,0.000000000,0.000000000,0.148327804,509,0.158764816,0.000000000,-0.743493493,-0.112401478,0.749558449,0.232602015,-6.530430787,-3.612022586,-1.912822898,5.218161106,0.481978357,1.345831871,0.093248527,0.995027079,0.035011785,-0.989134927,0.146980958,0.002905093,-0.112401478,0.749558449,0.232602015,0.000000000,0.000000000,0.000000000,1.000000000,1.345831871,5.218161106,0.481978357,5.218161106,0.257913055
2026-06-03T01:47:40,1773928449.167547941,r1,body,odom,14,structure_anchor_14,plane,wall_like,general_plane,unknown,confirmed,true,true,true,false,4,0,5,4,0.542538750,0.500000000,0.787693750,0.800000000,0.000000000,0.000000000,0.000000000,0.147113714,286,0.089207735,0.000000000,-0.477524666,-0.633160770,-3.672572374,0.402586818,-2.150335897,-4.368262275,-1.599467917,1.411347628,4.506091118,1.843744040,0.955217349,-0.295751478,-0.009533075,0.347127059,0.937784939,-0.007871371,-0.633160770,-3.672572374,0.402586818,0.000000000,0.000000000,0.000000000,1.000000000,1.843744040,1.411347628,4.506091118,4.506091118,0.409167057
2026-06-03T01:47:40,1773928449.167547941,r1,body,odom,1,structure_anchor_1,plane,wall_like,general_plane,unknown,stale,false,false,true,false,48,9,57,48,0.642921052,1.000000000,0.279999999,0.842105263,0.450000000,0.000000000,0.000000000,0.091758177,165,0.054926764,0.000000000,-0.742120464,-8.477639672,1.539970500,0.650287481,-7.784627473,-11.918172533,-1.453183663,5.174537659,0.099238873,3.689626217,0.094486841,0.994734207,0.039696667,-0.988920980,0.148247132,0.007586796,-8.477639672,1.539970500,0.650287481,0.000000000,0.000000000,0.000000000,1.000000000,3.689626217,5.174537659,0.099238873,5.174537659,0.713034953
2026-06-03T01:47:40,1773928449.167547941,r1,body,odom,3,structure_anchor_3,plane,wall_like,general_plane,unknown,stale,false,false,true,false,20,12,57,20,0.478175439,1.000000000,0.000000000,0.350877193,0.600000000,0.000000000,0.000000000,0.214740401,138,0.044259140,0.000000000,-0.925327688,-1.418271773,-2.016652129,0.039189870,-3.834219207,-5.066638134,-2.008534898,0.073419511,1.111512899,1.289421082,0.997329152,-0.072252103,0.010673723,0.125712933,0.992054060,0.004947509,-1.418271773,-2.016652129,0.039189870,0.000000000,0.000000000,0.000000000,1.000000000,1.289421082,0.073419511,1.111512899,1.111512899,1.160059485
2026-06-03T01:47:40,1773928449.167547941,r1,body,odom,5,structure_anchor_5,plane,wall_like,general_plane,unknown,stale,false,false,true,false,32,12,56,32,0.522285714,1.000000000,0.000000000,0.571428571,0.600000000,0.000000000,0.000000000,0.473049691,201,0.064464400,0.000000000,3.687168749,-5.686195702,5.075331016,0.812398908,-11.167186678,-8.939128857,-1.424892827,0.198105574,2.248228073,2.713875055,0.998476423,-0.054242315,-0.010116108,0.108445094,0.993966762,-0.016407794,-5.686195702,5.075331016,0.812398908,0.000000000,0.000000000,0.000000000,1.000000000,2.713875055,0.198105574,2.248228073,2.248228073,1.207117324
2026-06-03T01:47:40,1773928449.167547941,r1,body,odom,8,structure_anchor_8,plane,wall_like,general_plane,unknown,stale,false,false,true,false,4,26,39,4,0.175512821,0.500000000,0.000000000,0.102564103,1.000000000,0.000000000,0.000000000,0.269359626,103,0.033161623,0.000000000,-1.000408871,-1.443915788,-2.355518017,-0.219750137,-3.489367257,-5.112987770,-2.256459174,0.511914730,3.259346485,1.469122410,0.972916039,0.102716741,-0.207083037,-0.043481198,0.974977300,-0.218009495,-1.443915788,-2.355518017,-0.219750137,0.000000000,0.000000000,0.000000000,1.000000000,1.469122410,0.511914730,3.259346485,3.259346485,0.450741404
2026-06-03T01:47:40,1773928449.347547770,r1,body,odom,14,structure_anchor_14,plane,wall_like,general_plane,unknown,confirmed,true,true,true,false,5,0,6,5,0.620316854,0.625000000,0.862000937,0.833333333,0.000000000,0.000000000,0.000000000,0.168071594,230,0.069908815,0.000000000,-0.437493807,-0.722740352,-2.946320534,0.367491692,-2.838442178,-4.092790687,-1.682486256,0.967549622,2.575244904,1.615302444,0.921182166,-0.383022949,-0.068679235,0.395412413,0.915958511,-0.068329550,-0.722740352,-2.946320534,0.367491692,0.000000000,0.000000000,0.000000000,1.000000000,1.615302444,0.967549622,2.575244904,2.575244904,0.627242264
2026-06-03T01:47:40,1773928449.347547770,r1,body,odom,2,structure_anchor_2,plane,wall_like,general_plane,unknown,confirmed,true,true,true,false,56,0,58,56,0.842378213,1.000000000,0.996373822,0.965517241,0.000000000,0.000000000,0.000000000,0.143824469,375,0.113981763,0.000000000,-0.716597830,-0.535121083,0.788748622,0.230860457,-6.566808701,-3.863097487,-1.908613069,5.759813309,0.754614353,1.339335442,0.135014457,0.990271617,0.033663362,-0.989118708,0.146836919,0.009110317,-0.535121083,0.788748622,0.230860457,0.000000000,0.000000000,0.000000000,1.000000000,1.339335442,5.759813309,0.754614353,5.759813309,0.232531051
2026-06-03T01:47:40,1773928449.347547770,r1,body,odom,7,structure_anchor_7,plane,wall_like,general_plane,unknown,weak_tracked,false,true,true,false,3,0,47,3,0.255115957,0.375000000,0.525500000,0.063829787,0.450000000,0.000000000,0.000000000,0.153089526,205,0.062310030,0.000000000,0.876888737,0.919497728,-1.002271533,0.250421762,-4.759626286,-2.429276050,-1.860665382,4.523892403,0.662379444,1.346549988,0.141334309,0.987642835,-0.067721814,-0.984044799,0.152143012,-0.092240094,0.919497728,-1.002271533,0.250421762,0.000000000,0.000000000,0.000000000,1.000000000,1.346549988,4.523892403,0.662379444,4.523892403,0.297652965
2026-06-03T01:47:40,1773928449.347547770,r1,body,odom,17,structure_anchor_17,cylinder,pipe_like,pipe_candidate,unknown,candidate,false,true,true,false,1,0,1,1,0.326250000,0.125000000,0.350000000,1.000000000,0.000000000,0.000000000,0.000000000,0.000000000,10,0.003039514,0.043157451,0.000000000,-6.076884270,2.019109964,0.768159509,-7.874976420,-9.384716270,-1.348221749,0.086314902,0.086314902,1.032589436,-0.057725220,-0.206818042,0.976675021,0.183220955,-0.050658319,0.981765660,-6.076884270,2.019109964,0.768159509,0.000000000,0.000000000,0.000000000,1.000000000,1.032589436,0.086314902,0.086314902,0.086314902,11.963049429
2026-06-03T01:47:40,1773928449.347547770,r1,body,odom,1,structure_anchor_1,plane,wall_like,general_plane,unknown,stale,false,false,true,false,48,10,58,48,0.620517241,1.000000000,0.199999999,0.827586207,0.500000000,0.000000000,0.000000000,0.091758177,165,0.054926764,0.000000000,-0.742120464,-8.607993191,1.901807319,0.636567670,-7.784627115,-11.918173994,-1.453183608,5.174537659,0.099238873,3.689626217,0.136441136,0.990126320,0.032149372,-0.988921148,0.148247075,0.007586794,-8.607993191,1.901807319,0.636567670,0.000000000,0.000000000,0.000000000,1.000000000,3.689626217,5.174537659,0.099238873,5.174537659,0.713034953
2026-06-03T01:47:40,1773928449.347547770,r1,body,odom,3,structure_anchor_3,plane,wall_like,general_plane,unknown,stale,false,false,true,false,20,13,58,20,0.473465517,1.000000000,0.000000000,0.344827586,0.650000000,0.000000000,0.000000000,0.214740401,138,0.044259140,0.000000000,-0.925327688,-1.705205285,-1.954544921,0.055399202,-3.834218788,-5.066638194,-2.008534882,0.073419511,1.111512899,1.289421082,0.993383625,-0.114253490,0.011619352,0.125712872,0.992054226,0.004947509,-1.705205285,-1.954544921,0.055399202,0.000000000,0.000000000,0.000000000,1.000000000,1.289421082,0.073419511,1.111512899,1.111512899,1.160059485
2026-06-03T01:47:40,1773928449.347547770,r1,body,odom,5,structure_anchor_5,plane,wall_like,general_plane,unknown,stale,false,false,true,false,32,13,57,32,0.516780702,1.000000000,0.000000000,0.561403509,0.650000000,0.000000000,0.000000000,0.473049691,201,0.064464400,0.000000000,3.687168749,-5.669636021,5.317170728,0.772827669,-11.167187096,-8.939130126,-1.424892781,0.198105574,2.248228073,2.713875055,0.995292571,-0.096467505,-0.009306722,0.108445029,0.993966927,-0.016407796,-5.669636021,5.317170728,0.772827669,0.000000000,0.000000000,0.000000000,1.000000000,2.713875055,0.198105574,2.248228073,2.248228073,1.207117324
2026-06-03T01:47:40,1773928449.347547770,r1,body,odom,8,structure_anchor_8,plane,wall_like,general_plane,unknown,stale,false,false,true,false,4,27,40,4,0.175000000,0.500000000,0.000000000,0.100000000,1.000000000,0.000000000,0.000000000,0.269359626,103,0.033161623,0.000000000,-1.000408871,-1.745129221,-2.293991075,-0.200960023,-3.489366779,-5.112987810,-2.256459178,0.511914730,3.259346485,1.469122410,0.976403268,0.059923417,-0.207474666,-0.043481284,0.974977450,-0.218009514,-1.745129221,-2.293991075,-0.200960023,0.000000000,0.000000000,0.000000000,1.000000000,1.469122410,0.511914730,3.259346485,3.259346485,0.450741404
2026-06-03T01:47:40,1773928449.563548088,r1,body,odom,2,structure_anchor_2,plane,wall_like,general_plane,unknown,confirmed,true,true,true,false,57,0,59,57,0.842748936,1.000000000,0.997642984,0.966101695,0.000000000,0.000000000,0.000000000,0.134247450,412,0.119767442,0.000000000,-0.686624537,-1.105201840,0.845894575,0.215862438,-6.630530754,-4.232210611,-1.908003960,5.114496708,0.707701206,1.421523094,0.138635817,0.990292793,0.010014690,-0.988772480,0.149250212,0.007316817,-1.105201840,0.845894575,0.215862438,0.000000000,0.000000000,0.000000000,1.000000000,1.421523094,5.114496708,0.707701206,5.114496708,0.277939976
2026-06-03T01:47:40,1773928449.563548088,r1,body,odom,18,structure_anchor_18,plane,wall_like,general_plane,unknown,candidate,false,true,true,false,1,0,1,1,0.326250000,0.125000000,0.350000000,1.000000000,0.000000000,0.000000000,0.000000000,0.000000000,206,0.059883721,0.000000000,0.924639187,1.946288228,-1.183629394,0.280268848,-4.568664535,-1.202173951,-1.860094631,3.211394548,0.496958613,1.313742042,0.137963059,0.986084481,-0.092755543,-0.984393885,0.147852138,-0.095438993,1.946288228,-1.183629394,0.280268848,0.000000000,0.000000000,0.000000000,1.000000000,1.313742042,3.211394548,0.496958613,3.211394548,0.409087710
2026-06-03T01:47:40,1773928449.563548088,r1,body,odom,7,structure_anchor_7,plane,wall_like,general_plane,unknown,weak_tracked,false,true,true,false,4,0,48,4,0.369481667,0.500000000,0.691575000,0.083333333,0.150000000,0.000000000,0.000000000,0.201118619,53,0.015406977,0.000000000,0.898239026,-1.386111975,-0.717027605,0.186107323,-5.070646839,-4.529960316,-1.933090760,2.089464664,0.304446340,0.708940744,0.129457421,0.990515218,-0.046047576,-0.988995921,0.139703691,-0.048683934,-1.386111975,-0.717027605,0.186107323,0.000000000,0.000000000,0.000000000,1.000000000,0.708940744,2.089464664,0.304446340,2.089464664,0.339293005
2026-06-03T01:47:40,1773928449.563548088,r1,body,odom,14,structure_anchor_14,plane,wall_like,general_plane,unknown,confirmed,true,true,true,false,6,0,7,6,0.690988693,0.750000000,0.910300609,0.857142857,0.000000000,0.000000000,0.000000000,0.214611594,219,0.063662791,0.000000000,-0.106828652,-1.150458455,-3.550586224,0.501744151,-2.235284024,-4.322448131,-1.613917631,1.515600443,4.065314293,2.097198963,0.941407819,-0.337006593,-0.013336935,0.347058721,0.937652107,-0.018945965,-1.150458455,-3.550586224,0.501744151,0.000000000,0.000000000,0.000000000,1.000000000,2.097198963,1.515600443,4.065314293,4.065314293,0.515876218
2026-06-03T01:47:40,1773928449.563548088,r1,body,odom,1,structure_anchor_1,plane,wall_like,general_plane,unknown,stale,false,false,true,false,48,11,59,48,0.598211864,1.000000000,0.119999999,0.813559322,0.550000000,0.000000000,0.000000000,0.091758177,165,0.054926764,0.000000000,-0.742120464,-8.805883931,1.917152579,0.621774827,-7.784626443,-11.918176754,-1.453183504,5.174537659,0.099238873,3.689626217,0.137629287,0.990430572,0.010278274,-0.988921450,0.148246976,0.007586793,-8.805883931,1.917152579,0.621774827,0.000000000,0.000000000,0.000000000,1.000000000,3.689626217,5.174537659,0.099238873,5.174537659,0.713034953
2026-06-03T01:47:40,1773928449.563548088,r1,body,odom,3,structure_anchor_3,plane,wall_like,general_plane,unknown,stale,false,false,true,false,20,14,59,20,0.468796610,1.000000000,0.000000000,0.338983051,0.700000000,0.000000000,0.000000000,0.214740401,138,0.044259140,0.000000000,-0.925327688,-1.909051805,-1.958970618,0.104973324,-3.834217973,-5.066638444,-2.008534860,0.073419511,1.111512899,1.289421082,0.993285504,-0.115136535,0.011298958,0.125712766,0.992054526,0.004947509,-1.909051805,-1.958970618,0.104973324,0.000000000,0.000000000,0.000000000,1.000000000,1.289421082,0.073419511,1.111512899,1.111512899,1.160059485
2026-06-03T01:47:40,1773928449.563548088,r1,body,odom,5,structure_anchor_5,plane,wall_like,general_plane,unknown,stale,false,false,true,false,32,14,58,32,0.511344828,1.000000000,0.000000000,0.551724138,0.700000000,0.000000000,0.000000000,0.473049691,201,0.064464400,0.000000000,3.687168749,-5.863367421,5.331228999,0.675639990,-11.167187810,-8.939132522,-1.424892682,0.198105574,2.248228073,2.713875055,0.995154736,-0.097810871,-0.010013326,0.108444918,0.993967225,-0.016407799,-5.863367421,5.331228999,0.675639990,0.000000000,0.000000000,0.000000000,1.000000000,2.713875055,0.198105574,2.248228073,2.248228073,1.207117324
2026-06-03T01:47:40,1773928449.563548088,r1,body,odom,8,structure_anchor_8,plane,wall_like,general_plane,unknown,stale,false,false,true,false,4,28,41,4,0.174512195,0.500000000,0.000000000,0.097560976,1.000000000,0.000000000,0.000000000,0.269359626,103,0.033161623,0.000000000,-1.000408871,-1.950079746,-2.303850543,-0.143848422,-3.489365860,-5.112988025,-2.256459191,0.511914730,3.259346485,1.469122410,0.975876165,0.054266941,-0.211473382,-0.043481436,0.974977720,-0.218009546,-1.950079746,-2.303850543,-0.143848422,0.000000000,0.000000000,0.000000000,1.000000000,1.469122410,0.511914730,3.259346485,3.259346485,0.450741404
2026-06-03T01:47:40,1773928449.767548084,r1,body,odom,18,structure_anchor_18,plane,wall_like,general_plane,unknown,weak_tracked,false,true,true,false,2,0,2,2,0.428000000,0.250000000,0.577500000,1.000000000,0.000000000,0.000000000,0.000000000,0.097322063,512,0.141475546,0.000000000,0.940634238,1.068664312,-1.102683306,0.160592839,-4.672531496,-1.880368885,-1.977703614,7.312330246,1.048770666,1.425660133,0.142377732,0.989775109,-0.008591607,-0.988473570,0.151020839,-0.010616417,1.068664312,-1.102683306,0.160592839,0.000000000,0.000000000,0.000000000,1.000000000,1.425660133,7.312330246,1.048770666,7.312330246,0.194966596
2026-06-03T01:47:40,1773928449.767548084,r1,body,odom,2,structure_anchor_2,plane,wall_like,general_plane,unknown,confirmed,true,true,true,false,58,0,60,58,0.843026921,1.000000000,0.998467940,0.966666667,0.000000000,0.000000000,0.000000000,0.127725675,514,0.142028185,0.000000000,-0.644229568,-1.240015030,0.824981332,0.180186346,-6.620538765,-4.171605485,-1.935540864,5.021373749,0.700979710,1.486425519,0.139660543,0.990195266,0.002875526,-0.988923242,0.148425239,0.000877732,-1.240015030,0.824981332,0.180186346,0.000000000,0.000000000,0.000000000,1.000000000,1.486425519,5.021373749,0.700979710,5.021373749,0.296019694
2026-06-03T01:47:40,1773928449.767548084,r1,body,odom,1,structure_anchor_1,plane,wall_like,general_plane,unknown,stale,false,false,true,false,48,12,60,48,0.576000000,1.000000000,0.039999999,0.800000000,0.600000000,0.000000000,0.000000000,0.091758177,165,0.054926764,0.000000000,-0.742120464,-9.001110923,1.920310271,0.583614102,-7.784626873,-11.918175002,-1.453183570,5.174537659,0.099238873,3.689626217,0.139413586,0.990187876,0.009582405,-0.988921260,0.148247038,0.007586793,-9.001110923,1.920310271,0.583614102,0.000000000,0.000000000,0.000000000,1.000000000,3.689626217,5.174537659,0.099238873,5.174537659,0.713034953
2026-06-03T01:47:40,1773928449.767548084,r1,body,odom,3,structure_anchor_3,plane,wall_like,general_plane,unknown,stale,false,false,true,false,20,15,60,20,0.464166667,1.000000000,0.000000000,0.333333333,0.750000000,0.000000000,0.000000000,0.214740401,138,0.044259140,0.000000000,-0.925327688,-2.109586260,-1.969095319,0.096675826,-3.834218493,-5.066638273,-2.008534873,0.073419511,1.111512899,1.289421082,0.993023998,-0.116946310,0.015063229,0.125712832,0.992054337,0.004947509,-2.109586260,-1.969095319,0.096675826,0.000000000,0.000000000,0.000000000,1.000000000,1.289421082,0.073419511,1.111512899,1.111512899,1.160059485
2026-06-03T01:47:40,1773928449.767548084,r1,body,odom,5,structure_anchor_5,plane,wall_like,general_plane,unknown,stale,false,false,true,false,32,15,59,32,0.505974576,1.000000000,0.000000000,0.542372881,0.750000000,0.000000000,0.000000000,0.473049691,201,0.064464400,0.000000000,3.687168749,-6.052531880,5.329040761,0.644087961,-11.167187367,-8.939130999,-1.424892748,0.198105574,2.248228073,2.713875055,0.995002836,-0.099650045,-0.006263031,0.108444988,0.993967037,-0.016407797,-6.052531880,5.329040761,0.644087961,0.000000000,0.000000000,0.000000000,1.000000000,2.713875055,0.198105574,2.248228073,2.248228073,1.207117324
2026-06-03T01:47:40,1773928449.767548084,r1,body,odom,8,structure_anchor_8,plane,wall_like,general_plane,unknown,stale,false,false,true,false,4,29,42,4,0.174047619,0.500000000,0.000000000,0.095238095,1.000000000,0.000000000,0.000000000,0.269359626,103,0.033161623,0.000000000,-1.000408871,-2.150341087,-2.314201702,-0.151876606,-3.489366446,-5.112987877,-2.256459181,0.511914730,3.259346485,1.469122410,0.976739133,0.052217734,-0.207975901,-0.043481341,0.974977549,-0.218009526,-2.150341087,-2.314201702,-0.151876606,0.000000000,0.000000000,0.000000000,1.000000000,1.469122410,0.511914730,3.259346485,3.259346485,0.450741404
2026-06-03T01:47:40,1773928449.947547913,r1,body,odom,2,structure_anchor_2,plane,wall_like,general_plane,unknown,confirmed,true,true,true,false,59,0,61,59,0.843243455,1.000000000,0.999004161,0.967213115,0.000000000,0.000000000,0.000000000,0.127880526,513,0.141322314,0.000000000,-0.614256561,-1.290136576,0.802379847,0.171438962,-6.603745944,-4.070856633,-1.955779353,5.682010174,0.860363483,1.494091749,0.139241047,0.990251013,-0.003855170,-0.988611531,0.150346431,-0.006569796,-1.290136576,0.802379847,0.171438962,0.000000000,0.000000000,0.000000000,1.000000000,1.494091749,5.682010174,0.860363483,5.682010174,0.262951263
2026-06-03T01:47:40,1773928449.947547913,r1,body,odom,18,structure_anchor_18,plane,wall_like,general_plane,unknown,confirmed,true,true,true,false,5,0,50,5,0.450754750,0.625000000,0.747523750,0.100000000,0.000000000,0.000000000,0.000000000,0.158527291,428,0.117906336,0.000000000,0.966453083,0.996355474,-1.122630000,0.121079713,-4.653013807,-1.806612877,-2.019724197,6.955796242,1.073510885,1.232702732,0.146269979,0.989138737,-0.014479364,-0.987402900,0.157283631,-0.017243642,0.996355474,-1.122630000,0.121079713,0.000000000,0.000000000,0.000000000,1.000000000,1.232702732,6.955796242,1.073510885,6.955796242,0.177219500
2026-06-03T01:47:40,1773928449.947547913,r1,body,odom,1,structure_anchor_1,plane,wall_like,general_plane,unknown,stale,false,false,true,false,48,13,61,48,0.561877049,1.000000000,0.000000000,0.786885246,0.650000000,0.000000000,0.000000000,0.091758177,165,0.054926764,0.000000000,-0.742120464,-9.153757449,1.893996350,0.617897491,-7.784626952,-11.918174693,-1.453183582,5.174537659,0.099238873,3.689626217,0.137033932,0.990512933,0.010285988,-0.988921228,0.148247049,0.007586793,-9.153757449,1.893996350,0.617897491,0.000000000,0.000000000,0.000000000,1.000000000,3.689626217,5.174537659,0.099238873,5.174537659,0.713034953
2026-06-03T01:47:40,1773928449.947547913,r1,body,odom,3,structure_anchor_3,plane,wall_like,general_plane,unknown,stale,false,false,true,false,20,16,61,20,0.459573770,1.000000000,0.000000000,0.327868852,0.800000000,0.000000000,0.000000000,0.214740401,138,0.044259140,0.000000000,-0.925327688,-2.254230144,-1.978086945,0.106831054,-3.834218588,-5.066638234,-2.008534875,0.073419511,1.111512899,1.289421082,0.993344439,-0.114546304,0.012080602,0.125712844,0.992054305,0.004947509,-2.254230144,-1.978086945,0.106831054,0.000000000,0.000000000,0.000000000,1.000000000,1.289421082,0.073419511,1.111512899,1.111512899,1.160059485
2026-06-03T01:47:40,1773928449.947547913,r1,body,odom,5,structure_anchor_5,plane,wall_like,general_plane,unknown,stale,false,false,true,false,32,16,60,32,0.500666667,1.000000000,0.000000000,0.533333333,0.800000000,0.000000000,0.000000000,0.473049691,201,0.064464400,0.000000000,3.687168749,-6.213308893,5.309822229,0.673702872,-11.167187297,-8.939130729,-1.424892759,0.198105574,2.248228073,2.713875055,0.995219921,-0.097221657,-0.009231955,0.108445000,0.993967005,-0.016407797,-6.213308893,5.309822229,0.673702872,0.000000000,0.000000000,0.000000000,1.000000000,2.713875055,0.198105574,2.248228073,2.248228073,1.207117324
2026-06-03T01:47:40,1773928449.947547913,r1,body,odom,8,structure_anchor_8,plane,wall_like,general_plane,unknown,stale,false,false,true,false,4,30,43,4,0.173604651,0.500000000,0.000000000,0.093023256,1.000000000,0.000000000,0.000000000,0.269359626,103,0.033161623,0.000000000,-1.000408871,-2.294860617,-2.323015858,-0.141987930,-3.489366552,-5.112987842,-2.256459179,0.511914730,3.259346485,1.469122410,0.976007396,0.054824636,-0.210722076,-0.043481324,0.974977520,-0.218009522,-2.294860617,-2.323015858,-0.141987930,0.000000000,0.000000000,0.000000000,1.000000000,1.469122410,0.511914730,3.259346485,3.259346485,0.450741404
2026-06-03T01:47:41,1773928450.148542881,r1,body,odom,2,structure_anchor_2,plane,wall_like,general_plane,unknown,confirmed,true,true,true,false,60,0,62,60,0.843418928,1.000000000,0.999352705,0.967741935,0.000000000,0.000000000,0.000000000,0.121054098,430,0.115219721,0.000000000,-0.590565997,-1.786140561,0.830150545,0.204173923,-6.650004200,-4.352839715,-1.909607013,5.620971680,0.788582087,1.630704880,0.130563691,0.991433440,0.003585628,-0.988270565,0.152531990,0.007432260,-1.786140561,0.830150545,0.204173923,0.000000000,0.000000000,0.000000000,1.000000000,1.630704880,5.620971680,0.788582087,5.620971680,0.290110851
2026-06-03T01:47:41,1773928450.148542881,r1,body,odom,18,structure_anchor_18,plane,wall_like,general_plane,unknown,confirmed,true,true,true,false,6,0,51,6,0.528207499,0.750000000,0.835890438,0.117647059,0.000000000,0.000000000,0.000000000,0.237197432,245,0.065648446,0.000000000,0.987959983,2.464911699,-1.300348520,0.203264475,-4.426091440,-0.150275206,-1.965598283,5.952569485,0.753825843,2.089615345,0.128699589,0.979945036,-0.152131991,-0.977677806,0.148823623,-0.148315859,2.464911699,-1.300348520,0.203264475,0.000000000,0.000000000,0.000000000,1.000000000,2.089615345,5.952569485,0.753825843,5.952569485,0.351044259
2026-06-03T01:47:41,1773928450.148542881,r1,body,odom,1,structure_anchor_1,plane,wall_like,general_plane,unknown,stale,false,false,true,false,48,14,62,48,0.555838710,1.000000000,0.000000000,0.774193548,0.700000000,0.000000000,0.000000000,0.091758177,165,0.054926764,0.000000000,-0.742120464,-9.379019614,1.799220262,0.577103300,-7.784626995,-11.918174537,-1.453183588,5.174537659,0.099238873,3.689626217,0.126264052,0.991989772,0.003692833,-0.988921212,0.148247054,0.007586792,-9.379019614,1.799220262,0.577103300,0.000000000,0.000000000,0.000000000,1.000000000,3.689626217,5.174537659,0.099238873,5.174537659,0.713034953
2026-06-03T01:47:41,1773928450.148542881,r1,body,odom,3,structure_anchor_3,plane,wall_like,general_plane,unknown,stale,false,false,true,false,20,17,62,20,0.455016129,1.000000000,0.000000000,0.322580645,0.850000000,0.000000000,0.000000000,0.214740401,138,0.044259140,0.000000000,-0.925327688,-2.436460503,-2.001241424,0.113359815,-3.834218637,-5.066638207,-2.008534876,0.073419511,1.111512899,1.289421082,0.994486766,-0.103670010,0.015765710,0.125712849,0.992054290,0.004947509,-2.436460503,-2.001241424,0.113359815,0.000000000,0.000000000,0.000000000,1.000000000,1.289421082,0.073419511,1.111512899,1.111512899,1.160059485
2026-06-03T01:47:41,1773928450.148542881,r1,body,odom,5,structure_anchor_5,plane,wall_like,general_plane,unknown,stale,false,false,true,false,32,17,61,32,0.495418033,1.000000000,0.000000000,0.524590164,0.850000000,0.000000000,0.000000000,0.473049691,201,0.064464400,0.000000000,3.687168749,-6.475927642,5.247068542,0.617319326,-11.167187269,-8.939130591,-1.424892766,0.198105574,2.248228073,2.713875055,0.996237802,-0.086476172,-0.005663050,0.108445006,0.993966990,-0.016407797,-6.475927642,5.247068542,0.617319326,0.000000000,0.000000000,0.000000000,1.000000000,2.713875055,0.198105574,2.248228073,2.248228073,1.207117324
2026-06-03T01:47:41,1773928450.148542881,r1,body,odom,8,structure_anchor_8,plane,wall_like,general_plane,unknown,stale,false,false,true,false,4,31,44,4,0.173181818,0.500000000,0.000000000,0.090909091,1.000000000,0.000000000,0.000000000,0.269359626,103,0.033161623,0.000000000,-1.000408871,-2.472611967,-2.348330436,-0.133135548,-3.489366607,-5.112987816,-2.256459178,0.511914730,3.259346485,1.469122410,0.975978289,0.063933431,-0.208275901,-0.043481316,0.974977506,-0.218009521,-2.472611967,-2.348330436,-0.133135548,0.000000000,0.000000000,0.000000000,1.000000000,1.469122410,0.511914730,3.259346485,3.259346485,0.450741404
2026-06-03T01:47:41,1773928450.367542982,r1,body,odom,18,structure_anchor_18,plane,wall_like,general_plane,unknown,confirmed,true,true,true,false,7,0,52,7,0.599338834,0.875000000,0.893328784,0.134615385,0.000000000,0.000000000,0.000000000,0.341219162,285,0.076757339,0.000000000,1.021674667,1.745512843,-1.204906940,0.119033910,-4.484995165,-0.702084246,-2.053960638,6.889904022,0.677812994,1.368218422,0.100142123,0.994805501,0.018263900,-0.988543049,0.148180147,0.028725281,1.745512843,-1.204906940,0.119033910,0.000000000,0.000000000,0.000000000,1.000000000,1.368218422,6.889904022,0.677812994,6.889904022,0.198583089
2026-06-03T01:47:41,1773928450.367542982,r1,body,odom,2,structure_anchor_2,plane,wall_like,general_plane,unknown,confirmed,true,true,true,false,61,0,63,61,0.843566645,1.000000000,0.999579258,0.968253968,0.000000000,0.000000000,0.000000000,0.126137775,280,0.075410719,0.000000000,-0.570611997,-1.725159883,0.750618577,0.277609020,-6.603384698,-4.072915923,-1.842507040,5.167141914,0.524804115,1.392614365,0.103286048,0.994619634,0.007985939,-0.988327457,0.151226495,0.018418556,-1.725159883,0.750618577,0.277609020,0.000000000,0.000000000,0.000000000,1.000000000,1.392614365,5.167141914,0.524804115,5.167141914,0.269513473
2026-06-03T01:47:41,1773928450.367542982,r1,body,odom,1,structure_anchor_1,plane,wall_like,general_plane,unknown,stale,false,false,true,false,48,15,63,48,0.549880952,1.000000000,0.000000000,0.761904762,0.750000000,0.000000000,0.000000000,0.091758177,165,0.054926764,0.000000000,-0.742120464,-9.621328871,1.556251562,0.588176558,-7.784627295,-11.918173447,-1.453183630,5.174537659,0.099238873,3.689626217,0.100377103,0.994945232,-0.002876308,-0.988921103,0.148247091,0.007586791,-9.621328871,1.556251562,0.588176558,0.000000000,0.000000000,0.000000000,1.000000000,3.689626217,5.174537659,0.099238873,5.174537659,0.713034953
2026-06-03T01:47:41,1773928450.367542982,r1,body,odom,14,structure_anchor_14,plane,wall_like,general_plane,unknown,stale,false,false,true,false,6,4,11,6,0.550651031,0.750000000,0.590300609,0.545454545,0.200000000,0.000000000,0.000000000,0.214611594,219,0.063662791,0.000000000,-0.106828652,-1.648832476,-3.235568867,0.530533065,-2.615436788,-4.186957957,-1.635745363,1.515600443,4.065314293,2.097198963,0.940375876,-0.339093363,-0.026622433,0.383649042,0.922664375,-0.038775916,-1.648832476,-3.235568867,0.530533065,0.000000000,0.000000000,0.000000000,1.000000000,2.097198963,1.515600443,4.065314293,4.065314293,0.515876218
2026-06-03T01:47:41,1773928450.367542982,r1,body,odom,3,structure_anchor_3,plane,wall_like,general_plane,unknown,stale,false,false,true,false,20,18,63,20,0.450492063,1.000000000,0.000000000,0.317460317,0.900000000,0.000000000,0.000000000,0.214740401,138,0.044259140,0.000000000,-0.925327688,-2.582866990,-2.064989340,0.136118939,-3.834218981,-5.066638026,-2.008534883,0.073419511,1.111512899,1.289421082,0.996875161,-0.077627216,0.014621206,0.125712889,0.992054182,0.004947509,-2.582866990,-2.064989340,0.136118939,0.000000000,0.000000000,0.000000000,1.000000000,1.289421082,0.073419511,1.111512899,1.111512899,1.160059485
2026-06-03T01:47:41,1773928450.367542982,r1,body,odom,5,structure_anchor_5,plane,wall_like,general_plane,unknown,stale,false,false,true,false,32,18,62,32,0.490225806,1.000000000,0.000000000,0.516129032,0.900000000,0.000000000,0.000000000,0.473049691,201,0.064464400,0.000000000,3.687168749,-6.809007030,5.078735804,0.601082872,-11.167187066,-8.939129628,-1.424892811,0.198105574,2.248228073,2.713875055,0.998142201,-0.060531875,-0.006920145,0.108445047,0.993966883,-0.016407795,-6.809007030,5.078735804,0.601082872,0.000000000,0.000000000,0.000000000,1.000000000,2.713875055,0.198105574,2.248228073,2.248228073,1.207117324
2026-06-03T01:47:41,1773928450.367542982,r1,body,odom,8,structure_anchor_8,plane,wall_like,general_plane,unknown,stale,false,false,true,false,4,32,45,4,0.172777778,0.500000000,0.000000000,0.088888889,1.000000000,0.000000000,0.000000000,0.269359626,103,0.033161623,0.000000000,-1.000408871,-2.610368047,-2.414481487,-0.108087093,-3.489366988,-5.112987649,-2.256459172,0.511914730,3.259346485,1.469122410,0.973635887,0.087991836,-0.210452956,-0.043481261,0.974977409,-0.218009509,-2.610368047,-2.414481487,-0.108087093,0.000000000,0.000000000,0.000000000,1.000000000,1.469122410,0.511914730,3.259346485,3.259346485,0.450741404
2026-06-03T01:47:41,1773928450.565542936,r1,body,odom,2,structure_anchor_2,plane,wall_like,general_plane,unknown,confirmed,true,true,true,false,62,0,64,62,0.843695304,1.000000000,0.999726518,0.968750000,0.000000000,0.000000000,0.000000000,0.117824375,554,0.147418840,0.000000000,-0.548163749,-1.938724399,0.753344476,0.208491087,-6.603822555,-4.117734453,-1.906952098,5.366810322,0.565896511,1.714727402,0.104014670,0.994572082,0.002705838,-0.989008404,0.147747045,0.005769484,-1.938724399,0.753344476,0.208491087,0.000000000,0.000000000,0.000000000,1.000000000,1.714727402,5.366810322,0.565896511,5.366810322,0.319505870
2026-06-03T01:47:41,1773928450.565542936,r1,body,odom,18,structure_anchor_18,plane,wall_like,general_plane,unknown,confirmed,true,true,true,false,8,0,53,8,0.666321421,1.000000000,0.930663710,0.150943396,0.000000000,0.000000000,0.000000000,0.340603178,509,0.135444385,0.000000000,1.038226464,1.019312263,-1.153890133,0.146733701,-4.568589591,-1.247414219,-2.009072023,7.298305511,0.808374166,1.293191910,0.110796832,0.993242073,-0.034557886,-0.987556407,0.154063914,-0.031571386,1.019312263,-1.153890133,0.146733701,0.000000000,0.000000000,0.000000000,1.000000000,1.293191910,7.298305511,0.808374166,7.298305511,0.177190706
2026-06-03T01:47:41,1773928450.565542936,r1,body,odom,19,structure_anchor_19,plane,wall_like,general_plane,unknown,candidate,false,true,true,false,1,0,1,1,0.326250000,0.125000000,0.350000000,1.000000000,0.000000000,0.000000000,0.000000000,0.000000000,60,0.015965939,0.000000000,1.134373443,-4.218824863,-0.588890076,-0.212944925,-5.365210283,-6.459135961,-2.309120398,1.713319540,0.212958813,1.312869310,0.132349460,0.990603252,-0.034479219,-0.983971463,0.175478988,-0.031739303,-4.218824863,-0.588890076,-0.212944925,0.000000000,0.000000000,0.000000000,1.000000000,1.312869310,1.713319540,0.212958813,1.713319540,0.766272303
2026-06-03T01:47:41,1773928450.565542936,r1,body,odom,1,structure_anchor_1,plane,wall_like,general_plane,unknown,stale,false,false,true,false,48,16,64,48,0.544000000,1.000000000,0.000000000,0.750000000,0.800000000,0.000000000,0.000000000,0.091758177,165,0.054926764,0.000000000,-0.742120464,-9.788058367,1.591303335,0.573002559,-7.784626578,-11.918176076,-1.453183529,5.174537659,0.099238873,3.689626217,0.104498092,0.994514828,0.004528795,-0.988921366,0.148247003,0.007586793,-9.788058367,1.591303335,0.573002559,0.000000000,0.000000000,0.000000000,1.000000000,3.689626217,5.174537659,0.099238873,5.174537659,0.713034953
2026-06-03T01:47:41,1773928450.565542936,r1,body,odom,14,structure_anchor_14,plane,wall_like,general_plane,unknown,stale,false,false,true,false,6,5,12,6,0.522060122,0.750000000,0.510300609,0.500000000,0.250000000,0.000000000,0.000000000,0.214611594,219,0.063662791,0.000000000,-0.106828652,-1.835346082,-3.233039161,0.497681383,-2.615435770,-4.186958021,-1.635745300,1.515600443,4.065314293,2.097198963,0.939020427,-0.342794127,-0.027072633,0.383649021,0.922664651,-0.038775923,-1.835346082,-3.233039161,0.497681383,0.000000000,0.000000000,0.000000000,1.000000000,2.097198963,1.515600443,4.065314293,4.065314293,0.515876218
2026-06-03T01:47:41,1773928450.565542936,r1,body,odom,3,structure_anchor_3,plane,wall_like,general_plane,unknown,stale,false,false,true,false,20,19,64,20,0.446000000,1.000000000,0.000000000,0.312500000,0.950000000,0.000000000,0.000000000,0.214740401,138,0.044259140,0.000000000,-0.925327688,-2.763677457,-2.055774386,0.109752882,-3.834218154,-5.066638461,-2.008534865,0.073419511,1.111512899,1.289421082,0.996511777,-0.081869359,0.016179901,0.125712794,0.992054443,0.004947509,-2.763677457,-2.055774386,0.109752882,0.000000000,0.000000000,0.000000000,1.000000000,1.289421082,0.073419511,1.111512899,1.111512899,1.160059485
2026-06-03T01:47:41,1773928450.565542936,r1,body,odom,5,structure_anchor_5,plane,wall_like,general_plane,unknown,stale,false,false,true,false,32,19,63,32,0.485087302,1.000000000,0.000000000,0.507936508,0.950000000,0.000000000,0.000000000,0.473049691,201,0.064464400,0.000000000,3.687168749,-6.961222885,5.101895235,0.617350660,-11.167187563,-8.939131948,-1.424892706,0.198105574,2.248228073,2.713875055,0.997895984,-0.064624359,-0.005234579,0.108444948,0.993967142,-0.016407799,-6.961222885,5.101895235,0.617350660,0.000000000,0.000000000,0.000000000,1.000000000,2.713875055,0.198105574,2.248228073,2.248228073,1.207117324
2026-06-03T01:47:41,1773928450.565542936,r1,body,odom,8,structure_anchor_8,plane,wall_like,general_plane,unknown,stale,false,false,true,false,4,33,46,4,0.172391304,0.500000000,0.000000000,0.086956522,1.000000000,0.000000000,0.000000000,0.269359626,103,0.033161623,0.000000000,-1.000408871,-2.792097288,-2.403377295,-0.137030894,-3.489366070,-5.112988051,-2.256459186,0.511914730,3.259346485,1.469122410,0.974443320,0.085465319,-0.207740220,-0.043481395,0.974977645,-0.218009538,-2.792097288,-2.403377295,-0.137030894,0.000000000,0.000000000,0.000000000,1.000000000,1.469122410,0.511914730,3.259346485,3.259346485,0.450741404
2026-06-03T01:47:41,1773928450.766542912,r1,body,odom,2,structure_anchor_2,plane,wall_like,general_plane,unknown,confirmed,true,true,true,false,63,0,65,63,0.843810601,1.000000000,0.999822236,0.969230769,0.000000000,0.000000000,0.000000000,0.111041580,590,0.158176944,0.000000000,-0.534508915,-1.946355939,0.739828348,0.234251663,-6.574063572,-3.944323523,-1.895109231,5.792653084,0.584772587,1.811170578,0.104100493,0.994550607,0.005672510,-0.989152197,0.146679461,0.007952430,-1.946355939,0.739828348,0.234251663,0.000000000,0.000000000,0.000000000,1.000000000,1.811170578,5.792653084,0.584772587,5.792653084,0.312666847
2026-06-03T01:47:41,1773928450.766542912,r1,body,odom,18,structure_anchor_18,plane,wall_like,general_plane,unknown,confirmed,true,true,true,false,9,0,54,9,0.674319616,1.000000000,0.954931411,0.166666667,0.000000000,0.000000000,0.000000000,0.344335958,474,0.127077748,0.000000000,1.048760501,1.249289989,-1.188019395,0.147192672,-4.511517373,-0.835339177,-2.023370807,6.964675903,0.783192873,1.496053457,0.108416936,0.993815829,-0.023997221,-0.988348615,0.150643586,-0.021764644,1.249289989,-1.188019395,0.147192672,0.000000000,0.000000000,0.000000000,1.000000000,1.496053457,6.964675903,0.783192873,6.964675903,0.214805897
2026-06-03T01:47:41,1773928450.766542912,r1,body,odom,19,structure_anchor_19,plane,wall_like,general_plane,unknown,weak_tracked,false,true,true,false,2,0,2,2,0.428000000,0.250000000,0.577500000,1.000000000,0.000000000,0.000000000,0.000000000,0.027649986,73,0.019571046,0.000000000,1.126254842,-4.126172066,-0.616941750,-0.255220562,-5.313777267,-6.185378914,-2.365594961,2.005121708,0.255076408,1.633880734,0.125302797,0.992057548,-0.011001384,-0.985818492,0.167576310,-0.008958513,-4.126172066,-0.616941750,-0.255220562,0.000000000,0.000000000,0.000000000,1.000000000,1.633880734,2.005121708,0.255076408,2.005121708,0.814853646
2026-06-03T01:47:41,1773928450.766542912,r1,body,odom,1,structure_anchor_1,plane,wall_like,general_plane,unknown,stale,false,false,true,false,48,17,65,48,0.538192308,1.000000000,0.000000000,0.738461538,0.850000000,0.000000000,0.000000000,0.091758177,165,0.054926764,0.000000000,-0.742120464,-9.969043652,1.609078369,0.586350733,-7.784626338,-11.918176939,-1.453183496,5.174537659,0.099238873,3.689626217,0.105680316,0.994385993,0.005324522,-0.988921449,0.148246975,0.007586794,-9.969043652,1.609078369,0.586350733,0.000000000,0.000000000,0.000000000,1.000000000,3.689626217,5.174537659,0.099238873,5.174537659,0.713034953
2026-06-03T01:47:41,1773928450.766542912,r1,body,odom,14,structure_anchor_14,plane,wall_like,general_plane,unknown,stale,false,false,true,false,6,6,13,6,0.494867814,0.750000000,0.430300609,0.461538462,0.300000000,0.000000000,0.000000000,0.214611594,219,0.063662791,0.000000000,-0.106828652,-2.022076778,-3.224648774,0.506396244,-2.615435435,-4.186958083,-1.635745278,1.515600443,4.065314293,2.097198963,0.938609971,-0.343887727,-0.027436029,0.383649014,0.922664738,-0.038775925,-2.022076778,-3.224648774,0.506396244,0.000000000,0.000000000,0.000000000,1.000000000,2.097198963,1.515600443,4.065314293,4.065314293,0.515876218
2026-06-03T01:47:41,1773928450.766542912,r1,body,odom,3,structure_anchor_3,plane,wall_like,general_plane,unknown,stale,false,false,true,false,20,20,65,20,0.441538462,1.000000000,0.000000000,0.307692308,1.000000000,0.000000000,0.000000000,0.214740401,138,0.044259140,0.000000000,-0.925327688,-2.949043553,-2.045967850,0.119505974,-3.834217879,-5.066638638,-2.008534857,0.073419511,1.111512899,1.289421082,0.996415278,-0.083066565,0.016022514,0.125712765,0.992054524,0.004947508,-2.949043553,-2.045967850,0.119505974,0.000000000,0.000000000,0.000000000,1.000000000,1.289421082,0.073419511,1.111512899,1.111512899,1.160059485
2026-06-03T01:47:41,1773928450.766542912,r1,body,odom,5,structure_anchor_5,plane,wall_like,general_plane,unknown,stale,false,false,true,false,32,20,64,32,0.480000000,1.000000000,0.000000000,0.500000000,1.000000000,0.000000000,0.000000000,0.473049691,201,0.064464400,0.000000000,3.687168749,-7.138034056,5.116271651,0.633283027,-11.167187700,-8.939132714,-1.424892673,0.198105574,2.248228073,2.713875055,0.997818041,-0.065805885,-0.005378123,0.108444917,0.993967223,-0.016407800,-7.138034056,5.116271651,0.633283027,0.000000000,0.000000000,0.000000000,1.000000000,2.713875055,0.198105574,2.248228073,2.248228073,1.207117324
2026-06-03T01:47:41,1773928450.766542912,r1,body,odom,8,structure_anchor_8,plane,wall_like,general_plane,unknown,stale,false,false,true,false,4,34,47,4,0.172021277,0.500000000,0.000000000,0.085106383,1.000000000,0.000000000,0.000000000,0.269359626,103,0.033161623,0.000000000,-1.000408871,-2.977898778,-2.393336788,-0.127556595,-3.489365766,-5.112988219,-2.256459188,0.511914730,3.259346485,1.469122410,0.974525444,0.084475509,-0.207760030,-0.043481437,0.974977718,-0.218009547,-2.977898778,-2.393336788,-0.127556595,0.000000000,0.000000000,0.000000000,1.000000000,1.469122410,0.511914730,3.259346485,3.259346485,0.450741404
2026-06-03T01:47:41,1773928450.967533112,r1,body,odom,20,structure_anchor_20,plane,wall_like,general_plane,unknown,candidate,false,true,true,false,1,0,1,1,0.326250000,0.125000000,0.350000000,1.000000000,0.000000000,0.000000000,0.000000000,0.000000000,287,0.076902465,0.000000000,1.137038963,2.155276537,-1.248790860,0.551973164,-4.391890090,0.218693472,-1.619494169,4.897889137,0.466719985,1.864935160,0.093934887,0.965784812,-0.241735256,-0.961196029,0.135049151,-0.240549257,2.155276537,-1.248790860,0.551973164,0.000000000,0.000000000,0.000000000,1.000000000,1.864935160,4.897889137,0.466719985,4.897889137,0.380763040
2026-06-03T01:47:41,1773928450.967533112,r1,body,odom,2,structure_anchor_2,plane,wall_like,general_plane,unknown,confirmed,true,true,true,false,64,0,66,64,0.843916285,1.000000000,0.999884454,0.969696970,0.000000000,0.000000000,0.000000000,0.103845643,470,0.125937835,0.000000000,-0.527395585,-2.240877628,0.759180427,0.239933059,-6.596377902,-4.085351632,-1.885800415,5.804807663,0.584879994,1.771481037,0.102096817,0.994766166,0.004063869,-0.989152765,0.146797654,0.005223279,-2.240877628,0.759180427,0.239933059,0.000000000,0.000000000,0.000000000,1.000000000,1.771481037,5.804807663,0.584879994,5.804807663,0.305174803
2026-06-03T01:47:41,1773928450.967533112,r1,body,odom,1,structure_anchor_1,plane,wall_like,general_plane,unknown,stale,false,false,true,false,48,18,66,48,0.532454545,1.000000000,0.000000000,0.727272727,0.900000000,0.000000000,0.000000000,0.091758177,165,0.054926764,0.000000000,-0.742120464,-10.122953968,1.594618089,0.596491691,-7.784626792,-11.918175290,-1.453183560,5.174537659,0.099238873,3.689626217,0.103532797,0.994605196,0.006441372,-0.988921288,0.148247029,0.007586793,-10.122953968,1.594618089,0.596491691,0.000000000,0.000000000,0.000000000,1.000000000,3.689626217,5.174537659,0.099238873,5.174537659,0.713034953
2026-06-03T01:47:41,1773928450.967533112,r1,body,odom,14,structure_anchor_14,plane,wall_like,general_plane,unknown,stale,false,false,true,false,6,7,14,6,0.468774408,0.750000000,0.350300609,0.428571429,0.350000000,0.000000000,0.000000000,0.214611594,219,0.063662791,0.000000000,-0.106828652,-2.165653143,-3.221757936,0.499200958,-2.615436075,-4.186958003,-1.635745319,1.515600443,4.065314293,2.097198963,0.939313220,-0.341816290,-0.029194629,0.383649027,0.922664569,-0.038775921,-2.165653143,-3.221757936,0.499200958,0.000000000,0.000000000,0.000000000,1.000000000,2.097198963,1.515600443,4.065314293,4.065314293,0.515876218
2026-06-03T01:47:41,1773928450.967533112,r1,body,odom,3,structure_anchor_3,plane,wall_like,general_plane,unknown,stale,false,false,true,false,20,21,66,20,0.440606061,1.000000000,0.000000000,0.303030303,1.000000000,0.000000000,0.000000000,0.214740401,138,0.044259140,0.000000000,-0.925327688,-3.095716315,-2.044599838,0.115116151,-3.834218402,-5.066638332,-2.008534870,0.073419511,1.111512899,1.289421082,0.996614456,-0.080925793,0.014514436,0.125712823,0.992054365,0.004947509,-3.095716315,-2.044599838,0.115116151,0.000000000,0.000000000,0.000000000,1.000000000,1.289421082,0.073419511,1.111512899,1.111512899,1.160059485
2026-06-03T01:47:41,1773928450.967533112,r1,body,odom,5,structure_anchor_5,plane,wall_like,general_plane,unknown,stale,false,false,true,false,32,21,65,32,0.478461538,1.000000000,0.000000000,0.492307692,1.000000000,0.000000000,0.000000000,0.473049691,201,0.064464400,0.000000000,3.687168749,-7.299487366,5.107879826,0.643903348,-11.167187413,-8.939131255,-1.424892737,0.198105574,2.248228073,2.713875055,0.997949636,-0.063634954,-0.006866167,0.108444978,0.993967064,-0.016407798,-7.299487366,5.107879826,0.643903348,0.000000000,0.000000000,0.000000000,1.000000000,2.713875055,0.198105574,2.248228073,2.248228073,1.207117324
2026-06-03T01:47:41,1773928450.967533112,r1,body,odom,8,structure_anchor_8,plane,wall_like,general_plane,unknown,stale,false,false,true,false,4,35,48,4,0.171666667,0.500000000,0.000000000,0.083333333,1.000000000,0.000000000,0.000000000,0.269359626,103,0.033161623,0.000000000,-1.000408871,-3.124167141,-2.391716537,-0.132347453,-3.489366345,-5.112987932,-2.256459182,0.511914730,3.259346485,1.469122410,0.974046100,0.086852402,-0.209023643,-0.043481355,0.974977574,-0.218009529,-3.124167141,-2.391716537,-0.132347453,0.000000000,0.000000000,0.000000000,1.000000000,1.469122410,0.511914730,3.259346485,3.259346485,0.450741404
2026-06-03T01:47:42,1773928451.147532940,r1,body,odom,18,structure_anchor_18,plane,wall_like,general_plane,unknown,confirmed,true,true,true,false,10,0,56,10,0.669455369,1.000000000,0.918705417,0.178571429,0.000000000,0.000000000,0.000000000,0.326428953,367,0.095722483,0.000000000,1.084484787,0.395694792,-1.132568240,0.154139936,-4.579104380,-1.368514483,-2.008070686,5.088464737,0.624562383,1.190340638,0.118136252,0.991566489,-0.053289066,-0.985046419,0.163412881,-0.054587462,0.395694792,-1.132568240,0.154139936,0.000000000,0.000000000,0.000000000,1.000000000,1.190340638,5.088464737,0.624562383,5.088464737,0.233929230
2026-06-03T01:47:42,1773928451.147532940,r1,body,odom,19,structure_anchor_19,plane,wall_like,general_plane,unknown,confirmed,false,true,true,false,3,0,4,3,0.453425000,0.375000000,0.673375000,0.750000000,0.000000000,0.000000000,0.000000000,0.053821273,53,0.013823683,0.000000000,1.118121989,-3.817389250,-0.665814221,-0.291442454,-5.242196225,-5.561470802,-2.390048168,2.113701344,0.259555578,1.466242075,0.123919480,0.991000893,-0.050608235,-0.984208799,0.169203006,-0.051994139,-3.817389250,-0.665814221,-0.291442454,0.000000000,0.000000000,0.000000000,1.000000000,1.466242075,2.113701344,0.259555578,2.113701344,0.693684602
2026-06-03T01:47:42,1773928451.147532940,r1,body,odom,2,structure_anchor_2,plane,wall_like,general_plane,unknown,confirmed,true,true,true,false,65,0,67,65,0.844014830,1.000000000,0.999924895,0.970149254,0.000000000,0.000000000,0.000000000,0.102831986,617,0.160928534,0.000000000,-0.512688239,-2.132991791,0.737177670,0.226335451,-6.564564856,-3.805936058,-1.896982237,6.313328743,0.664508343,1.834427476,0.103317067,0.994648190,-0.000749952,-0.988753553,0.149542874,-0.001830058,-2.132991791,0.737177670,0.226335451,0.000000000,0.000000000,0.000000000,1.000000000,1.834427476,6.313328743,0.664508343,6.313328743,0.290564225
2026-06-03T01:47:42,1773928451.147532940,r1,body,odom,20,structure_anchor_20,plane,wall_like,general_plane,unknown,weak_tracked,false,true,true,false,2,0,2,2,0.428000000,0.250000000,0.577500000,1.000000000,0.000000000,0.000000000,0.000000000,0.076940481,139,0.036254564,0.000000000,1.148384970,2.833180904,-1.254199624,0.857406974,-4.343196459,1.070923536,-1.341582187,3.976311684,0.328365207,1.711258650,0.105617208,0.947157732,-0.302881555,-0.941562703,0.145096587,-0.303984645,2.833180904,-1.254199624,0.857406974,0.000000000,0.000000000,0.000000000,1.000000000,1.711258650,3.976311684,0.328365207,3.976311684,0.430363308
2026-06-03T01:47:42,1773928451.147532940,r1,body,odom,1,structure_anchor_1,plane,wall_like,general_plane,unknown,stale,false,false,true,false,48,19,67,48,0.526783582,1.000000000,0.000000000,0.716417910,0.950000000,0.000000000,0.000000000,0.091758177,165,0.054926764,0.000000000,-0.742120464,-10.299024838,1.578009633,0.547015878,-7.784626848,-11.918175090,-1.453183567,5.174537659,0.099238873,3.689626217,0.101873410,0.994759800,0.008646207,-0.988921268,0.148247035,0.007586793,-10.299024838,1.578009633,0.547015878,0.000000000,0.000000000,0.000000000,1.000000000,3.689626217,5.174537659,0.099238873,5.174537659,0.713034953
2026-06-03T01:47:42,1773928451.147532940,r1,body,odom,14,structure_anchor_14,plane,wall_like,general_plane,unknown,stale,false,false,true,false,6,8,15,6,0.443560122,0.750000000,0.270300609,0.400000000,0.400000000,0.000000000,0.000000000,0.214611594,219,0.063662791,0.000000000,-0.106828652,-2.333462164,-3.225293821,0.486472212,-2.615436153,-4.186957992,-1.635745324,1.515600443,4.065314293,2.097198963,0.940018085,-0.340244667,-0.024486230,0.383649029,0.922664548,-0.038775920,-2.333462164,-3.225293821,0.486472212,0.000000000,0.000000000,0.000000000,1.000000000,2.097198963,1.515600443,4.065314293,4.065314293,0.515876218
2026-06-03T01:47:42,1773928451.147532940,r1,body,odom,3,structure_anchor_3,plane,wall_like,general_plane,unknown,stale,false,false,true,false,20,22,67,20,0.439701493,1.000000000,0.000000000,0.298507463,1.000000000,0.000000000,0.000000000,0.214740401,138,0.044259140,0.000000000,-0.925327688,-3.263276313,-2.049015804,0.099102286,-3.834218465,-5.066638293,-2.008534872,0.073419511,1.111512899,1.289421082,0.996648074,-0.079333762,0.019969458,0.125712830,0.992054345,0.004947509,-3.263276313,-2.049015804,0.099102286,0.000000000,0.000000000,0.000000000,1.000000000,1.289421082,0.073419511,1.111512899,1.111512899,1.160059485
2026-06-03T01:47:42,1773928451.147532940,r1,body,odom,5,structure_anchor_5,plane,wall_like,general_plane,unknown,stale,false,false,true,false,32,22,66,32,0.476969697,1.000000000,0.000000000,0.484848485,1.000000000,0.000000000,0.000000000,0.473049691,201,0.064464400,0.000000000,3.687168749,-7.481599776,5.095761350,0.615994521,-11.167187379,-8.939131077,-1.424892745,0.198105574,2.248228073,2.713875055,0.998074853,-0.062005689,-0.001375053,0.108444985,0.993967045,-0.016407798,-7.481599776,5.095761350,0.615994521,0.000000000,0.000000000,0.000000000,1.000000000,2.713875055,0.198105574,2.248228073,2.248228073,1.207117324
2026-06-03T01:47:42,1773928451.147532940,r1,body,odom,8,structure_anchor_8,plane,wall_like,general_plane,unknown,stale,false,false,true,false,4,36,49,4,0.171326531,0.500000000,0.000000000,0.081632653,1.000000000,0.000000000,0.000000000,0.269359626,103,0.033161623,0.000000000,-1.000408871,-3.289774015,-2.395771260,-0.149083551,-3.489366415,-5.112987896,-2.256459181,0.511914730,3.259346485,1.469122410,0.975059224,0.088774541,-0.203417302,-0.043481345,0.974977557,-0.218009527,-3.289774015,-2.395771260,-0.149083551,0.000000000,0.000000000,0.000000000,1.000000000,1.469122410,0.511914730,3.259346485,3.259346485,0.450741404
2026-06-03T01:47:42,1773928451.384532928,r1,body,odom,2,structure_anchor_2,plane,wall_like,general_plane,unknown,confirmed,true,true,true,false,66,0,68,66,0.844107883,1.000000000,0.999951182,0.970588235,0.000000000,0.000000000,0.000000000,0.094505601,630,0.166402536,0.000000000,-0.489185385,-2.239163160,0.721715271,0.241262555,-6.544393516,-3.723117940,-1.903260045,6.277451038,0.641809940,1.925699234,0.102507807,0.994726566,0.003347951,-0.989018547,0.147734150,0.004109894,-2.239163160,0.721715271,0.241262555,0.000000000,0.000000000,0.000000000,1.000000000,1.925699234,6.277451038,0.641809940,6.277451038,0.306764517
2026-06-03T01:47:42,1773928451.384532928,r1,body,odom,18,structure_anchor_18,plane,wall_like,general_plane,unknown,confirmed,true,true,true,false,11,0,57,11,0.678028195,1.000000000,0.947158521,0.192982456,0.000000000,0.000000000,0.000000000,0.409194241,257,0.067881669,0.000000000,1.088532952,0.893078089,-1.199482083,0.065098129,-4.482722049,-0.682296049,-2.092682416,5.743988037,0.655005455,0.866863430,0.110581298,0.992580155,0.050560983,-0.986445611,0.155865920,0.051291596,0.893078089,-1.199482083,0.065098129,0.000000000,0.000000000,0.000000000,1.000000000,0.866863430,5.743988037,0.655005455,5.743988037,0.150916650
2026-06-03T01:47:42,1773928451.384532928,r1,body,odom,19,structure_anchor_19,plane,wall_like,general_plane,unknown,confirmed,false,true,true,false,4,0,5,4,0.542538750,0.500000000,0.787693750,0.800000000,0.000000000,0.000000000,0.000000000,0.150536799,54,0.014263074,0.000000000,0.939195098,-3.225092888,-0.759677887,0.291622162,-5.109391500,-4.775337579,-1.851086133,1.271394014,0.085232913,1.185109019,0.058105018,0.998068501,0.021978963,-0.994355852,0.103594926,0.022901722,-3.225092888,-0.759677887,0.291622162,0.000000000,0.000000000,0.000000000,1.000000000,1.185109019,1.271394014,0.085232913,1.271394014,0.932133553
2026-06-03T01:47:42,1773928451.384532928,r1,body,odom,1,structure_anchor_1,plane,wall_like,general_plane,unknown,stale,false,false,true,false,48,20,68,48,0.521176471,1.000000000,0.000000000,0.705882353,1.000000000,0.000000000,0.000000000,0.091758177,165,0.054926764,0.000000000,-0.742120464,-10.483754961,1.587785585,0.661180391,-7.784627018,-11.918174488,-1.453183587,5.174537659,0.099238873,3.689626217,0.103012303,0.994656632,0.006826739,-0.988921212,0.148247054,0.007586793,-10.483754961,1.587785585,0.661180391,0.000000000,0.000000000,0.000000000,1.000000000,3.689626217,5.174537659,0.099238873,5.174537659,0.713034953
2026-06-03T01:47:42,1773928451.384532928,r1,body,odom,14,structure_anchor_14,plane,wall_like,general_plane,unknown,stale,false,false,true,false,6,9,16,6,0.419060122,0.750000000,0.190300609,0.375000000,0.450000000,0.000000000,0.000000000,0.214611594,219,0.063662791,0.000000000,-0.106828652,-2.524471008,-3.223990246,0.512230919,-2.615436387,-4.186957937,-1.635745338,1.515600443,4.065314293,2.097198963,0.939316171,-0.341255764,-0.035065519,0.383649033,0.922664489,-0.038775919,-2.524471008,-3.223990246,0.512230919,0.000000000,0.000000000,0.000000000,1.000000000,2.097198963,1.515600443,4.065314293,4.065314293,0.515876218
2026-06-03T01:47:42,1773928451.384532928,r1,body,odom,3,structure_anchor_3,plane,wall_like,general_plane,unknown,stale,false,false,true,false,20,23,68,20,0.438823529,1.000000000,0.000000000,0.294117647,1.000000000,0.000000000,0.000000000,0.214740401,138,0.044259140,0.000000000,-0.925327688,-3.457437860,-2.046975969,0.134805565,-3.834218659,-5.066638159,-2.008534876,0.073419511,1.111512899,1.289421082,0.996727731,-0.080376622,0.008566429,0.125712850,0.992054290,0.004947509,-3.457437860,-2.046975969,0.134805565,0.000000000,0.000000000,0.000000000,1.000000000,1.289421082,0.073419511,1.111512899,1.111512899,1.160059485
2026-06-03T01:47:42,1773928451.384532928,r1,body,odom,5,structure_anchor_5,plane,wall_like,general_plane,unknown,stale,false,false,true,false,32,23,67,32,0.475522388,1.000000000,0.000000000,0.477611940,1.000000000,0.000000000,0.000000000,0.473049691,201,0.064464400,0.000000000,3.687168749,-7.662024802,5.102594286,0.695484716,-11.167187292,-8.939130542,-1.424892766,0.198105574,2.248228073,2.713875055,0.997927337,-0.063063723,-0.012804355,0.108445006,0.993966990,-0.016407797,-7.662024802,5.102594286,0.695484716,0.000000000,0.000000000,0.000000000,1.000000000,2.713875055,0.198105574,2.248228073,2.248228073,1.207117324
2026-06-03T01:47:42,1773928451.384532928,r1,body,odom,8,structure_anchor_8,plane,wall_like,general_plane,unknown,stale,false,false,true,false,4,37,50,4,0.171000000,0.500000000,0.000000000,0.080000000,1.000000000,0.000000000,0.000000000,0.269359626,103,0.033161623,0.000000000,-1.000408871,-3.487150823,-2.393861787,-0.112833373,-3.489366628,-5.112987768,-2.256459179,0.511914730,3.259346485,1.469122410,0.972749845,0.087611569,-0.214666967,-0.043481316,0.974977507,-0.218009521,-3.487150823,-2.393861787,-0.112833373,0.000000000,0.000000000,0.000000000,1.000000000,1.469122410,0.511914730,3.259346485,3.259346485,0.450741404
2026-06-03T01:47:42,1773928451.549532890,r1,body,odom,2,structure_anchor_2,plane,wall_like,general_plane,unknown,confirmed,true,true,true,false,67,0,69,67,0.844196552,1.000000000,0.999968268,0.971014493,0.000000000,0.000000000,0.000000000,0.088780643,592,0.151213282,0.000000000,-0.480159713,-2.354363680,0.725725889,0.221374616,-6.542055545,-3.666245445,-1.921661706,6.353736877,0.646432877,2.031117439,0.102806663,0.994700279,0.001464673,-0.989017018,0.147793439,0.001575111,-2.354363680,0.725725889,0.221374616,0.000000000,0.000000000,0.000000000,1.000000000,2.031117439,6.353736877,0.646432877,6.353736877,0.319672891
2026-06-03T01:47:42,1773928451.549532890,r1,body,odom,18,structure_anchor_18,plane,wall_like,general_plane,unknown,confirmed,true,true,true,false,12,0,58,12,0.684509918,1.000000000,0.965653039,0.206896552,0.000000000,0.000000000,0.000000000,0.450550496,391,0.039846743,0.000000000,1.161049729,1.381581811,-1.245249038,0.203520849,-4.403804680,-0.023632996,-1.961763939,3.065476418,0.314907968,1.918128014,0.068326915,0.993733722,-0.088457721,-0.989698813,0.112806343,-0.088153717,1.381581811,-1.245249038,0.203520849,0.000000000,0.000000000,0.000000000,1.000000000,1.918128014,3.065476418,0.314907968,3.065476418,0.625719383
2026-06-03T01:47:42,1773928451.549532890,r1,body,odom,19,structure_anchor_19,plane,wall_like,general_plane,unknown,confirmed,true,true,true,false,5,0,6,5,0.620316854,0.625000000,0.862000937,0.833333333,0.000000000,0.000000000,0.000000000,0.172853464,153,0.026053640,0.000000000,1.064238934,-3.604280158,-0.738626176,0.135587679,-5.135937739,-4.981707942,-2.001466886,2.846213818,0.283935785,1.720195532,0.091256608,0.995826127,0.001612907,-0.990665036,0.136307286,0.001788704,-3.604280158,-0.738626176,0.135587679,0.000000000,0.000000000,0.000000000,1.000000000,1.720195532,2.846213818,0.283935785,2.846213818,0.604380290
2026-06-03T01:47:42,1773928451.549532890,r1,body,odom,21,structure_anchor_21,plane,wall_like,general_plane,unknown,candidate,false,true,true,false,1,0,1,1,0.326250000,0.125000000,0.350000000,1.000000000,0.000000000,0.000000000,0.000000000,0.000000000,67,0.017113665,0.000000000,1.174967908,0.202113152,-1.223360658,0.020916220,-4.479297877,-1.201893486,-2.137755202,3.239430189,0.479536057,0.996779919,0.138393189,0.985059324,0.102496114,-0.977677993,0.183467070,0.102399312,0.202113152,-1.223360658,0.020916220,0.000000000,0.000000000,0.000000000,1.000000000,0.996779919,3.239430189,0.479536057,3.239430189,0.307702238
2026-06-03T01:47:42,1773928451.549532890,r1,body,odom,1,structure_anchor_1,plane,wall_like,general_plane,unknown,stale,false,false,true,false,48,21,69,48,0.519130435,1.000000000,0.000000000,0.695652174,1.000000000,0.000000000,0.000000000,0.091758177,165,0.054926764,0.000000000,-0.742120464,-10.656620054,1.593314665,0.642836902,-7.784626728,-11.918175506,-1.453183553,5.174537659,0.099238873,3.689626217,0.103230495,0.994629367,0.007478870,-0.988921306,0.148247023,0.007586793,-10.656620054,1.593314665,0.642836902,0.000000000,0.000000000,0.000000000,1.000000000,3.689626217,5.174537659,0.099238873,5.174537659,0.713034953
2026-06-03T01:47:42,1773928451.549532890,r1,body,odom,14,structure_anchor_14,plane,wall_like,general_plane,unknown,stale,false,false,true,false,6,10,17,6,0.395148357,0.750000000,0.110300609,0.352941176,0.500000000,0.000000000,0.000000000,0.214611594,219,0.063662791,0.000000000,-0.106828652,-2.698171356,-3.220261920,0.508091790,-2.615435989,-4.186958040,-1.635745314,1.515600443,4.065314293,2.097198963,0.939306442,-0.341460558,-0.033288746,0.383649026,0.922664588,-0.038775921,-2.698171356,-3.220261920,0.508091790,0.000000000,0.000000000,0.000000000,1.000000000,2.097198963,1.515600443,4.065314293,4.065314293,0.515876218
2026-06-03T01:47:42,1773928451.549532890,r1,body,odom,3,structure_anchor_3,plane,wall_like,general_plane,unknown,stale,false,false,true,false,20,24,69,20,0.437971014,1.000000000,0.000000000,0.289855072,1.000000000,0.000000000,0.000000000,0.214740401,138,0.044259140,0.000000000,-0.925327688,-3.630086542,-2.042861834,0.129273896,-3.834218329,-5.066638395,-2.008534869,0.073419511,1.111512899,1.289421082,0.996689285,-0.080614217,0.010576535,0.125712816,0.992054383,0.004947509,-3.630086542,-2.042861834,0.129273896,0.000000000,0.000000000,0.000000000,1.000000000,1.289421082,0.073419511,1.111512899,1.111512899,1.160059485
2026-06-03T01:47:42,1773928451.549532890,r1,body,odom,5,structure_anchor_5,plane,wall_like,general_plane,unknown,stale,false,false,true,false,32,24,68,32,0.474117647,1.000000000,0.000000000,0.470588235,1.000000000,0.000000000,0.000000000,0.473049691,201,0.064464400,0.000000000,3.687168749,-7.834144901,5.107445986,0.684489984,-11.167187434,-8.939131449,-1.424892731,0.198105574,2.248228073,2.713875055,0.997936799,-0.063292142,-0.010784070,0.108444971,0.993967083,-0.016407798,-7.834144901,5.107445986,0.684489984,0.000000000,0.000000000,0.000000000,1.000000000,2.713875055,0.198105574,2.248228073,2.248228073,1.207117324
2026-06-03T01:47:42,1773928451.549532890,r1,body,odom,8,structure_anchor_8,plane,wall_like,general_plane,unknown,stale,false,false,true,false,4,38,51,4,0.170686275,0.500000000,0.000000000,0.078431373,1.000000000,0.000000000,0.000000000,0.269359626,103,0.033161623,0.000000000,-1.000408871,-3.659372206,-2.389631048,-0.118579192,-3.489366266,-5.112987992,-2.256459183,0.511914730,3.259346485,1.469122410,0.973208902,0.087478389,-0.212631160,-0.043481364,0.974977591,-0.218009531,-3.659372206,-2.389631048,-0.118579192,0.000000000,0.000000000,0.000000000,1.000000000,1.469122410,0.511914730,3.259346485,3.259346485,0.450741404
2026-06-03T01:47:42,1773928451.768532991,r1,body,odom,18,structure_anchor_18,plane,wall_like,general_plane,unknown,confirmed,true,true,true,false,13,0,59,13,0.689602692,1.000000000,0.977674475,0.220338983,0.000000000,0.000000000,0.000000000,0.420495845,430,0.111053719,0.000000000,1.127334136,0.824211895,-1.211169004,0.140469447,-4.440115694,-0.441450637,-2.023828141,5.017783165,0.564138889,1.234194756,0.099218111,0.994536160,-0.032459108,-0.987529793,0.154304952,-0.031226118,0.824211895,-1.211169004,0.140469447,0.000000000,0.000000000,0.000000000,1.000000000,1.234194756,5.017783165,0.564138889,5.017783165,0.245964147
2026-06-03T01:47:42,1773928451.768532991,r1,body,odom,19,structure_anchor_19,plane,wall_like,general_plane,unknown,confirmed,true,true,true,false,6,0,7,6,0.690988693,0.750000000,0.910300609,0.857142857,0.000000000,0.000000000,0.000000000,0.190290338,139,0.035898760,0.000000000,1.053720553,-3.794763803,-0.754570544,-0.125950351,-5.153762750,-5.029023818,-2.267307615,2.983546257,0.299529135,1.743081212,0.079303368,0.996839241,0.004743723,-0.990864599,0.134724209,0.006075698,-3.794763803,-0.754570544,-0.125950351,0.000000000,0.000000000,0.000000000,1.000000000,1.743081212,2.983546257,0.299529135,2.983546257,0.584231335
2026-06-03T01:47:42,1773928451.768532991,r1,body,odom,2,structure_anchor_2,plane,wall_like,general_plane,unknown,confirmed,true,true,true,false,68,0,70,68,0.844281589,1.000000000,0.999979374,0.971428571,0.000000000,0.000000000,0.000000000,0.082645193,564,0.145661157,0.000000000,-0.466731695,-2.456945896,0.703091621,0.219688714,-6.533972077,-3.610485549,-1.925585207,6.281909466,0.606606960,1.919883251,0.095275860,0.995441858,0.004244639,-0.988580872,0.150591557,0.005497616,-2.456945896,0.703091621,0.219688714,0.000000000,0.000000000,0.000000000,1.000000000,1.919883251,6.281909466,0.606606960,6.281909466,0.305620968
2026-06-03T01:47:42,1773928451.768532991,r1,body,odom,1,structure_anchor_1,plane,wall_like,general_plane,unknown,stale,false,false,true,false,48,22,70,48,0.517142857,1.000000000,0.000000000,0.685714286,1.000000000,0.000000000,0.000000000,0.091758177,165,0.054926764,0.000000000,-0.742120464,-10.823562854,1.489887086,0.650618316,-7.784626241,-11.918177182,-1.453183498,5.174537659,0.099238873,3.689626217,0.092905954,0.995654913,0.006322111,-0.988921457,0.148246972,0.007586794,-10.823562854,1.489887086,0.650618316,0.000000000,0.000000000,0.000000000,1.000000000,3.689626217,5.174537659,0.099238873,5.174537659,0.713034953
2026-06-03T01:47:42,1773928451.768532991,r1,body,odom,14,structure_anchor_14,plane,wall_like,general_plane,unknown,stale,false,false,true,false,6,11,18,6,0.371726789,0.750000000,0.030300609,0.333333333,0.550000000,0.000000000,0.000000000,0.214611594,219,0.063662791,0.000000000,-0.106828652,-2.815684780,-3.240966783,0.514587084,-2.615435333,-4.186958246,-1.635745276,1.515600443,4.065314293,2.097198963,0.942773478,-0.331728325,-0.033684993,0.383649013,0.922664746,-0.038775924,-2.815684780,-3.240966783,0.514587084,0.000000000,0.000000000,0.000000000,1.000000000,2.097198963,1.515600443,4.065314293,4.065314293,0.515876218
2026-06-03T01:47:42,1773928451.768532991,r1,body,odom,3,structure_anchor_3,plane,wall_like,general_plane,unknown,stale,false,false,true,false,20,25,70,20,0.437142857,1.000000000,0.000000000,0.285714286,1.000000000,0.000000000,0.000000000,0.214740401,138,0.044259140,0.000000000,-0.925327688,-3.760075848,-2.073715600,0.135258191,-3.834217782,-5.066638814,-2.008534857,0.073419511,1.111512899,1.289421082,0.997480656,-0.070252869,0.009852216,0.125712762,0.992054532,0.004947509,-3.760075848,-2.073715600,0.135258191,0.000000000,0.000000000,0.000000000,1.000000000,1.289421082,0.073419511,1.111512899,1.111512899,1.160059485
2026-06-03T01:47:42,1773928451.768532991,r1,body,odom,5,structure_anchor_5,plane,wall_like,general_plane,unknown,stale,false,false,true,false,32,25,69,32,0.472753623,1.000000000,0.000000000,0.463768116,1.000000000,0.000000000,0.000000000,0.473049691,201,0.064464400,0.000000000,3.687168749,-8.037686216,5.033169367,0.686183951,-11.167187642,-8.939132950,-1.424892674,0.198105574,2.248228073,2.713875055,0.998531141,-0.052942004,-0.011528068,0.108444914,0.993967231,-0.016407799,-8.037686216,5.033169367,0.686183951,0.000000000,0.000000000,0.000000000,1.000000000,2.713875055,0.198105574,2.248228073,2.248228073,1.207117324
2026-06-03T01:47:42,1773928451.768532991,r1,body,odom,8,structure_anchor_8,plane,wall_like,general_plane,unknown,stale,false,false,true,false,4,39,52,4,0.170384615,0.500000000,0.000000000,0.076923077,1.000000000,0.000000000,0.000000000,0.269359626,103,0.033161623,0.000000000,-1.000408871,-3.785959171,-2.421039328,-0.112196854,-3.489365666,-5.112988393,-2.256459189,0.511914730,3.259346485,1.469122410,0.972077453,0.097344266,-0.213517471,-0.043481441,0.974977725,-0.218009547,-3.785959171,-2.421039328,-0.112196854,0.000000000,0.000000000,0.000000000,1.000000000,1.469122410,0.511914730,3.259346485,3.259346485,0.450741404
2026-06-03T01:47:42,1773928451.948533058,r1,body,odom,2,structure_anchor_2,plane,wall_like,general_plane,unknown,confirmed,true,true,true,false,69,0,71,69,0.844363516,1.000000000,0.999986593,0.971830986,0.000000000,0.000000000,0.000000000,0.077314210,570,0.149371069,0.000000000,-0.456447986,-2.557749271,0.653438985,0.247400016,-6.524791574,-3.554042870,-1.890969067,6.450679779,0.497089863,2.015666485,0.076382168,0.997077950,0.001151243,-0.988685882,0.149849385,0.006740412,-2.557749271,0.653438985,0.247400016,0.000000000,0.000000000,0.000000000,1.000000000,2.015666485,6.450679779,0.497089863,6.450679779,0.312473500
2026-06-03T01:47:42,1773928451.948533058,r1,body,odom,18,structure_anchor_18,plane,wall_like,general_plane,unknown,confirmed,true,true,true,false,15,0,60,14,0.693764348,1.000000000,0.985488409,0.233333333,0.000000000,0.000000000,0.000000000,0.000000000,401,0.087526205,0.000000000,1.114273275,0.332752086,-1.159836205,0.072146501,-4.504148711,-0.806317725,-2.092682417,5.743988037,0.655005455,1.345601678,0.096298387,0.992786571,0.071424737,-0.982485726,0.169739710,0.076878624,0.332752086,-1.159836205,0.072146501,0.000000000,0.000000000,0.000000000,1.000000000,1.345601678,5.743988037,0.655005455,5.743988037,0.234262618
2026-06-03T01:47:42,1773928451.948533058,r1,body,odom,1,structure_anchor_1,plane,wall_like,general_plane,unknown,stale,false,false,true,false,48,23,71,48,0.515211268,1.000000000,0.000000000,0.676056338,1.000000000,0.000000000,0.000000000,0.091758177,165,0.054926764,0.000000000,-0.742120464,-10.994318718,1.294440114,0.635944082,-7.784626711,-11.918175547,-1.453183552,5.174537659,0.099238873,3.689626217,0.074762263,0.997199428,0.001988204,-0.988921308,0.148247022,0.007586793,-10.994318718,1.294440114,0.635944082,0.000000000,0.000000000,0.000000000,1.000000000,3.689626217,5.174537659,0.099238873,5.174537659,0.713034953
2026-06-03T01:47:42,1773928451.948533058,r1,body,odom,14,structure_anchor_14,plane,wall_like,general_plane,unknown,stale,false,false,true,false,6,12,19,6,0.358657895,0.750000000,0.000000000,0.315789474,0.600000000,0.000000000,0.000000000,0.214611594,219,0.063662791,0.000000000,-0.106828652,-2.901574121,-3.290388166,0.524515855,-2.615435972,-4.186958056,-1.635745314,1.515600443,4.065314293,2.097198963,0.948674461,-0.314653669,-0.031778672,0.383649025,0.922664591,-0.038775921,-2.901574121,-3.290388166,0.524515855,0.000000000,0.000000000,0.000000000,1.000000000,2.097198963,1.515600443,4.065314293,4.065314293,0.515876218
2026-06-03T01:47:42,1773928451.948533058,r1,body,odom,3,structure_anchor_3,plane,wall_like,general_plane,unknown,stale,false,false,true,false,20,26,71,20,0.436338028,1.000000000,0.000000000,0.281690141,1.000000000,0.000000000,0.000000000,0.214740401,138,0.044259140,0.000000000,-0.925327688,-3.866846637,-2.142199844,0.139610116,-3.834218314,-5.066638414,-2.008534869,0.073419511,1.111512899,1.289421082,0.998588556,-0.052037055,0.010634351,0.125712815,0.992054385,0.004947509,-3.866846637,-2.142199844,0.139610116,0.000000000,0.000000000,0.000000000,1.000000000,1.289421082,0.073419511,1.111512899,1.111512899,1.160059485
2026-06-03T01:47:42,1773928451.948533058,r1,body,odom,5,structure_anchor_5,plane,wall_like,general_plane,unknown,stale,false,false,true,false,32,26,70,32,0.471428571,1.000000000,0.000000000,0.457142857,1.000000000,0.000000000,0.000000000,0.473049691,201,0.064464400,0.000000000,3.687168749,-8.273425501,4.887976822,0.657251388,-11.167187429,-8.939131489,-1.424892729,0.198105574,2.248228073,2.713875055,0.999335597,-0.034803912,-0.010821340,0.108444970,0.993967085,-0.016407798,-8.273425501,4.887976822,0.657251388,0.000000000,0.000000000,0.000000000,1.000000000,2.713875055,0.198105574,2.248228073,2.248228073,1.207117324
2026-06-03T01:47:42,1773928451.948533058,r1,body,odom,8,structure_anchor_8,plane,wall_like,general_plane,unknown,stale,false,false,true,false,4,40,53,4,0.170094340,0.500000000,0.000000000,0.075471698,1.000000000,0.000000000,0.000000000,0.269359626,103,0.033161623,0.000000000,-1.000408871,-3.886265818,-2.491019622,-0.106327579,-3.489366250,-5.112988012,-2.256459183,0.511914730,3.259346485,1.469122410,0.970262509,0.114088109,-0.213482120,-0.043481366,0.974977593,-0.218009531,-3.886265818,-2.491019622,-0.106327579,0.000000000,0.000000000,0.000000000,1.000000000,1.469122410,0.511914730,3.259346485,3.259346485,0.450741404
2026-06-03T01:47:43,1773928452.146528006,r1,body,odom,2,structure_anchor_2,plane,wall_like,general_plane,unknown,confirmed,true,true,true,false,70,0,72,70,0.844442702,1.000000000,0.999991286,0.972222222,0.000000000,0.000000000,0.000000000,0.073306248,568,0.153679654,0.000000000,-0.446735279,-2.601330042,0.652753592,0.271830678,-6.504629847,-3.479815596,-1.868955306,6.370337009,0.522766471,2.041964054,0.079462799,0.996785020,0.010260960,-0.989238866,0.146196853,0.005731558,-2.601330042,0.652753592,0.271830678,0.000000000,0.000000000,0.000000000,1.000000000,2.041964054,6.370337009,0.522766471,6.370337009,0.320542548
2026-06-03T01:47:43,1773928452.146528006,r1,body,odom,22,structure_anchor_22,plane,wall_like,general_plane,unknown,candidate,false,true,true,false,1,0,1,1,0.326250000,0.125000000,0.350000000,1.000000000,0.000000000,0.000000000,0.000000000,0.000000000,357,0.081980519,0.000000000,1.165772043,0.245142289,-1.174792862,0.173955754,-4.489944152,-0.763162676,-1.981860799,3.439677238,0.304068565,1.218724132,0.064394135,0.995531671,-0.069065080,-0.988730206,0.130440362,-0.073469012,0.245142289,-1.174792862,0.173955754,0.000000000,0.000000000,0.000000000,1.000000000,1.218724132,3.439677238,0.304068565,3.439677238,0.354313515
2026-06-03T01:47:43,1773928452.146528006,r1,body,odom,23,structure_anchor_23,plane,wall_like,general_plane,unknown,candidate,false,true,true,false,1,0,1,1,0.326250000,0.125000000,0.350000000,1.000000000,0.000000000,0.000000000,0.000000000,0.000000000,60,0.016233766,0.000000000,1.174418548,3.331272125,-1.340862751,0.285840660,-4.117618803,2.305687659,-1.893399747,1.706326485,0.183737040,1.837367535,0.056239963,0.992548583,-0.108094298,-0.986168509,0.121790796,-0.112421444,3.331272125,-1.340862751,0.285840660,0.000000000,0.000000000,0.000000000,1.000000000,1.837367535,1.706326485,0.183737040,1.706326485,1.076797173
2026-06-03T01:47:43,1773928452.146528006,r1,body,odom,19,structure_anchor_19,plane,wall_like,general_plane,unknown,confirmed,true,true,true,false,7,0,9,7,0.727244635,0.875000000,0.889695396,0.777777778,0.000000000,0.000000000,0.000000000,0.211568675,102,0.027597403,0.000000000,1.040382923,-3.665448427,-0.848116159,0.137989283,-5.078073752,-4.643212628,-1.988605634,2.101199627,0.135683894,1.524005175,0.053131270,0.998546424,0.009061315,-0.992758478,0.120033881,0.004730428,-3.665448427,-0.848116159,0.137989283,0.000000000,0.000000000,0.000000000,1.000000000,1.524005175,2.101199627,0.135683894,2.101199627,0.725302420
2026-06-03T01:47:43,1773928452.146528006,r1,body,odom,1,structure_anchor_1,plane,wall_like,general_plane,unknown,stale,false,false,true,false,48,24,72,48,0.513333333,1.000000000,0.000000000,0.666666667,1.000000000,0.000000000,0.000000000,0.091758177,165,0.054926764,0.000000000,-0.742120464,-11.109528147,1.362451270,0.624037714,-7.784627226,-11.918173807,-1.453183610,5.174537659,0.099238873,3.689626217,0.081515181,0.996598214,0.012131541,-0.988921154,0.148247074,0.007586793,-11.109528147,1.362451270,0.624037714,0.000000000,0.000000000,0.000000000,1.000000000,3.689626217,5.174537659,0.099238873,5.174537659,0.713034953
2026-06-03T01:47:43,1773928452.146528006,r1,body,odom,14,structure_anchor_14,plane,wall_like,general_plane,unknown,stale,false,false,true,false,6,13,20,6,0.352000000,0.750000000,0.000000000,0.300000000,0.650000000,0.000000000,0.000000000,0.214611594,219,0.063662791,0.000000000,-0.106828652,-3.047799861,-3.275985443,0.486158605,-2.615436656,-4.186957820,-1.635745355,1.515600443,4.065314293,2.097198963,0.946594935,-0.320767477,-0.032652002,0.383649039,0.922664428,-0.038775918,-3.047799861,-3.275985443,0.486158605,0.000000000,0.000000000,0.000000000,1.000000000,2.097198963,1.515600443,4.065314293,4.065314293,0.515876218
2026-06-03T01:47:43,1773928452.146528006,r1,body,odom,3,structure_anchor_3,plane,wall_like,general_plane,unknown,stale,false,false,true,false,20,27,72,20,0.435555556,1.000000000,0.000000000,0.277777778,1.000000000,0.000000000,0.000000000,0.214740401,138,0.044259140,0.000000000,-0.925327688,-4.004317152,-2.117474333,0.110437698,-3.834218887,-5.066637960,-2.008534882,0.073419511,1.111512899,1.289421082,0.998183613,-0.058932710,0.012502395,0.125712871,0.992054232,0.004947509,-4.004317152,-2.117474333,0.110437698,0.000000000,0.000000000,0.000000000,1.000000000,1.289421082,0.073419511,1.111512899,1.111512899,1.160059485
2026-06-03T01:47:43,1773928452.146528006,r1,body,odom,5,structure_anchor_5,plane,wall_like,general_plane,unknown,stale,false,false,true,false,32,27,71,32,0.470140845,1.000000000,0.000000000,0.450704225,1.000000000,0.000000000,0.000000000,0.473049691,201,0.064464400,0.000000000,3.687168749,-8.364398631,4.937003021,0.687760951,-11.167187232,-8.939129926,-1.424892788,0.198105574,2.248228073,2.713875055,0.999100229,-0.041491861,-0.008778172,0.108445028,0.993966933,-0.016407796,-8.364398631,4.937003021,0.687760951,0.000000000,0.000000000,0.000000000,1.000000000,2.713875055,0.198105574,2.248228073,2.248228073,1.207117324
2026-06-03T01:47:43,1773928452.146528006,r1,body,odom,8,structure_anchor_8,plane,wall_like,general_plane,unknown,stale,false,false,true,false,4,41,54,4,0.169814815,0.500000000,0.000000000,0.074074074,1.000000000,0.000000000,0.000000000,0.269359626,103,0.033161623,0.000000000,-1.000408871,-4.025495436,-2.463683041,-0.139019061,-3.489366876,-5.112987576,-2.256459178,0.511914730,3.259346485,1.469122410,0.971535699,0.109608846,-0.210009962,-0.043481286,0.974977455,-0.218009514,-4.025495436,-2.463683041,-0.139019061,0.000000000,0.000000000,0.000000000,1.000000000,1.469122410,0.511914730,3.259346485,3.259346485,0.450741404
2026-06-03T01:47:43,1773928452.365528107,r1,body,odom,2,structure_anchor_2,plane,wall_like,general_plane,unknown,confirmed,true,true,true,false,71,0,73,71,0.844519415,1.000000000,0.999994336,0.972602740,0.000000000,0.000000000,0.000000000,0.067632568,251,0.070229435,0.000000000,-0.434050184,-3.488973141,0.731944561,0.300066710,-6.627682870,-4.242684029,-1.847508905,3.835012913,0.315224707,2.084175587,0.085522069,0.996278716,0.010709616,-0.989066839,0.147406064,0.004266601,-3.488973141,0.731944561,0.300066710,0.000000000,0.000000000,0.000000000,1.000000000,2.084175587,3.835012913,0.315224707,3.835012913,0.543459862
2026-06-03T01:47:43,1773928452.365528107,r1,body,odom,1,structure_anchor_1,plane,wall_like,general_plane,unknown,stale,false,false,true,false,48,25,73,48,0.511506849,1.000000000,0.000000000,0.657534247,1.000000000,0.000000000,0.000000000,0.091758177,165,0.054926764,0.000000000,-0.742120464,-11.223409313,1.406615258,0.661294155,-7.784627016,-11.918174519,-1.453183585,5.174537659,0.099238873,3.689626217,0.086354517,0.996165612,0.014033226,-0.988921218,0.148247053,0.007586793,-11.223409313,1.406615258,0.661294155,0.000000000,0.000000000,0.000000000,1.000000000,3.689626217,5.174537659,0.099238873,5.174537659,0.713034953
2026-06-03T01:47:43,1773928452.365528107,r1,body,odom,14,structure_anchor_14,plane,wall_like,general_plane,unknown,stale,false,false,true,false,6,14,21,6,0.345642857,0.750000000,0.000000000,0.285714286,0.700000000,0.000000000,0.000000000,0.214611594,219,0.063662791,0.000000000,-0.106828652,-3.184585698,-3.270267031,0.489070392,-2.615436377,-4.186957915,-1.635745337,1.515600443,4.065314293,2.097198963,0.944935131,-0.325249087,-0.036202076,0.383649033,0.922664495,-0.038775919,-3.184585698,-3.270267031,0.489070392,0.000000000,0.000000000,0.000000000,1.000000000,2.097198963,1.515600443,4.065314293,4.065314293,0.515876218
2026-06-03T01:47:43,1773928452.365528107,r1,body,odom,3,structure_anchor_3,plane,wall_like,general_plane,unknown,stale,false,false,true,false,20,28,73,20,0.434794521,1.000000000,0.000000000,0.273972603,1.000000000,0.000000000,0.000000000,0.214740401,138,0.044259140,0.000000000,-0.925327688,-4.136633786,-2.106352102,0.118737911,-3.834218653,-5.066638144,-2.008534876,0.073419511,1.111512899,1.289421082,0.997921067,-0.063764288,0.009360532,0.125712848,0.992054295,0.004947509,-4.136633786,-2.106352102,0.118737911,0.000000000,0.000000000,0.000000000,1.000000000,1.289421082,0.073419511,1.111512899,1.111512899,1.160059485
2026-06-03T01:47:43,1773928452.365528107,r1,body,odom,5,structure_anchor_5,plane,wall_like,general_plane,unknown,stale,false,false,true,false,32,28,72,32,0.468888889,1.000000000,0.000000000,0.444444444,1.000000000,0.000000000,0.000000000,0.473049691,201,0.064464400,0.000000000,3.687168749,-8.460900997,4.967763924,0.724430205,-11.167187314,-8.939130566,-1.424892763,0.198105574,2.248228073,2.713875055,0.998857692,-0.046281920,-0.011885067,0.108445004,0.993966995,-0.016407797,-8.460900997,4.967763924,0.724430205,0.000000000,0.000000000,0.000000000,1.000000000,2.713875055,0.198105574,2.248228073,2.248228073,1.207117324
2026-06-03T01:47:43,1773928452.365528107,r1,body,odom,8,structure_anchor_8,plane,wall_like,general_plane,unknown,stale,false,false,true,false,4,42,55,4,0.169545455,0.500000000,0.000000000,0.072727273,1.000000000,0.000000000,0.000000000,0.269359626,103,0.033161623,0.000000000,-1.000408871,-4.160231461,-2.451912766,-0.131399357,-3.489366620,-5.112987753,-2.256459180,0.511914730,3.259346485,1.469122410,0.971416320,0.105386019,-0.212706560,-0.043481319,0.974977512,-0.218009521,-4.160231461,-2.451912766,-0.131399357,0.000000000,0.000000000,0.000000000,1.000000000,1.469122410,0.511914730,3.259346485,3.259346485,0.450741404
2026-06-03T01:47:43,1773928452.548527718,r1,body,odom,18,structure_anchor_18,plane,wall_like,general_plane,unknown,confirmed,true,true,true,false,16,0,63,15,0.674932541,1.000000000,0.886567466,0.238095238,0.000000000,0.000000000,0.000000000,0.075445962,218,0.047096215,0.000000000,1.180988978,0.469779325,-1.218658949,0.298560466,-4.430621660,-0.315764087,-1.868843382,2.269071102,0.202550769,1.159334302,0.064456886,0.997796237,0.015755012,-0.989393748,0.144316642,0.016528206,0.469779325,-1.218658949,0.298560466,0.000000000,0.000000000,0.000000000,1.000000000,1.159334302,2.269071102,0.202550769,2.269071102,0.510929032
2026-06-03T01:47:43,1773928452.548527718,r1,body,odom,19,structure_anchor_19,plane,wall_like,general_plane,unknown,confirmed,true,true,true,false,8,0,11,8,0.770714947,1.000000000,0.876302007,0.727272727,0.000000000,0.000000000,0.000000000,0.255109873,131,0.037850332,0.000000000,1.118203461,-3.417518616,-0.942636609,-0.031329222,-5.017777807,-4.171236500,-2.163265399,2.911881447,0.178876400,1.796473742,0.051608847,0.997633917,0.045421301,-0.990199341,0.131761016,0.046308979,-3.417518616,-0.942636609,-0.031329222,0.000000000,0.000000000,0.000000000,1.000000000,1.796473742,2.911881447,0.178876400,2.911881447,0.616946045
2026-06-03T01:47:43,1773928452.548527718,r1,body,odom,1,structure_anchor_1,plane,wall_like,general_plane,unknown,stale,false,false,true,false,48,26,74,48,0.509729730,1.000000000,0.000000000,0.648648649,1.000000000,0.000000000,0.000000000,0.091758177,165,0.054926764,0.000000000,-0.742120464,-11.367262486,1.195705540,0.604135775,-7.784626010,-11.918177847,-1.453183472,5.174537659,0.099238873,3.689626217,0.068492921,0.997628208,0.006849879,-0.988921506,0.148246954,0.007586794,-11.367262486,1.195705540,0.604135775,0.000000000,0.000000000,0.000000000,1.000000000,3.689626217,5.174537659,0.099238873,5.174537659,0.713034953
2026-06-03T01:47:43,1773928452.548527718,r1,body,odom,14,structure_anchor_14,plane,wall_like,general_plane,unknown,stale,false,false,true,false,6,15,22,6,0.339545455,0.750000000,0.000000000,0.272727273,0.750000000,0.000000000,0.000000000,0.214611594,219,0.063662791,0.000000000,-0.106828652,-3.245544776,-3.337799369,0.501018809,-2.615435058,-4.186958426,-1.635745260,1.515600443,4.065314293,2.097198963,0.950739605,-0.308557426,-0.029778520,0.383649007,0.922664798,-0.038775926,-3.245544776,-3.337799369,0.501018809,0.000000000,0.000000000,0.000000000,1.000000000,2.097198963,1.515600443,4.065314293,4.065314293,0.515876218
2026-06-03T01:47:43,1773928452.548527718,r1,body,odom,3,structure_anchor_3,plane,wall_like,general_plane,unknown,stale,false,false,true,false,20,29,74,20,0.434054054,1.000000000,0.000000000,0.270270270,1.000000000,0.000000000,0.000000000,0.214740401,138,0.044259140,0.000000000,-0.925327688,-4.216612400,-2.193908983,0.117896379,-3.834217541,-5.066639065,-2.008534850,0.073419511,1.111512899,1.289421082,0.998850819,-0.045832412,0.014023981,0.125712743,0.992054581,0.004947508,-4.216612400,-2.193908983,0.117896379,0.000000000,0.000000000,0.000000000,1.000000000,1.289421082,0.073419511,1.111512899,1.111512899,1.160059485
2026-06-03T01:47:43,1773928452.548527718,r1,body,odom,5,structure_anchor_5,plane,wall_like,general_plane,unknown,stale,false,false,true,false,32,29,73,32,0.467671233,1.000000000,0.000000000,0.438356164,1.000000000,0.000000000,0.000000000,0.473049691,201,0.064464400,0.000000000,3.687168749,-8.669076648,4.806070938,0.651872312,-11.167187642,-8.939133562,-1.424892649,0.198105574,2.248228073,2.713875055,0.999567014,-0.028495867,-0.007349307,0.108444894,0.993967280,-0.016407800,-8.669076648,4.806070938,0.651872312,0.000000000,0.000000000,0.000000000,1.000000000,2.713875055,0.198105574,2.248228073,2.248228073,1.207117324
2026-06-03T01:47:43,1773928452.548527718,r1,body,odom,8,structure_anchor_8,plane,wall_like,general_plane,unknown,stale,false,false,true,false,4,43,56,4,0.169285714,0.500000000,0.000000000,0.071428571,1.000000000,0.000000000,0.000000000,0.269359626,103,0.033161623,0.000000000,-1.000408871,-4.232954516,-2.541702207,-0.129713263,-3.489365409,-5.112988637,-2.256459188,0.511914730,3.259346485,1.469122410,0.970290670,0.121147051,-0.209426954,-0.043481468,0.974977769,-0.218009553,-4.232954516,-2.541702207,-0.129713263,0.000000000,0.000000000,0.000000000,1.000000000,1.469122410,0.511914730,3.259346485,3.259346485,0.450741404
2026-06-03T01:47:43,1773928452.749527693,r1,body,odom,22,structure_anchor_22,plane,wall_like,general_plane,unknown,weak_tracked,false,true,true,false,2,0,4,2,0.307200000,0.250000000,0.473500000,0.500000000,0.000000000,0.000000000,0.000000000,0.033243043,285,0.083946981,0.000000000,1.220541229,0.148044258,-1.214059949,0.221126214,-4.442759499,-0.519492774,-1.953912445,3.585191011,0.115463138,1.247274637,0.021299467,0.998401925,-0.052344328,-0.991288536,0.123643039,-0.045381847,0.148044258,-1.214059949,0.221126214,0.000000000,0.000000000,0.000000000,1.000000000,1.247274637,3.585191011,0.115463138,3.585191011,0.347896286
2026-06-03T01:47:43,1773928452.749527693,r1,body,odom,2,structure_anchor_2,plane,wall_like,general_plane,unknown,confirmed,true,true,true,false,72,0,75,72,0.831599264,1.000000000,0.947996318,0.960000000,0.000000000,0.000000000,0.000000000,0.062281751,382,0.112518409,0.000000000,-0.399414328,-2.981580257,0.536030710,0.127859533,-6.506847746,-3.452667357,-1.999663268,4.920568943,0.247764200,2.077064991,0.045606026,0.998959305,-0.000629688,-0.988907201,0.148411201,0.006061236,-2.981580257,0.536030710,0.127859533,0.000000000,0.000000000,0.000000000,1.000000000,2.077064991,4.920568943,0.247764200,4.920568943,0.422118868
2026-06-03T01:47:43,1773928452.749527693,r1,body,odom,1,structure_anchor_1,plane,wall_like,general_plane,unknown,stale,false,false,true,false,48,27,75,48,0.508000000,1.000000000,0.000000000,0.640000000,1.000000000,0.000000000,0.000000000,0.091758177,165,0.054926764,0.000000000,-0.742120464,-11.539271431,0.937553809,0.576067753,-7.784626569,-11.918175986,-1.453183535,5.174537659,0.099238873,3.689626217,0.045424251,0.998967428,0.000893918,-0.988921344,0.148247009,0.007586793,-11.539271431,0.937553809,0.576067753,0.000000000,0.000000000,0.000000000,1.000000000,3.689626217,5.174537659,0.099238873,5.174537659,0.713034953
2026-06-03T01:47:43,1773928452.749527693,r1,body,odom,14,structure_anchor_14,plane,wall_like,general_plane,unknown,stale,false,false,true,false,6,16,23,6,0.333673913,0.750000000,0.000000000,0.260869565,0.800000000,0.000000000,0.000000000,0.214611594,219,0.063662791,0.000000000,-0.106828652,-3.314839845,-3.407646262,0.516517517,-2.615435795,-4.186958147,-1.635745303,1.515600443,4.065314293,2.097198963,0.957671187,-0.286684848,-0.026034190,0.383649021,0.922664628,-0.038775922,-3.314839845,-3.407646262,0.516517517,0.000000000,0.000000000,0.000000000,1.000000000,2.097198963,1.515600443,4.065314293,4.065314293,0.515876218
2026-06-03T01:47:43,1773928452.749527693,r1,body,odom,3,structure_anchor_3,plane,wall_like,general_plane,unknown,stale,false,false,true,false,20,30,75,20,0.433333333,1.000000000,0.000000000,0.266666667,1.000000000,0.000000000,0.000000000,0.214740401,138,0.044259140,0.000000000,-0.925327688,-4.311256100,-2.288837588,0.124520369,-3.834218162,-5.066638556,-2.008534865,0.073419511,1.111512899,1.289421082,0.999611117,-0.022657954,0.016257785,0.125712801,0.992054420,0.004947509,-4.311256100,-2.288837588,0.124520369,0.000000000,0.000000000,0.000000000,1.000000000,1.289421082,0.073419511,1.111512899,1.111512899,1.160059485
2026-06-03T01:47:43,1773928452.749527693,r1,body,odom,5,structure_anchor_5,plane,wall_like,general_plane,unknown,stale,false,false,true,false,32,30,74,32,0.466486486,1.000000000,0.000000000,0.432432432,1.000000000,0.000000000,0.000000000,0.473049691,201,0.064464400,0.000000000,3.687168749,-8.925276944,4.609514322,0.607043702,-11.167187451,-8.939131889,-1.424892712,0.198105574,2.248228073,2.713875055,0.999971627,-0.005439278,-0.005219488,0.108444956,0.993967120,-0.016407799,-8.925276944,4.609514322,0.607043702,0.000000000,0.000000000,0.000000000,1.000000000,2.713875055,0.198105574,2.248228073,2.248228073,1.207117324
2026-06-03T01:47:43,1773928452.749527693,r1,body,odom,8,structure_anchor_8,plane,wall_like,general_plane,unknown,stale,false,false,true,false,4,44,57,4,0.169035088,0.500000000,0.000000000,0.070175439,1.000000000,0.000000000,0.000000000,0.269359626,103,0.033161623,0.000000000,-1.000408871,-4.319043802,-2.638409018,-0.120993103,-3.489366085,-5.112988149,-2.256459183,0.511914730,3.259346485,1.469122410,0.967671568,0.142260487,-0.208263715,-0.043481384,0.974977624,-0.218009535,-4.319043802,-2.638409018,-0.120993103,0.000000000,0.000000000,0.000000000,1.000000000,1.469122410,0.511914730,3.259346485,3.259346485,0.450741404
2026-06-03T01:47:43,1773928452.947527885,r1,body,odom,18,structure_anchor_18,plane,wall_like,general_plane,unknown,confirmed,true,true,true,false,17,0,65,16,0.674084540,1.000000000,0.874268853,0.246153846,0.000000000,0.000000000,0.000000000,0.142134485,430,0.133374690,0.000000000,1.192258038,-0.605879664,-1.158290863,0.149002343,-4.558900791,-1.139352816,-2.017772182,7.381115913,0.385459900,1.300540566,0.050832419,0.998039807,-0.036504925,-0.987734625,0.152756287,-0.032335512,-0.605879664,-1.158290863,0.149002343,0.000000000,0.000000000,0.000000000,1.000000000,1.300540566,7.381115913,0.385459900,7.381115913,0.176198366
2026-06-03T01:47:43,1773928452.947527885,r1,body,odom,1,structure_anchor_1,plane,wall_like,general_plane,unknown,stale,false,false,true,false,48,28,76,48,0.506315789,1.000000000,0.000000000,0.631578947,1.000000000,0.000000000,0.000000000,0.091758177,165,0.054926764,0.000000000,-0.742120464,-11.661787135,0.947134777,0.640059120,-7.784627874,-11.918171758,-1.453183676,5.174537659,0.099238873,3.689626217,0.045993877,0.998935847,0.003386376,-0.988920986,0.148247133,0.007586791,-11.661787135,0.947134777,0.640059120,0.000000000,0.000000000,0.000000000,1.000000000,3.689626217,5.174537659,0.099238873,5.174537659,0.713034953
2026-06-03T01:47:43,1773928452.947527885,r1,body,odom,14,structure_anchor_14,plane,wall_like,general_plane,unknown,stale,false,false,true,false,6,17,24,6,0.328000000,0.750000000,0.000000000,0.250000000,0.850000000,0.000000000,0.000000000,0.214611594,219,0.063662791,0.000000000,-0.106828652,-3.440253970,-3.402419651,0.524634390,-2.615437475,-4.186957426,-1.635745398,1.515600443,4.065314293,2.097198963,0.957355720,-0.287140418,-0.031939562,0.383649055,0.922664250,-0.038775914,-3.440253970,-3.402419651,0.524634390,0.000000000,0.000000000,0.000000000,1.000000000,2.097198963,1.515600443,4.065314293,4.065314293,0.515876218
2026-06-03T01:47:43,1773928452.947527885,r1,body,odom,3,structure_anchor_3,plane,wall_like,general_plane,unknown,stale,false,false,true,false,20,31,76,20,0.432631579,1.000000000,0.000000000,0.263157895,1.000000000,0.000000000,0.000000000,0.214740401,138,0.044259140,0.000000000,-0.925327688,-4.438117781,-2.281991542,0.141035925,-3.834219586,-5.066637325,-2.008534896,0.073419511,1.111512899,1.289421082,0.999670579,-0.023253661,0.010850339,0.125712934,0.992054065,0.004947509,-4.438117781,-2.281991542,0.141035925,0.000000000,0.000000000,0.000000000,1.000000000,1.289421082,0.073419511,1.111512899,1.111512899,1.160059485
2026-06-03T01:47:43,1773928452.947527885,r1,body,odom,5,structure_anchor_5,plane,wall_like,general_plane,unknown,stale,false,false,true,false,32,31,75,32,0.465333333,1.000000000,0.000000000,0.426666667,1.000000000,0.000000000,0.000000000,0.473049691,201,0.064464400,0.000000000,3.687168749,-9.045586609,4.617553892,0.667111525,-11.167187096,-8.939128066,-1.424892858,0.198105574,2.248228073,2.713875055,0.999926022,-0.005976381,-0.010581322,0.108445094,0.993966767,-0.016407794,-9.045586609,4.617553892,0.667111525,0.000000000,0.000000000,0.000000000,1.000000000,2.713875055,0.198105574,2.248228073,2.248228073,1.207117324
2026-06-03T01:47:43,1773928452.947527885,r1,body,odom,8,structure_anchor_8,plane,wall_like,general_plane,unknown,stale,false,false,true,false,4,45,58,4,0.168793103,0.500000000,0.000000000,0.068965517,1.000000000,0.000000000,0.000000000,0.269359626,103,0.033161623,0.000000000,-1.000408871,-4.447415691,-2.630884252,-0.105388626,-3.489367633,-5.112986964,-2.256459170,0.511914730,3.259346485,1.469122410,0.966624642,0.142297173,-0.213044704,-0.043481198,0.974977304,-0.218009496,-4.447415691,-2.630884252,-0.105388626,0.000000000,0.000000000,0.000000000,1.000000000,1.469122410,0.511914730,3.259346485,3.259346485,0.450741404
2026-06-03T01:47:44,1773928453.148522854,r1,body,odom,18,structure_anchor_18,plane,wall_like,general_plane,unknown,confirmed,true,true,true,false,18,0,66,17,0.685170102,1.000000000,0.918274754,0.257575758,0.000000000,0.000000000,0.000000000,0.251324189,405,0.133048620,0.000000000,1.221982154,-0.674605787,-1.188026547,0.128640950,-4.531644970,-1.055108334,-2.042771200,7.054866791,0.422084808,1.464950681,0.043179092,0.996834897,-0.066751430,-0.985143283,0.160044943,-0.062276965,-0.674605787,-1.188026547,0.128640950,0.000000000,0.000000000,0.000000000,1.000000000,1.464950681,7.054866791,0.422084808,7.054866791,0.207651076
2026-06-03T01:47:44,1773928453.148522854,r1,body,odom,2,structure_anchor_2,plane,wall_like,general_plane,unknown,confirmed,true,true,true,false,73,0,77,73,0.822449911,1.000000000,0.914197607,0.948051948,0.000000000,0.000000000,0.000000000,0.060950963,444,0.145860710,0.000000000,-0.386348459,-3.251379013,0.491480678,0.292728245,-6.502842009,-3.413390757,-1.841981404,5.473412037,0.208816886,2.506169319,0.032624024,0.999459195,0.004122062,-0.988555085,0.150608390,0.008720635,-3.251379013,0.491480678,0.292728245,0.000000000,0.000000000,0.000000000,1.000000000,2.506169319,5.473412037,0.208816886,5.473412037,0.457880624
2026-06-03T01:47:44,1773928453.148522854,r1,body,odom,1,structure_anchor_1,plane,wall_like,general_plane,unknown,stale,false,false,true,false,48,29,77,48,0.504675325,1.000000000,0.000000000,0.623376623,1.000000000,0.000000000,0.000000000,0.091758177,165,0.054926764,0.000000000,-0.742120464,-11.851807412,0.760613137,0.585480485,-7.784626478,-11.918176260,-1.453183525,5.174537659,0.099238873,3.689626217,0.030248531,0.999538074,0.002961578,-0.988921365,0.148247002,0.007586793,-11.851807412,0.760613137,0.585480485,0.000000000,0.000000000,0.000000000,1.000000000,3.689626217,5.174537659,0.099238873,5.174537659,0.713034953
2026-06-03T01:47:44,1773928453.148522854,r1,body,odom,14,structure_anchor_14,plane,wall_like,general_plane,unknown,stale,false,false,true,false,6,18,25,6,0.322500000,0.750000000,0.000000000,0.240000000,0.900000000,0.000000000,0.000000000,0.214611594,219,0.063662791,0.000000000,-0.106828652,-3.562351049,-3.459049642,0.515153494,-2.615435686,-4.186958217,-1.635745297,1.515600443,4.065314293,2.097198963,0.961908102,-0.272053113,-0.026833041,0.383649019,0.922664650,-0.038775923,-3.562351049,-3.459049642,0.515153494,0.000000000,0.000000000,0.000000000,1.000000000,2.097198963,1.515600443,4.065314293,4.065314293,0.515876218
2026-06-03T01:47:44,1773928453.148522854,r1,body,odom,3,structure_anchor_3,plane,wall_like,general_plane,unknown,stale,false,false,true,false,20,32,77,20,0.431948052,1.000000000,0.000000000,0.259740260,1.000000000,0.000000000,0.000000000,0.214740401,138,0.044259140,0.000000000,-0.925327688,-4.575738399,-2.354691048,0.125694651,-3.834218066,-5.066638656,-2.008534862,0.073419511,1.111512899,1.289421082,0.999843871,-0.007508096,0.015998987,0.125712793,0.992054441,0.004947509,-4.575738399,-2.354691048,0.125694651,0.000000000,0.000000000,0.000000000,1.000000000,1.289421082,0.073419511,1.111512899,1.111512899,1.160059485
2026-06-03T01:47:44,1773928453.148522854,r1,body,odom,5,structure_anchor_5,plane,wall_like,general_plane,unknown,stale,false,false,true,false,32,32,76,32,0.464210526,1.000000000,0.000000000,0.421052632,1.000000000,0.000000000,0.000000000,0.473049691,201,0.064464400,0.000000000,3.687168749,-9.293870670,4.471776343,0.623538482,-11.167187458,-8.939132141,-1.424892702,0.198105574,2.248228073,2.713875055,0.999937625,0.009758619,-0.005442511,0.108444947,0.993967140,-0.016407799,-9.293870670,4.471776343,0.623538482,0.000000000,0.000000000,0.000000000,1.000000000,2.713875055,0.198105574,2.248228073,2.248228073,1.207117324
2026-06-03T01:47:44,1773928453.148522854,r1,body,odom,8,structure_anchor_8,plane,wall_like,general_plane,unknown,stale,false,false,true,false,4,46,59,4,0.168559322,0.500000000,0.000000000,0.067796610,1.000000000,0.000000000,0.000000000,0.269359626,103,0.033161623,0.000000000,-1.000408871,-4.578276208,-2.703830005,-0.120543548,-3.489365983,-5.112988246,-2.256459183,0.511914730,3.259346485,1.469122410,0.965348869,0.157372010,-0.208172326,-0.043481396,0.974977643,-0.218009538,-4.578276208,-2.703830005,-0.120543548,0.000000000,0.000000000,0.000000000,1.000000000,1.469122410,0.511914730,3.259346485,3.259346485,0.450741404
2026-06-03T01:47:44,1773928453.325522900,r1,body,odom,2,structure_anchor_2,plane,wall_like,general_plane,unknown,confirmed,true,true,true,false,74,0,78,74,0.828589279,1.000000000,0.944228444,0.948717949,0.000000000,0.000000000,0.000000000,0.057274784,513,0.170772304,0.000000000,-0.383633580,-3.215075254,0.445794046,0.279931724,-6.468833977,-3.262100435,-1.869440128,5.266193390,0.127951652,2.562113285,0.019211128,0.999814825,-0.001117037,-0.989148186,0.146826824,0.005274398,-3.215075254,0.445794046,0.279931724,0.000000000,0.000000000,0.000000000,1.000000000,2.562113285,5.266193390,0.127951652,5.266193390,0.486520926
2026-06-03T01:47:44,1773928453.325522900,r1,body,odom,24,structure_anchor_24,plane,wall_like,general_plane,unknown,candidate,false,true,true,false,1,0,1,1,0.326250000,0.125000000,0.350000000,1.000000000,0.000000000,0.000000000,0.000000000,0.000000000,56,0.018641811,0.000000000,-0.374295628,0.425089419,0.351500988,0.247868657,-5.910493114,0.335893287,-1.927883595,1.290842056,0.094464779,0.598801196,0.059864796,0.998173515,-0.008114136,-0.982378180,0.186893275,-0.002020853,0.425089419,0.351500988,0.247868657,0.000000000,0.000000000,0.000000000,1.000000000,0.598801196,1.290842056,0.094464779,1.290842056,0.463884170
2026-06-03T01:47:44,1773928453.325522900,r1,body,odom,18,structure_anchor_18,plane,wall_like,general_plane,unknown,confirmed,true,true,true,false,19,0,67,18,0.693107061,1.000000000,0.946878590,0.268656716,0.000000000,0.000000000,0.000000000,0.341322895,415,0.104860186,0.000000000,1.213675635,-0.434703973,-1.196078404,0.164259584,-4.486100343,-0.715137075,-2.015506378,6.531616688,0.270403147,1.370068669,0.019327522,0.996471908,-0.081671680,-0.986412341,0.146016707,-0.075299159,-0.434703973,-1.196078404,0.164259584,0.000000000,0.000000000,0.000000000,1.000000000,1.370068669,6.531616688,0.270403147,6.531616688,0.209759503
2026-06-03T01:47:44,1773928453.325522900,r1,body,odom,23,structure_anchor_23,plane,wall_like,general_plane,unknown,weak_tracked,false,true,true,false,2,0,7,2,0.239642857,0.250000000,0.350000000,0.285714286,0.000000000,0.000000000,0.000000000,0.071745213,85,0.028295606,0.000000000,1.064003023,2.997309208,-1.191683173,0.483841568,-4.049634360,2.691204197,-1.720203438,1.435496330,0.238079071,1.795348287,0.056802093,0.992761922,-0.105817243,-0.978123370,0.182559725,-0.099733080,2.997309208,-1.191683173,0.483841568,0.000000000,0.000000000,0.000000000,1.000000000,1.795348287,1.435496330,0.238079071,1.435496330,1.250681210
2026-06-03T01:47:44,1773928453.325522900,r1,body,odom,19,structure_anchor_19,plane,wall_like,general_plane,unknown,stale,false,false,true,false,8,4,15,8,0.653927068,1.000000000,0.556302007,0.533333333,0.200000000,0.000000000,0.000000000,0.255109873,131,0.037850332,0.000000000,1.118203461,-4.758256869,-1.094121109,0.003174218,-5.140776001,-4.991116987,-2.145315105,2.911881447,0.178876400,1.796473742,0.014383775,0.999888134,-0.004111743,-0.989859723,0.142029995,0.002314478,-4.758256869,-1.094121109,0.003174218,0.000000000,0.000000000,0.000000000,1.000000000,1.796473742,2.911881447,0.178876400,2.911881447,0.616946045
2026-06-03T01:47:44,1773928453.325522900,r1,body,odom,1,structure_anchor_1,plane,wall_like,general_plane,unknown,stale,false,false,false,false,48,30,77,48,0.504675325,1.000000000,0.000000000,0.623376623,1.000000000,0.000000000,0.000000000,0.091758177,165,0.054926764,0.000000000,-0.742120464,-11.971047901,0.647203029,0.632912100,-7.784626574,-11.918175949,-1.453183538,5.174537659,0.099238873,3.689626217,0.020632255,0.999786445,0.001205711,-0.988921338,0.148247011,0.007586793,-11.971047901,0.647203029,0.632912100,0.000000000,0.000000000,0.000000000,1.000000000,3.689626217,5.174537659,0.099238873,5.174537659,0.713034953
2026-06-03T01:47:44,1773928453.325522900,r1,body,odom,14,structure_anchor_14,plane,wall_like,general_plane,unknown,stale,false,false,true,false,6,19,26,6,0.317153846,0.750000000,0.000000000,0.230769231,0.950000000,0.000000000,0.000000000,0.214611594,219,0.063662791,0.000000000,-0.106828652,-3.641682992,-3.492596079,0.536330838,-2.615435810,-4.186958167,-1.635745305,1.515600443,4.065314293,2.097198963,0.964369054,-0.262827381,-0.030235313,0.383649022,0.922664622,-0.038775922,-3.641682992,-3.492596079,0.536330838,0.000000000,0.000000000,0.000000000,1.000000000,2.097198963,1.515600443,4.065314293,4.065314293,0.515876218
2026-06-03T01:47:44,1773928453.325522900,r1,body,odom,3,structure_anchor_3,plane,wall_like,general_plane,unknown,stale,false,false,true,false,20,33,78,20,0.431282051,1.000000000,0.000000000,0.256410256,1.000000000,0.000000000,0.000000000,0.214740401,138,0.044259140,0.000000000,-0.925327688,-4.667202808,-2.398695282,0.149122744,-3.834218171,-5.066638568,-2.008534865,0.073419511,1.111512899,1.289421082,0.999925600,0.002141817,0.012011886,0.125712803,0.992054415,0.004947509,-4.667202808,-2.398695282,0.149122744,0.000000000,0.000000000,0.000000000,1.000000000,1.289421082,0.073419511,1.111512899,1.111512899,1.160059485
2026-06-03T01:47:44,1773928453.325522900,r1,body,odom,5,structure_anchor_5,plane,wall_like,general_plane,unknown,stale,false,false,true,false,32,33,77,32,0.463116883,1.000000000,0.000000000,0.415584416,1.000000000,0.000000000,0.000000000,0.473049691,201,0.064464400,0.000000000,3.687168749,-9.448840274,4.382871101,0.654668363,-11.167187429,-8.939131859,-1.424892715,0.198105574,2.248228073,2.713875055,0.999767634,0.019372716,-0.009458028,0.108444958,0.993967114,-0.016407798,-9.448840274,4.382871101,0.654668363,0.000000000,0.000000000,0.000000000,1.000000000,2.713875055,0.198105574,2.248228073,2.248228073,1.207117324
2026-06-03T01:47:44,1773928453.325522900,r1,body,odom,8,structure_anchor_8,plane,wall_like,general_plane,unknown,stale,false,false,true,false,4,47,60,4,0.168333333,0.500000000,0.000000000,0.066666667,1.000000000,0.000000000,0.000000000,0.269359626,103,0.033161623,0.000000000,-1.000408871,-4.667358957,-2.748254212,-0.096531947,-3.489366097,-5.112988161,-2.256459183,0.511914730,3.259346485,1.469122410,0.962951450,0.166306793,-0.212289035,-0.043481382,0.974977619,-0.218009535,-4.667358957,-2.748254212,-0.096531947,0.000000000,0.000000000,0.000000000,1.000000000,1.469122410,0.511914730,3.259346485,3.259346485,0.450741404
2026-06-03T01:47:44,1773928453.547523022,r1,body,odom,18,structure_anchor_18,plane,wall_like,general_plane,unknown,confirmed,true,true,true,false,20,0,68,19,0.698976570,1.000000000,0.965471084,0.279411765,0.000000000,0.000000000,0.000000000,0.352508920,333,0.046563905,0.000000000,1.173227417,-1.132840200,-1.201863384,0.226781132,-4.568278860,-1.278279987,-1.944043552,2.796222925,0.136907697,1.259886384,-0.025540917,0.999669124,-0.003066742,-0.992774737,0.119990542,0.000882599,-1.132840200,-1.201863384,0.226781132,0.000000000,0.000000000,0.000000000,1.000000000,1.259886384,2.796222925,0.136907697,2.796222925,0.450567218
2026-06-03T01:47:44,1773928453.547523022,r1,body,odom,23,structure_anchor_23,plane,wall_like,general_plane,unknown,weak_tracked,false,true,true,false,3,0,8,3,0.359250000,0.375000000,0.577500000,0.375000000,0.000000000,0.000000000,0.000000000,0.189969145,130,0.021194605,0.000000000,1.099922795,2.672023921,-1.103670142,0.620440482,-4.110678281,2.503243623,-1.580336630,1.474047184,0.079422474,1.176189899,0.002585349,0.999983583,-0.005123599,-0.989009196,0.147848046,-0.001397021,2.672023921,-1.103670142,0.620440482,0.000000000,0.000000000,0.000000000,1.000000000,1.176189899,1.474047184,0.079422474,1.474047184,0.797932327
2026-06-03T01:47:44,1773928453.547523022,r1,body,odom,2,structure_anchor_2,plane,wall_like,general_plane,unknown,confirmed,true,true,true,false,75,0,79,75,0.832623115,1.000000000,0.963748489,0.949367089,0.000000000,0.000000000,0.000000000,0.054590209,522,0.167630058,0.000000000,-0.389924635,-3.272927284,0.392592996,0.278665125,-6.456491969,-3.163484855,-1.869141649,5.569807529,0.056632519,2.673539162,0.000865769,0.999999449,0.000593741,-0.989246931,0.146191016,0.004333853,-3.272927284,0.392592996,0.278665125,0.000000000,0.000000000,0.000000000,1.000000000,2.673539162,5.569807529,0.056632519,5.569807529,0.480005664
2026-06-03T01:47:44,1773928453.547523022,r1,body,odom,24,structure_anchor_24,plane,wall_like,general_plane,unknown,weak_tracked,false,true,true,false,2,0,2,2,0.428000000,0.250000000,0.577500000,1.000000000,0.000000000,0.000000000,0.000000000,0.021852942,55,0.017662171,0.000000000,-0.378387453,0.416834772,0.361464888,0.228770345,-5.889825671,0.482113716,-1.948539477,1.384128094,0.074621111,0.591335535,0.034539146,0.999330123,0.012097655,-0.983636110,0.179493092,0.015566611,0.416834772,0.361464888,0.228770345,0.000000000,0.000000000,0.000000000,1.000000000,0.591335535,1.384128094,0.074621111,1.384128094,0.427226019
2026-06-03T01:47:44,1773928453.547523022,r1,body,odom,19,structure_anchor_19,plane,wall_like,general_plane,unknown,stale,false,false,true,false,8,5,16,8,0.627760401,1.000000000,0.476302007,0.500000000,0.250000000,0.000000000,0.000000000,0.255109873,131,0.037850332,0.000000000,1.118203461,-4.887736810,-1.175789909,-0.004504207,-5.140775935,-4.991117091,-2.145315104,2.911881447,0.178876400,1.796473742,-0.003323926,0.999993462,-0.001459061,-0.989859744,0.142029987,0.002314478,-4.887736810,-1.175789909,-0.004504207,0.000000000,0.000000000,0.000000000,1.000000000,1.796473742,2.911881447,0.178876400,2.911881447,0.616946045
2026-06-03T01:47:44,1773928453.547523022,r1,body,odom,1,structure_anchor_1,plane,wall_like,general_plane,unknown,stale,false,false,false,false,48,31,77,48,0.504675325,1.000000000,0.000000000,0.623376623,1.000000000,0.000000000,0.000000000,0.091758177,165,0.054926764,0.000000000,-0.742120464,-12.130720543,0.435855300,0.623923662,-7.784626485,-11.918176215,-1.453183529,5.174537659,0.099238873,3.689626217,0.002921268,0.999988321,0.003863221,-0.988921359,0.148247003,0.007586793,-12.130720543,0.435855300,0.623923662,0.000000000,0.000000000,0.000000000,1.000000000,3.689626217,5.174537659,0.099238873,5.174537659,0.713034953
2026-06-03T01:47:44,1773928453.547523022,r1,body,odom,14,structure_anchor_14,plane,wall_like,general_plane,unknown,stale,false,false,true,false,6,20,27,6,0.311944444,0.750000000,0.000000000,0.222222222,1.000000000,0.000000000,0.000000000,0.214611594,219,0.063662791,0.000000000,-0.106828652,-3.729271573,-3.555523188,0.523229966,-2.615435703,-4.186958229,-1.635745298,1.515600443,4.065314293,2.097198963,0.968895693,-0.245627442,-0.030139623,0.383649019,0.922664644,-0.038775922,-3.729271573,-3.555523188,0.523229966,0.000000000,0.000000000,0.000000000,1.000000000,2.097198963,1.515600443,4.065314293,4.065314293,0.515876218
2026-06-03T01:47:44,1773928453.547523022,r1,body,odom,3,structure_anchor_3,plane,wall_like,general_plane,unknown,stale,false,false,true,false,20,34,79,20,0.430632911,1.000000000,0.000000000,0.253164557,1.000000000,0.000000000,0.000000000,0.214740401,138,0.044259140,0.000000000,-0.925327688,-4.773704946,-2.478930032,0.138072712,-3.834218079,-5.066638659,-2.008534863,0.073419511,1.111512899,1.289421082,0.999721274,0.019816750,0.012836366,0.125712795,0.992054435,0.004947509,-4.773704946,-2.478930032,0.138072712,0.000000000,0.000000000,0.000000000,1.000000000,1.289421082,0.073419511,1.111512899,1.111512899,1.160059485
2026-06-03T01:47:44,1773928453.547523022,r1,body,odom,5,structure_anchor_5,plane,wall_like,general_plane,unknown,stale,false,false,true,false,32,34,78,32,0.462051282,1.000000000,0.000000000,0.410256410,1.000000000,0.000000000,0.000000000,0.473049691,201,0.064464400,0.000000000,3.687168749,-9.675086940,4.215531178,0.657611934,-11.167187438,-8.939132104,-1.424892706,0.198105574,2.248228073,2.713875055,0.999274738,0.037099098,-0.008588085,0.108444949,0.993967134,-0.016407799,-9.675086940,4.215531178,0.657611934,0.000000000,0.000000000,0.000000000,1.000000000,2.713875055,0.198105574,2.248228073,2.248228073,1.207117324
2026-06-03T01:47:44,1773928453.547523022,r1,body,odom,8,structure_anchor_8,plane,wall_like,general_plane,unknown,stale,false,false,true,false,4,48,61,4,0.168114754,0.500000000,0.000000000,0.065573770,1.000000000,0.000000000,0.000000000,0.269359626,103,0.033161623,0.000000000,-1.000408871,-4.767480522,-2.827783405,-0.108504420,-3.489365998,-5.112988250,-2.256459184,0.511914730,3.259346485,1.469122410,0.960018640,0.183896230,-0.211060390,-0.043481393,0.974977637,-0.218009537,-4.767480522,-2.827783405,-0.108504420,0.000000000,0.000000000,0.000000000,1.000000000,1.469122410,0.511914730,3.259346485,3.259346485,0.450741404
2026-06-03T01:47:44,1773928453.727523088,r1,body,odom,2,structure_anchor_2,plane,wall_like,general_plane,unknown,confirmed,true,true,true,false,76,0,80,76,0.835287304,1.000000000,0.976436518,0.950000000,0.000000000,0.000000000,0.000000000,0.053537427,358,0.118700265,0.000000000,-0.392120997,-2.945252180,0.393687040,0.360030323,-6.388667841,-2.714823966,-1.789023989,5.553489208,0.159395784,1.541320086,0.000754587,0.999998049,0.001825331,-0.989407107,0.145138244,0.002886159,-2.945252180,0.393687040,0.360030323,0.000000000,0.000000000,0.000000000,1.000000000,1.541320086,5.553489208,0.159395784,5.553489208,0.277540845
2026-06-03T01:47:44,1773928453.727523088,r1,body,odom,23,structure_anchor_23,plane,wall_like,general_plane,unknown,confirmed,true,true,true,false,4,0,9,4,0.458963889,0.500000000,0.725375000,0.444444444,0.000000000,0.000000000,0.000000000,0.185432264,308,0.051392573,0.000000000,1.221723356,1.273426394,-1.180550891,0.271456930,-4.222175864,1.231214949,-1.924692149,2.094990492,0.232221603,1.689271212,-0.016158954,0.995161903,-0.096909834,-0.987321055,0.126668056,-0.095666311,1.273426394,-1.180550891,0.271456930,0.000000000,0.000000000,0.000000000,1.000000000,1.689271212,2.094990492,0.232221603,2.094990492,0.806338367
2026-06-03T01:47:44,1773928453.727523088,r1,body,odom,18,structure_anchor_18,plane,wall_like,general_plane,unknown,confirmed,false,true,true,false,21,0,69,20,0.703482255,1.000000000,0.977556204,0.289855072,0.000000000,0.000000000,0.000000000,0.450082977,69,0.022877984,0.000000000,1.166483061,-2.013615847,-1.251717567,0.205905244,-4.626420618,-2.032169622,-1.954928796,2.084213257,0.210317850,1.274740577,-0.048665010,0.993880665,-0.099161186,-0.990751470,0.094295755,-0.097568951,-2.013615847,-1.251717567,0.205905244,0.000000000,0.000000000,0.000000000,1.000000000,1.274740577,2.084213257,0.210317850,2.084213257,0.611617152
2026-06-03T01:47:44,1773928453.727523088,r1,body,odom,19,structure_anchor_19,plane,wall_like,general_plane,unknown,stale,false,false,true,false,8,6,17,8,0.602378049,1.000000000,0.396302007,0.470588235,0.300000000,0.000000000,0.000000000,0.255109873,131,0.037850332,0.000000000,1.118203461,-5.013597019,-1.170145192,-0.016878192,-5.140776697,-4.991115920,-2.145315114,2.911881447,0.178876400,1.796473742,-0.002379989,0.999996344,0.001219870,-0.989859487,0.142030080,0.002314478,-5.013597019,-1.170145192,-0.016878192,0.000000000,0.000000000,0.000000000,1.000000000,1.796473742,2.911881447,0.178876400,2.911881447,0.616946045
2026-06-03T01:47:44,1773928453.727523088,r1,body,odom,1,structure_anchor_1,plane,wall_like,general_plane,unknown,stale,false,false,false,false,48,32,77,48,0.504675325,1.000000000,0.000000000,0.623376623,1.000000000,0.000000000,0.000000000,0.091758177,165,0.054926764,0.000000000,-0.742120464,-12.256795884,0.446667337,0.595582607,-7.784627502,-11.918173028,-1.453183639,5.174537659,0.099238873,3.689626217,0.003850246,0.999970993,0.006559596,-0.988921100,0.148247095,0.007586792,-12.256795884,0.446667337,0.595582607,0.000000000,0.000000000,0.000000000,1.000000000,3.689626217,5.174537659,0.099238873,5.174537659,0.713034953
2026-06-03T01:47:44,1773928453.727523088,r1,body,odom,14,structure_anchor_14,plane,wall_like,general_plane,unknown,stale,false,false,true,false,6,21,28,6,0.310357143,0.750000000,0.000000000,0.214285714,1.000000000,0.000000000,0.000000000,0.214611594,219,0.063662791,0.000000000,-0.106828652,-3.858853604,-3.552383291,0.507700620,-2.615436972,-4.186957577,-1.635745373,1.515600443,4.065314293,2.097198963,0.968745006,-0.246463372,-0.028084865,0.383649046,0.922664371,-0.038775916,-3.858853604,-3.552383291,0.507700620,0.000000000,0.000000000,0.000000000,1.000000000,2.097198963,1.515600443,4.065314293,4.065314293,0.515876218
2026-06-03T01:47:44,1773928453.727523088,r1,body,odom,3,structure_anchor_3,plane,wall_like,general_plane,unknown,stale,false,false,true,false,20,35,80,20,0.430000000,1.000000000,0.000000000,0.250000000,1.000000000,0.000000000,0.000000000,0.214740401,138,0.044259140,0.000000000,-0.925327688,-4.901190268,-2.473770797,0.122513982,-3.834219167,-5.066637638,-2.008534890,0.073419511,1.111512899,1.289421082,0.999699395,0.018835090,0.015690748,0.125712893,0.992054179,0.004947509,-4.901190268,-2.473770797,0.122513982,0.000000000,0.000000000,0.000000000,1.000000000,1.289421082,0.073419511,1.111512899,1.111512899,1.160059485
2026-06-03T01:47:44,1773928453.727523088,r1,body,odom,5,structure_anchor_5,plane,wall_like,general_plane,unknown,stale,false,false,true,false,32,35,79,32,0.461012658,1.000000000,0.000000000,0.405063291,1.000000000,0.000000000,0.000000000,0.473049691,201,0.064464400,0.000000000,3.687168749,-9.797715545,4.223910532,0.646311996,-11.167187253,-8.939129201,-1.424892818,0.198105574,2.248228073,2.713875055,0.999329189,0.036175325,-0.005688331,0.108445051,0.993966880,-0.016407795,-9.797715545,4.223910532,0.646311996,0.000000000,0.000000000,0.000000000,1.000000000,2.713875055,0.198105574,2.248228073,2.248228073,1.207117324
2026-06-03T01:47:44,1773928453.727523088,r1,body,odom,8,structure_anchor_8,plane,wall_like,general_plane,unknown,stale,false,false,true,false,4,49,62,4,0.167903226,0.500000000,0.000000000,0.064516129,1.000000000,0.000000000,0.000000000,0.269359626,103,0.033161623,0.000000000,-1.000408871,-4.894602206,-2.821966397,-0.124981624,-3.489367174,-5.112987262,-2.256459179,0.511914730,3.259346485,1.469122410,0.960779072,0.183552794,-0.207874450,-0.043481256,0.974977407,-0.218009508,-4.894602206,-2.821966397,-0.124981624,0.000000000,0.000000000,0.000000000,1.000000000,1.469122410,0.511914730,3.259346485,3.259346485,0.450741404
2026-06-03T01:47:44,1773928453.925522804,r1,body,odom,2,structure_anchor_2,plane,wall_like,general_plane,unknown,confirmed,true,true,true,false,77,0,81,77,0.837060204,1.000000000,0.984683737,0.950617284,0.000000000,0.000000000,0.000000000,0.052846507,528,0.175124378,0.000000000,-0.386833218,-3.267446041,0.393787384,0.257513642,-6.414588557,-2.927393244,-1.888769679,5.860192299,0.066260904,2.268464088,0.002725721,0.999967174,0.007630300,-0.989374911,0.145150948,0.008279286,-3.267446041,0.393787384,0.257513642,0.000000000,0.000000000,0.000000000,1.000000000,2.268464088,5.860192299,0.066260904,5.860192299,0.387097210
2026-06-03T01:47:44,1773928453.925522804,r1,body,odom,24,structure_anchor_24,plane,wall_like,general_plane,unknown,confirmed,false,true,true,false,3,0,3,3,0.507325000,0.375000000,0.692875000,1.000000000,0.000000000,0.000000000,0.000000000,0.048763768,62,0.020563847,0.000000000,-0.369822670,0.629750431,0.351693749,0.213101402,-5.818190406,0.923453706,-1.973460632,1.530857086,0.073789597,0.616828918,0.023391661,0.999588131,0.016625251,-0.986038341,0.165642396,0.017060048,0.629750431,0.351693749,0.213101402,0.000000000,0.000000000,0.000000000,1.000000000,0.616828918,1.530857086,0.073789597,1.530857086,0.402930439
2026-06-03T01:47:44,1773928453.925522804,r1,body,odom,23,structure_anchor_23,plane,wall_like,general_plane,unknown,confirmed,true,true,true,false,5,0,10,5,0.545548750,0.625000000,0.821493750,0.500000000,0.000000000,0.000000000,0.000000000,0.266231660,155,0.028524046,0.000000000,1.121793236,1.901107352,-1.193892971,0.227497298,-4.107321558,1.961876521,-1.973244083,2.081285954,0.204731345,0.733623862,0.048194755,0.986347874,-0.157464929,-0.969774626,0.186543362,-0.157285958,1.901107352,-1.193892971,0.227497298,0.000000000,0.000000000,0.000000000,1.000000000,0.733623862,2.081285954,0.204731345,2.081285954,0.352485857
2026-06-03T01:47:44,1773928453.925522804,r1,body,odom,18,structure_anchor_18,plane,wall_like,general_plane,unknown,confirmed,true,true,true,false,22,0,70,21,0.707082307,1.000000000,0.985411533,0.300000000,0.000000000,0.000000000,0.000000000,0.430820829,218,0.072305141,0.000000000,1.220868024,-1.094691157,-1.199362278,0.153825819,-4.528565723,-1.004770447,-2.015972927,6.058638573,0.133765459,1.219709754,0.015992930,0.999402062,-0.030655265,-0.987008734,0.157814129,-0.030141642,-1.094691157,-1.199362278,0.153825819,0.000000000,0.000000000,0.000000000,1.000000000,1.219709754,6.058638573,0.133765459,6.058638573,0.201317464
2026-06-03T01:47:44,1773928453.925522804,r1,body,odom,19,structure_anchor_19,plane,wall_like,general_plane,unknown,stale,false,false,true,false,8,7,18,8,0.577649290,1.000000000,0.316302007,0.444444444,0.350000000,0.000000000,0.000000000,0.255109873,131,0.037850332,0.000000000,1.118203461,-5.126040152,-1.161055114,-0.017189653,-5.140776025,-4.991116962,-2.145315104,2.911881447,0.178876400,1.796473742,-0.000370681,0.999998632,0.001633168,-0.989859712,0.142029999,0.002314478,-5.126040152,-1.161055114,-0.017189653,0.000000000,0.000000000,0.000000000,1.000000000,1.796473742,2.911881447,0.178876400,2.911881447,0.616946045
2026-06-03T01:47:44,1773928453.925522804,r1,body,odom,1,structure_anchor_1,plane,wall_like,general_plane,unknown,stale,false,false,false,false,48,33,77,48,0.504675325,1.000000000,0.000000000,0.623376623,1.000000000,0.000000000,0.000000000,0.091758177,165,0.054926764,0.000000000,-0.742120464,-12.365710330,0.470049855,0.599094104,-7.784626608,-11.918175831,-1.453183542,5.174537659,0.099238873,3.689626217,0.005861812,0.999958561,0.006970168,-0.988921326,0.148247015,0.007586793,-12.365710330,0.470049855,0.599094104,0.000000000,0.000000000,0.000000000,1.000000000,3.689626217,5.174537659,0.099238873,5.174537659,0.713034953
2026-06-03T01:47:44,1773928453.925522804,r1,body,odom,14,structure_anchor_14,plane,wall_like,general_plane,unknown,stale,false,false,true,false,6,22,29,6,0.308879310,0.750000000,0.000000000,0.206896552,1.000000000,0.000000000,0.000000000,0.214611594,219,0.063662791,0.000000000,-0.106828652,-3.975856267,-3.545824616,0.505903802,-2.615435857,-4.186958165,-1.635745306,1.515600443,4.065314293,2.097198963,0.968235764,-0.248397100,-0.028608631,0.383649023,0.922664609,-0.038775922,-3.975856267,-3.545824616,0.505903802,0.000000000,0.000000000,0.000000000,1.000000000,2.097198963,1.515600443,4.065314293,4.065314293,0.515876218
2026-06-03T01:47:44,1773928453.925522804,r1,body,odom,3,structure_anchor_3,plane,wall_like,general_plane,unknown,stale,false,false,true,false,20,36,81,20,0.429382716,1.000000000,0.000000000,0.246913580,1.000000000,0.000000000,0.000000000,0.214740401,138,0.044259140,0.000000000,-0.925327688,-5.016191692,-2.464961495,0.121616091,-3.834218210,-5.066638549,-2.008534865,0.073419511,1.111512899,1.289421082,0.999742057,0.016820574,0.015262862,0.125712808,0.992054403,0.004947509,-5.016191692,-2.464961495,0.121616091,0.000000000,0.000000000,0.000000000,1.000000000,1.289421082,0.073419511,1.111512899,1.111512899,1.160059485
2026-06-03T01:47:44,1773928453.925522804,r1,body,odom,5,structure_anchor_5,plane,wall_like,general_plane,unknown,stale,false,false,true,false,32,36,80,32,0.460000000,1.000000000,0.000000000,0.400000000,1.000000000,0.000000000,0.000000000,0.473049691,201,0.064464400,0.000000000,3.687168749,-9.899025193,4.242325273,0.650309084,-11.167187409,-8.939131756,-1.424892719,0.198105574,2.248228073,2.713875055,0.999397386,0.034170351,-0.006108906,0.108444962,0.993967102,-0.016407798,-9.899025193,4.242325273,0.650309084,0.000000000,0.000000000,0.000000000,1.000000000,2.713875055,0.198105574,2.248228073,2.248228073,1.207117324
2026-06-03T01:47:44,1773928453.925522804,r1,body,odom,8,structure_anchor_8,plane,wall_like,general_plane,unknown,stale,false,false,true,false,4,50,63,4,0.167698413,0.500000000,0.000000000,0.063492063,1.000000000,0.000000000,0.000000000,0.269359626,103,0.033161623,0.000000000,-1.000408871,-5.010410740,-2.813067386,-0.126025917,-3.489366140,-5.112988144,-2.256459182,0.511914730,3.259346485,1.469122410,0.961055453,0.181708489,-0.208217454,-0.043481376,0.974977608,-0.218009533,-5.010410740,-2.813067386,-0.126025917,0.000000000,0.000000000,0.000000000,1.000000000,1.469122410,0.511914730,3.259346485,3.259346485,0.450741404
2026-06-03T01:47:45,1773928454.129518032,r1,body,odom,2,structure_anchor_2,plane,wall_like,general_plane,unknown,confirmed,true,true,true,false,78,0,82,78,0.838252788,1.000000000,0.990044429,0.951219512,0.000000000,0.000000000,0.000000000,0.051144728,547,0.185864764,0.000000000,-0.388059037,-3.329212666,0.394256115,0.288693428,-6.406580737,-2.881914400,-1.863454847,5.851412773,0.087680578,2.821724653,0.002273596,0.999986028,0.004772245,-0.989469058,0.144702675,0.003462629,-3.329212666,0.394256115,0.288693428,0.000000000,0.000000000,0.000000000,1.000000000,2.821724653,5.851412773,0.087680578,5.851412773,0.482229636
2026-06-03T01:47:45,1773928454.129518032,r1,body,odom,24,structure_anchor_24,plane,wall_like,general_plane,unknown,confirmed,false,true,true,false,4,0,4,4,0.585073750,0.500000000,0.800368750,1.000000000,0.000000000,0.000000000,0.000000000,0.062190380,59,0.020047571,0.000000000,-0.373601974,0.616618633,0.354748636,0.217287406,-5.805571414,1.017086103,-1.976703038,1.364469767,0.040424109,0.611518562,0.025751518,0.999564657,0.014399864,-0.985706205,0.167982911,0.012840950,0.616618633,0.354748636,0.217287406,0.000000000,0.000000000,0.000000000,1.000000000,0.611518562,1.364469767,0.040424109,1.364469767,0.448173039
2026-06-03T01:47:45,1773928454.129518032,r1,body,odom,18,structure_anchor_18,plane,wall_like,general_plane,unknown,confirmed,true,true,true,false,23,0,71,22,0.710075330,1.000000000,0.990517496,0.309859155,0.000000000,0.000000000,0.000000000,0.416912301,519,0.140672783,0.000000000,1.202634009,0.345027947,-1.192906364,0.291455394,-4.312349544,0.528680803,-1.897666453,6.791785717,0.129076600,1.316808939,0.005116145,0.999047608,-0.043330726,-0.988146942,0.146868098,-0.044666567,0.345027947,-1.192906364,0.291455394,0.000000000,0.000000000,0.000000000,1.000000000,1.316808939,6.791785717,0.129076600,6.791785717,0.193882580
2026-06-03T01:47:45,1773928454.129518032,r1,body,odom,19,structure_anchor_19,plane,wall_like,general_plane,unknown,stale,false,false,true,false,8,8,19,8,0.553470928,1.000000000,0.236302007,0.421052632,0.400000000,0.000000000,0.000000000,0.255109873,131,0.037850332,0.000000000,1.118203461,-5.233542378,-1.158641923,-0.015400314,-5.140776682,-4.991115927,-2.145315115,2.911881447,0.178876400,1.796473742,-0.000415021,0.999993375,0.003595488,-0.989859495,0.142030077,0.002314478,-5.233542378,-1.158641923,-0.015400314,0.000000000,0.000000000,0.000000000,1.000000000,1.796473742,2.911881447,0.178876400,2.911881447,0.616946045
2026-06-03T01:47:45,1773928454.129518032,r1,body,odom,1,structure_anchor_1,plane,wall_like,general_plane,unknown,stale,false,false,false,false,48,34,77,48,0.504675325,1.000000000,0.000000000,0.623376623,1.000000000,0.000000000,0.000000000,0.091758177,165,0.054926764,0.000000000,-0.742120464,-12.473461384,0.470936830,0.601987030,-7.784627479,-11.918173103,-1.453183636,5.174537659,0.099238873,3.689626217,0.005815928,0.999943100,0.008934203,-0.988921109,0.148247092,0.007586792,-12.473461384,0.470936830,0.601987030,0.000000000,0.000000000,0.000000000,1.000000000,3.689626217,5.174537659,0.099238873,5.174537659,0.713034953
2026-06-03T01:47:45,1773928454.129518032,r1,body,odom,14,structure_anchor_14,plane,wall_like,general_plane,unknown,stale,false,false,true,false,6,23,30,6,0.307500000,0.750000000,0.000000000,0.200000000,1.000000000,0.000000000,0.000000000,0.214611594,219,0.063662791,0.000000000,-0.106828652,-4.083405460,-3.544383310,0.503345109,-2.615436941,-4.186957566,-1.635745371,1.515600443,4.065314293,2.097198963,0.968254794,-0.248298527,-0.028815706,0.383649045,0.922664380,-0.038775916,-4.083405460,-3.544383310,0.503345109,0.000000000,0.000000000,0.000000000,1.000000000,2.097198963,1.515600443,4.065314293,4.065314293,0.515876218
2026-06-03T01:47:45,1773928454.129518032,r1,body,odom,3,structure_anchor_3,plane,wall_like,general_plane,unknown,stale,false,false,true,false,20,37,82,20,0.428780488,1.000000000,0.000000000,0.243902439,1.000000000,0.000000000,0.000000000,0.214740401,138,0.044259140,0.000000000,-0.925327688,-5.123676913,-2.462813291,0.120878115,-3.834219141,-5.066637640,-2.008534890,0.073419511,1.111512899,1.289421082,0.999736750,0.016833875,0.015585290,0.125712889,0.992054188,0.004947509,-5.123676913,-2.462813291,0.120878115,0.000000000,0.000000000,0.000000000,1.000000000,1.289421082,0.073419511,1.111512899,1.111512899,1.160059485
2026-06-03T01:47:45,1773928454.129518032,r1,body,odom,5,structure_anchor_5,plane,wall_like,general_plane,unknown,stale,false,false,true,false,32,37,81,32,0.459012346,1.000000000,0.000000000,0.395061728,1.000000000,0.000000000,0.000000000,0.473049691,201,0.064464400,0.000000000,3.687168749,-10.006956926,4.243210867,0.661318912,-11.167187270,-8.939129266,-1.424892814,0.198105574,2.248228073,2.713875055,0.999397504,0.034225543,-0.005752485,0.108445048,0.993966889,-0.016407795,-10.006956926,4.243210867,0.661318912,0.000000000,0.000000000,0.000000000,1.000000000,2.713875055,0.198105574,2.248228073,2.248228073,1.207117324
2026-06-03T01:47:45,1773928454.129518032,r1,body,odom,8,structure_anchor_8,plane,wall_like,general_plane,unknown,stale,false,false,true,false,4,51,64,4,0.167500000,0.500000000,0.000000000,0.062500000,1.000000000,0.000000000,0.000000000,0.269359626,103,0.033161623,0.000000000,-1.000408871,-5.117809013,-2.810432240,-0.127444839,-3.489367146,-5.112987263,-2.256459180,0.511914730,3.259346485,1.469122410,0.961107602,0.182158348,-0.207582181,-0.043481261,0.974977415,-0.218009509,-5.117809013,-2.810432240,-0.127444839,0.000000000,0.000000000,0.000000000,1.000000000,1.469122410,0.511914730,3.259346485,3.259346485,0.450741404
2026-06-03T01:47:45,1773928454.330518007,r1,body,odom,2,structure_anchor_2,plane,wall_like,general_plane,unknown,confirmed,true,true,true,false,79,0,83,79,0.839067222,1.000000000,0.993528879,0.951807229,0.000000000,0.000000000,0.000000000,0.048720210,591,0.190953150,0.000000000,-0.394813825,-3.311243773,0.395262182,0.298256934,-6.386800069,-2.761544541,-1.862100462,6.062779903,0.068470478,2.895871162,0.000693145,0.999980428,0.006217969,-0.989518959,0.144285997,0.005825461,-3.311243773,0.395262182,0.298256934,0.000000000,0.000000000,0.000000000,1.000000000,2.895871162,6.062779903,0.068470478,6.062779903,0.477647417
2026-06-03T01:47:45,1773928454.330518007,r1,body,odom,24,structure_anchor_24,plane,wall_like,general_plane,unknown,confirmed,false,true,true,false,5,0,5,5,0.655297938,0.625000000,0.870239687,1.000000000,0.000000000,0.000000000,0.000000000,0.062580744,66,0.021324717,0.000000000,-0.386134092,0.584776402,0.365191400,0.215773284,-5.797800481,1.089087470,-1.973437633,1.347445488,0.061936259,0.628096461,0.031978652,0.999423912,0.011367087,-0.984473486,0.175204741,0.010742844,0.584776402,0.365191400,0.215773284,0.000000000,0.000000000,0.000000000,1.000000000,0.628096461,1.347445488,0.061936259,1.347445488,0.466138680
2026-06-03T01:47:45,1773928454.330518007,r1,body,odom,18,structure_anchor_18,plane,wall_like,general_plane,unknown,confirmed,true,true,true,false,24,0,72,23,0.712656163,1.000000000,0.993836373,0.319444444,0.000000000,0.000000000,0.000000000,0.389215391,363,0.117285945,0.000000000,1.185191127,0.066081822,-1.181107402,0.307238936,-4.341917530,0.354473644,-1.877532508,5.876325607,0.097362161,1.623538733,-0.003766095,0.999910663,-0.012825107,-0.990103025,0.139722356,-0.013184023,0.066081822,-1.181107402,0.307238936,0.000000000,0.000000000,0.000000000,1.000000000,1.623538733,5.876325607,0.097362161,5.876325607,0.276284679
2026-06-03T01:47:45,1773928454.330518007,r1,body,odom,25,structure_anchor_25,plane,wall_like,general_plane,unknown,candidate,false,true,true,false,1,0,1,1,0.326250000,0.125000000,0.350000000,1.000000000,0.000000000,0.000000000,0.000000000,0.000000000,97,0.031340872,0.000000000,1.234854394,-0.187561646,-1.247874141,-0.084612049,-4.312521008,0.090984432,-2.267467492,4.808623791,0.225118160,0.810317278,-0.013224304,0.977179168,0.212004697,-0.968811767,0.128760223,0.211718474,-0.187561646,-1.247874141,-0.084612049,0.000000000,0.000000000,0.000000000,1.000000000,0.810317278,4.808623791,0.225118160,4.808623791,0.168513345
2026-06-03T01:47:45,1773928454.330518007,r1,body,odom,19,structure_anchor_19,plane,wall_like,general_plane,unknown,stale,false,false,true,false,8,9,20,8,0.529760401,1.000000000,0.156302007,0.400000000,0.450000000,0.000000000,0.000000000,0.255109873,131,0.037850332,0.000000000,1.118203461,-5.336688817,-1.157816701,-0.000574765,-5.140775673,-4.991117530,-2.145315100,2.911881447,0.178876400,1.796473742,-0.001562382,0.999995252,0.002690182,-0.989859824,0.142029958,0.002314478,-5.336688817,-1.157816701,-0.000574765,0.000000000,0.000000000,0.000000000,1.000000000,1.796473742,2.911881447,0.178876400,2.911881447,0.616946045
2026-06-03T01:47:45,1773928454.330518007,r1,body,odom,1,structure_anchor_1,plane,wall_like,general_plane,unknown,stale,false,false,false,false,48,35,77,48,0.504675325,1.000000000,0.000000000,0.623376623,1.000000000,0.000000000,0.000000000,0.091758177,165,0.054926764,0.000000000,-0.742120464,-12.576475359,0.463953326,0.638559429,-7.784626145,-11.918177281,-1.453183496,5.174537659,0.099238873,3.689626217,0.004685713,0.999957041,0.008008924,-0.988921439,0.148246975,0.007586793,-12.576475359,0.463953326,0.638559429,0.000000000,0.000000000,0.000000000,1.000000000,3.689626217,5.174537659,0.099238873,5.174537659,0.713034953
2026-06-03T01:47:45,1773928454.330518007,r1,body,odom,14,structure_anchor_14,plane,wall_like,general_plane,unknown,stale,false,false,true,false,6,24,31,6,0.306209677,0.750000000,0.000000000,0.193548387,1.000000000,0.000000000,0.000000000,0.214611594,219,0.063662791,0.000000000,-0.106828652,-4.182129824,-3.541754124,0.516640886,-2.615435283,-4.186958506,-1.635745273,1.515600443,4.065314293,2.097198963,0.968444660,-0.247205240,-0.031696857,0.383649011,0.922664728,-0.038775924,-4.182129824,-3.541754124,0.516640886,0.000000000,0.000000000,0.000000000,1.000000000,2.097198963,1.515600443,4.065314293,4.065314293,0.515876218
2026-06-03T01:47:45,1773928454.330518007,r1,body,odom,3,structure_anchor_3,plane,wall_like,general_plane,unknown,stale,false,false,true,false,20,38,83,20,0.428192771,1.000000000,0.000000000,0.240963855,1.000000000,0.000000000,0.000000000,0.214740401,138,0.044259140,0.000000000,-0.925327688,-5.224875490,-2.461735811,0.136532845,-3.834217716,-5.066639052,-2.008534853,0.073419511,1.111512899,1.289421082,0.999761579,0.018003732,0.012362521,0.125712765,0.992054515,0.004947509,-5.224875490,-2.461735811,0.136532845,0.000000000,0.000000000,0.000000000,1.000000000,1.289421082,0.073419511,1.111512899,1.111512899,1.160059485
2026-06-03T01:47:45,1773928454.330518007,r1,body,odom,5,structure_anchor_5,plane,wall_like,general_plane,unknown,stale,false,false,true,false,32,38,82,32,0.458048780,1.000000000,0.000000000,0.390243902,1.000000000,0.000000000,0.000000000,0.473049691,201,0.064464400,0.000000000,3.687168749,-10.114166241,4.239129169,0.686557753,-11.167187471,-8.939133081,-1.424892673,0.198105574,2.248228073,2.713875055,0.999333745,0.035375567,-0.008989818,0.108444918,0.993967213,-0.016407800,-10.114166241,4.239129169,0.686557753,0.000000000,0.000000000,0.000000000,1.000000000,2.713875055,0.198105574,2.248228073,2.248228073,1.207117324
2026-06-03T01:47:45,1773928454.330518007,r1,body,odom,8,structure_anchor_8,plane,wall_like,general_plane,unknown,stale,false,false,true,false,4,52,65,4,0.167307692,0.500000000,0.000000000,0.061538462,1.000000000,0.000000000,0.000000000,0.269359626,103,0.033161623,0.000000000,-1.000408871,-5.219401192,-2.809573715,-0.111492437,-3.489365607,-5.112988632,-2.256459184,0.511914730,3.259346485,1.469122410,0.960225309,0.183080241,-0.210829701,-0.043481435,0.974977709,-0.218009546,-5.219401192,-2.809573715,-0.111492437,0.000000000,0.000000000,0.000000000,1.000000000,1.469122410,0.511914730,3.259346485,3.259346485,0.450741404
2026-06-03T01:47:45,1773928454.525517702,r1,body,odom,2,structure_anchor_2,plane,wall_like,general_plane,unknown,confirmed,true,true,true,false,80,0,84,80,0.839634945,1.000000000,0.995793771,0.952380952,0.000000000,0.000000000,0.000000000,0.045018318,643,0.206023710,0.000000000,-0.395829988,-3.283517122,0.403429091,0.299597591,-6.365007610,-2.594985011,-1.858601331,6.116802692,0.087750435,2.706050634,0.002537165,0.999993778,0.002450731,-0.989322551,0.145611050,0.006207099,-3.283517122,0.403429091,0.299597591,0.000000000,0.000000000,0.000000000,1.000000000,2.706050634,6.116802692,0.087750435,6.116802692,0.442396260
2026-06-03T01:47:45,1773928454.525517702,r1,body,odom,24,structure_anchor_24,plane,wall_like,general_plane,unknown,confirmed,false,true,true,false,6,0,6,6,0.720631159,0.750000000,0.915655797,1.000000000,0.000000000,0.000000000,0.000000000,0.065366644,64,0.020506248,0.000000000,-0.387368403,0.486749709,0.367436826,0.221052080,-5.790512554,1.130444320,-1.974840844,1.365177274,0.061925769,0.594824433,0.036238061,0.999276149,0.011575010,-0.983744754,0.178946090,0.014992391,0.486749709,0.367436826,0.221052080,0.000000000,0.000000000,0.000000000,1.000000000,0.594824433,1.365177274,0.061925769,1.365177274,0.435712229
2026-06-03T01:47:45,1773928454.525517702,r1,body,odom,18,structure_anchor_18,plane,wall_like,general_plane,unknown,confirmed,true,true,true,false,25,0,73,24,0.714952153,1.000000000,0.995993642,0.328767123,0.000000000,0.000000000,0.000000000,0.445475427,435,0.139378404,0.000000000,1.213292517,0.131680280,-1.197646379,0.213731572,-4.292368123,0.555046169,-1.984542301,5.812492371,0.284404278,1.663152695,0.003747687,0.994051646,-0.108845214,-0.983843649,0.144921677,-0.105117059,0.131680280,-1.197646379,0.213731572,0.000000000,0.000000000,0.000000000,1.000000000,1.663152695,5.812492371,0.284404278,5.812492371,0.286134173
2026-06-03T01:47:45,1773928454.525517702,r1,body,odom,26,structure_anchor_26,plane,wall_like,general_plane,unknown,candidate,false,true,true,false,1,0,1,1,0.326250000,0.125000000,0.350000000,1.000000000,0.000000000,0.000000000,0.000000000,0.000000000,159,0.027234861,0.000000000,1.077888978,1.633396717,-1.163476983,0.368908742,-4.110586053,2.047581343,-1.844205993,3.072879076,0.204735279,1.266795635,0.042156532,0.998309420,0.040017251,-0.981794437,0.184930152,0.043370396,1.633396717,-1.163476983,0.368908742,0.000000000,0.000000000,0.000000000,1.000000000,1.266795635,3.072879076,0.204735279,3.072879076,0.412250402
2026-06-03T01:47:45,1773928454.525517702,r1,body,odom,27,structure_anchor_27,compact_cluster,pillar_like,pillar_compact_cluster,unknown,candidate,false,true,true,false,1,0,1,1,0.326250000,0.125000000,0.350000000,1.000000000,0.000000000,0.000000000,0.000000000,0.000000000,78,0.024991990,0.000000000,0.000000000,-5.317000866,-1.604311585,0.520954311,-4.667652966,-4.892658978,-1.624590914,0.662519932,0.950511932,2.067233086,0.000000000,0.000000000,1.000000000,0.005168190,0.009319276,0.999943219,-5.317000866,-1.604311585,0.520954311,0.000000000,0.000000000,0.000000000,1.000000000,2.067233086,0.662519932,0.950511932,0.950511932,2.174862845
2026-06-03T01:47:45,1773928454.525517702,r1,body,odom,19,structure_anchor_19,plane,wall_like,general_plane,unknown,stale,false,false,true,false,8,10,21,8,0.506450878,1.000000000,0.076302007,0.380952381,0.500000000,0.000000000,0.000000000,0.255109873,131,0.037850332,0.000000000,1.118203461,-5.476927558,-1.152116942,-0.003103055,-5.140775446,-4.991117909,-2.145315095,2.911881447,0.178876400,1.796473742,-0.001045027,0.999998488,-0.001477818,-0.989859894,0.142029933,0.002314479,-5.476927558,-1.152116942,-0.003103055,0.000000000,0.000000000,0.000000000,1.000000000,1.796473742,2.911881447,0.178876400,2.911881447,0.616946045
2026-06-03T01:47:45,1773928454.525517702,r1,body,odom,1,structure_anchor_1,plane,wall_like,general_plane,unknown,stale,false,false,false,false,48,36,77,48,0.504675325,1.000000000,0.000000000,0.623376623,1.000000000,0.000000000,0.000000000,0.091758177,165,0.054926764,0.000000000,-0.742120464,-12.717471437,0.476019295,0.610770177,-7.784625849,-11.918178207,-1.453183461,5.174537659,0.099238873,3.689626217,0.005189448,0.999979223,0.003856985,-0.988921509,0.148246950,0.007586794,-12.717471437,0.476019295,0.610770177,0.000000000,0.000000000,0.000000000,1.000000000,3.689626217,5.174537659,0.099238873,5.174537659,0.713034953
2026-06-03T01:47:45,1773928454.525517702,r1,body,odom,14,structure_anchor_14,plane,wall_like,general_plane,unknown,stale,false,false,true,false,6,25,32,6,0.305000000,0.750000000,0.000000000,0.187500000,1.000000000,0.000000000,0.000000000,0.214611594,219,0.063662791,0.000000000,-0.106828652,-4.324942716,-3.534472047,0.526983470,-2.615434919,-4.186958744,-1.635745252,1.515600443,4.065314293,2.097198963,0.968392743,-0.247832477,-0.028192387,0.383649004,0.922664802,-0.038775926,-4.324942716,-3.534472047,0.526983470,0.000000000,0.000000000,0.000000000,1.000000000,2.097198963,1.515600443,4.065314293,4.065314293,0.515876218
2026-06-03T01:47:45,1773928454.525517702,r1,body,odom,3,structure_anchor_3,plane,wall_like,general_plane,unknown,stale,false,false,true,false,20,39,84,20,0.427619048,1.000000000,0.000000000,0.238095238,1.000000000,0.000000000,0.000000000,0.214740401,138,0.044259140,0.000000000,-0.925327688,-5.366148213,-2.455510943,0.139718162,-3.834217401,-5.066639390,-2.008534844,0.073419511,1.111512899,1.289421082,0.999736092,0.017541606,0.014842165,0.125712739,0.992054584,0.004947508,-5.366148213,-2.455510943,0.139718162,0.000000000,0.000000000,0.000000000,1.000000000,1.289421082,0.073419511,1.111512899,1.111512899,1.160059485
2026-06-03T01:47:45,1773928454.525517702,r1,body,odom,5,structure_anchor_5,plane,wall_like,general_plane,unknown,stale,false,false,true,false,32,39,83,32,0.457108434,1.000000000,0.000000000,0.385542169,1.000000000,0.000000000,0.000000000,0.473049691,201,0.064464400,0.000000000,3.687168749,-10.253314117,4.250097351,0.649340216,-11.167187501,-8.939133930,-1.424892637,0.198105574,2.248228073,2.713875055,0.999371883,0.034824570,-0.006583350,0.108444890,0.993967282,-0.016407801,-10.253314117,4.250097351,0.649340216,0.000000000,0.000000000,0.000000000,1.000000000,2.713875055,0.198105574,2.248228073,2.248228073,1.207117324
2026-06-03T01:47:45,1773928454.525517702,r1,body,odom,8,structure_anchor_8,plane,wall_like,general_plane,unknown,stale,false,false,true,false,4,53,66,4,0.167121212,0.500000000,0.000000000,0.060606061,1.000000000,0.000000000,0.000000000,0.269359626,103,0.033161623,0.000000000,-1.000408871,-5.360223018,-2.804381713,-0.106841784,-3.489365267,-5.112988962,-2.256459184,0.511914730,3.259346485,1.469122410,0.960856348,0.181707305,-0.209135809,-0.043481472,0.974977771,-0.218009554,-5.360223018,-2.804381713,-0.106841784,0.000000000,0.000000000,0.000000000,1.000000000,1.469122410,0.511914730,3.259346485,3.259346485,0.450741404
2026-06-03T01:47:45,1773928454.747517824,r1,body,odom,20,structure_anchor_20,plane,wall_like,general_plane,unknown,weak_tracked,false,true,true,false,3,0,20,3,0.225876000,0.375000000,0.350000000,0.150000000,0.550000000,0.145800000,0.000000000,0.121385155,358,0.067290284,0.000000000,1.230836905,0.887459948,-1.197878173,0.237375870,-4.161933247,1.459579381,-1.957091467,3.828295469,0.352242589,1.559767008,-0.011217811,0.977062324,-0.212658158,-0.969353863,0.126308249,-0.210711952,0.887459948,-1.197878173,0.237375870,0.000000000,0.000000000,0.000000000,1.000000000,1.559767008,3.828295469,0.352242589,3.828295469,0.407431198
2026-06-03T01:47:45,1773928454.747517824,r1,body,odom,18,structure_anchor_18,plane,wall_like,general_plane,unknown,confirmed,true,true,true,false,26,0,74,25,0.717046741,1.000000000,0.997395867,0.337837838,0.000000000,0.000000000,0.000000000,0.138872686,126,0.038020519,0.000000000,1.248883740,-2.010016680,-1.193521261,0.402699798,-4.575746801,-1.407471818,-1.779613592,1.755897403,0.228449345,1.176641941,0.002995470,0.986885011,-0.161397035,-0.976937996,0.141966850,-0.159491892,-2.010016680,-1.193521261,0.402699798,0.000000000,0.000000000,0.000000000,1.000000000,1.176641941,1.755897403,0.228449345,1.755897403,0.670108595
2026-06-03T01:47:45,1773928454.747517824,r1,body,odom,2,structure_anchor_2,plane,wall_like,general_plane,unknown,confirmed,true,true,true,false,81,0,85,81,0.840041426,1.000000000,0.997265951,0.952941176,0.000000000,0.000000000,0.000000000,0.041000708,629,0.189800845,0.000000000,-0.395230192,-3.351272106,0.408001244,0.298841745,-6.351169578,-2.509040086,-1.874738258,6.206685066,0.095562220,2.751973867,0.004117657,0.999985534,0.003460831,-0.989333329,0.145570145,0.005384943,-3.351272106,0.408001244,0.298841745,0.000000000,0.000000000,0.000000000,1.000000000,2.751973867,6.206685066,0.095562220,6.206685066,0.443388675
2026-06-03T01:47:45,1773928454.747517824,r1,body,odom,24,structure_anchor_24,plane,wall_like,general_plane,unknown,confirmed,false,true,true,false,7,0,7,7,0.782785254,0.875000000,0.945176268,1.000000000,0.000000000,0.000000000,0.000000000,0.068070970,69,0.020820760,0.000000000,-0.388541115,0.510868430,0.366709560,0.222811520,-5.764093861,1.308084385,-1.967039303,1.468864083,0.073878765,0.640058815,0.036762814,0.999211603,0.014988933,-0.983919765,0.177821849,0.016774560,0.510868430,0.366709560,0.222811520,0.000000000,0.000000000,0.000000000,1.000000000,0.640058815,1.468864083,0.073878765,1.468864083,0.435750879
2026-06-03T01:47:45,1773928454.747517824,r1,body,odom,28,structure_anchor_28,plane,wall_like,general_plane,unknown,candidate,false,true,true,false,1,0,1,1,0.326250000,0.125000000,0.350000000,1.000000000,0.000000000,0.000000000,0.000000000,0.000000000,66,0.019915510,0.000000000,1.207532277,-2.091284990,-1.215206504,-0.233010828,-4.567375890,-1.493453807,-2.415018829,1.782153606,0.088256478,0.366417438,-0.005217999,0.999881002,0.014517362,-0.990522790,0.136356530,0.016480292,-2.091284990,-1.215206504,-0.233010828,0.000000000,0.000000000,0.000000000,1.000000000,0.366417438,1.782153606,0.088256478,1.782153606,0.205603735
2026-06-03T01:47:45,1773928454.747517824,r1,body,odom,19,structure_anchor_19,plane,wall_like,general_plane,unknown,stale,false,false,true,false,8,11,22,8,0.484227273,1.000000000,0.000000000,0.363636364,0.550000000,0.000000000,0.000000000,0.255109873,131,0.037850332,0.000000000,1.118203461,-5.635989454,-1.141910392,0.021692654,-5.140775860,-4.991117248,-2.145315103,2.911881447,0.178876400,1.796473742,0.000551528,0.999999836,0.000375355,-0.989859760,0.142029981,0.002314478,-5.635989454,-1.141910392,0.021692654,0.000000000,0.000000000,0.000000000,1.000000000,1.796473742,2.911881447,0.178876400,2.911881447,0.616946045
2026-06-03T01:47:45,1773928454.747517824,r1,body,odom,1,structure_anchor_1,plane,wall_like,general_plane,unknown,stale,false,false,false,false,48,37,77,48,0.504675325,1.000000000,0.000000000,0.623376623,1.000000000,0.000000000,0.000000000,0.091758177,165,0.054926764,0.000000000,-0.742120464,-12.870251287,0.496625478,0.680321546,-7.784626395,-11.918176495,-1.453183524,5.174537659,0.099238873,3.689626217,0.006816612,0.999960727,0.005674068,-0.988921374,0.148246998,0.007586793,-12.870251287,0.496625478,0.680321546,0.000000000,0.000000000,0.000000000,1.000000000,3.689626217,5.174537659,0.099238873,5.174537659,0.713034953
2026-06-03T01:47:45,1773928454.747517824,r1,body,odom,14,structure_anchor_14,plane,wall_like,general_plane,unknown,stale,false,false,true,false,6,26,33,6,0.303863636,0.750000000,0.000000000,0.181818182,1.000000000,0.000000000,0.000000000,0.214611594,219,0.063662791,0.000000000,-0.106828652,-4.484793444,-3.527078929,0.540724888,-2.615435597,-4.186958354,-1.635745293,1.515600443,4.065314293,2.097198963,0.967815040,-0.249323369,-0.034234817,0.383649018,0.922664660,-0.038775923,-4.484793444,-3.527078929,0.540724888,0.000000000,0.000000000,0.000000000,1.000000000,2.097198963,1.515600443,4.065314293,4.065314293,0.515876218
2026-06-03T01:47:45,1773928454.747517824,r1,body,odom,3,structure_anchor_3,plane,wall_like,general_plane,unknown,stale,false,false,true,false,20,40,85,20,0.427058824,1.000000000,0.000000000,0.235294118,1.000000000,0.000000000,0.000000000,0.214740401,138,0.044259140,0.000000000,-0.925327688,-5.526480828,-2.445742153,0.161464798,-3.834217984,-5.066638807,-2.008534861,0.073419511,1.111512899,1.289421082,0.999831839,0.015920041,0.009108349,0.125712789,0.992054451,0.004947509,-5.526480828,-2.445742153,0.161464798,0.000000000,0.000000000,0.000000000,1.000000000,1.289421082,0.073419511,1.111512899,1.111512899,1.160059485
2026-06-03T01:47:45,1773928454.747517824,r1,body,odom,5,structure_anchor_5,plane,wall_like,general_plane,unknown,stale,false,false,true,false,32,40,84,32,0.456190476,1.000000000,0.000000000,0.380952381,1.000000000,0.000000000,0.000000000,0.473049691,201,0.064464400,0.000000000,3.687168749,-10.399858301,4.266691575,0.711650114,-11.167187422,-8.939132366,-1.424892701,0.198105574,2.248228073,2.713875055,0.999371869,0.033243306,-0.012282747,0.108444943,0.993967150,-0.016407799,-10.399858301,4.266691575,0.711650114,0.000000000,0.000000000,0.000000000,1.000000000,2.713875055,0.198105574,2.248228073,2.248228073,1.207117324
2026-06-03T01:47:45,1773928454.747517824,r1,body,odom,8,structure_anchor_8,plane,wall_like,general_plane,unknown,stale,false,false,true,false,4,54,67,4,0.166940299,0.500000000,0.000000000,0.059701493,1.000000000,0.000000000,0.000000000,0.269359626,103,0.033161623,0.000000000,-1.000408871,-5.522536993,-2.794163601,-0.085769190,-3.489365897,-5.112988396,-2.256459184,0.511914730,3.259346485,1.469122410,0.959925167,0.180563007,-0.214338031,-0.043481401,0.974977651,-0.218009539,-5.522536993,-2.794163601,-0.085769190,0.000000000,0.000000000,0.000000000,1.000000000,1.469122410,0.511914730,3.259346485,3.259346485,0.450741404
2026-06-03T01:47:45,1773928454.948518038,r1,body,odom,2,structure_anchor_2,plane,wall_like,general_plane,unknown,confirmed,true,true,true,false,82,0,86,82,0.840342248,1.000000000,0.998222868,0.953488372,0.000000000,0.000000000,0.000000000,0.039974694,533,0.161270802,0.000000000,-0.406191691,-3.606981039,0.379324168,0.363344193,-6.370935427,-2.583045529,-1.814111186,6.239548206,0.075025201,2.810820580,-0.007315789,0.999972329,0.001348879,-0.988929685,0.148231903,0.006730889,-3.606981039,0.379324168,0.363344193,0.000000000,0.000000000,0.000000000,1.000000000,2.810820580,6.239548206,0.075025201,6.239548206,0.450484632
2026-06-03T01:47:45,1773928454.948518038,r1,body,odom,24,structure_anchor_24,plane,wall_like,general_plane,unknown,confirmed,false,true,true,false,8,0,8,8,0.842872915,1.000000000,0.964364574,1.000000000,0.000000000,0.000000000,0.000000000,0.064524132,65,0.019667171,0.000000000,-0.397164231,0.466980159,0.385329872,0.214187935,-5.744503914,1.441817428,-1.979954395,1.461649299,0.051522136,0.652177632,0.024400258,0.999698900,0.002595598,-0.983722321,0.179523702,0.007845930,0.466980159,0.385329872,0.214187935,0.000000000,0.000000000,0.000000000,1.000000000,0.652177632,1.461649299,0.051522136,1.461649299,0.446192963
2026-06-03T01:47:45,1773928454.948518038,r1,body,odom,18,structure_anchor_18,plane,wall_like,general_plane,unknown,confirmed,true,true,true,false,27,0,75,26,0.718994796,1.000000000,0.998307314,0.346666667,0.000000000,0.000000000,0.000000000,0.045747454,535,0.161875946,0.000000000,1.193645317,-0.466013640,-1.190096259,0.231449112,-4.333174392,0.275313523,-1.967295859,6.601815701,0.147361040,1.585856080,-0.005661623,0.999564107,-0.028974864,-0.988448984,0.149704760,-0.023601140,-0.466013640,-1.190096259,0.231449112,0.000000000,0.000000000,0.000000000,1.000000000,1.585856080,6.601815701,0.147361040,6.601815701,0.240215140
2026-06-03T01:47:45,1773928454.948518038,r1,body,odom,29,structure_anchor_29,plane,wall_like,general_plane,unknown,candidate,false,true,true,false,1,0,1,1,0.326250000,0.125000000,0.350000000,1.000000000,0.000000000,0.000000000,0.000000000,0.000000000,103,0.031164902,0.000000000,-6.078161448,6.041924000,-3.229965448,1.200325489,-1.300813981,6.390102967,-1.036072516,0.124339581,3.373463869,2.659095049,0.999761286,-0.003660978,0.021539914,0.159144819,0.987101581,0.017416085,6.041924000,-3.229965448,1.200325489,0.000000000,0.000000000,0.000000000,1.000000000,2.659095049,0.124339581,3.373463869,3.373463869,0.788238781
2026-06-03T01:47:45,1773928454.948518038,r1,body,odom,30,structure_anchor_30,plane,wall_like,general_plane,unknown,candidate,false,true,true,false,1,0,1,1,0.326250000,0.125000000,0.350000000,1.000000000,0.000000000,0.000000000,0.000000000,0.000000000,69,0.020877458,0.000000000,-6.105072962,6.054665565,-8.240686417,1.853097320,3.654764102,5.625833338,-0.410186011,0.151681900,3.890995979,2.770000458,0.999123462,0.002633698,0.041777632,0.152947533,0.987515299,0.037689651,6.054665565,-8.240686417,1.853097320,0.000000000,0.000000000,0.000000000,1.000000000,2.770000458,0.151681900,3.890995979,3.890995979,0.711900108
2026-06-03T01:47:45,1773928454.948518038,r1,body,odom,19,structure_anchor_19,plane,wall_like,general_plane,unknown,stale,false,false,true,false,8,12,23,8,0.477565217,1.000000000,0.000000000,0.347826087,0.600000000,0.000000000,0.000000000,0.255109873,131,0.037850332,0.000000000,1.118203461,-5.793189932,-1.211989304,0.031675901,-5.140776515,-4.991116168,-2.145315110,2.911881447,0.178876400,1.796473742,-0.013568614,0.999903113,-0.003092929,-0.989859556,0.142030055,0.002314478,-5.793189932,-1.211989304,0.031675901,0.000000000,0.000000000,0.000000000,1.000000000,1.796473742,2.911881447,0.178876400,2.911881447,0.616946045
2026-06-03T01:47:45,1773928454.948518038,r1,body,odom,1,structure_anchor_1,plane,wall_like,general_plane,unknown,stale,false,false,false,false,48,38,77,48,0.504675325,1.000000000,0.000000000,0.623376623,1.000000000,0.000000000,0.000000000,0.091758177,165,0.054926764,0.000000000,-0.742120464,-13.049790605,0.326513489,0.685801627,-7.784627252,-11.918173819,-1.453183606,5.174537659,0.099238873,3.689626217,-0.007302996,0.999970857,0.002204862,-0.988921170,0.148247070,0.007586792,-13.049790605,0.326513489,0.685801627,0.000000000,0.000000000,0.000000000,1.000000000,3.689626217,5.174537659,0.099238873,5.174537659,0.713034953
2026-06-03T01:47:45,1773928454.948518038,r1,body,odom,14,structure_anchor_14,plane,wall_like,general_plane,unknown,stale,false,false,true,false,6,27,34,6,0.302794118,0.750000000,0.000000000,0.176470588,1.000000000,0.000000000,0.000000000,0.214611594,219,0.063662791,0.000000000,-0.106828652,-4.608370426,-3.578849853,0.558788822,-2.615436653,-4.186957685,-1.635745351,1.515600443,4.065314293,2.097198963,0.971235003,-0.235750578,-0.033528254,0.383649039,0.922664445,-0.038775918,-4.608370426,-3.578849853,0.558788822,0.000000000,0.000000000,0.000000000,1.000000000,2.097198963,1.515600443,4.065314293,4.065314293,0.515876218
2026-06-03T01:47:45,1773928454.948518038,r1,body,odom,3,structure_anchor_3,plane,wall_like,general_plane,unknown,stale,false,false,true,false,20,41,86,20,0.426511628,1.000000000,0.000000000,0.232558140,1.000000000,0.000000000,0.000000000,0.214740401,138,0.044259140,0.000000000,-0.925327688,-5.665265937,-2.513651849,0.175951210,-3.834218897,-5.066637846,-2.008534881,0.073419511,1.111512899,1.289421082,0.999508303,0.030067240,0.008889492,0.125712867,0.992054248,0.004947509,-5.665265937,-2.513651849,0.175951210,0.000000000,0.000000000,0.000000000,1.000000000,1.289421082,0.073419511,1.111512899,1.111512899,1.160059485
2026-06-03T01:47:45,1773928454.948518038,r1,body,odom,5,structure_anchor_5,plane,wall_like,general_plane,unknown,stale,false,false,true,false,32,41,85,32,0.455294118,1.000000000,0.000000000,0.376470588,1.000000000,0.000000000,0.000000000,0.473049691,201,0.064464400,0.000000000,3.687168749,-10.632874417,4.131170466,0.703650499,-11.167187327,-8.939129915,-1.424892786,0.198105574,2.248228073,2.713875055,0.998801320,0.047307946,-0.012561478,0.108445024,0.993966949,-0.016407796,-10.632874417,4.131170466,0.703650499,0.000000000,0.000000000,0.000000000,1.000000000,2.713875055,0.198105574,2.248228073,2.248228073,1.207117324
2026-06-03T01:47:45,1773928454.948518038,r1,body,odom,8,structure_anchor_8,plane,wall_like,general_plane,unknown,stale,false,false,true,false,4,55,68,4,0.166764706,0.500000000,0.000000000,0.058823529,1.000000000,0.000000000,0.000000000,0.269359626,103,0.033161623,0.000000000,-1.000408871,-5.656431078,-2.862838684,-0.070073516,-3.489366880,-5.112987461,-2.256459178,0.511914730,3.259346485,1.469122410,0.957255220,0.193353922,-0.215120001,-0.043481293,0.974977469,-0.218009516,-5.656431078,-2.862838684,-0.070073516,0.000000000,0.000000000,0.000000000,1.000000000,1.469122410,0.511914730,3.259346485,3.259346485,0.450741404
2026-06-03T01:47:46,1773928455.125508070,r1,body,odom,2,structure_anchor_2,plane,wall_like,general_plane,unknown,confirmed,true,true,true,false,83,0,87,83,0.840573571,1.000000000,0.998844864,0.954022989,0.000000000,0.000000000,0.000000000,0.038763169,551,0.170535438,0.000000000,-0.413046292,-3.673040628,0.318328679,0.326524824,-6.356821119,-2.514993555,-1.855628502,6.511324883,0.236587524,2.510952711,-0.025972911,0.999661101,-0.001758099,-0.989105286,0.147170429,0.003423443,-3.673040628,0.318328679,0.326524824,0.000000000,0.000000000,0.000000000,1.000000000,2.510952711,6.511324883,0.236587524,6.511324883,0.385628540
2026-06-03T01:47:46,1773928455.125508070,r1,body,odom,24,structure_anchor_24,plane,wall_like,general_plane,unknown,confirmed,false,true,true,false,9,0,9,9,0.845367395,1.000000000,0.976836973,1.000000000,0.000000000,0.000000000,0.000000000,0.070828914,77,0.023831631,0.000000000,-0.399274557,0.354416102,0.400830120,0.185935840,-5.742909394,1.465831838,-2.007691142,1.282948852,0.037023991,0.604661584,-0.004013772,0.999991702,-0.000697506,-0.985630465,0.168858418,0.004420837,0.354416102,0.400830120,0.185935840,0.000000000,0.000000000,0.000000000,1.000000000,0.604661584,1.282948852,0.037023991,1.282948852,0.471306072
2026-06-03T01:47:46,1773928455.125508070,r1,body,odom,18,structure_anchor_18,plane,wall_like,general_plane,unknown,confirmed,true,true,true,false,28,0,76,27,0.720832582,1.000000000,0.998899754,0.355263158,0.000000000,0.000000000,0.000000000,0.084920576,647,0.103683070,0.000000000,1.189159279,-0.391416052,-1.186909880,0.183057863,-4.307975566,0.456832162,-2.016473647,6.583346844,0.299909115,1.500937939,-0.024610491,0.994856568,-0.098259259,-0.984672310,0.147486430,-0.093104597,-0.391416052,-1.186909880,0.183057863,0.000000000,0.000000000,0.000000000,1.000000000,1.500937939,6.583346844,0.299909115,6.583346844,0.227990105
2026-06-03T01:47:46,1773928455.125508070,r1,body,odom,19,structure_anchor_19,plane,wall_like,general_plane,unknown,stale,false,false,true,false,8,13,24,8,0.471166667,1.000000000,0.000000000,0.333333333,0.650000000,0.000000000,0.000000000,0.255109873,131,0.037850332,0.000000000,1.118203461,-5.900914425,-1.308794043,0.038560841,-5.140775748,-4.991117446,-2.145315103,2.911881447,0.178876400,1.796473742,-0.031163122,0.999510232,-0.002881645,-0.989859789,0.142029970,0.002314479,-5.900914425,-1.308794043,0.038560841,0.000000000,0.000000000,0.000000000,1.000000000,1.796473742,2.911881447,0.178876400,2.911881447,0.616946045
2026-06-03T01:47:46,1773928455.125508070,r1,body,odom,1,structure_anchor_1,plane,wall_like,general_plane,unknown,stale,false,false,false,false,48,39,77,48,0.504675325,1.000000000,0.000000000,0.623376623,1.000000000,0.000000000,0.000000000,0.091758177,165,0.054926764,0.000000000,-0.742120464,-13.182642338,0.101680134,0.701990617,-7.784626249,-11.918176925,-1.453183512,5.174537659,0.099238873,3.689626217,-0.024893078,0.999687293,0.002408380,-0.988921404,0.148246986,0.007586794,-13.182642338,0.101680134,0.701990617,0.000000000,0.000000000,0.000000000,1.000000000,3.689626217,5.174537659,0.099238873,5.174537659,0.713034953
2026-06-03T01:47:46,1773928455.125508070,r1,body,odom,14,structure_anchor_14,plane,wall_like,general_plane,unknown,stale,false,false,true,false,6,28,35,6,0.301785714,0.750000000,0.000000000,0.171428571,1.000000000,0.000000000,0.000000000,0.214611594,219,0.063662791,0.000000000,-0.106828652,-4.673979595,-3.654532886,0.563742805,-2.615435428,-4.186958490,-1.635745285,1.515600443,4.065314293,2.097198963,0.975190216,-0.218619733,-0.034779361,0.383649014,0.922664692,-0.038775923,-4.673979595,-3.654532886,0.563742805,0.000000000,0.000000000,0.000000000,1.000000000,2.097198963,1.515600443,4.065314293,4.065314293,0.515876218
2026-06-03T01:47:46,1773928455.125508070,r1,body,odom,3,structure_anchor_3,plane,wall_like,general_plane,unknown,stale,false,false,true,false,20,42,87,20,0.425977011,1.000000000,0.000000000,0.229885057,1.000000000,0.000000000,0.000000000,0.214740401,138,0.044259140,0.000000000,-0.925327688,-5.749928740,-2.608029345,0.182424177,-3.834217835,-5.066638987,-2.008534859,0.073419511,1.111512899,1.289421082,0.998834973,0.047647104,0.007654962,0.125712777,0.992054480,0.004947509,-5.749928740,-2.608029345,0.182424177,0.000000000,0.000000000,0.000000000,1.000000000,1.289421082,0.073419511,1.111512899,1.111512899,1.160059485
2026-06-03T01:47:46,1773928455.125508070,r1,body,odom,5,structure_anchor_5,plane,wall_like,general_plane,unknown,stale,false,false,true,false,32,42,86,32,0.454418605,1.000000000,0.000000000,0.372093023,1.000000000,0.000000000,0.000000000,0.473049691,201,0.064464400,0.000000000,3.687168749,-10.833020585,3.948270389,0.717579990,-11.167187415,-8.939132767,-1.424892687,0.198105574,2.248228073,2.713875055,0.997798070,0.064876406,-0.013791764,0.108444931,0.993967179,-0.016407799,-10.833020585,3.948270389,0.717579990,0.000000000,0.000000000,0.000000000,1.000000000,2.713875055,0.198105574,2.248228073,2.248228073,1.207117324
2026-06-03T01:47:46,1773928455.125508070,r1,body,odom,8,structure_anchor_8,plane,wall_like,general_plane,unknown,stale,false,false,true,false,4,56,69,4,0.166594203,0.500000000,0.000000000,0.057971014,1.000000000,0.000000000,0.000000000,0.269359626,103,0.033161623,0.000000000,-1.000408871,-5.735257604,-2.956964254,-0.063679251,-3.489365738,-5.112988572,-2.256459185,0.511914730,3.259346485,1.469122410,0.953436800,0.210203760,-0.216270193,-0.043481417,0.974977678,-0.218009542,-5.735257604,-2.956964254,-0.063679251,0.000000000,0.000000000,0.000000000,1.000000000,1.469122410,0.511914730,3.259346485,3.259346485,0.450741404
2026-06-03T01:47:46,1773928455.347507954,r1,body,odom,20,structure_anchor_20,plane,wall_like,general_plane,unknown,weak_tracked,false,true,true,false,4,0,23,4,0.326793963,0.500000000,0.473500000,0.173913043,0.350000000,0.106288200,0.000000000,0.224516796,220,0.066788100,0.000000000,1.223351616,0.602675676,-1.153609037,0.319928348,-4.126606075,1.587263870,-1.891522456,3.109364033,0.362237215,1.315706968,-0.059506242,0.985772372,-0.157199995,-0.979864686,0.136008132,-0.146174950,0.602675676,-1.153609037,0.319928348,0.000000000,0.000000000,0.000000000,1.000000000,1.315706968,3.109364033,0.362237215,3.109364033,0.423143432
2026-06-03T01:47:46,1773928455.347507954,r1,body,odom,18,structure_anchor_18,plane,wall_like,general_plane,unknown,confirmed,true,true,true,false,29,0,77,28,0.722584241,1.000000000,0.999284840,0.363636364,0.000000000,0.000000000,0.000000000,0.190509622,129,0.039162113,0.000000000,1.211765619,-2.160428524,-1.303061724,0.357703239,-4.526533086,-1.150490002,-1.834329635,2.609126568,0.377998829,1.296003580,-0.060637097,0.983181939,-0.172268446,-0.977730403,0.134306374,-0.161261243,-2.160428524,-1.303061724,0.357703239,0.000000000,0.000000000,0.000000000,1.000000000,1.296003580,2.609126568,0.377998829,2.609126568,0.496719322
2026-06-03T01:47:46,1773928455.347507954,r1,body,odom,2,structure_anchor_2,plane,wall_like,general_plane,unknown,confirmed,true,true,true,false,84,0,88,84,0.840758923,1.000000000,0.999249162,0.954545455,0.000000000,0.000000000,0.000000000,0.037233924,509,0.154523376,0.000000000,-0.409316860,-3.670625210,0.226705521,0.327488035,-6.325183891,-2.328049024,-1.836666936,6.628659248,0.368744314,2.917215824,-0.050284274,0.998721870,-0.005110497,-0.988906012,0.148423018,0.005969963,-3.670625210,0.226705521,0.327488035,0.000000000,0.000000000,0.000000000,1.000000000,2.917215824,6.628659248,0.368744314,6.628659248,0.440091384
2026-06-03T01:47:46,1773928455.347507954,r1,body,odom,24,structure_anchor_24,plane,wall_like,general_plane,unknown,confirmed,true,true,true,false,10,0,10,10,0.846988807,1.000000000,0.984944033,1.000000000,0.000000000,0.000000000,0.000000000,0.072079645,87,0.026411658,0.000000000,-0.397714128,0.472056597,0.411808878,0.231554136,-5.687855791,1.768700160,-1.962127863,1.640113473,0.080449820,0.717580974,-0.029022216,0.999578311,-0.000954278,-0.985487425,0.169455610,0.009973233,0.472056597,0.411808878,0.231554136,0.000000000,0.000000000,0.000000000,1.000000000,0.717580974,1.640113473,0.080449820,1.640113473,0.437519102
2026-06-03T01:47:46,1773928455.347507954,r1,body,odom,19,structure_anchor_19,plane,wall_like,general_plane,unknown,stale,false,false,true,false,8,14,25,8,0.465000000,1.000000000,0.000000000,0.320000000,0.700000000,0.000000000,0.000000000,0.255109873,131,0.037850332,0.000000000,1.118203461,-6.044173145,-1.464757177,0.018872518,-5.140775681,-4.991117563,-2.145315100,2.911881447,0.178876400,1.796473742,-0.056711638,0.998351801,-0.008811237,-0.989859805,0.142029963,0.002314479,-6.044173145,-1.464757177,0.018872518,0.000000000,0.000000000,0.000000000,1.000000000,1.796473742,2.911881447,0.178876400,2.911881447,0.616946045
2026-06-03T01:47:46,1773928455.347507954,r1,body,odom,1,structure_anchor_1,plane,wall_like,general_plane,unknown,stale,false,false,false,false,48,40,77,48,0.504675325,1.000000000,0.000000000,0.623376623,1.000000000,0.000000000,0.000000000,0.091758177,165,0.054926764,0.000000000,-0.742120464,-13.362531061,-0.237484863,0.642233565,-7.784626160,-11.918177169,-1.453183500,5.174537659,0.099238873,3.689626217,-0.050472175,0.998719436,-0.003494930,-0.988921420,0.148246980,0.007586794,-13.362531061,-0.237484863,0.642233565,0.000000000,0.000000000,0.000000000,1.000000000,3.689626217,5.174537659,0.099238873,5.174537659,0.713034953
2026-06-03T01:47:46,1773928455.347507954,r1,body,odom,14,structure_anchor_14,plane,wall_like,general_plane,unknown,stale,false,false,true,false,6,29,36,6,0.300833333,0.750000000,0.000000000,0.166666667,1.000000000,0.000000000,0.000000000,0.214611594,219,0.063662791,0.000000000,-0.106828652,-4.760013858,-3.775282630,0.563007692,-2.615435330,-4.186958573,-1.635745280,1.515600443,4.065314293,2.097198963,0.980611679,-0.193767349,-0.029242378,0.383649012,0.922664709,-0.038775924,-4.760013858,-3.775282630,0.563007692,0.000000000,0.000000000,0.000000000,1.000000000,2.097198963,1.515600443,4.065314293,4.065314293,0.515876218
2026-06-03T01:47:46,1773928455.347507954,r1,body,odom,3,structure_anchor_3,plane,wall_like,general_plane,unknown,stale,false,false,true,false,20,43,88,20,0.425454545,1.000000000,0.000000000,0.227272727,1.000000000,0.000000000,0.000000000,0.214740401,138,0.044259140,0.000000000,-0.925327688,-5.860648912,-2.758861152,0.170923489,-3.834217748,-5.066639094,-2.008534856,0.073419511,1.111512899,1.289421082,0.997244131,0.073254520,0.011751026,0.125712771,0.992054496,0.004947509,-5.860648912,-2.758861152,0.170923489,0.000000000,0.000000000,0.000000000,1.000000000,1.289421082,0.073419511,1.111512899,1.111512899,1.160059485
2026-06-03T01:47:46,1773928455.347507954,r1,body,odom,5,structure_anchor_5,plane,wall_like,general_plane,unknown,stale,false,false,true,false,32,43,87,32,0.453563218,1.000000000,0.000000000,0.367816092,1.000000000,0.000000000,0.000000000,0.473049691,201,0.064464400,0.000000000,3.687168749,-11.112186489,3.668044408,0.645812891,-11.167187403,-8.939132996,-1.424892674,0.198105574,2.248228073,2.713875055,0.995863807,0.090329475,-0.009799536,0.108444923,0.993967195,-0.016407799,-11.112186489,3.668044408,0.645812891,0.000000000,0.000000000,0.000000000,1.000000000,2.713875055,0.198105574,2.248228073,2.248228073,1.207117324
2026-06-03T01:47:46,1773928455.347507954,r1,body,odom,8,structure_anchor_8,plane,wall_like,general_plane,unknown,stale,false,false,true,false,4,57,70,4,0.166428571,0.500000000,0.000000000,0.057142857,1.000000000,0.000000000,0.000000000,0.269359626,103,0.033161623,0.000000000,-1.000408871,-5.835941880,-3.108698643,-0.073086768,-3.489365646,-5.112988676,-2.256459185,0.511914730,3.259346485,1.469122410,0.948715476,0.233320208,-0.213309150,-0.043481427,0.974977692,-0.218009544,-5.835941880,-3.108698643,-0.073086768,0.000000000,0.000000000,0.000000000,1.000000000,1.469122410,0.511914730,3.259346485,3.259346485,0.450741404
2026-06-03T01:47:46,1773928455.527508020,r1,body,odom,18,structure_anchor_18,plane,wall_like,general_plane,unknown,confirmed,true,true,true,false,30,0,78,29,0.724266004,1.000000000,0.999535146,0.371794872,0.000000000,0.000000000,0.000000000,0.279961575,312,0.079005351,0.000000000,1.190492896,-0.768557919,-1.236192638,0.143238328,-4.301090712,0.381156719,-2.063525414,4.362561226,0.322540283,1.252532005,-0.056710955,0.998390321,0.000867196,-0.986124487,0.165736623,0.009490853,-0.768557919,-1.236192638,0.143238328,0.000000000,0.000000000,0.000000000,1.000000000,1.252532005,4.362561226,0.322540283,4.362561226,0.287109324
2026-06-03T01:47:46,1773928455.527508020,r1,body,odom,2,structure_anchor_2,plane,wall_like,general_plane,unknown,confirmed,true,true,true,false,85,0,89,85,0.840913627,1.000000000,0.999511955,0.955056180,0.000000000,0.000000000,0.000000000,0.041522249,551,0.173434057,0.000000000,-0.416559104,-3.683547735,0.149644464,0.338718951,-6.295675204,-2.153209529,-1.829978520,6.725640774,0.509569049,3.006536007,-0.072317546,0.997377945,0.002721676,-0.988572770,0.150306901,0.011480652,-3.683547735,0.149644464,0.338718951,0.000000000,0.000000000,0.000000000,1.000000000,3.006536007,6.725640774,0.509569049,6.725640774,0.447025958
2026-06-03T01:47:46,1773928455.527508020,r1,body,odom,24,structure_anchor_24,plane,wall_like,general_plane,unknown,confirmed,true,true,true,false,11,0,11,11,0.848042724,1.000000000,0.990213621,1.000000000,0.000000000,0.000000000,0.000000000,0.083372706,84,0.026440038,0.000000000,-0.407760827,0.590610027,0.439990819,0.206409022,-5.634192589,2.078104008,-1.999270215,1.786601543,0.108878106,0.785841823,-0.057709441,0.998252562,0.012706033,-0.986093319,0.164817460,0.021336872,0.590610027,0.439990819,0.206409022,0.000000000,0.000000000,0.000000000,1.000000000,0.785841823,1.786601543,0.108878106,1.786601543,0.439852873
2026-06-03T01:47:46,1773928455.527508020,r1,body,odom,31,structure_anchor_31,plane,wall_like,general_plane,unknown,candidate,false,true,true,false,1,0,1,1,0.326250000,0.125000000,0.350000000,1.000000000,0.000000000,0.000000000,0.000000000,0.000000000,59,0.018570979,0.000000000,1.127314795,1.896925330,-1.022750616,0.452997595,-3.916237790,3.029905395,-1.776595835,1.987207890,0.127022624,1.447965860,-0.060208079,0.998043182,0.016875837,-0.986400631,0.162364481,0.025527666,1.896925330,-1.022750616,0.452997595,0.000000000,0.000000000,0.000000000,1.000000000,1.447965860,1.987207890,0.127022624,1.987207890,0.728643373
2026-06-03T01:47:46,1773928455.527508020,r1,body,odom,19,structure_anchor_19,plane,wall_like,general_plane,unknown,stale,false,false,true,false,8,15,26,8,0.459038462,1.000000000,0.000000000,0.307692308,0.750000000,0.000000000,0.000000000,0.255109873,131,0.037850332,0.000000000,1.118203461,-6.192460943,-1.607397988,0.014518836,-5.140775840,-4.991117303,-2.145315101,2.911881447,0.178876400,1.796473742,-0.080589304,0.996726152,-0.006516053,-0.989859756,0.142029981,0.002314479,-6.192460943,-1.607397988,0.014518836,0.000000000,0.000000000,0.000000000,1.000000000,1.796473742,2.911881447,0.178876400,2.911881447,0.616946045
2026-06-03T01:47:46,1773928455.527508020,r1,body,odom,1,structure_anchor_1,plane,wall_like,general_plane,unknown,stale,false,false,false,false,48,41,77,48,0.504675325,1.000000000,0.000000000,0.623376623,1.000000000,0.000000000,0.000000000,0.091758177,165,0.054926764,0.000000000,-0.742120464,-13.538938671,-0.557200355,0.630543247,-7.784626368,-11.918176524,-1.453183519,5.174537659,0.099238873,3.689626217,-0.074367583,0.997230246,-0.001190151,-0.988921371,0.148246997,0.007586794,-13.538938671,-0.557200355,0.630543247,0.000000000,0.000000000,0.000000000,1.000000000,3.689626217,5.174537659,0.099238873,5.174537659,0.713034953
2026-06-03T01:47:46,1773928455.527508020,r1,body,odom,14,structure_anchor_14,plane,wall_like,general_plane,unknown,stale,false,false,true,false,6,30,37,6,0.299932432,0.750000000,0.000000000,0.162162162,1.000000000,0.000000000,0.000000000,0.214611594,219,0.063662791,0.000000000,-0.106828652,-4.854076010,-3.887821132,0.554955442,-2.615435586,-4.186958413,-1.635745292,1.515600443,4.065314293,2.097198963,0.985008706,-0.170162918,-0.028329266,0.383649017,0.922664657,-0.038775923,-4.854076010,-3.887821132,0.554955442,0.000000000,0.000000000,0.000000000,1.000000000,2.097198963,1.515600443,4.065314293,4.065314293,0.515876218
2026-06-03T01:47:46,1773928455.527508020,r1,body,odom,3,structure_anchor_3,plane,wall_like,general_plane,unknown,stale,false,false,true,false,20,44,89,20,0.424943820,1.000000000,0.000000000,0.224719101,1.000000000,0.000000000,0.000000000,0.214740401,138,0.044259140,0.000000000,-0.925327688,-5.978206121,-2.897099929,0.163748289,-3.834217969,-5.066638863,-2.008534859,0.073419511,1.111512899,1.289421082,0.995187376,0.097080988,0.013322402,0.125712789,0.992054447,0.004947509,-5.978206121,-2.897099929,0.163748289,0.000000000,0.000000000,0.000000000,1.000000000,1.289421082,0.073419511,1.111512899,1.111512899,1.160059485
2026-06-03T01:47:46,1773928455.527508020,r1,body,odom,5,structure_anchor_5,plane,wall_like,general_plane,unknown,stale,false,false,true,false,32,44,88,32,0.452727273,1.000000000,0.000000000,0.363636364,1.000000000,0.000000000,0.000000000,0.473049691,201,0.064464400,0.000000000,3.687168749,-11.382765252,3.401067053,0.646564795,-11.167187380,-8.939132405,-1.424892695,0.198105574,2.248228073,2.713875055,0.993427542,0.114169918,-0.008189398,0.108444943,0.993967146,-0.016407799,-11.382765252,3.401067053,0.646564795,0.000000000,0.000000000,0.000000000,1.000000000,2.713875055,0.198105574,2.248228073,2.248228073,1.207117324
2026-06-03T01:47:46,1773928455.527508020,r1,body,odom,8,structure_anchor_8,plane,wall_like,general_plane,unknown,stale,false,false,true,false,4,58,71,4,0.166267606,0.500000000,0.000000000,0.056338028,1.000000000,0.000000000,0.000000000,0.269359626,103,0.033161623,0.000000000,-1.000408871,-5.944801363,-3.245656173,-0.081058514,-3.489365883,-5.112988451,-2.256459182,0.511914730,3.259346485,1.469122410,0.943142274,0.256481159,-0.211424181,-0.043481401,0.974977648,-0.218009539,-5.944801363,-3.245656173,-0.081058514,0.000000000,0.000000000,0.000000000,1.000000000,1.469122410,0.511914730,3.259346485,3.259346485,0.450741404
2026-06-03T01:47:46,1773928455.749507904,r1,body,odom,2,structure_anchor_2,plane,wall_like,general_plane,unknown,confirmed,true,true,true,false,86,0,90,86,0.841047665,1.000000000,0.999682771,0.955555556,0.000000000,0.000000000,0.000000000,0.038324252,585,0.188405797,0.000000000,-0.437687764,-3.726623535,0.095611081,0.308131188,-6.273352716,-2.034830028,-1.861404788,6.894657612,0.658760905,2.953883886,-0.092216764,0.995731687,-0.003804809,-0.988926496,0.148234769,0.007127046,-3.726623535,0.095611081,0.308131188,0.000000000,0.000000000,0.000000000,1.000000000,2.953883886,6.894657612,0.658760905,6.894657612,0.428430830
2026-06-03T01:47:46,1773928455.749507904,r1,body,odom,24,structure_anchor_24,plane,wall_like,general_plane,unknown,confirmed,true,true,true,false,12,0,12,12,0.848727771,1.000000000,0.993638854,1.000000000,0.000000000,0.000000000,0.000000000,0.090309126,126,0.040579710,0.000000000,-0.425130655,0.607293427,0.475858629,0.219565749,-5.608908978,2.263975897,-1.979935755,2.025177002,0.167242050,0.873960912,-0.079987369,0.996791806,-0.002848911,-0.987024834,0.160368216,0.007998155,0.607293427,0.475858629,0.219565749,0.000000000,0.000000000,0.000000000,1.000000000,0.873960912,2.025177002,0.167242050,2.025177002,0.431547915
2026-06-03T01:47:46,1773928455.749507904,r1,body,odom,32,structure_anchor_32,plane,wall_like,general_plane,unknown,candidate,false,true,true,false,1,0,1,1,0.326250000,0.125000000,0.350000000,1.000000000,0.000000000,0.000000000,0.000000000,0.000000000,100,0.032206119,0.000000000,0.893427716,1.615814924,-0.944339216,0.406679600,-3.986888205,2.905089877,-1.815283189,1.466838121,0.165356278,1.540015697,0.046477740,0.996653145,-0.067248253,-0.957458347,0.282807987,-0.057385656,1.615814924,-0.944339216,0.406679600,0.000000000,0.000000000,0.000000000,1.000000000,1.540015697,1.466838121,0.165356278,1.466838121,1.049887970
2026-06-03T01:47:46,1773928455.749507904,r1,body,odom,20,structure_anchor_20,plane,wall_like,general_plane,unknown,weak_tracked,false,true,true,false,5,0,25,5,0.432822197,0.625000000,0.605775000,0.200000000,0.100000000,0.086093442,0.000000000,0.233282159,196,0.063123994,0.000000000,1.144113790,-0.697525620,-1.227160692,0.062968194,-4.268635916,0.589409883,-2.143786092,4.117546082,0.570324898,1.048388958,-0.078240256,0.963699969,-0.255266198,-0.957459867,0.152864115,-0.244751148,-0.697525620,-1.227160692,0.062968194,0.000000000,0.000000000,0.000000000,1.000000000,1.048388958,4.117546082,0.570324898,4.117546082,0.254614991
2026-06-03T01:47:46,1773928455.749507904,r1,body,odom,18,structure_anchor_18,plane,wall_like,general_plane,unknown,confirmed,true,true,true,false,31,0,79,30,0.725888936,1.000000000,0.999697845,0.379746835,0.000000000,0.000000000,0.000000000,0.265385685,228,0.073429952,0.000000000,1.150686702,-1.008496642,-1.237280607,0.251170367,-4.330827811,0.285992119,-1.953272914,4.338713646,0.491433144,1.272935510,-0.096863781,0.991625519,-0.085418021,-0.987013850,0.142322091,-0.074485170,-1.008496642,-1.237280607,0.251170367,0.000000000,0.000000000,0.000000000,1.000000000,1.272935510,4.338713646,0.491433144,4.338713646,0.293390072
2026-06-03T01:47:46,1773928455.749507904,r1,body,odom,29,structure_anchor_29,plane,wall_like,general_plane,unknown,weak_tracked,false,true,true,false,2,0,5,2,0.276800000,0.250000000,0.421500000,0.400000000,0.000000000,0.000000000,0.000000000,0.019716461,117,0.037681159,0.000000000,-5.415196756,5.662281036,-2.691648483,1.044208765,-1.316609466,6.420394541,-1.227350505,0.277865410,3.283807516,2.663151741,0.996181439,0.086925847,0.008150968,0.153527096,0.988143618,0.001255921,5.662281036,-2.691648483,1.044208765,0.000000000,0.000000000,0.000000000,1.000000000,2.663151741,0.277865410,3.283807516,3.283807516,0.810995081
2026-06-03T01:47:46,1773928455.749507904,r1,body,odom,33,structure_anchor_33,compact_cluster,pillar_like,pillar_compact_cluster,unknown,candidate,false,true,true,false,1,0,1,1,0.326250000,0.125000000,0.350000000,1.000000000,0.000000000,0.000000000,0.000000000,0.000000000,48,0.015458937,0.000000000,0.000000000,3.224438429,-1.175533056,0.365864277,-3.378823412,4.411720066,-1.871038276,0.567904949,0.846080780,1.658071637,0.000000000,0.000000000,1.000000000,0.011824237,0.005140761,0.999916877,3.224438429,-1.175533056,0.365864277,0.000000000,0.000000000,0.000000000,1.000000000,1.658071637,0.567904949,0.846080780,0.846080780,1.959708430
2026-06-03T01:47:46,1773928455.749507904,r1,body,odom,19,structure_anchor_19,plane,wall_like,general_plane,unknown,stale,false,false,true,false,8,16,27,8,0.453259259,1.000000000,0.000000000,0.296296296,0.800000000,0.000000000,0.000000000,0.255109873,131,0.037850332,0.000000000,1.118203461,-6.324706048,-1.713065324,0.022438756,-5.140776414,-4.991116324,-2.145315110,2.911881447,0.178876400,1.796473742,-0.098427025,0.995106562,-0.008659907,-0.989859591,0.142030043,0.002314478,-6.324706048,-1.713065324,0.022438756,0.000000000,0.000000000,0.000000000,1.000000000,1.796473742,2.911881447,0.178876400,2.911881447,0.616946045
2026-06-03T01:47:46,1773928455.749507904,r1,body,odom,1,structure_anchor_1,plane,wall_like,general_plane,unknown,stale,false,false,false,false,48,42,77,48,0.504675325,1.000000000,0.000000000,0.623376623,1.000000000,0.000000000,0.000000000,0.091758177,165,0.054926764,0.000000000,-0.742120464,-13.687850243,-0.793089026,0.647640871,-7.784627122,-11.918174252,-1.453183594,5.174537659,0.099238873,3.689626217,-0.092207160,0.995734199,-0.003344975,-0.988921206,0.148247058,0.007586792,-13.687850243,-0.793089026,0.647640871,0.000000000,0.000000000,0.000000000,1.000000000,3.689626217,5.174537659,0.099238873,5.174537659,0.713034953
2026-06-03T01:47:46,1773928455.749507904,r1,body,odom,14,structure_anchor_14,plane,wall_like,general_plane,unknown,stale,false,false,true,false,6,31,38,6,0.299078947,0.750000000,0.000000000,0.157894737,1.000000000,0.000000000,0.000000000,0.214611594,219,0.063662791,0.000000000,-0.106828652,-4.944889996,-3.967919269,0.565960372,-2.615436482,-4.186957772,-1.635745342,1.515600443,4.065314293,2.097198963,0.987851996,-0.152573039,-0.029493141,0.383649036,0.922664482,-0.038775919,-4.944889996,-3.967919269,0.565960372,0.000000000,0.000000000,0.000000000,1.000000000,2.097198963,1.515600443,4.065314293,4.065314293,0.515876218
2026-06-03T01:47:46,1773928455.749507904,r1,body,odom,3,structure_anchor_3,plane,wall_like,general_plane,unknown,stale,false,false,true,false,20,45,90,20,0.424444444,1.000000000,0.000000000,0.222222222,1.000000000,0.000000000,0.000000000,0.214740401,138,0.044259140,0.000000000,-0.925327688,-6.087172058,-2.998378790,0.174268426,-3.834218751,-5.066637983,-2.008534879,0.073419511,1.111512899,1.289421082,0.993309437,0.114905545,0.011533470,0.125712854,0.992054283,0.004947509,-6.087172058,-2.998378790,0.174268426,0.000000000,0.000000000,0.000000000,1.000000000,1.289421082,0.073419511,1.111512899,1.111512899,1.160059485
2026-06-03T01:47:46,1773928455.749507904,r1,body,odom,5,structure_anchor_5,plane,wall_like,general_plane,unknown,stale,false,false,false,false,32,45,88,32,0.452727273,1.000000000,0.000000000,0.363636364,1.000000000,0.000000000,0.000000000,0.473049691,201,0.064464400,0.000000000,3.687168749,-11.602850762,3.203156962,0.651247698,-11.167187360,-8.939130306,-1.424892774,0.198105574,2.248228073,2.713875055,0.991211003,0.131910589,-0.010014407,0.108445011,0.993966984,-0.016407797,-11.602850762,3.203156962,0.651247698,0.000000000,0.000000000,0.000000000,1.000000000,2.713875055,0.198105574,2.248228073,2.248228073,1.207117324
2026-06-03T01:47:46,1773928455.749507904,r1,body,odom,8,structure_anchor_8,plane,wall_like,general_plane,unknown,stale,false,false,true,false,4,59,72,4,0.166111111,0.500000000,0.000000000,0.055555556,1.000000000,0.000000000,0.000000000,0.269359626,103,0.033161623,0.000000000,-1.000408871,-6.047909364,-3.346845008,-0.069795927,-3.489366723,-5.112987594,-2.256459180,0.511914730,3.259346485,1.469122410,0.938074763,0.272830071,-0.213493405,-0.043481311,0.974977501,-0.218009519,-6.047909364,-3.346845008,-0.069795927,0.000000000,0.000000000,0.000000000,1.000000000,1.469122410,0.511914730,3.259346485,3.259346485,0.450741404
2026-06-03T01:47:46,1773928455.926507950,r1,body,odom,2,structure_anchor_2,plane,wall_like,general_plane,unknown,confirmed,true,true,true,false,87,0,91,87,0.841167551,1.000000000,0.999793801,0.956043956,0.000000000,0.000000000,0.000000000,0.036430246,597,0.188924051,0.000000000,-0.454864043,-3.750101328,0.023080304,0.311503947,-6.256646906,-1.894070385,-1.835251217,7.272624016,0.899494529,2.703955412,-0.115834705,0.993237312,-0.007871672,-0.988789512,0.149198604,0.005933861,-3.750101328,0.023080304,0.311503947,0.000000000,0.000000000,0.000000000,1.000000000,2.703955412,7.272624016,0.899494529,7.272624016,0.371799148
2026-06-03T01:47:46,1773928455.926507950,r1,body,odom,24,structure_anchor_24,plane,wall_like,general_plane,unknown,confirmed,true,true,true,false,13,0,13,13,0.849173051,1.000000000,0.995865255,1.000000000,0.000000000,0.000000000,0.000000000,0.091337674,146,0.046202532,0.000000000,-0.443872920,0.779564917,0.527807832,0.219814956,-5.555444276,2.607498230,-1.994092847,2.397304535,0.239733875,1.001370311,-0.102228272,0.994738660,-0.006661787,-0.986645423,0.162735234,0.006941551,0.779564917,0.527807832,0.219814956,0.000000000,0.000000000,0.000000000,1.000000000,1.001370311,2.397304535,0.239733875,2.397304535,0.417706760
2026-06-03T01:47:46,1773928455.926507950,r1,body,odom,18,structure_anchor_18,plane,wall_like,general_plane,unknown,confirmed,true,true,true,false,32,0,80,31,0.727460720,1.000000000,0.999803599,0.387500000,0.000000000,0.000000000,0.000000000,0.269242997,529,0.131962025,0.000000000,1.143518766,-0.759780431,-1.214784976,0.213466312,-4.278615913,0.664315680,-1.996485260,3.951908350,0.515188575,1.312901020,-0.099743022,0.993217303,-0.059756990,-0.985365924,0.164072377,-0.046201336,-0.759780431,-1.214784976,0.213466312,0.000000000,0.000000000,0.000000000,1.000000000,1.312901020,3.951908350,0.515188575,3.951908350,0.332219501
2026-06-03T01:47:46,1773928455.926507950,r1,body,odom,34,structure_anchor_34,compact_cluster,pillar_like,pillar_compact_cluster,unknown,candidate,false,true,true,false,1,0,1,1,0.326250000,0.125000000,0.350000000,1.000000000,0.000000000,0.000000000,0.000000000,0.000000000,57,0.018037975,0.000000000,0.000000000,5.476534843,-1.812165737,0.906649828,-2.053495718,6.532498424,-1.411445134,0.242854595,0.981379986,1.788496733,0.000000000,0.000000000,1.000000000,0.015838415,0.012443324,0.999797134,5.476534843,-1.812165737,0.906649828,0.000000000,0.000000000,0.000000000,1.000000000,1.788496733,0.242854595,0.981379986,0.981379986,1.822430413
2026-06-03T01:47:46,1773928455.926507950,r1,body,odom,19,structure_anchor_19,plane,wall_like,general_plane,unknown,stale,false,false,true,false,8,17,28,8,0.447642857,1.000000000,0.000000000,0.285714286,0.850000000,0.000000000,0.000000000,0.255109873,131,0.037850332,0.000000000,1.118203461,-6.439949202,-1.871188860,-0.019360963,-5.140775629,-4.991117681,-2.145315094,2.911881447,0.178876400,1.796473742,-0.122973315,0.992342312,-0.011596474,-0.989859811,0.142029959,0.002314479,-6.439949202,-1.871188860,-0.019360963,0.000000000,0.000000000,0.000000000,1.000000000,1.796473742,2.911881447,0.178876400,2.911881447,0.616946045
2026-06-03T01:47:46,1773928455.926507950,r1,body,odom,1,structure_anchor_1,plane,wall_like,general_plane,unknown,stale,false,false,false,false,48,43,77,48,0.504675325,1.000000000,0.000000000,0.623376623,1.000000000,0.000000000,0.000000000,0.091758177,165,0.054926764,0.000000000,-0.742120464,-13.828446993,-1.132789979,0.544560191,-7.784626089,-11.918177336,-1.453183484,5.174537659,0.099238873,3.689626217,-0.116814168,0.993134321,-0.006233005,-0.988921426,0.148246976,0.007586795,-13.828446993,-1.132789979,0.544560191,0.000000000,0.000000000,0.000000000,1.000000000,3.689626217,5.174537659,0.099238873,5.174537659,0.713034953
2026-06-03T01:47:46,1773928455.926507950,r1,body,odom,14,structure_anchor_14,plane,wall_like,general_plane,unknown,stale,false,false,true,false,6,32,39,6,0.298269231,0.750000000,0.000000000,0.153846154,1.000000000,0.000000000,0.000000000,0.214611594,219,0.063662791,0.000000000,-0.106828652,-5.009149785,-4.090080970,0.540109279,-2.615435268,-4.186958676,-1.635745272,1.515600443,4.065314293,2.097198963,0.991534897,-0.128096979,-0.021210651,0.383649009,0.922664715,-0.038775925,-5.009149785,-4.090080970,0.540109279,0.000000000,0.000000000,0.000000000,1.000000000,2.097198963,1.515600443,4.065314293,4.065314293,0.515876218
2026-06-03T01:47:46,1773928455.926507950,r1,body,odom,3,structure_anchor_3,plane,wall_like,general_plane,unknown,stale,false,false,true,false,20,46,91,20,0.423956044,1.000000000,0.000000000,0.219780220,1.000000000,0.000000000,0.000000000,0.214740401,138,0.044259140,0.000000000,-0.925327688,-6.171887292,-3.149920368,0.137145599,-3.834217688,-5.066639206,-2.008534849,0.073419511,1.111512899,1.289421082,0.990032378,0.139514419,0.019282051,0.125712767,0.992054502,0.004947508,-6.171887292,-3.149920368,0.137145599,0.000000000,0.000000000,0.000000000,1.000000000,1.289421082,0.073419511,1.111512899,1.111512899,1.160059485
2026-06-03T01:47:46,1773928455.926507950,r1,body,odom,5,structure_anchor_5,plane,wall_like,general_plane,unknown,stale,false,false,false,false,32,46,88,32,0.452727273,1.000000000,0.000000000,0.363636364,1.000000000,0.000000000,0.000000000,0.473049691,201,0.064464400,0.000000000,3.687168749,-11.843176062,2.913910307,0.556340089,-11.167187363,-8.939133163,-1.424892658,0.198105574,2.248228073,2.713875055,0.987687990,0.156420068,-0.002318620,0.108444919,0.993967200,-0.016407800,-11.843176062,2.913910307,0.556340089,0.000000000,0.000000000,0.000000000,1.000000000,2.713875055,0.198105574,2.248228073,2.248228073,1.207117324
2026-06-03T01:47:46,1773928455.926507950,r1,body,odom,8,structure_anchor_8,plane,wall_like,general_plane,unknown,stale,false,false,true,false,4,60,73,4,0.165958904,0.500000000,0.000000000,0.054794521,1.000000000,0.000000000,0.000000000,0.269359626,103,0.033161623,0.000000000,-1.000408871,-6.122028781,-3.497782775,-0.105843269,-3.489365584,-5.112988787,-2.256459180,0.511914730,3.259346485,1.469122410,0.932727529,0.295581099,-0.206522033,-0.043481432,0.974977697,-0.218009546,-6.122028781,-3.497782775,-0.105843269,0.000000000,0.000000000,0.000000000,1.000000000,1.469122410,0.511914730,3.259346485,3.259346485,0.450741404
2026-06-03T01:47:47,1773928456.145503044,r1,body,odom,2,structure_anchor_2,plane,wall_like,general_plane,unknown,confirmed,true,true,true,false,88,0,92,88,0.841277542,1.000000000,0.999865971,0.956521739,0.000000000,0.000000000,0.000000000,0.036985484,611,0.195707880,0.000000000,-0.476862304,-3.787575245,-0.098557517,0.329579890,-6.233540276,-1.740656290,-1.846307029,7.285463810,1.182044744,3.184539080,-0.152507632,0.988249320,-0.010232510,-0.988606359,0.150474824,0.003872093,-3.787575245,-0.098557517,0.329579890,0.000000000,0.000000000,0.000000000,1.000000000,3.184539080,7.285463810,1.182044744,7.285463810,0.437108627
2026-06-03T01:47:47,1773928456.145503044,r1,body,odom,24,structure_anchor_24,plane,wall_like,general_plane,unknown,confirmed,true,true,true,false,14,0,14,14,0.849462483,1.000000000,0.997312416,1.000000000,0.000000000,0.000000000,0.000000000,0.090290087,186,0.059577194,0.000000000,-0.469283188,0.837774813,0.594302356,0.205262303,-5.511362927,2.879107266,-2.006374923,2.954291105,0.410602152,1.092698932,-0.140642246,0.990041027,-0.006206671,-0.986701880,0.162353525,0.007805848,0.837774813,0.594302356,0.205262303,0.000000000,0.000000000,0.000000000,1.000000000,1.092698932,2.954291105,0.410602152,2.954291105,0.369868403
2026-06-03T01:47:47,1773928456.145503044,r1,body,odom,18,structure_anchor_18,plane,wall_like,general_plane,unknown,confirmed,true,true,true,false,33,0,81,32,0.728986814,1.000000000,0.999872339,0.395061728,0.000000000,0.000000000,0.000000000,0.261052038,289,0.071428571,0.000000000,1.104061699,0.141452803,-1.081159124,0.222425493,-4.121233069,1.712975346,-2.003912319,3.077074528,0.548373699,1.139428377,-0.166824905,0.982627789,-0.081316437,-0.988602979,0.134749129,-0.067136450,0.141452803,-1.081159124,0.222425493,0.000000000,0.000000000,0.000000000,1.000000000,1.139428377,3.077074528,0.548373699,3.077074528,0.370295996
2026-06-03T01:47:47,1773928456.145503044,r1,body,odom,35,structure_anchor_35,plane,wall_like,general_plane,unknown,candidate,false,true,true,false,1,0,1,1,0.326250000,0.125000000,0.350000000,1.000000000,0.000000000,0.000000000,0.000000000,0.000000000,206,0.065983344,0.000000000,1.126275379,-2.445430756,-1.507656336,0.133456320,-4.490328088,-0.883315949,-2.073364999,1.739700675,0.387787819,1.272822857,-0.151245389,0.984856855,-0.084745542,-0.986116018,0.150262285,-0.070686924,-2.445430756,-1.507656336,0.133456320,0.000000000,0.000000000,0.000000000,1.000000000,1.272822857,1.739700675,0.387787819,1.739700675,0.731633249
2026-06-03T01:47:47,1773928456.145503044,r1,body,odom,29,structure_anchor_29,plane,wall_like,general_plane,unknown,weak_tracked,false,true,true,false,3,0,7,3,0.368859286,0.375000000,0.571975000,0.428571429,0.000000000,0.000000000,0.000000000,0.064211736,90,0.028827675,0.000000000,-5.173235668,5.444305897,-2.325719118,1.118254066,-1.332504276,6.404247172,-1.175265476,0.352884769,3.166413307,2.637191296,0.994203218,0.107164982,0.008696481,0.195605398,0.980682671,0.000473711,5.444305897,-2.325719118,1.118254066,0.000000000,0.000000000,0.000000000,1.000000000,2.637191296,0.352884769,3.166413307,3.166413307,0.832863887
2026-06-03T01:47:47,1773928456.145503044,r1,body,odom,19,structure_anchor_19,plane,wall_like,general_plane,unknown,stale,false,false,true,false,8,18,29,8,0.442172414,1.000000000,0.000000000,0.275862069,0.900000000,0.000000000,0.000000000,0.255109873,131,0.037850332,0.000000000,1.118203461,-6.558619083,-2.118553112,0.029620012,-5.140775282,-4.991118297,-2.145315093,2.911881447,0.178876400,1.796473742,-0.160924954,0.986895597,-0.011854232,-0.989859902,0.142029923,0.002314480,-6.558619083,-2.118553112,0.029620012,0.000000000,0.000000000,0.000000000,1.000000000,1.796473742,2.911881447,0.178876400,2.911881447,0.616946045
2026-06-03T01:47:47,1773928456.145503044,r1,body,odom,1,structure_anchor_1,plane,wall_like,general_plane,unknown,stale,false,false,false,false,48,44,77,48,0.504675325,1.000000000,0.000000000,0.623376623,1.000000000,0.000000000,0.000000000,0.091758177,165,0.054926764,0.000000000,-0.742120464,-13.965847664,-1.662502148,0.644540821,-7.784625632,-11.918178666,-1.453183447,5.174537659,0.099238873,3.689626217,-0.154763387,0.987930094,-0.006535015,-0.988921517,0.148246941,0.007586796,-13.965847664,-1.662502148,0.644540821,0.000000000,0.000000000,0.000000000,1.000000000,3.689626217,5.174537659,0.099238873,5.174537659,0.713034953
2026-06-03T01:47:47,1773928456.145503044,r1,body,odom,14,structure_anchor_14,plane,wall_like,general_plane,unknown,stale,false,false,true,false,6,33,40,6,0.297500000,0.750000000,0.000000000,0.150000000,1.000000000,0.000000000,0.000000000,0.214611594,219,0.063662791,0.000000000,-0.106828652,-5.040115136,-4.280312691,0.581542247,-2.615434747,-4.186959101,-1.635745246,1.515600443,4.065314293,2.097198963,0.995537751,-0.090108591,-0.028023403,0.383648997,0.922664812,-0.038775927,-5.040115136,-4.280312691,0.581542247,0.000000000,0.000000000,0.000000000,1.000000000,2.097198963,1.515600443,4.065314293,4.065314293,0.515876218
2026-06-03T01:47:47,1773928456.145503044,r1,body,odom,3,structure_anchor_3,plane,wall_like,general_plane,unknown,stale,false,false,true,false,20,47,92,20,0.423478261,1.000000000,0.000000000,0.217391304,1.000000000,0.000000000,0.000000000,0.214740401,138,0.044259140,0.000000000,-0.925327688,-6.240749050,-3.385876264,0.185686057,-3.834217228,-5.066639765,-2.008534842,0.073419511,1.111512899,1.289421082,0.984080611,0.177305853,0.012176514,0.125712729,0.992054592,0.004947509,-6.240749050,-3.385876264,0.185686057,0.000000000,0.000000000,0.000000000,1.000000000,1.289421082,0.073419511,1.111512899,1.111512899,1.160059485
2026-06-03T01:47:47,1773928456.145503044,r1,body,odom,5,structure_anchor_5,plane,wall_like,general_plane,unknown,stale,false,false,false,false,32,47,88,32,0.452727273,1.000000000,0.000000000,0.363636364,1.000000000,0.000000000,0.000000000,0.473049691,201,0.064464400,0.000000000,3.687168749,-12.136809866,2.457182340,0.637817621,-11.167187336,-8.939134405,-1.424892616,0.198105574,2.248228073,2.713875055,0.980940705,0.194079267,-0.009426258,0.108444881,0.993967290,-0.016407801,-12.136809866,2.457182340,0.637817621,0.000000000,0.000000000,0.000000000,1.000000000,2.713875055,0.198105574,2.248228073,2.248228073,1.207117324
2026-06-03T01:47:47,1773928456.145503044,r1,body,odom,8,structure_anchor_8,plane,wall_like,general_plane,unknown,stale,false,false,true,false,4,61,74,4,0.165810811,0.500000000,0.000000000,0.054054054,1.000000000,0.000000000,0.000000000,0.269359626,103,0.033161623,0.000000000,-1.000408871,-6.179313551,-3.731916345,-0.057253598,-3.489365092,-5.112989333,-2.256459186,0.511914730,3.259346485,1.469122410,0.919274854,0.330750891,-0.213396048,-0.043481482,0.974977777,-0.218009557,-6.179313551,-3.731916345,-0.057253598,0.000000000,0.000000000,0.000000000,1.000000000,1.469122410,0.511914730,3.259346485,3.259346485,0.450741404
2026-06-03T01:47:47,1773928456.349503040,r1,body,odom,2,structure_anchor_2,plane,wall_like,general_plane,unknown,confirmed,true,true,true,false,89,0,93,89,0.841380426,1.000000000,0.999912881,0.956989247,0.000000000,0.000000000,0.000000000,0.034542020,645,0.206929740,0.000000000,-0.516721359,-3.918954372,-0.184851542,0.348208368,-6.213169936,-1.678943839,-1.819258879,7.580486774,1.429694176,3.165746927,-0.179121941,0.983778528,-0.009753864,-0.989019837,0.147688146,0.005304236,-3.918954372,-0.184851542,0.348208368,0.000000000,0.000000000,0.000000000,1.000000000,3.165746927,7.580486774,1.429694176,7.580486774,0.417617895
2026-06-03T01:47:47,1773928456.349503040,r1,body,odom,24,structure_anchor_24,plane,wall_like,general_plane,unknown,confirmed,true,true,true,false,15,0,15,15,0.849650614,1.000000000,0.998253070,1.000000000,0.000000000,0.000000000,0.000000000,0.095726626,229,0.073468078,0.000000000,-0.505434340,0.929847002,0.675658047,0.216523632,-5.466504589,3.187369892,-1.992976633,2.795340538,0.486227900,1.332381725,-0.169621786,0.985432723,-0.012279952,-0.987563445,0.157198401,0.002695709,0.929847002,0.675658047,0.216523632,0.000000000,0.000000000,0.000000000,1.000000000,1.332381725,2.795340538,0.486227900,2.795340538,0.476643796
2026-06-03T01:47:47,1773928456.349503040,r1,body,odom,18,structure_anchor_18,plane,wall_like,general_plane,unknown,confirmed,true,true,true,false,34,0,82,33,0.730471209,1.000000000,0.999917021,0.402439024,0.000000000,0.000000000,0.000000000,0.033149519,160,0.051331408,0.000000000,1.083145131,-2.490667343,-1.531009912,0.154158935,-4.481733448,-0.762377966,-2.046935609,1.621875763,0.442200899,1.336447954,-0.173531716,0.979029923,-0.106710601,-0.984288404,0.150851182,-0.091762841,-2.490667343,-1.531009912,0.154158935,0.000000000,0.000000000,0.000000000,1.000000000,1.336447954,1.621875763,0.442200899,1.621875763,0.824013765
2026-06-03T01:47:47,1773928456.349503040,r1,body,odom,31,structure_anchor_31,plane,wall_like,general_plane,unknown,weak_tracked,false,true,true,false,2,0,5,2,0.276800000,0.250000000,0.421500000,0.400000000,0.000000000,0.000000000,0.000000000,0.109057042,138,0.044273340,0.000000000,1.059160258,0.096451752,-1.048130631,0.194336697,-4.104036775,1.842423832,-2.028885658,2.911009312,0.578210592,1.071711779,-0.192944012,0.977949471,-0.079921462,-0.989091769,0.132293075,-0.064777902,0.096451752,-1.048130631,0.194336697,0.000000000,0.000000000,0.000000000,1.000000000,1.071711779,2.911009312,0.578210592,2.911009312,0.368158142
2026-06-03T01:47:47,1773928456.349503040,r1,body,odom,36,structure_anchor_36,cylinder,pipe_like,pipe_candidate,unknown,candidate,false,true,true,false,1,0,1,1,0.326250000,0.125000000,0.350000000,1.000000000,0.000000000,0.000000000,0.000000000,0.000000000,12,0.003849856,0.053168084,0.000000000,0.975440741,-4.884833336,0.242554426,-0.188562255,1.437282155,-2.041385994,0.106336169,0.106336169,1.074650764,0.022873489,0.016323147,0.999605101,0.008062250,0.033068112,0.999420582,0.975440741,-4.884833336,0.242554426,0.000000000,0.000000000,0.000000000,1.000000000,1.074650764,0.106336169,0.106336169,0.106336169,10.106164019
2026-06-03T01:47:47,1773928456.349503040,r1,body,odom,19,structure_anchor_19,plane,wall_like,general_plane,unknown,stale,false,false,true,false,8,19,30,8,0.436833333,1.000000000,0.000000000,0.266666667,0.950000000,0.000000000,0.000000000,0.255109873,131,0.037850332,0.000000000,1.118203461,-6.704728151,-2.272435806,0.019126006,-5.140775427,-4.991118069,-2.145315094,2.911881447,0.178876400,1.796473742,-0.184715499,0.982708909,-0.012791562,-0.989859859,0.142029939,0.002314480,-6.704728151,-2.272435806,0.019126006,0.000000000,0.000000000,0.000000000,1.000000000,1.796473742,2.911881447,0.178876400,2.911881447,0.616946045
2026-06-03T01:47:47,1773928456.349503040,r1,body,odom,1,structure_anchor_1,plane,wall_like,general_plane,unknown,stale,false,false,false,false,48,45,77,48,0.504675325,1.000000000,0.000000000,0.623376623,1.000000000,0.000000000,0.000000000,0.091758177,165,0.054926764,0.000000000,-0.742120464,-14.121473860,-1.995073912,0.625835467,-7.784625821,-11.918178105,-1.453183465,5.174537659,0.099238873,3.689626217,-0.178586475,0.983896011,-0.007466618,-0.988921474,0.148246956,0.007586795,-14.121473860,-1.995073912,0.625835467,0.000000000,0.000000000,0.000000000,1.000000000,3.689626217,5.174537659,0.099238873,5.174537659,0.713034953
2026-06-03T01:47:47,1773928456.349503040,r1,body,odom,14,structure_anchor_14,plane,wall_like,general_plane,unknown,stale,false,false,true,false,6,34,41,6,0.296768293,0.750000000,0.000000000,0.146341463,1.000000000,0.000000000,0.000000000,0.214611594,219,0.063662791,0.000000000,-0.106828652,-5.135020692,-4.396449702,0.574337691,-2.615434974,-4.186958960,-1.635745258,1.515600443,4.065314293,2.097198963,0.997454292,-0.066043184,-0.026897455,0.383649002,0.922664767,-0.038775926,-5.135020692,-4.396449702,0.574337691,0.000000000,0.000000000,0.000000000,1.000000000,2.097198963,1.515600443,4.065314293,4.065314293,0.515876218
2026-06-03T01:47:47,1773928456.349503040,r1,body,odom,3,structure_anchor_3,plane,wall_like,general_plane,unknown,stale,false,false,true,false,20,48,93,20,0.423010753,1.000000000,0.000000000,0.215053763,1.000000000,0.000000000,0.000000000,0.214740401,138,0.044259140,0.000000000,-0.925327688,-6.356492000,-3.531588935,0.176513563,-3.834217426,-5.066639562,-2.008534846,0.073419511,1.111512899,1.289421082,0.979494485,0.201046364,0.013082538,0.125712746,0.992054550,0.004947508,-6.356492000,-3.531588935,0.176513563,0.000000000,0.000000000,0.000000000,1.000000000,1.289421082,0.073419511,1.111512899,1.111512899,1.160059485
2026-06-03T01:47:47,1773928456.349503040,r1,body,odom,5,structure_anchor_5,plane,wall_like,general_plane,unknown,stale,false,false,false,false,32,48,88,32,0.452727273,1.000000000,0.000000000,0.363636364,1.000000000,0.000000000,0.000000000,0.473049691,201,0.064464400,0.000000000,3.687168749,-12.392525068,2.167605056,0.617851943,-11.167187326,-8.939133888,-1.424892635,0.198105574,2.248228073,2.713875055,0.975973444,0.217722765,-0.008536576,0.108444898,0.993967248,-0.016407800,-12.392525068,2.167605056,0.617851943,0.000000000,0.000000000,0.000000000,1.000000000,2.713875055,0.198105574,2.248228073,2.248228073,1.207117324
2026-06-03T01:47:47,1773928456.550502777,r1,body,odom,2,structure_anchor_2,plane,wall_like,general_plane,unknown,confirmed,true,true,true,false,90,0,94,90,0.841478036,1.000000000,0.999943373,0.957446809,0.000000000,0.000000000,0.000000000,0.036538641,958,0.299749687,0.000000000,-0.536243774,-2.350065231,0.081217214,0.297617674,-5.943840449,0.069791479,-1.872389659,10.680592537,2.186037540,3.073046684,-0.194927521,0.980804582,-0.005062974,-0.988511823,0.150817737,0.009920302,-2.350065231,0.081217214,0.297617674,0.000000000,0.000000000,0.000000000,1.000000000,3.073046684,10.680592537,2.186037540,10.680592537,0.287722490
2026-06-03T01:47:47,1773928456.550502777,r1,body,odom,18,structure_anchor_18,plane,wall_like,general_plane,unknown,confirmed,true,true,true,false,35,0,83,34,0.731916924,1.000000000,0.999946063,0.409638554,0.000000000,0.000000000,0.000000000,0.120457229,152,0.047559449,0.000000000,1.024892164,-0.087013066,-1.066370249,0.299725860,-4.094558032,1.806276212,-1.928443355,3.193733931,0.673641920,1.053893924,-0.214905605,0.976608089,-0.007226431,-0.991405264,0.130575167,0.008108861,-0.087013066,-1.066370249,0.299725860,0.000000000,0.000000000,0.000000000,1.000000000,1.053893924,3.193733931,0.673641920,3.193733931,0.329988016
2026-06-03T01:47:47,1773928456.550502777,r1,body,odom,29,structure_anchor_29,plane,wall_like,general_plane,unknown,weak_tracked,false,true,true,false,4,0,9,4,0.447845639,0.500000000,0.669783750,0.444444444,0.000000000,0.000000000,0.000000000,0.091379210,162,0.050688360,0.000000000,-4.690338457,5.243444920,-2.330612659,0.815958083,-1.082443942,6.394242964,-1.533073298,0.605828762,3.084092379,2.397084236,0.980728484,0.195336373,0.003916986,0.150288005,0.988550678,-0.013457283,5.243444920,-2.330612659,0.815958083,0.000000000,0.000000000,0.000000000,1.000000000,2.397084236,0.605828762,3.084092379,3.084092379,0.777241386
2026-06-03T01:47:47,1773928456.550502777,r1,body,odom,19,structure_anchor_19,plane,wall_like,general_plane,unknown,stale,false,false,true,false,8,20,31,8,0.431612903,1.000000000,0.000000000,0.258064516,1.000000000,0.000000000,0.000000000,0.255109873,131,0.037850332,0.000000000,1.118203461,-6.828806073,-2.400973051,-0.036755446,-5.140776096,-4.991116882,-2.145315104,2.911881447,0.178876400,1.796473742,-0.203495502,0.978991946,-0.012821419,-0.989859679,0.142030009,0.002314478,-6.828806073,-2.400973051,-0.036755446,0.000000000,0.000000000,0.000000000,1.000000000,1.796473742,2.911881447,0.178876400,2.911881447,0.616946045
2026-06-03T01:47:47,1773928456.550502777,r1,body,odom,1,structure_anchor_1,plane,wall_like,general_plane,unknown,stale,false,false,false,false,48,46,77,48,0.504675325,1.000000000,0.000000000,0.623376623,1.000000000,0.000000000,0.000000000,0.091758177,165,0.054926764,0.000000000,-0.742120464,-14.254505798,-2.267517503,0.505743402,-7.784626703,-11.918175501,-1.453183550,5.174537659,0.099238873,3.689626217,-0.197436948,0.980287364,-0.007441365,-0.988921294,0.148247025,0.007586793,-14.254505798,-2.267517503,0.505743402,0.000000000,0.000000000,0.000000000,1.000000000,3.689626217,5.174537659,0.099238873,5.174537659,0.713034953
2026-06-03T01:47:47,1773928456.550502777,r1,body,odom,14,structure_anchor_14,plane,wall_like,general_plane,unknown,stale,false,false,true,false,6,35,42,6,0.296071429,0.750000000,0.000000000,0.142857143,1.000000000,0.000000000,0.000000000,0.214611594,219,0.063662791,0.000000000,-0.106828652,-5.223349460,-4.495357066,0.528699912,-2.615435993,-4.186958148,-1.635745314,1.515600443,4.065314293,2.097198963,0.998737340,-0.046781376,-0.018310320,0.383649025,0.922664575,-0.038775921,-5.223349460,-4.495357066,0.528699912,0.000000000,0.000000000,0.000000000,1.000000000,2.097198963,1.515600443,4.065314293,4.065314293,0.515876218
2026-06-03T01:47:47,1773928456.550502777,r1,body,odom,3,structure_anchor_3,plane,wall_like,general_plane,unknown,stale,false,false,true,false,20,49,94,20,0.422553191,1.000000000,0.000000000,0.212765957,1.000000000,0.000000000,0.000000000,0.214740401,138,0.044259140,0.000000000,-0.925327688,-6.457755985,-3.653466240,0.121636984,-3.834218322,-5.066638487,-2.008534867,0.073419511,1.111512899,1.289421082,0.975288847,0.219841541,0.021940833,0.125712819,0.992054371,0.004947509,-6.457755985,-3.653466240,0.121636984,0.000000000,0.000000000,0.000000000,1.000000000,1.289421082,0.073419511,1.111512899,1.111512899,1.160059485
2026-06-03T01:47:47,1773928456.550502777,r1,body,odom,5,structure_anchor_5,plane,wall_like,general_plane,unknown,stale,false,false,false,false,32,49,88,32,0.452727273,1.000000000,0.000000000,0.363636364,1.000000000,0.000000000,0.000000000,0.473049691,201,0.064464400,0.000000000,3.687168749,-12.606069777,1.927680795,0.519516839,-11.167187356,-8.939131465,-1.424892728,0.198105574,2.248228073,2.713875055,0.971635009,0.236485407,0.000318687,0.108444974,0.993967070,-0.016407798,-12.606069777,1.927680795,0.519516839,0.000000000,0.000000000,0.000000000,1.000000000,2.713875055,0.198105574,2.248228073,2.248228073,1.207117324
2026-06-03T01:47:47,1773928456.748502970,r1,body,odom,2,structure_anchor_2,plane,wall_like,general_plane,unknown,confirmed,true,true,true,false,91,0,95,91,0.841571586,1.000000000,0.999963192,0.957894737,0.000000000,0.000000000,0.000000000,0.047063687,988,0.307788162,0.000000000,-0.569663392,-2.480193138,0.012345525,0.298832119,-5.949800772,0.135941301,-1.887687486,10.491200447,2.447182178,3.161359310,-0.225840654,0.974128587,-0.008336374,-0.987003426,0.160329641,0.010889404,-2.480193138,0.012345525,0.298832119,0.000000000,0.000000000,0.000000000,1.000000000,3.161359310,10.491200447,2.447182178,10.491200447,0.301334373
2026-06-03T01:47:47,1773928456.748502970,r1,body,odom,18,structure_anchor_18,plane,wall_like,general_plane,unknown,confirmed,true,true,true,false,36,0,84,35,0.733326322,1.000000000,0.999964941,0.416666667,0.000000000,0.000000000,0.000000000,0.195494056,127,0.039563863,0.000000000,1.076824787,-0.799044251,-1.231721640,0.121163324,-4.165283109,1.218966022,-2.106969881,2.026550055,0.453553915,0.819988847,-0.176686163,0.977685440,-0.113636174,-0.973800871,0.206639579,-0.094930939,-0.799044251,-1.231721640,0.121163324,0.000000000,0.000000000,0.000000000,1.000000000,0.819988847,2.026550055,0.453553915,2.026550055,0.404623041
2026-06-03T01:47:47,1773928456.748502970,r1,body,odom,19,structure_anchor_19,plane,wall_like,general_plane,unknown,stale,false,false,true,false,8,21,32,8,0.430000000,1.000000000,0.000000000,0.250000000,1.000000000,0.000000000,0.000000000,0.255109873,131,0.037850332,0.000000000,1.118203461,-6.914586694,-2.684447513,0.032239358,-5.140776573,-4.991116014,-2.145315113,2.911881447,0.178876400,1.796473742,-0.243750771,0.969687825,-0.017058127,-0.989859554,0.142030059,0.002314477,-6.914586694,-2.684447513,0.032239358,0.000000000,0.000000000,0.000000000,1.000000000,1.796473742,2.911881447,0.178876400,2.911881447,0.616946045
2026-06-03T01:47:47,1773928456.748502970,r1,body,odom,1,structure_anchor_1,plane,wall_like,general_plane,unknown,stale,false,false,false,false,48,47,77,48,0.504675325,1.000000000,0.000000000,0.623376623,1.000000000,0.000000000,0.000000000,0.091758177,165,0.054926764,0.000000000,-0.742120464,-14.334818977,-2.853153022,0.636238666,-7.784627333,-11.918173646,-1.453183617,5.174537659,0.099238873,3.689626217,-0.237707144,0.971265901,-0.011737093,-0.988921168,0.148247074,0.007586791,-14.334818977,-2.853153022,0.636238666,0.000000000,0.000000000,0.000000000,1.000000000,3.689626217,5.174537659,0.099238873,5.174537659,0.713034953
2026-06-03T01:47:47,1773928456.748502970,r1,body,odom,14,structure_anchor_14,plane,wall_like,general_plane,unknown,stale,false,false,true,false,6,36,43,6,0.295406977,0.750000000,0.000000000,0.139534884,1.000000000,0.000000000,0.000000000,0.214611594,219,0.063662791,0.000000000,-0.106828652,-5.219664611,-4.707332722,0.596906178,-2.615436712,-4.186957541,-1.635745356,1.515600443,4.065314293,2.097198963,0.999634519,-0.005765942,-0.026409803,0.383649042,0.922664442,-0.038775917,-5.219664611,-4.707332722,0.596906178,0.000000000,0.000000000,0.000000000,1.000000000,2.097198963,1.515600443,4.065314293,4.065314293,0.515876218
2026-06-03T01:47:47,1773928456.748502970,r1,body,odom,3,structure_anchor_3,plane,wall_like,general_plane,unknown,stale,false,false,true,false,20,50,95,20,0.422105263,1.000000000,0.000000000,0.210526316,1.000000000,0.000000000,0.000000000,0.214740401,138,0.044259140,0.000000000,-0.925327688,-6.490977357,-3.919571756,0.195115092,-3.834218957,-5.066637696,-2.008534884,0.073419511,1.111512899,1.289421082,0.965550510,0.259919089,0.012416741,0.125712870,0.992054246,0.004947509,-6.490977357,-3.919571756,0.195115092,0.000000000,0.000000000,0.000000000,1.000000000,1.289421082,0.073419511,1.111512899,1.111512899,1.160059485
2026-06-03T01:47:47,1773928456.748502970,r1,body,odom,5,structure_anchor_5,plane,wall_like,general_plane,unknown,stale,false,false,false,false,32,50,88,32,0.452727273,1.000000000,0.000000000,0.363636364,1.000000000,0.000000000,0.000000000,0.473049691,201,0.064464400,0.000000000,3.687168749,-12.860549884,1.406318184,0.610693441,-11.167187392,-8.939129733,-1.424892799,0.198105574,2.248228073,2.713875055,0.961038274,0.276259502,-0.009274652,0.108445027,0.993966947,-0.016407796,-12.860549884,1.406318184,0.610693441,0.000000000,0.000000000,0.000000000,1.000000000,2.713875055,0.198105574,2.248228073,2.248228073,1.207117324
2026-06-03T01:47:47,1773928456.967497826,r1,body,odom,2,structure_anchor_2,plane,wall_like,general_plane,unknown,confirmed,true,true,true,false,92,0,96,92,0.841661882,1.000000000,0.999976075,0.958333333,0.000000000,0.000000000,0.000000000,0.046919997,1017,0.305405405,0.000000000,-0.630452398,-2.745409489,-0.140163094,0.316966265,-5.949429447,0.063152593,-1.874539522,10.342822075,3.054324865,4.030182838,-0.280655695,0.959648490,-0.017525864,-0.988074255,0.153611411,0.010620777,-2.745409489,-0.140163094,0.316966265,0.000000000,0.000000000,0.000000000,1.000000000,4.030182838,10.342822075,3.054324865,10.342822075,0.389659883
2026-06-03T01:47:47,1773928456.967497826,r1,body,odom,19,structure_anchor_19,plane,wall_like,general_plane,unknown,stale,false,false,true,false,8,22,33,8,0.428484848,1.000000000,0.000000000,0.242424242,1.000000000,0.000000000,0.000000000,0.255109873,131,0.037850332,0.000000000,1.118203461,-6.973940954,-3.026083441,0.064256155,-5.140776226,-4.991116648,-2.145315107,2.911881447,0.178876400,1.796473742,-0.291789279,0.956132120,-0.025891820,-0.989859645,0.142030023,0.002314478,-6.973940954,-3.026083441,0.064256155,0.000000000,0.000000000,0.000000000,1.000000000,1.796473742,2.911881447,0.178876400,2.911881447,0.616946045
2026-06-03T01:47:47,1773928456.967497826,r1,body,odom,1,structure_anchor_1,plane,wall_like,general_plane,unknown,stale,false,false,false,false,48,48,77,48,0.504675325,1.000000000,0.000000000,0.623376623,1.000000000,0.000000000,0.000000000,0.091758177,165,0.054926764,0.000000000,-0.742120464,-14.376533777,-3.558893446,0.673241085,-7.784626874,-11.918174996,-1.453183570,5.174537659,0.099238873,3.689626217,-0.285831811,0.958058607,-0.020588388,-0.988921259,0.148247039,0.007586793,-14.376533777,-3.558893446,0.673241085,0.000000000,0.000000000,0.000000000,1.000000000,3.689626217,5.174537659,0.099238873,5.174537659,0.713034953
2026-06-03T01:47:47,1773928456.967497826,r1,body,odom,14,structure_anchor_14,plane,wall_like,general_plane,unknown,stale,false,false,true,false,6,37,44,6,0.294772727,0.750000000,0.000000000,0.136363636,1.000000000,0.000000000,0.000000000,0.214611594,219,0.063662791,0.000000000,-0.106828652,-5.180277310,-4.956657435,0.646776200,-2.615436189,-4.186957986,-1.635745326,1.515600443,4.065314293,2.097198963,0.998678926,0.043829706,-0.026820869,0.383649029,0.922664539,-0.038775920,-5.180277310,-4.956657435,0.646776200,0.000000000,0.000000000,0.000000000,1.000000000,2.097198963,1.515600443,4.065314293,4.065314293,0.515876218
2026-06-03T01:47:47,1773928456.967497826,r1,body,odom,3,structure_anchor_3,plane,wall_like,general_plane,unknown,stale,false,false,true,false,20,51,96,20,0.421666667,1.000000000,0.000000000,0.208333333,1.000000000,0.000000000,0.000000000,0.214740401,138,0.044259140,0.000000000,-0.925327688,-6.489283309,-4.236997338,0.238324973,-3.834218495,-5.066638274,-2.008534873,0.073419511,1.111512899,1.289421082,0.951392390,0.307832697,0.009568250,0.125712833,0.992054336,0.004947509,-6.489283309,-4.236997338,0.238324973,0.000000000,0.000000000,0.000000000,1.000000000,1.289421082,0.073419511,1.111512899,1.111512899,1.160059485
2026-06-03T01:47:47,1773928456.967497826,r1,body,odom,5,structure_anchor_5,plane,wall_like,general_plane,unknown,stale,false,false,false,false,32,51,88,32,0.452727273,1.000000000,0.000000000,0.363636364,1.000000000,0.000000000,0.000000000,0.473049691,201,0.064464400,0.000000000,3.687168749,-13.116443730,0.768357090,0.607705829,-11.167187364,-8.939130994,-1.424892748,0.198105574,2.248228073,2.713875055,0.946071044,0.323726745,-0.012270901,0.108444989,0.993967036,-0.016407797,-13.116443730,0.768357090,0.607705829,0.000000000,0.000000000,0.000000000,1.000000000,2.713875055,0.198105574,2.248228073,2.248228073,1.207117324
2026-06-03T01:47:48,1773928457.168497801,r1,body,odom,2,structure_anchor_2,plane,wall_like,general_plane,unknown,confirmed,true,true,true,false,93,0,97,93,0.841749467,1.000000000,0.999984449,0.958762887,0.000000000,0.000000000,0.000000000,0.048345381,1032,0.314730101,0.000000000,-0.685079830,-2.869929790,-0.293425441,0.311409026,-5.944891425,0.100278131,-1.896135898,10.139731407,3.665880680,3.733539581,-0.337076301,0.941272721,-0.019627323,-0.987726926,0.155770725,0.011450330,-2.869929790,-0.293425441,0.311409026,0.000000000,0.000000000,0.000000000,1.000000000,3.733539581,10.139731407,3.665880680,10.139731407,0.368208923
2026-06-03T01:47:48,1773928457.168497801,r1,body,odom,29,structure_anchor_29,plane,wall_like,general_plane,unknown,confirmed,true,true,true,false,5,0,12,5,0.500855221,0.625000000,0.681359438,0.416666667,0.000000000,0.000000000,0.000000000,0.093841874,158,0.048185422,0.000000000,-4.183316298,5.013323784,-1.666455984,0.484424680,-0.955269904,6.358268610,-1.850600433,0.835217476,2.402771950,2.120003223,0.944188733,0.329394269,-0.002655685,0.163796918,0.986487652,-0.003576556,5.013323784,-1.666455984,0.484424680,0.000000000,0.000000000,0.000000000,1.000000000,2.120003223,0.835217476,2.402771950,2.402771950,0.882315620
2026-06-03T01:47:48,1773928457.168497801,r1,body,odom,30,structure_anchor_30,plane,wall_like,general_plane,unknown,weak_tracked,false,true,true,false,2,0,12,2,0.201833333,0.250000000,0.350000000,0.166666667,0.200000000,0.000000000,0.000000000,0.044590320,64,0.019518146,0.000000000,-4.115561032,6.752618313,-6.718065262,2.416799068,4.368486683,5.453461316,-0.085121670,1.338570595,3.731223106,2.637330532,0.942366256,0.334583079,-0.000052817,0.158452630,0.987366308,-0.000804076,6.752618313,-6.718065262,2.416799068,0.000000000,0.000000000,0.000000000,1.000000000,2.637330532,1.338570595,3.731223106,3.731223106,0.706827348
2026-06-03T01:47:48,1773928457.168497801,r1,body,odom,18,structure_anchor_18,plane,wall_like,general_plane,unknown,confirmed,true,true,true,false,37,0,86,36,0.723316373,1.000000000,0.947977212,0.418604651,0.000000000,0.000000000,0.000000000,0.204314843,221,0.067398597,0.000000000,0.873745972,-0.830362976,-1.229197383,0.231662929,-4.148675599,1.441432470,-2.025656793,2.967295647,1.207014799,1.063383102,-0.350562416,0.933549026,-0.074781078,-0.989118795,0.140463329,-0.043751244,-0.830362976,-1.229197383,0.231662929,0.000000000,0.000000000,0.000000000,1.000000000,1.063383102,2.967295647,1.207014799,2.967295647,0.358367763
2026-06-03T01:47:48,1773928457.168497801,r1,body,odom,19,structure_anchor_19,plane,wall_like,general_plane,unknown,stale,false,false,true,false,8,23,34,8,0.427058824,1.000000000,0.000000000,0.235294118,1.000000000,0.000000000,0.000000000,0.255109873,131,0.037850332,0.000000000,1.118203461,-6.949082762,-3.447835887,0.108408609,-5.140775559,-4.991117916,-2.145315101,2.911881447,0.178876400,1.796473742,-0.350054618,0.936287582,-0.028766983,-0.989859816,0.142029954,0.002314481,-6.949082762,-3.447835887,0.108408609,0.000000000,0.000000000,0.000000000,1.000000000,1.796473742,2.911881447,0.178876400,2.911881447,0.616946045
2026-06-03T01:47:48,1773928457.168497801,r1,body,odom,1,structure_anchor_1,plane,wall_like,general_plane,unknown,stale,false,false,false,false,48,49,77,48,0.504675325,1.000000000,0.000000000,0.623376623,1.000000000,0.000000000,0.000000000,0.091758177,165,0.054926764,0.000000000,-0.742120464,-14.302772845,-4.431516799,0.747748374,-7.784625990,-11.918177616,-1.453183485,5.174537659,0.099238873,3.689626217,-0.344207994,0.938599534,-0.023494314,-0.988921431,0.148246971,0.007586797,-14.302772845,-4.431516799,0.747748374,0.000000000,0.000000000,0.000000000,1.000000000,3.689626217,5.174537659,0.099238873,5.174537659,0.713034953
2026-06-03T01:47:48,1773928457.168497801,r1,body,odom,14,structure_anchor_14,plane,wall_like,general_plane,unknown,stale,false,false,true,false,6,38,45,6,0.294166667,0.750000000,0.000000000,0.133333333,1.000000000,0.000000000,0.000000000,0.214611594,219,0.063662791,0.000000000,-0.106828652,-5.038177846,-5.262048958,0.692146292,-2.615435193,-4.186958894,-1.635745274,1.515600443,4.065314293,2.097198963,0.994000250,0.104952722,-0.030799983,0.383649006,0.922664722,-0.038775925,-5.038177846,-5.262048958,0.692146292,0.000000000,0.000000000,0.000000000,1.000000000,2.097198963,1.515600443,4.065314293,4.065314293,0.515876218
2026-06-03T01:47:48,1773928457.168497801,r1,body,odom,3,structure_anchor_3,plane,wall_like,general_plane,unknown,stale,false,false,true,false,20,52,97,20,0.421237113,1.000000000,0.000000000,0.206185567,1.000000000,0.000000000,0.000000000,0.214740401,138,0.044259140,0.000000000,-0.925327688,-6.390351841,-4.625927918,0.285678852,-3.834217613,-5.066639434,-2.008534856,0.073419511,1.111512899,1.289421082,0.930716775,0.365711232,0.004668039,0.125712761,0.992054507,0.004947509,-6.390351841,-4.625927918,0.285678852,0.000000000,0.000000000,0.000000000,1.000000000,1.289421082,0.073419511,1.111512899,1.111512899,1.160059485
2026-06-03T01:47:48,1773928457.168497801,r1,body,odom,5,structure_anchor_5,plane,wall_like,general_plane,unknown,stale,false,false,false,false,32,52,88,32,0.452727273,1.000000000,0.000000000,0.363636364,1.000000000,0.000000000,0.000000000,0.473049691,201,0.064464400,0.000000000,3.687168749,-13.311084888,-0.035385454,0.659388517,-11.167187296,-8.939133451,-1.424892648,0.198105574,2.248228073,2.713875055,0.924352000,0.381152429,-0.017216778,0.108444914,0.993967205,-0.016407799,-13.311084888,-0.035385454,0.659388517,0.000000000,0.000000000,0.000000000,1.000000000,2.713875055,0.198105574,2.248228073,2.248228073,1.207117324
2026-06-03T01:47:48,1773928457.348498106,r1,body,odom,2,structure_anchor_2,plane,wall_like,general_plane,unknown,confirmed,true,true,true,false,94,0,98,94,0.841834713,1.000000000,0.999989892,0.959183673,0.000000000,0.000000000,0.000000000,0.057754491,887,0.274953503,0.000000000,-0.741841230,-2.593223095,-0.278218269,0.257806778,-5.889109906,0.580192829,-1.929566513,9.914852142,4.202942848,2.821039200,-0.387357353,0.921610449,-0.024258241,-0.986295793,0.164712842,0.009503249,-2.593223095,-0.278218269,0.257806778,0.000000000,0.000000000,0.000000000,1.000000000,2.821039200,9.914852142,4.202942848,9.914852142,0.284526603
2026-06-03T01:47:48,1773928457.348498106,r1,body,odom,20,structure_anchor_20,plane,wall_like,general_plane,unknown,weak_tracked,false,true,true,false,6,0,33,6,0.438202574,0.750000000,0.379753750,0.181818182,0.150000000,0.037060404,0.000000000,0.251310632,174,0.053936764,0.000000000,0.785029184,-1.137243390,-1.366549134,0.164916560,-4.195581759,1.229859651,-2.080778541,3.025936604,1.588994026,1.235485792,-0.406046503,0.884774302,-0.228693403,-0.972153270,0.129179489,-0.195526728,-1.137243390,-1.366549134,0.164916560,0.000000000,0.000000000,0.000000000,1.000000000,1.235485792,3.025936604,1.588994026,3.025936604,0.408298637
2026-06-03T01:47:48,1773928457.348498106,r1,body,odom,29,structure_anchor_29,plane,wall_like,general_plane,unknown,confirmed,true,true,true,false,6,0,13,6,0.588384419,0.750000000,0.792883634,0.461538462,0.000000000,0.000000000,0.000000000,0.102075874,105,0.032548047,0.000000000,-3.983749364,5.016447067,-1.645634532,0.642153442,-0.658878571,6.283514788,-1.726023529,0.912226677,2.262393951,2.235041380,0.921870807,0.387466552,-0.004887314,0.164492483,0.986319010,-0.010819217,5.016447067,-1.645634532,0.642153442,0.000000000,0.000000000,0.000000000,1.000000000,2.235041380,0.912226677,2.262393951,2.262393951,0.987909899
2026-06-03T01:47:48,1773928457.348498106,r1,body,odom,19,structure_anchor_19,plane,wall_like,general_plane,unknown,stale,false,false,true,false,8,24,35,8,0.425714286,1.000000000,0.000000000,0.228571429,1.000000000,0.000000000,0.000000000,0.255109873,131,0.037850332,0.000000000,1.118203461,-6.899997796,-3.892222168,0.066207499,-5.140776077,-4.991116939,-2.145315105,2.911881447,0.178876400,1.796473742,-0.408303164,0.912300286,-0.031571553,-0.989859683,0.142030007,0.002314479,-6.899997796,-3.892222168,0.066207499,0.000000000,0.000000000,0.000000000,1.000000000,1.796473742,2.911881447,0.178876400,2.911881447,0.616946045
2026-06-03T01:47:48,1773928457.348498106,r1,body,odom,1,structure_anchor_1,plane,wall_like,general_plane,unknown,stale,false,false,false,false,48,50,77,48,0.504675325,1.000000000,0.000000000,0.623376623,1.000000000,0.000000000,0.000000000,0.091758177,165,0.054926764,0.000000000,-0.742120464,-14.180396581,-5.337911588,0.665296786,-7.784626677,-11.918175588,-1.453183549,5.174537659,0.099238873,3.689626217,-0.402644003,0.914979688,-0.026268360,-0.988921297,0.148247023,0.007586794,-14.180396581,-5.337911588,0.665296786,0.000000000,0.000000000,0.000000000,1.000000000,3.689626217,5.174537659,0.099238873,5.174537659,0.713034953
2026-06-03T01:47:48,1773928457.348498106,r1,body,odom,14,structure_anchor_14,plane,wall_like,general_plane,unknown,stale,false,false,true,false,6,39,46,6,0.293586957,0.750000000,0.000000000,0.130434783,1.000000000,0.000000000,0.000000000,0.214611594,219,0.063662791,0.000000000,-0.106828652,-4.881683052,-5.581836329,0.662265171,-2.615435966,-4.186958196,-1.635745313,1.515600443,4.065314293,2.097198963,0.985548387,0.167489018,-0.025334869,0.383649024,0.922664580,-0.038775921,-4.881683052,-5.581836329,0.662265171,0.000000000,0.000000000,0.000000000,1.000000000,2.097198963,1.515600443,4.065314293,4.065314293,0.515876218
2026-06-03T01:47:48,1773928457.348498106,r1,body,odom,3,structure_anchor_3,plane,wall_like,general_plane,unknown,stale,false,false,true,false,20,53,98,20,0.420816327,1.000000000,0.000000000,0.204081633,1.000000000,0.000000000,0.000000000,0.214740401,138,0.044259140,0.000000000,-0.925327688,-6.269008527,-5.032586559,0.247665850,-3.834218298,-5.066638541,-2.008534868,0.073419511,1.111512899,1.289421082,0.905728557,0.423750832,0.009542701,0.125712817,0.992054374,0.004947509,-6.269008527,-5.032586559,0.247665850,0.000000000,0.000000000,0.000000000,1.000000000,1.289421082,0.073419511,1.111512899,1.111512899,1.160059485
2026-06-03T01:47:48,1773928457.348498106,r1,body,odom,5,structure_anchor_5,plane,wall_like,general_plane,unknown,stale,false,false,false,false,32,53,88,32,0.452727273,1.000000000,0.000000000,0.363636364,1.000000000,0.000000000,0.000000000,0.473049691,201,0.064464400,0.000000000,3.687168749,-13.467765213,-0.887985281,0.578507480,-11.167187349,-8.939131550,-1.424892723,0.198105574,2.248228073,2.713875055,0.898525075,0.438747300,-0.012391333,0.108444972,0.993967074,-0.016407798,-13.467765213,-0.887985281,0.578507480,0.000000000,0.000000000,0.000000000,1.000000000,2.713875055,0.198105574,2.248228073,2.248228073,1.207117324
2026-06-03T01:47:48,1773928457.567497969,r1,body,odom,2,structure_anchor_2,plane,wall_like,general_plane,unknown,confirmed,true,true,true,false,95,0,99,95,0.841917878,1.000000000,0.999993430,0.959595960,0.000000000,0.000000000,0.000000000,0.065324605,883,0.277150031,0.000000000,-0.809320226,-2.972369194,-0.715230227,0.340290725,-5.913948755,0.300382615,-1.880777847,9.421871185,5.319608688,3.443954706,-0.485769017,0.873619872,-0.028579374,-0.987576819,0.155786741,0.020555896,-2.972369194,-0.715230227,0.340290725,0.000000000,0.000000000,0.000000000,1.000000000,3.443954706,9.421871185,5.319608688,9.421871185,0.365527679
2026-06-03T01:47:48,1773928457.567497969,r1,body,odom,37,structure_anchor_37,plane,wall_like,general_plane,unknown,candidate,false,true,true,false,1,0,1,1,0.326250000,0.125000000,0.350000000,1.000000000,0.000000000,0.000000000,0.000000000,0.000000000,94,0.029504080,0.000000000,-1.387470956,1.021770120,1.010399461,0.110358432,-4.822195032,4.513359045,-2.087464659,0.406709969,0.696921885,1.085192800,0.865525588,0.500365785,-0.022350331,0.138441591,0.990306227,-0.011292906,1.021770120,1.010399461,0.110358432,0.000000000,0.000000000,0.000000000,1.000000000,1.085192800,0.406709969,0.696921885,0.696921885,1.557122574
2026-06-03T01:47:48,1773928457.567497969,r1,body,odom,18,structure_anchor_18,plane,wall_like,general_plane,unknown,confirmed,true,true,true,false,38,0,88,37,0.716927947,1.000000000,0.914185188,0.420454545,0.000000000,0.000000000,0.000000000,0.217014413,285,0.089453861,0.000000000,0.712344349,-1.431578279,-1.652647614,0.205175519,-4.234162977,0.939295193,-2.083643981,3.629960060,2.176884413,1.198383331,-0.505745653,0.858093905,-0.088860478,-0.990497117,0.131559612,-0.040094341,-1.431578279,-1.652647614,0.205175519,0.000000000,0.000000000,0.000000000,1.000000000,1.198383331,3.629960060,2.176884413,3.629960060,0.330136782
2026-06-03T01:47:48,1773928457.567497969,r1,body,odom,19,structure_anchor_19,plane,wall_like,general_plane,unknown,stale,false,false,true,false,8,25,36,8,0.424444444,1.000000000,0.000000000,0.222222222,1.000000000,0.000000000,0.000000000,0.255109873,131,0.037850332,0.000000000,1.118203461,-6.660578330,-4.594262169,0.206244384,-5.140776033,-4.991117039,-2.145315108,2.911881447,0.178876400,1.796473742,-0.497738964,0.866070870,-0.046660900,-0.989859695,0.142030003,0.002314480,-6.660578330,-4.594262169,0.206244384,0.000000000,0.000000000,0.000000000,1.000000000,1.796473742,2.911881447,0.178876400,2.911881447,0.616946045
2026-06-03T01:47:48,1773928457.567497969,r1,body,odom,1,structure_anchor_1,plane,wall_like,general_plane,unknown,stale,false,false,false,false,48,51,77,48,0.504675325,1.000000000,0.000000000,0.623376623,1.000000000,0.000000000,0.000000000,0.091758177,165,0.054926764,0.000000000,-0.742120464,-13.755783150,-6.747166163,0.896321457,-7.784626620,-11.918175782,-1.453183548,5.174537659,0.099238873,3.689626217,-0.492342498,0.869413526,-0.041461480,-0.988921309,0.148247019,0.007586795,-13.755783150,-6.747166163,0.896321457,0.000000000,0.000000000,0.000000000,1.000000000,3.689626217,5.174537659,0.099238873,5.174537659,0.713034953
2026-06-03T01:47:48,1773928457.567497969,r1,body,odom,14,structure_anchor_14,plane,wall_like,general_plane,unknown,stale,false,false,true,false,6,40,47,6,0.293031915,0.750000000,0.000000000,0.127659574,1.000000000,0.000000000,0.000000000,0.214611594,219,0.063662791,0.000000000,-0.106828652,-4.479544897,-6.060818570,0.819417109,-2.615435899,-4.186958273,-1.635745314,1.515600443,4.065314293,2.097198963,0.963658934,0.264548198,-0.037091487,0.383649023,0.922664592,-0.038775921,-4.479544897,-6.060818570,0.819417109,0.000000000,0.000000000,0.000000000,1.000000000,2.097198963,1.515600443,4.065314293,4.065314293,0.515876218
2026-06-03T01:47:48,1773928457.567497969,r1,body,odom,3,structure_anchor_3,plane,wall_like,general_plane,unknown,stale,false,false,true,false,20,54,99,20,0.420404040,1.000000000,0.000000000,0.202020202,1.000000000,0.000000000,0.000000000,0.214740401,138,0.044259140,0.000000000,-0.925327688,-5.917494331,-5.661794877,0.405507161,-3.834218239,-5.066638634,-2.008534871,0.073419511,1.111512899,1.289421082,0.858821198,0.512230941,-0.006758726,0.125712812,0.992054386,0.004947509,-5.917494331,-5.661794877,0.405507161,0.000000000,0.000000000,0.000000000,1.000000000,1.289421082,0.073419511,1.111512899,1.111512899,1.160059485
2026-06-03T01:47:48,1773928457.567497969,r1,body,odom,5,structure_anchor_5,plane,wall_like,general_plane,unknown,stale,false,false,false,false,32,54,88,32,0.452727273,1.000000000,0.000000000,0.363636364,1.000000000,0.000000000,0.000000000,0.473049691,201,0.064464400,0.000000000,3.687168749,-13.492591502,-2.251130204,0.712987921,-11.167187348,-8.939131731,-1.424892718,0.198105574,2.248228073,2.713875055,0.850012958,0.525966740,-0.028931429,0.108444967,0.993967086,-0.016407798,-13.492591502,-2.251130204,0.712987921,0.000000000,0.000000000,0.000000000,1.000000000,2.713875055,0.198105574,2.248228073,2.248228073,1.207117324
2026-06-03T01:47:48,1773928457.747498035,r1,body,odom,2,structure_anchor_2,plane,wall_like,general_plane,unknown,confirmed,true,true,true,false,96,0,100,96,0.841999146,1.000000000,0.999995729,0.960000000,0.000000000,0.000000000,0.000000000,0.082757301,605,0.203772314,0.000000000,-0.848348385,-1.840937734,-0.214779690,0.208645508,-5.719946887,1.707394856,-2.002155839,5.620462418,3.828091860,1.546709538,-0.560222122,0.827974070,-0.024700483,-0.984746251,0.173973804,0.002829657,-1.840937734,-0.214779690,0.208645508,0.000000000,0.000000000,0.000000000,1.000000000,1.546709538,5.620462418,3.828091860,5.620462418,0.275192577
2026-06-03T01:47:48,1773928457.747498035,r1,body,odom,18,structure_anchor_18,plane,wall_like,general_plane,unknown,confirmed,true,true,true,false,39,0,89,38,0.724237333,1.000000000,0.944220372,0.426966292,0.000000000,0.000000000,0.000000000,0.224223270,226,0.076119906,0.000000000,0.745732946,-1.562866569,-1.942370415,0.177765638,-4.287234626,0.705270503,-2.079158585,2.641923666,1.907079697,1.157881260,-0.558251638,0.825543490,-0.082662295,-0.983168388,0.174165227,-0.055194785,-1.562866569,-1.942370415,0.177765638,0.000000000,0.000000000,0.000000000,1.000000000,1.157881260,2.641923666,1.907079697,2.641923666,0.438272034
2026-06-03T01:47:48,1773928457.747498035,r1,body,odom,29,structure_anchor_29,plane,wall_like,general_plane,unknown,confirmed,true,true,true,false,7,0,15,7,0.649758206,0.875000000,0.813374362,0.466666667,0.000000000,0.000000000,0.000000000,0.099528851,119,0.040080835,0.000000000,-3.670465360,5.234567642,-1.121791720,0.657667875,-0.134245000,6.154141421,-1.665330657,1.198044300,1.720613956,2.223069191,0.823723111,0.566933077,-0.008192815,0.165937665,0.986125347,-0.004643455,5.234567642,-1.121791720,0.657667875,0.000000000,0.000000000,0.000000000,1.000000000,2.223069191,1.198044300,1.720613956,1.720613956,1.292020899
2026-06-03T01:47:48,1773928457.747498035,r1,body,odom,30,structure_anchor_30,plane,wall_like,general_plane,unknown,weak_tracked,false,true,true,false,3,0,15,3,0.303450000,0.375000000,0.473500000,0.200000000,0.000000000,0.000000000,0.000000000,0.057091364,55,0.018524756,0.000000000,-3.655941564,8.133378029,-5.433761120,2.350710869,5.022633786,5.222030651,-0.116024704,2.019536018,2.874454498,1.762354255,0.819848850,0.571246230,0.039059032,0.161399809,0.985962969,0.042745697,8.133378029,-5.433761120,2.350710869,0.000000000,0.000000000,0.000000000,1.000000000,1.762354255,2.019536018,2.874454498,2.874454498,0.613109115
2026-06-03T01:47:48,1773928457.747498035,r1,body,odom,19,structure_anchor_19,plane,wall_like,general_plane,unknown,stale,false,false,true,false,8,26,37,8,0.423243243,1.000000000,0.000000000,0.216216216,1.000000000,0.000000000,0.000000000,0.255109873,131,0.037850332,0.000000000,1.118203461,-6.246898789,-5.294944828,0.134933689,-5.140775635,-4.991117912,-2.145315103,2.911881447,0.178876400,1.796473742,-0.586714702,0.809404969,-0.025093484,-0.989859804,0.142029963,0.002314481,-6.246898789,-5.294944828,0.134933689,0.000000000,0.000000000,0.000000000,1.000000000,1.796473742,2.911881447,0.178876400,2.911881447,0.616946045
2026-06-03T01:47:48,1773928457.747498035,r1,body,odom,1,structure_anchor_1,plane,wall_like,general_plane,unknown,stale,false,false,false,false,48,52,77,48,0.504675325,1.000000000,0.000000000,0.623376623,1.000000000,0.000000000,0.000000000,0.091758177,165,0.054926764,0.000000000,-0.742120464,-13.069976797,-8.200046730,0.812526314,-7.784626108,-11.918177512,-1.453183486,5.174537659,0.099238873,3.689626217,-0.581663703,0.813187313,-0.019848443,-0.988921419,0.148246979,0.007586797,-13.069976797,-8.200046730,0.812526314,0.000000000,0.000000000,0.000000000,1.000000000,3.689626217,5.174537659,0.099238873,5.174537659,0.713034953
2026-06-03T01:47:48,1773928457.747498035,r1,body,odom,14,structure_anchor_14,plane,wall_like,general_plane,unknown,stale,false,false,true,false,6,41,48,6,0.292500000,0.750000000,0.000000000,0.125000000,1.000000000,0.000000000,0.000000000,0.214611594,219,0.063662791,0.000000000,-0.106828652,-3.918837095,-6.535523090,0.704820352,-2.615435287,-4.186958924,-1.635745271,1.515600443,4.065314293,2.097198963,0.930050717,0.365661240,-0.036024315,0.383649011,0.922664708,-0.038775925,-3.918837095,-6.535523090,0.704820352,0.000000000,0.000000000,0.000000000,1.000000000,2.097198963,1.515600443,4.065314293,4.065314293,0.515876218
2026-06-03T01:47:48,1773928457.747498035,r1,body,odom,3,structure_anchor_3,plane,wall_like,general_plane,unknown,stale,false,false,true,false,20,55,100,20,0.420000000,1.000000000,0.000000000,0.200000000,1.000000000,0.000000000,0.000000000,0.214740401,138,0.044259140,0.000000000,-0.925327688,-5.393841012,-6.281967680,0.306934171,-3.834217703,-5.066639443,-2.008534857,0.073419511,1.111512899,1.289421082,0.799873574,0.600168657,0.000279452,0.125712770,0.992054495,0.004947510,-5.393841012,-6.281967680,0.306934171,0.000000000,0.000000000,0.000000000,1.000000000,1.289421082,0.073419511,1.111512899,1.111512899,1.160059485
2026-06-03T01:47:48,1773928457.747498035,r1,body,odom,5,structure_anchor_5,plane,wall_like,general_plane,unknown,stale,false,false,false,false,32,55,88,32,0.452727273,1.000000000,0.000000000,0.363636364,1.000000000,0.000000000,0.000000000,0.473049691,201,0.064464400,0.000000000,3.687168749,-13.284243210,-3.698490862,0.727037631,-11.167187347,-8.939133344,-1.424892648,0.198105574,2.248228073,2.713875055,0.789503837,0.613367670,-0.021541198,0.108444923,0.993967194,-0.016407799,-13.284243210,-3.698490862,0.727037631,0.000000000,0.000000000,0.000000000,1.000000000,2.713875055,0.198105574,2.248228073,2.248228073,1.207117324
2026-06-03T01:47:48,1773928457.969492912,r1,body,odom,2,structure_anchor_2,plane,wall_like,general_plane,unknown,confirmed,true,true,true,false,97,0,101,97,0.842078653,1.000000000,0.999997224,0.960396040,0.000000000,0.000000000,0.000000000,0.080230965,310,0.112034695,0.000000000,-0.890153679,-1.261084557,0.052396074,0.233121440,-5.586786908,2.456553041,-1.973598520,3.330279350,3.010507584,1.260887742,-0.677985833,0.734934370,-0.014376455,-0.986610466,0.162955178,0.006737437,-1.261084557,0.052396074,0.233121440,0.000000000,0.000000000,0.000000000,1.000000000,1.260887742,3.330279350,3.010507584,3.330279350,0.378613206
2026-06-03T01:47:48,1773928457.969492912,r1,body,odom,18,structure_anchor_18,plane,wall_like,general_plane,unknown,confirmed,true,true,true,false,40,0,90,39,0.729415315,1.000000000,0.963743242,0.433333333,0.000000000,0.000000000,0.000000000,0.221918958,180,0.065052403,0.000000000,0.701880516,-1.230144262,-2.064892530,0.116689362,-4.263763672,0.805059022,-2.113604809,1.929820776,1.797014713,1.129256248,-0.672749269,0.737048256,-0.064562290,-0.984881660,0.167674102,-0.043514440,-1.230144262,-2.064892530,0.116689362,0.000000000,0.000000000,0.000000000,1.000000000,1.129256248,1.929820776,1.797014713,1.929820776,0.585161204
2026-06-03T01:47:48,1773928457.969492912,r1,body,odom,19,structure_anchor_19,plane,wall_like,general_plane,unknown,stale,false,false,true,false,8,27,38,8,0.422105263,1.000000000,0.000000000,0.210526316,1.000000000,0.000000000,0.000000000,0.255109873,131,0.037850332,0.000000000,1.118203461,-5.483663384,-6.098308896,0.046438214,-5.140776281,-4.991116517,-2.145315109,2.911881447,0.178876400,1.796473742,-0.693323782,0.720377269,-0.018939313,-0.989859628,0.142030028,0.002314478,-5.483663384,-6.098308896,0.046438214,0.000000000,0.000000000,0.000000000,1.000000000,1.796473742,2.911881447,0.178876400,2.911881447,0.616946045
2026-06-03T01:47:48,1773928457.969492912,r1,body,odom,1,structure_anchor_1,plane,wall_like,general_plane,unknown,stale,false,false,false,false,48,53,77,48,0.504675325,1.000000000,0.000000000,0.623376623,1.000000000,0.000000000,0.000000000,0.091758177,165,0.054926764,0.000000000,-0.742120464,-11.839557861,-9.930093745,0.657305233,-7.784626944,-11.918174736,-1.453183582,5.174537659,0.099238873,3.689626217,-0.688864657,0.724761867,-0.013627001,-0.988921243,0.148247044,0.007586792,-11.839557861,-9.930093745,0.657305233,0.000000000,0.000000000,0.000000000,1.000000000,3.689626217,5.174537659,0.099238873,5.174537659,0.713034953
2026-06-03T01:47:48,1773928457.969492912,r1,body,odom,14,structure_anchor_14,plane,wall_like,general_plane,unknown,stale,false,false,true,false,6,42,49,6,0.291989796,0.750000000,0.000000000,0.122448980,1.000000000,0.000000000,0.000000000,0.214611594,219,0.063662791,0.000000000,-0.106828652,-3.007849308,-7.010398041,0.613987929,-2.615436278,-4.186957887,-1.635745333,1.515600443,4.065314293,2.097198963,0.870389634,0.491607577,-0.027273593,0.383649031,0.922664521,-0.038775919,-3.007849308,-7.010398041,0.613987929,0.000000000,0.000000000,0.000000000,1.000000000,2.097198963,1.515600443,4.065314293,4.065314293,0.515876218
2026-06-03T01:47:48,1773928457.969492912,r1,body,odom,3,structure_anchor_3,plane,wall_like,general_plane,unknown,stale,false,false,true,false,20,56,101,20,0.419603960,1.000000000,0.000000000,0.198019802,1.000000000,0.000000000,0.000000000,0.214740401,138,0.044259140,0.000000000,-0.925327688,-4.502414522,-6.959339782,0.211610522,-3.834218572,-5.066638152,-2.008534876,0.073419511,1.111512899,1.289421082,0.708791381,0.705332235,0.011008740,0.125712839,0.992054320,0.004947509,-4.502414522,-6.959339782,0.211610522,0.000000000,0.000000000,0.000000000,1.000000000,1.289421082,0.073419511,1.111512899,1.111512899,1.160059485
2026-06-03T01:47:48,1773928457.969492912,r1,body,odom,5,structure_anchor_5,plane,wall_like,general_plane,unknown,stale,false,false,false,false,32,56,88,32,0.452727273,1.000000000,0.000000000,0.363636364,1.000000000,0.000000000,0.000000000,0.473049691,201,0.064464400,0.000000000,3.687168749,-12.676467839,-5.501154673,0.621265516,-11.167187357,-8.939130754,-1.424892761,0.198105574,2.248228073,2.713875055,0.696763480,0.717220914,-0.010713941,0.108444995,0.993967020,-0.016407797,-12.676467839,-5.501154673,0.621265516,0.000000000,0.000000000,0.000000000,1.000000000,2.713875055,0.198105574,2.248228073,2.248228073,1.207117324
2026-06-03T01:47:49,1773928458.149492979,r1,body,odom,19,structure_anchor_19,plane,wall_like,general_plane,unknown,stale,false,false,true,false,8,28,39,8,0.421025641,1.000000000,0.000000000,0.205128205,1.000000000,0.000000000,0.000000000,0.255109873,131,0.037850332,0.000000000,1.118203461,-4.499474679,-6.864351170,0.173835022,-5.140775801,-4.991117869,-2.145315107,2.911881447,0.178876400,1.796473742,-0.796116984,0.604737189,-0.022157121,-0.989859797,0.142029982,0.002314481,-4.499474679,-6.864351170,0.173835022,0.000000000,0.000000000,0.000000000,1.000000000,1.796473742,2.911881447,0.178876400,2.911881447,0.616946045
2026-06-03T01:47:49,1773928458.149492979,r1,body,odom,1,structure_anchor_1,plane,wall_like,general_plane,unknown,stale,false,false,false,false,48,54,77,48,0.504675325,1.000000000,0.000000000,0.623376623,1.000000000,0.000000000,0.000000000,0.091758177,165,0.054926764,0.000000000,-0.742120464,-10.185159126,-11.619861508,0.888857881,-7.784626399,-11.918177384,-1.453183484,5.174537659,0.099238873,3.689626217,-0.792351476,0.609829830,-0.016940309,-0.988921411,0.148246998,0.007586797,-10.185159126,-11.619861508,0.888857881,0.000000000,0.000000000,0.000000000,1.000000000,3.689626217,5.174537659,0.099238873,5.174537659,0.713034953
2026-06-03T01:47:49,1773928458.149492979,r1,body,odom,14,structure_anchor_14,plane,wall_like,general_plane,unknown,stale,false,false,true,false,6,43,50,6,0.291500000,0.750000000,0.000000000,0.120000000,1.000000000,0.000000000,0.000000000,0.214611594,219,0.063662791,0.000000000,-0.106828652,-1.909030440,-7.376449723,0.731536016,-2.615435449,-4.186958935,-1.635745266,1.515600443,4.065314293,2.097198963,0.784083634,0.619291797,-0.041119111,0.383649027,0.922664696,-0.038775925,-1.909030440,-7.376449723,0.731536016,0.000000000,0.000000000,0.000000000,1.000000000,2.097198963,1.515600443,4.065314293,4.065314293,0.515876218
2026-06-03T01:47:49,1773928458.149492979,r1,body,odom,3,structure_anchor_3,plane,wall_like,general_plane,unknown,stale,false,false,true,false,20,57,102,20,0.419215686,1.000000000,0.000000000,0.196078431,1.000000000,0.000000000,0.000000000,0.214740401,138,0.044259140,0.000000000,-0.925327688,-3.396246004,-7.561686345,0.341513403,-3.834217877,-5.066639425,-2.008534859,0.073419511,1.111512899,1.289421082,0.591750562,0.806110454,-0.004179143,0.125712789,0.992054488,0.004947511,-3.396246004,-7.561686345,0.341513403,0.000000000,0.000000000,0.000000000,1.000000000,1.289421082,0.073419511,1.111512899,1.111512899,1.160059485
2026-06-03T01:47:49,1773928458.149492979,r1,body,odom,5,structure_anchor_5,plane,wall_like,general_plane,unknown,stale,false,false,false,false,32,57,88,32,0.452727273,1.000000000,0.000000000,0.363636364,1.000000000,0.000000000,0.000000000,0.473049691,201,0.064464400,0.000000000,3.687168749,-11.694474651,-7.373466138,0.803317085,-11.167187563,-8.939133162,-1.424892644,0.198105574,2.248228073,2.713875055,0.577892022,0.815700807,-0.025947289,0.108444942,0.993967187,-0.016407798,-11.694474651,-7.373466138,0.803317085,0.000000000,0.000000000,0.000000000,1.000000000,2.713875055,0.198105574,2.248228073,2.248228073,1.207117324
2026-06-03T01:47:49,1773928458.365493059,r1,body,odom,2,structure_anchor_2,plane,wall_like,general_plane,unknown,confirmed,true,true,true,false,98,0,103,98,0.829890901,1.000000000,0.947998196,0.951456311,0.000000000,0.000000000,0.000000000,0.091329803,177,0.063875857,0.000000000,0.963127664,-0.829536021,0.492139041,0.155839473,-5.432467790,3.370947938,-2.060096417,1.696855307,2.631351709,0.941363573,0.843983932,-0.536334640,0.006023017,0.984417989,-0.175255464,-0.014379443,-0.829536021,0.492139041,0.155839473,0.000000000,0.000000000,0.000000000,1.000000000,0.941363573,1.696855307,2.631351709,2.631351709,0.357749050
2026-06-03T01:47:49,1773928458.365493059,r1,body,odom,9,structure_anchor_9,plane,wall_like,general_plane,unknown,weak_tracked,false,true,true,false,4,0,72,4,0.257111111,0.500000000,0.350000000,0.055555556,0.700000000,0.000000000,0.000000000,0.246258362,117,0.042223024,0.000000000,1.010218169,-4.926406384,-6.130889416,0.941532731,-6.691028396,-4.322280140,-1.355515020,2.020095587,3.297275543,3.972182512,0.854301877,-0.519598882,0.013612659,0.987741678,-0.155958369,-0.006586918,-4.926406384,-6.130889416,0.941532731,0.000000000,0.000000000,0.000000000,1.000000000,3.972182512,2.020095587,3.297275543,3.297275543,1.204686251
2026-06-03T01:47:49,1773928458.365493059,r1,body,odom,18,structure_anchor_18,plane,wall_like,general_plane,unknown,confirmed,true,true,true,false,41,0,92,40,0.721843143,1.000000000,0.924433107,0.434782609,0.000000000,0.000000000,0.000000000,0.226208546,216,0.077950198,0.000000000,-0.593325379,-0.633608341,-2.155758142,0.153445214,-4.245390137,0.996621649,-2.116437920,1.920407176,3.247942209,1.354324341,0.849884014,-0.518210902,0.095679800,0.984630954,-0.157467181,0.075538026,-0.633608341,-2.155758142,0.153445214,0.000000000,0.000000000,0.000000000,1.000000000,1.354324341,1.920407176,3.247942209,3.247942209,0.416979199
2026-06-03T01:47:49,1773928458.365493059,r1,body,odom,19,structure_anchor_19,plane,wall_like,general_plane,unknown,stale,false,false,true,false,8,29,40,8,0.420000000,1.000000000,0.000000000,0.200000000,1.000000000,0.000000000,0.000000000,0.255109873,131,0.037850332,0.000000000,1.118203461,-3.737613389,-7.353780423,0.189389172,-5.140775863,-4.991118014,-2.145315109,2.911881447,0.178876400,1.796473742,-0.861505403,0.507438914,-0.017733868,-0.989859813,0.142029989,0.002314481,-3.737613389,-7.353780423,0.189389172,0.000000000,0.000000000,0.000000000,1.000000000,1.796473742,2.911881447,0.178876400,2.911881447,0.616946045
2026-06-03T01:47:49,1773928458.365493059,r1,body,odom,1,structure_anchor_1,plane,wall_like,general_plane,unknown,stale,false,false,false,false,48,55,77,48,0.504675325,1.000000000,0.000000000,0.623376623,1.000000000,0.000000000,0.000000000,0.091758177,165,0.054926764,0.000000000,-0.742120464,-8.824261414,-12.742217951,0.926884382,-7.784626542,-11.918177632,-1.453183475,5.174537659,0.099238873,3.689626217,-0.858336231,0.512934902,-0.012530056,-0.988921427,0.148247006,0.007586797,-8.824261414,-12.742217951,0.926884382,0.000000000,0.000000000,0.000000000,1.000000000,3.689626217,5.174537659,0.099238873,5.174537659,0.713034953
2026-06-03T01:47:49,1773928458.365493059,r1,body,odom,14,structure_anchor_14,plane,wall_like,general_plane,unknown,stale,false,false,true,false,6,44,51,6,0.291029412,0.750000000,0.000000000,0.117647059,1.000000000,0.000000000,0.000000000,0.214611594,219,0.063662791,0.000000000,-0.106828652,-1.102354216,-7.559495959,0.734152617,-2.615435464,-4.186959079,-1.635745256,1.515600443,4.065314293,2.097198963,0.706026646,0.706801335,-0.044255494,0.383649039,0.922664710,-0.038775925,-1.102354216,-7.559495959,0.734152617,0.000000000,0.000000000,0.000000000,1.000000000,2.097198963,1.515600443,4.065314293,4.065314293,0.515876218
2026-06-03T01:47:49,1773928458.365493059,r1,body,odom,3,structure_anchor_3,plane,wall_like,general_plane,unknown,stale,false,false,true,false,20,58,103,20,0.418834951,1.000000000,0.000000000,0.194174757,1.000000000,0.000000000,0.000000000,0.214740401,138,0.044259140,0.000000000,-0.925327688,-2.559565063,-7.917309471,0.351077529,-3.834217917,-5.066639578,-2.008534857,0.073419511,1.111512899,1.289421082,0.493338144,0.869815644,-0.006206555,0.125712797,0.992054504,0.004947511,-2.559565063,-7.917309471,0.351077529,0.000000000,0.000000000,0.000000000,1.000000000,1.289421082,0.073419511,1.111512899,1.111512899,1.160059485
2026-06-03T01:47:49,1773928458.365493059,r1,body,odom,5,structure_anchor_5,plane,wall_like,general_plane,unknown,stale,false,false,false,false,32,58,88,32,0.452727273,1.000000000,0.000000000,0.363636364,1.000000000,0.000000000,0.000000000,0.473049691,201,0.064464400,0.000000000,3.687168749,-10.820465429,-8.701560553,0.852840976,-11.167187748,-8.939133342,-1.424892633,0.198105574,2.248228073,2.713875055,0.478346646,0.877728015,-0.027898387,0.108444949,0.993967203,-0.016407798,-10.820465429,-8.701560553,0.852840976,0.000000000,0.000000000,0.000000000,1.000000000,2.713875055,0.198105574,2.248228073,2.248228073,1.207117324
2026-06-03T01:47:49,1773928458.566492796,r1,body,odom,2,structure_anchor_2,plane,wall_like,general_plane,unknown,confirmed,true,true,true,false,99,0,104,99,0.833624381,1.000000000,0.966198827,0.951923077,0.000000000,0.000000000,0.000000000,0.097033619,808,0.173913043,0.000000000,0.999081003,-2.643020266,-2.542113124,0.370018176,-5.930974559,0.007258981,-1.847330206,3.755644560,6.585348129,3.474806309,0.863318918,-0.504658495,-0.000569134,0.988574710,-0.150220567,-0.012405753,-2.643020266,-2.542113124,0.370018176,0.000000000,0.000000000,0.000000000,1.000000000,3.474806309,3.755644560,6.585348129,6.585348129,0.527657193
2026-06-03T01:47:49,1773928458.566492796,r1,body,odom,18,structure_anchor_18,plane,wall_like,general_plane,unknown,confirmed,true,true,true,false,42,0,93,41,0.728348347,1.000000000,0.950881520,0.440860215,0.000000000,0.000000000,0.000000000,0.226093869,310,0.106128038,0.000000000,-0.560774436,-0.512816131,-2.003186703,0.102167524,-4.153756528,1.294129006,-2.139591991,1.785441399,3.072788477,1.209139585,0.865095920,-0.498616903,0.054683015,0.988673481,-0.143839387,0.042836706,-0.512816131,-2.003186703,0.102167524,0.000000000,0.000000000,0.000000000,1.000000000,1.209139585,1.785441399,3.072788477,3.072788477,0.393499128
2026-06-03T01:47:49,1773928458.566492796,r1,body,odom,29,structure_anchor_29,plane,wall_like,general_plane,unknown,stale,false,false,true,false,7,4,19,7,0.552109083,0.875000000,0.493374362,0.368421053,0.200000000,0.000000000,0.000000000,0.099528851,119,0.040080835,0.000000000,-3.670465360,4.428961341,1.429175223,0.780578797,-0.820628969,6.310003245,-1.512072020,1.198044300,1.720613956,2.223069191,0.516366965,0.856357298,0.004172584,0.163686021,0.986512508,0.000192044,4.428961341,1.429175223,0.780578797,0.000000000,0.000000000,0.000000000,1.000000000,2.223069191,1.198044300,1.720613956,1.720613956,1.292020899
2026-06-03T01:47:49,1773928458.566492796,r1,body,odom,19,structure_anchor_19,plane,wall_like,general_plane,unknown,stale,false,false,true,false,8,30,41,8,0.419024390,1.000000000,0.000000000,0.195121951,1.000000000,0.000000000,0.000000000,0.255109873,131,0.037850332,0.000000000,1.118203461,-3.750725302,-7.479825967,0.071769692,-5.140776141,-4.991116988,-2.145315103,2.911881447,0.178876400,1.796473742,-0.867414724,0.497494224,-0.009553500,-0.989859686,0.142030015,0.002314478,-3.750725302,-7.479825967,0.071769692,0.000000000,0.000000000,0.000000000,1.000000000,1.796473742,2.911881447,0.178876400,2.911881447,0.616946045
2026-06-03T01:47:49,1773928458.566492796,r1,body,odom,1,structure_anchor_1,plane,wall_like,general_plane,unknown,stale,false,false,false,false,48,56,77,48,0.504675325,1.000000000,0.000000000,0.623376623,1.000000000,0.000000000,0.000000000,0.091758177,165,0.054926764,0.000000000,-0.742120464,-8.773711695,-12.939286401,0.717550786,-7.784626800,-11.918175645,-1.453183538,5.174537659,0.099238873,3.689626217,-0.864311171,0.502939506,-0.004257651,-0.988921300,0.148247031,0.007586793,-8.773711695,-12.939286401,0.717550786,0.000000000,0.000000000,0.000000000,1.000000000,3.689626217,5.174537659,0.099238873,5.174537659,0.713034953
2026-06-03T01:47:49,1773928458.566492796,r1,body,odom,14,structure_anchor_14,plane,wall_like,general_plane,unknown,stale,false,false,true,false,6,45,52,6,0.290576923,0.750000000,0.000000000,0.115384615,1.000000000,0.000000000,0.000000000,0.214611594,219,0.063662791,0.000000000,-0.106828652,-1.113303695,-7.663588207,0.613908104,-2.615436016,-4.186958259,-1.635745304,1.515600443,4.065314293,2.097198963,0.697666172,0.715698176,-0.032219660,0.383649032,0.922664580,-0.038775922,-1.113303695,-7.663588207,0.613908104,0.000000000,0.000000000,0.000000000,1.000000000,2.097198963,1.515600443,4.065314293,4.065314293,0.515876218
2026-06-03T01:47:49,1773928458.566492796,r1,body,odom,3,structure_anchor_3,plane,wall_like,general_plane,unknown,stale,false,false,true,false,20,59,104,20,0.418461538,1.000000000,0.000000000,0.192307692,1.000000000,0.000000000,0.000000000,0.214740401,138,0.044259140,0.000000000,-0.925327688,-2.566149528,-8.032077090,0.224427847,-3.834218358,-5.066638599,-2.008534864,0.073419511,1.111512899,1.289421082,0.483068789,0.875541452,0.008472592,0.125712824,0.992054377,0.004947509,-2.566149528,-8.032077090,0.224427847,0.000000000,0.000000000,0.000000000,1.000000000,1.289421082,0.073419511,1.111512899,1.111512899,1.160059485
2026-06-03T01:47:49,1773928458.566492796,r1,body,odom,5,structure_anchor_5,plane,wall_like,general_plane,unknown,stale,false,false,false,false,32,59,88,32,0.452727273,1.000000000,0.000000000,0.363636364,1.000000000,0.000000000,0.000000000,0.473049691,201,0.064464400,0.000000000,3.687168749,-10.817317434,-8.921719596,0.710267246,-11.167187464,-8.939131571,-1.424892714,0.198105574,2.248228073,2.713875055,0.467988229,0.883637802,-0.013089222,0.108444979,0.993967077,-0.016407798,-10.817317434,-8.921719596,0.710267246,0.000000000,0.000000000,0.000000000,1.000000000,2.713875055,0.198105574,2.248228073,2.248228073,1.207117324
2026-06-03T01:47:49,1773928458.746493101,r1,body,odom,2,structure_anchor_2,plane,wall_like,general_plane,unknown,confirmed,true,true,true,false,100,0,105,100,0.836082038,1.000000000,0.978029238,0.952380952,0.000000000,0.000000000,0.000000000,0.091215003,964,0.248470428,0.000000000,1.057369225,-2.714396852,-2.651878176,0.333242338,-5.950424618,0.048396023,-1.902329628,3.933958530,7.042607307,3.677026749,0.870763494,-0.491647459,0.007319883,0.986709785,-0.161930096,-0.013501990,-2.714396852,-2.651878176,0.333242338,0.000000000,0.000000000,0.000000000,1.000000000,3.677026749,3.933958530,7.042607307,7.042607307,0.522111569
2026-06-03T01:47:49,1773928458.746493101,r1,body,odom,18,structure_anchor_18,plane,wall_like,general_plane,unknown,confirmed,true,true,true,false,43,0,94,42,0.732976300,1.000000000,0.968072988,0.446808511,0.000000000,0.000000000,0.000000000,0.030042901,238,0.080897349,0.000000000,-0.474875942,-0.531231344,-1.967576861,0.113480069,-4.140637012,1.444282612,-2.145115109,1.442947388,2.736532688,1.245369196,0.875995266,-0.472192395,0.098319054,0.986714708,-0.142681916,0.077691363,-0.531231344,-1.967576861,0.113480069,0.000000000,0.000000000,0.000000000,1.000000000,1.245369196,1.442947388,2.736532688,2.736532688,0.455090195
2026-06-03T01:47:49,1773928458.746493101,r1,body,odom,38,structure_anchor_38,plane,wall_like,general_plane,unknown,candidate,false,true,true,false,1,0,1,1,0.326250000,0.125000000,0.350000000,1.000000000,0.000000000,0.000000000,0.000000000,0.000000000,126,0.042828008,0.000000000,-1.392535323,2.109570265,-1.386641026,-0.185315654,-1.867229142,2.901354770,-2.475502441,0.731699586,1.724493027,0.630142570,0.911715715,0.396941525,-0.105886172,0.717271178,0.687437020,-0.113808578,2.109570265,-1.386641026,-0.185315654,0.000000000,0.000000000,0.000000000,1.000000000,0.630142570,0.731699586,1.724493027,1.724493027,0.365407433
2026-06-03T01:47:49,1773928458.746493101,r1,body,odom,29,structure_anchor_29,plane,wall_like,general_plane,unknown,stale,false,false,true,false,7,5,20,7,0.528924872,0.875000000,0.413374362,0.350000000,0.250000000,0.000000000,0.000000000,0.099528851,119,0.040080835,0.000000000,-3.670465360,4.250584581,1.468197849,0.767786416,-0.820629254,6.310002800,-1.512072090,1.198044300,1.720613956,2.223069191,0.493221670,0.869886427,-0.005464133,0.163686039,0.986512394,0.000192044,4.250584581,1.468197849,0.767786416,0.000000000,0.000000000,0.000000000,1.000000000,2.223069191,1.198044300,1.720613956,1.720613956,1.292020899
2026-06-03T01:47:49,1773928458.746493101,r1,body,odom,19,structure_anchor_19,plane,wall_like,general_plane,unknown,stale,false,false,true,false,8,31,42,8,0.418095238,1.000000000,0.000000000,0.190476190,1.000000000,0.000000000,0.000000000,0.255109873,131,0.037850332,0.000000000,1.118203461,-3.685216186,-7.665433349,0.151504739,-5.140776362,-4.991116032,-2.145315109,2.911881447,0.178876400,1.796473742,-0.880398568,0.473877749,-0.018387709,-0.989859572,0.142030035,0.002314476,-3.685216186,-7.665433349,0.151504739,0.000000000,0.000000000,0.000000000,1.000000000,1.796473742,2.911881447,0.178876400,2.911881447,0.616946045
2026-06-03T01:47:49,1773928458.746493101,r1,body,odom,1,structure_anchor_1,plane,wall_like,general_plane,unknown,stale,false,false,false,false,48,57,77,48,0.504675325,1.000000000,0.000000000,0.623376623,1.000000000,0.000000000,0.000000000,0.091758177,165,0.054926764,0.000000000,-0.742120464,-8.562113034,-13.248952999,0.853863430,-7.784626984,-11.918173829,-1.453183618,5.174537659,0.099238873,3.689626217,-0.877458554,0.479471921,-0.013154096,-0.988921186,0.148247051,0.007586791,-8.562113034,-13.248952999,0.853863430,0.000000000,0.000000000,0.000000000,1.000000000,3.689626217,5.174537659,0.099238873,5.174537659,0.713034953
2026-06-03T01:47:49,1773928458.746493101,r1,body,odom,14,structure_anchor_14,plane,wall_like,general_plane,unknown,stale,false,false,true,false,6,46,53,6,0.290141509,0.750000000,0.000000000,0.113207547,1.000000000,0.000000000,0.000000000,0.214611594,219,0.063662791,0.000000000,-0.106828652,-1.045521514,-7.771385681,0.703283669,-2.615436486,-4.186957484,-1.635745359,1.515600443,4.065314293,2.097198963,0.678337047,0.733686512,-0.039532531,0.383649024,0.922664465,-0.038775918,-1.045521514,-7.771385681,0.703283669,0.000000000,0.000000000,0.000000000,1.000000000,2.097198963,1.515600443,4.065314293,4.065314293,0.515876218
2026-06-03T01:47:49,1773928458.746493101,r1,body,odom,3,structure_anchor_3,plane,wall_like,general_plane,unknown,stale,false,false,true,false,20,60,105,20,0.418095238,1.000000000,0.000000000,0.190476190,1.000000000,0.000000000,0.000000000,0.214740401,138,0.044259140,0.000000000,-0.925327688,-2.486751145,-8.183695765,0.314571703,-3.834218726,-5.066637683,-2.008534882,0.073419511,1.111512899,1.289421082,0.459408204,0.888223905,-0.001504776,0.125712847,0.992054264,0.004947508,-2.486751145,-8.183695765,0.314571703,0.000000000,0.000000000,0.000000000,1.000000000,1.289421082,0.073419511,1.111512899,1.111512899,1.160059485
2026-06-03T01:47:49,1773928458.746493101,r1,body,odom,5,structure_anchor_5,plane,wall_like,general_plane,unknown,stale,false,false,false,false,32,60,88,32,0.452727273,1.000000000,0.000000000,0.363636364,1.000000000,0.000000000,0.000000000,0.473049691,201,0.064464400,0.000000000,3.687168749,-10.712594766,-9.288089978,0.788988569,-11.167187167,-8.939129960,-1.424892804,0.198105574,2.248228073,2.713875055,0.444183443,0.895635070,-0.023211161,0.108445004,0.993966964,-0.016407797,-10.712594766,-9.288089978,0.788988569,0.000000000,0.000000000,0.000000000,1.000000000,2.713875055,0.198105574,2.248228073,2.248228073,1.207117324
2026-06-03T01:47:49,1773928458.947493076,r1,body,odom,2,structure_anchor_2,plane,wall_like,general_plane,unknown,confirmed,true,true,true,false,101,0,106,101,0.837709839,1.000000000,0.985719004,0.952830189,0.000000000,0.000000000,0.000000000,0.095374034,986,0.254844007,0.000000000,1.205895007,-2.724747723,-3.048585972,0.489902993,-6.001165377,-0.075699299,-1.839344434,3.306443214,7.270325661,3.822765827,0.909983784,-0.413973273,0.023572269,0.985101460,-0.171761657,-0.008547405,-2.724747723,-3.048585972,0.489902993,0.000000000,0.000000000,0.000000000,1.000000000,3.822765827,3.306443214,7.270325661,7.270325661,0.525803933
2026-06-03T01:47:49,1773928458.947493076,r1,body,odom,18,structure_anchor_18,plane,wall_like,general_plane,unknown,confirmed,true,true,true,false,44,0,95,43,0.736375804,1.000000000,0.979247442,0.452631579,0.000000000,0.000000000,0.000000000,0.126178436,217,0.071264368,0.000000000,-0.308515616,-0.445038497,-1.797260046,0.335427970,-4.113803105,1.714913791,-1.974702025,1.171506882,3.105173349,1.156466961,0.914504173,-0.365885783,0.172654890,0.981261613,-0.129805609,0.142394353,-0.445038497,-1.797260046,0.335427970,0.000000000,0.000000000,0.000000000,1.000000000,1.156466961,1.171506882,3.105173349,3.105173349,0.372432335
2026-06-03T01:47:49,1773928458.947493076,r1,body,odom,38,structure_anchor_38,plane,wall_like,general_plane,unknown,weak_tracked,false,true,true,false,2,0,2,2,0.428000000,0.250000000,0.577500000,1.000000000,0.000000000,0.000000000,0.000000000,0.041453138,91,0.029885057,0.000000000,-1.232209571,2.115995646,-1.437931299,-0.176652253,-1.739394678,2.727571094,-2.510378227,0.836576343,1.625286818,0.610144734,0.878936645,0.454306811,-0.145174706,0.732516554,0.666420776,-0.138934693,2.115995646,-1.437931299,-0.176652253,0.000000000,0.000000000,0.000000000,1.000000000,0.610144734,0.836576343,1.625286818,1.625286818,0.375407422
2026-06-03T01:47:49,1773928458.947493076,r1,body,odom,37,structure_anchor_37,plane,wall_like,general_plane,unknown,weak_tracked,false,true,true,false,2,0,8,2,0.232500000,0.250000000,0.350000000,0.250000000,0.000000000,0.000000000,0.000000000,0.098957530,119,0.039080460,0.000000000,-0.808413607,0.060262777,0.870716035,0.199709088,-4.298769934,4.427269230,-2.002281236,1.822457075,0.892718792,0.796722889,0.444966451,0.895498068,0.009384478,0.205776084,0.977725115,0.041349758,0.060262777,0.870716035,0.199709088,0.000000000,0.000000000,0.000000000,1.000000000,0.796722889,1.822457075,0.892718792,1.822457075,0.437169632
2026-06-03T01:47:49,1773928458.947493076,r1,body,odom,29,structure_anchor_29,plane,wall_like,general_plane,unknown,stale,false,false,true,false,7,6,21,7,0.506091539,0.875000000,0.333374362,0.333333333,0.300000000,0.000000000,0.000000000,0.099528851,119,0.040080835,0.000000000,-3.670465360,3.892681836,1.838576688,0.707907606,-0.820629058,6.310003096,-1.512072042,1.198044300,1.720613956,2.223069191,0.407095476,0.912783611,-0.033156646,0.163686027,0.986512472,0.000192045,3.892681836,1.838576688,0.707907606,0.000000000,0.000000000,0.000000000,1.000000000,2.223069191,1.198044300,1.720613956,1.720613956,1.292020899
2026-06-03T01:47:49,1773928458.947493076,r1,body,odom,19,structure_anchor_19,plane,wall_like,general_plane,unknown,stale,false,false,true,false,8,32,43,8,0.417209302,1.000000000,0.000000000,0.186046512,1.000000000,0.000000000,0.000000000,0.255109873,131,0.037850332,0.000000000,1.118203461,-3.126792074,-8.030991235,0.393914327,-5.140776221,-4.991116692,-2.145315108,2.911881447,0.178876400,1.796473742,-0.921986922,0.386149351,-0.028788964,-0.989859650,0.142030022,0.002314478,-3.126792074,-8.030991235,0.393914327,0.000000000,0.000000000,0.000000000,1.000000000,1.796473742,2.911881447,0.178876400,2.911881447,0.616946045
2026-06-03T01:47:49,1773928458.947493076,r1,body,odom,1,structure_anchor_1,plane,wall_like,general_plane,unknown,stale,false,false,false,false,48,58,77,48,0.504675325,1.000000000,0.000000000,0.623376623,1.000000000,0.000000000,0.000000000,0.091758177,165,0.054926764,0.000000000,-0.742120464,-7.442103622,-14.034727017,1.280691126,-7.784626875,-11.918175077,-1.453183569,5.174537659,0.099238873,3.689626217,-0.919593341,0.392153993,-0.023734837,-0.988921264,0.148247038,0.007586793,-7.442103622,-14.034727017,1.280691126,0.000000000,0.000000000,0.000000000,1.000000000,3.689626217,5.174537659,0.099238873,5.174537659,0.713034953
2026-06-03T01:47:49,1773928458.947493076,r1,body,odom,14,structure_anchor_14,plane,wall_like,general_plane,unknown,stale,false,false,true,false,6,47,54,6,0.289722222,0.750000000,0.000000000,0.111111111,1.000000000,0.000000000,0.000000000,0.214611594,219,0.063662791,0.000000000,-0.106828652,-0.488507672,-7.865810668,0.937831305,-2.615436173,-4.186958023,-1.635745325,1.515600443,4.065314293,2.097198963,0.604432651,0.794086051,-0.063941570,0.383649030,0.922664544,-0.038775920,-0.488507672,-7.865810668,0.937831305,0.000000000,0.000000000,0.000000000,1.000000000,2.097198963,1.515600443,4.065314293,4.065314293,0.515876218
2026-06-03T01:47:49,1773928458.947493076,r1,body,odom,3,structure_anchor_3,plane,wall_like,general_plane,unknown,stale,false,false,true,false,20,61,106,20,0.417735849,1.000000000,0.000000000,0.188679245,1.000000000,0.000000000,0.000000000,0.214740401,138,0.044259140,0.000000000,-0.925327688,-1.883767461,-8.426365543,0.567334151,-3.834218484,-5.066638317,-2.008534873,0.073419511,1.111512899,1.289421082,0.371677131,0.927889966,-0.029602896,0.125712832,0.992054341,0.004947509,-1.883767461,-8.426365543,0.567334151,0.000000000,0.000000000,0.000000000,1.000000000,1.289421082,0.073419511,1.111512899,1.111512899,1.160059485
2026-06-03T01:47:49,1773928458.947493076,r1,body,odom,5,structure_anchor_5,plane,wall_like,general_plane,unknown,stale,false,false,false,false,32,61,88,32,0.452727273,1.000000000,0.000000000,0.363636364,1.000000000,0.000000000,0.000000000,0.473049691,201,0.064464400,0.000000000,3.687168749,-9.964331323,-10.303019760,1.107637485,-11.167187385,-8.939131064,-1.424892746,0.198105574,2.248228073,2.713875055,0.355782881,0.933150995,-0.051456508,0.108444988,0.993967041,-0.016407797,-9.964331323,-10.303019760,1.107637485,0.000000000,0.000000000,0.000000000,1.000000000,2.713875055,0.198105574,2.248228073,2.248228073,1.207117324
2026-06-03T01:47:50,1773928459.148487806,r1,body,odom,2,structure_anchor_2,plane,wall_like,general_plane,unknown,confirmed,true,true,true,false,102,0,107,102,0.838797676,1.000000000,0.990717353,0.953271028,0.000000000,0.000000000,0.000000000,0.098969634,1002,0.247565190,0.000000000,1.352560594,-2.474365722,-3.201209965,0.547004419,-5.992658565,0.079813351,-1.837780257,2.467226267,7.602678776,3.202550173,0.950771601,-0.309402444,0.017429252,0.984736476,-0.173865768,-0.008065919,-2.474365722,-3.201209965,0.547004419,0.000000000,0.000000000,0.000000000,1.000000000,3.202550173,2.467226267,7.602678776,7.602678776,0.421239706
2026-06-03T01:47:50,1773928459.148487806,r1,body,odom,18,structure_anchor_18,plane,wall_like,general_plane,unknown,confirmed,true,true,true,false,45,0,96,44,0.738968834,1.000000000,0.986510837,0.458333333,0.000000000,0.000000000,0.000000000,0.128805529,345,0.108388313,0.000000000,-0.184444186,-0.568828523,-2.406593084,0.241547644,-4.221730752,1.147446664,-2.120208390,1.329704762,4.398308754,1.284061193,0.951565851,-0.291853716,0.096663536,0.984429187,-0.160376219,0.071962814,-0.568828523,-2.406593084,0.241547644,0.000000000,0.000000000,0.000000000,1.000000000,1.284061193,1.329704762,4.398308754,4.398308754,0.291944305
2026-06-03T01:47:50,1773928459.148487806,r1,body,odom,38,structure_anchor_38,plane,wall_like,general_plane,unknown,confirmed,true,true,true,false,3,0,3,3,0.513825000,0.375000000,0.725375000,1.000000000,0.000000000,0.000000000,0.000000000,0.070394723,183,0.057492931,0.000000000,-1.048623490,2.047664404,-1.123164773,-0.052105971,-1.814697509,2.797308388,-2.372405133,1.147759557,1.640763998,0.750721097,0.818283028,0.563468044,-0.113651440,0.729847256,0.677361730,-0.092217528,2.047664404,-1.123164773,-0.052105971,0.000000000,0.000000000,0.000000000,1.000000000,0.750721097,1.147759557,1.640763998,1.640763998,0.457543619
2026-06-03T01:47:50,1773928459.148487806,r1,body,odom,29,structure_anchor_29,plane,wall_like,general_plane,unknown,stale,false,false,true,false,7,7,22,7,0.483561236,0.875000000,0.253374362,0.318181818,0.350000000,0.000000000,0.000000000,0.099528851,119,0.040080835,0.000000000,-3.670465360,3.514732276,2.256977964,0.647694111,-0.820628661,6.310003530,-1.512071928,1.198044300,1.720613956,2.223069191,0.300042561,0.952791024,-0.046518986,0.163686032,0.986512615,0.000192051,3.514732276,2.256977964,0.647694111,0.000000000,0.000000000,0.000000000,1.000000000,2.223069191,1.198044300,1.720613956,1.720613956,1.292020899
2026-06-03T01:47:50,1773928459.148487806,r1,body,odom,19,structure_anchor_19,plane,wall_like,general_plane,unknown,stale,false,false,true,false,8,33,44,8,0.416363636,1.000000000,0.000000000,0.181818182,1.000000000,0.000000000,0.000000000,0.255109873,131,0.037850332,0.000000000,1.118203461,-2.337098343,-8.350416247,0.508826738,-5.140776220,-4.991117929,-2.145315153,2.911881447,0.178876400,1.796473742,-0.960240266,0.278333714,-0.021662503,-0.989859792,0.142030024,0.002314482,-2.337098343,-8.350416247,0.508826738,0.000000000,0.000000000,0.000000000,1.000000000,1.796473742,2.911881447,0.178876400,2.911881447,0.616946045
2026-06-03T01:47:50,1773928459.148487806,r1,body,odom,1,structure_anchor_1,plane,wall_like,general_plane,unknown,stale,false,false,false,false,48,59,77,48,0.504675325,1.000000000,0.000000000,0.623376623,1.000000000,0.000000000,0.000000000,0.091758177,165,0.054926764,0.000000000,-0.742120464,-5.930480046,-14.796599923,1.502541802,-7.784627114,-11.918177345,-1.453183560,5.174537659,0.099238873,3.689626217,-0.958493552,0.284625588,-0.016693550,-0.988921406,0.148247040,0.007586797,-5.930480046,-14.796599923,1.502541802,0.000000000,0.000000000,0.000000000,1.000000000,3.689626217,5.174537659,0.099238873,5.174537659,0.713034953
2026-06-03T01:47:50,1773928459.148487806,r1,body,odom,14,structure_anchor_14,plane,wall_like,general_plane,unknown,stale,false,false,true,false,6,48,55,6,0.289318182,0.750000000,0.000000000,0.109090909,1.000000000,0.000000000,0.000000000,0.214611594,219,0.063662791,0.000000000,-0.106828652,0.270749384,-7.880111387,1.020315241,-2.615435830,-4.186959103,-1.635745298,1.515600443,4.065314293,2.097198963,0.509286717,0.857010760,-0.078484943,0.383649067,0.922664681,-0.038775920,0.270749384,-7.880111387,1.020315241,0.000000000,0.000000000,0.000000000,1.000000000,2.097198963,1.515600443,4.065314293,4.065314293,0.515876218
2026-06-03T01:47:50,1773928459.367487907,r1,body,odom,2,structure_anchor_2,plane,wall_like,general_plane,unknown,confirmed,true,true,true,false,103,0,108,103,0.839533997,1.000000000,0.993966279,0.953703704,0.000000000,0.000000000,0.000000000,0.093841195,886,0.260895171,0.000000000,1.553652823,-2.082302809,-3.124831438,0.496121913,-5.891133152,0.485634489,-1.910977936,1.490748763,9.211720467,2.507269144,0.987221372,-0.159018235,0.010351956,0.986903981,-0.160966374,-0.010505184,-2.082302809,-3.124831438,0.496121913,0.000000000,0.000000000,0.000000000,1.000000000,2.507269144,1.490748763,9.211720467,9.211720467,0.272182504
2026-06-03T01:47:50,1773928459.367487907,r1,body,odom,18,structure_anchor_18,plane,wall_like,general_plane,unknown,confirmed,true,true,true,false,46,0,97,45,0.741029914,1.000000000,0.991232044,0.463917526,0.000000000,0.000000000,0.000000000,0.214296186,187,0.055064782,0.000000000,0.151611357,-0.457253695,-2.745880604,0.317171216,-4.267425449,0.871576019,-2.087143032,0.467707813,4.047833920,1.261528611,0.993967707,-0.108323896,0.017150247,0.993847092,-0.110757247,-0.000888397,-0.457253695,-2.745880604,0.317171216,0.000000000,0.000000000,0.000000000,1.000000000,1.261528611,0.467707813,4.047833920,4.047833920,0.311655230
2026-06-03T01:47:50,1773928459.367487907,r1,body,odom,29,structure_anchor_29,plane,wall_like,general_plane,unknown,stale,false,false,true,false,7,8,23,7,0.461294438,0.875000000,0.173374362,0.304347826,0.400000000,0.000000000,0.000000000,0.099528851,119,0.040080835,0.000000000,-3.670465360,2.973569878,2.724557587,0.619417066,-0.820629301,6.310002877,-1.512072111,1.198044300,1.720613956,2.223069191,0.162056869,0.985272904,-0.054541026,0.163686015,0.986512392,0.000192040,2.973569878,2.724557587,0.619417066,0.000000000,0.000000000,0.000000000,1.000000000,2.223069191,1.198044300,1.720613956,1.720613956,1.292020899
2026-06-03T01:47:50,1773928459.367487907,r1,body,odom,19,structure_anchor_19,plane,wall_like,general_plane,unknown,stale,false,false,true,false,8,34,45,8,0.415555556,1.000000000,0.000000000,0.177777778,1.000000000,0.000000000,0.000000000,0.255109873,131,0.037850332,0.000000000,1.118203461,-1.320253225,-8.604250294,0.585535397,-5.140776124,-4.991115986,-2.145315079,2.911881447,0.178876400,1.796473742,-0.990048586,0.139636104,-0.017475780,-0.989859569,0.142030012,0.002314476,-1.320253225,-8.604250294,0.585535397,0.000000000,0.000000000,0.000000000,1.000000000,1.796473742,2.911881447,0.178876400,2.911881447,0.616946045
2026-06-03T01:47:50,1773928459.367487907,r1,body,odom,1,structure_anchor_1,plane,wall_like,general_plane,unknown,stale,false,false,false,false,48,60,77,48,0.504675325,1.000000000,0.000000000,0.623376623,1.000000000,0.000000000,0.000000000,0.091758177,165,0.054926764,0.000000000,-0.742120464,-3.960783206,-15.486254771,1.643239026,-7.784626571,-11.918173799,-1.453183567,5.174537659,0.099238873,3.689626217,-0.989182987,0.146147691,-0.012558553,-0.988921183,0.148247027,0.007586791,-3.960783206,-15.486254771,1.643239026,0.000000000,0.000000000,0.000000000,1.000000000,3.689626217,5.174537659,0.099238873,5.174537659,0.713034953
2026-06-03T01:47:50,1773928459.367487907,r1,body,odom,14,structure_anchor_14,plane,wall_like,general_plane,unknown,stale,false,false,true,false,6,49,56,6,0.288928571,0.750000000,0.000000000,0.107142857,1.000000000,0.000000000,0.000000000,0.214611594,219,0.063662791,0.000000000,-0.106828652,1.197544382,-7.766319330,1.077714843,-2.615436282,-4.186957384,-1.635745338,1.515600443,4.065314293,2.097198963,0.382570860,0.919802766,-0.087190914,0.383649000,0.922664468,-0.038775921,1.197544382,-7.766319330,1.077714843,0.000000000,0.000000000,0.000000000,1.000000000,2.097198963,1.515600443,4.065314293,4.065314293,0.515876218
2026-06-03T01:47:50,1773928459.550487995,r1,body,odom,2,structure_anchor_2,plane,wall_like,general_plane,unknown,confirmed,true,true,true,false,104,0,109,104,0.840041304,1.000000000,0.996078082,0.954128440,0.000000000,0.000000000,0.000000000,0.106155924,733,0.101918122,0.000000000,1.698931925,-1.766793035,-2.678964240,0.379022249,-5.805069494,1.239958899,-2.015830311,0.167238951,6.620685577,1.743957758,0.999674296,-0.023820540,0.009158526,0.983361921,-0.181626744,-0.003324682,-1.766793035,-2.678964240,0.379022249,0.000000000,0.000000000,0.000000000,1.000000000,1.743957758,0.167238951,6.620685577,6.620685577,0.263410449
2026-06-03T01:47:50,1773928459.550487995,r1,body,odom,18,structure_anchor_18,plane,wall_like,general_plane,unknown,confirmed,true,true,true,false,47,0,98,46,0.742737717,1.000000000,0.994300829,0.469387755,0.000000000,0.000000000,0.000000000,0.228044614,239,0.068422559,0.000000000,0.207711749,-0.215735257,-2.610900402,0.279848635,-4.262923207,1.068387719,-2.128064381,0.181616172,4.928121090,1.355182767,0.995125460,0.007866255,0.098302803,0.984034434,-0.154951748,0.087556775,-0.215735257,-2.610900402,0.279848635,0.000000000,0.000000000,0.000000000,1.000000000,1.355182767,0.181616172,4.928121090,4.928121090,0.274989746
2026-06-03T01:47:50,1773928459.550487995,r1,body,odom,38,structure_anchor_38,plane,wall_like,general_plane,unknown,confirmed,true,true,true,false,4,0,5,4,0.538898750,0.500000000,0.769493750,0.800000000,0.000000000,0.000000000,0.000000000,0.104244417,173,0.049527627,0.000000000,-0.800763966,2.076095581,-0.663859367,-0.049793839,-1.692774296,2.645813739,-2.369276458,1.644061327,1.410686970,0.832732439,0.628165961,0.767732045,-0.126471469,0.741377651,0.665219692,-0.088554729,2.076095581,-0.663859367,-0.049793839,0.000000000,0.000000000,0.000000000,1.000000000,0.832732439,1.644061327,1.410686970,1.644061327,0.506509353
2026-06-03T01:47:50,1773928459.550487995,r1,body,odom,29,structure_anchor_29,plane,wall_like,general_plane,unknown,stale,false,false,true,false,7,9,24,7,0.439258206,0.875000000,0.093374362,0.291666667,0.450000000,0.000000000,0.000000000,0.099528851,119,0.040080835,0.000000000,-3.670465360,2.350097230,3.135692637,0.590555915,-0.820629080,6.310003072,-1.512072048,1.198044300,1.720613956,2.223069191,0.006097414,0.998303059,-0.057912158,0.163686027,0.986512464,0.000192044,2.350097230,3.135692637,0.590555915,0.000000000,0.000000000,0.000000000,1.000000000,2.223069191,1.198044300,1.720613956,1.720613956,1.292020899
2026-06-03T01:47:50,1773928459.550487995,r1,body,odom,19,structure_anchor_19,plane,wall_like,general_plane,unknown,stale,false,false,true,false,8,35,46,8,0.414782609,1.000000000,0.000000000,0.173913043,1.000000000,0.000000000,0.000000000,0.255109873,131,0.037850332,0.000000000,1.118203461,-0.127049013,-8.723601983,0.619746455,-5.140776219,-4.991116624,-2.145315106,2.911881447,0.178876400,1.796473742,-0.999836508,-0.016296318,-0.007834652,-0.989859642,0.142030022,0.002314478,-0.127049013,-8.723601983,0.619746455,0.000000000,0.000000000,0.000000000,1.000000000,1.796473742,2.911881447,0.178876400,2.911881447,0.616946045
2026-06-03T01:47:50,1773928459.550487995,r1,body,odom,1,structure_anchor_1,plane,wall_like,general_plane,unknown,stale,false,false,false,false,48,61,77,48,0.504675325,1.000000000,0.000000000,0.623376623,1.000000000,0.000000000,0.000000000,0.091758177,165,0.054926764,0.000000000,-0.742120464,-1.653254021,-15.929293401,1.716030543,-7.784626859,-11.918174952,-1.453183570,5.174537659,0.099238873,3.689626217,-0.999948508,-0.009713107,-0.002937924,-0.988921256,0.148247038,0.007586793,-1.653254021,-15.929293401,1.716030543,0.000000000,0.000000000,0.000000000,1.000000000,3.689626217,5.174537659,0.099238873,5.174537659,0.713034953
2026-06-03T01:47:50,1773928459.550487995,r1,body,odom,14,structure_anchor_14,plane,wall_like,general_plane,unknown,stale,false,false,true,false,6,50,57,6,0.288552632,0.750000000,0.000000000,0.105263158,1.000000000,0.000000000,0.000000000,0.214611594,219,0.063662791,0.000000000,-0.106828652,2.234123557,-7.502194253,1.085259104,-2.615436191,-4.186957963,-1.635745327,1.515600443,4.065314293,2.097198963,0.233793857,0.967862122,-0.092646313,0.383649028,0.922664536,-0.038775920,2.234123557,-7.502194253,1.085259104,0.000000000,0.000000000,0.000000000,1.000000000,2.097198963,1.515600443,4.065314293,4.065314293,0.515876218
2026-06-03T01:47:50,1773928459.751487970,r1,body,odom,2,structure_anchor_2,plane,wall_like,general_plane,unknown,confirmed,true,true,true,false,105,0,110,105,0.840399242,1.000000000,0.997450753,0.954545455,0.000000000,0.000000000,0.000000000,0.106415440,539,0.142895016,0.000000000,1.864039747,-1.599262238,-2.346173048,0.402341247,-5.699434155,1.800192288,-1.961531945,0.647314548,5.572948933,1.739279509,0.992866184,0.118999500,0.007473925,0.984238658,-0.176733507,-0.006288182,-1.599262238,-2.346173048,0.402341247,0.000000000,0.000000000,0.000000000,1.000000000,1.739279509,0.647314548,5.572948933,5.572948933,0.312093208
2026-06-03T01:47:50,1773928459.751487970,r1,body,odom,29,structure_anchor_29,plane,wall_like,general_plane,unknown,confirmed,true,true,true,true,8,0,25,8,0.585638667,1.000000000,0.410693336,0.320000000,0.150000000,0.000000000,0.000000000,0.109175560,227,0.060180276,0.000000000,-3.086065140,1.871460557,3.345308304,0.246762946,-0.715470742,6.228862316,-1.861171461,2.844188690,0.383653641,2.007546902,-0.114824621,0.991387292,-0.062980498,0.180157215,0.983631934,-0.003406923,1.871460557,3.345308304,0.246762946,0.000000000,0.000000000,0.000000000,1.000000000,2.007546902,2.844188690,0.383653641,2.844188690,0.705841672
2026-06-03T01:47:50,1773928459.751487970,r1,body,odom,19,structure_anchor_19,plane,wall_like,general_plane,unknown,stale,false,false,true,false,8,36,47,8,0.414042553,1.000000000,0.000000000,0.170212766,1.000000000,0.000000000,0.000000000,0.255109873,131,0.037850332,0.000000000,1.118203461,0.921414517,-8.675431657,0.635661178,-5.140776706,-4.991117608,-2.145315153,2.911881447,0.178876400,1.796473742,-0.988027304,-0.153997122,-0.009335944,-0.989859757,0.142030072,0.002314480,0.921414517,-8.675431657,0.635661178,0.000000000,0.000000000,0.000000000,1.000000000,1.796473742,2.911881447,0.178876400,2.911881447,0.616946045
2026-06-03T01:47:50,1773928459.751487970,r1,body,odom,14,structure_anchor_14,plane,wall_like,general_plane,unknown,stale,false,false,true,false,6,51,58,6,0.288189655,0.750000000,0.000000000,0.103448276,1.000000000,0.000000000,0.000000000,0.214611594,219,0.063662791,0.000000000,-0.106828652,3.090832846,-7.139468109,1.102690679,-2.615436344,-4.186958938,-1.635745309,1.515600443,4.065314293,2.097198963,0.098289267,0.990713556,-0.093947310,0.383649105,0.922664635,-0.038775918,3.090832846,-7.139468109,1.102690679,0.000000000,0.000000000,0.000000000,1.000000000,2.097198963,1.515600443,4.065314293,4.065314293,0.515876218
2026-06-03T01:47:50,1773928459.967488050,r1,body,odom,2,structure_anchor_2,plane,wall_like,general_plane,unknown,confirmed,true,true,true,false,106,0,111,106,0.840659589,1.000000000,0.998342989,0.954954955,0.000000000,0.000000000,0.000000000,0.105585685,636,0.148632858,0.000000000,2.010783661,-1.475023150,-2.168861866,0.274404556,-5.609611658,2.195203350,-2.078363063,1.424992085,5.039853096,1.618263602,0.961731669,0.273908899,0.006790633,0.986717870,-0.162400698,-0.003720637,-1.475023150,-2.168861866,0.274404556,0.000000000,0.000000000,0.000000000,1.000000000,1.618263602,1.424992085,5.039853096,5.039853096,0.321093407
2026-06-03T01:47:50,1773928459.967488050,r1,body,odom,19,structure_anchor_19,plane,wall_like,general_plane,unknown,stale,false,false,true,false,8,37,48,8,0.413333333,1.000000000,0.000000000,0.166666667,1.000000000,0.000000000,0.000000000,0.255109873,131,0.037850332,0.000000000,1.118203461,2.009200787,-8.461012926,0.643855959,-5.140775785,-4.991115966,-2.145315076,2.911881447,0.178876400,1.796473742,-0.955866786,-0.293717688,-0.006960454,-0.989859564,0.142029977,0.002314477,2.009200787,-8.461012926,0.643855959,0.000000000,0.000000000,0.000000000,1.000000000,1.796473742,2.911881447,0.178876400,2.911881447,0.616946045
2026-06-03T01:47:50,1773928459.967488050,r1,body,odom,14,structure_anchor_14,plane,wall_like,general_plane,unknown,stale,false,false,true,false,6,52,59,6,0.287838983,0.750000000,0.000000000,0.101694915,1.000000000,0.000000000,0.000000000,0.214611594,219,0.063662791,0.000000000,-0.106828652,3.937730232,-6.630315694,1.105370295,-2.615435996,-4.186957286,-1.635745340,1.515600443,4.065314293,2.097198963,-0.044621132,0.994531315,-0.094425948,0.383648965,0.922664471,-0.038775921,3.937730232,-6.630315694,1.105370295,0.000000000,0.000000000,0.000000000,1.000000000,2.097198963,1.515600443,4.065314293,4.065314293,0.515876218
2026-06-03T01:47:51,1773928460.150477886,r1,body,odom,39,structure_anchor_39,plane,wall_like,general_plane,unknown,candidate,false,true,true,false,1,0,1,1,0.326250000,0.125000000,0.350000000,1.000000000,0.000000000,0.000000000,0.000000000,0.000000000,437,0.092958945,0.000000000,-1.674111942,2.420133352,2.985329866,0.521475375,0.451848416,4.606560554,-1.668432771,4.160106659,1.974707842,2.566054344,-0.418116814,0.907347678,-0.043572015,0.146583630,0.989066508,0.016146257,2.420133352,2.985329866,0.521475375,0.000000000,0.000000000,0.000000000,1.000000000,2.566054344,4.160106659,1.974707842,4.160106659,0.616824172
2026-06-03T01:47:51,1773928460.150477886,r1,body,odom,2,structure_anchor_2,plane,wall_like,general_plane,unknown,confirmed,true,true,true,false,107,0,112,107,0.840856017,1.000000000,0.998922943,0.955357143,0.000000000,0.000000000,0.000000000,0.106918650,603,0.128270581,0.000000000,2.156310409,-1.489670992,-2.015620947,0.255175173,-5.556279254,2.580397650,-2.073477670,1.753034592,4.099882126,1.552464843,0.920970585,0.389614410,0.003714001,0.984050113,-0.177840981,-0.004240220,-1.489670992,-2.015620947,0.255175173,0.000000000,0.000000000,0.000000000,1.000000000,1.552464843,1.753034592,4.099882126,4.099882126,0.378660848
2026-06-03T01:47:51,1773928460.150477886,r1,body,odom,19,structure_anchor_19,plane,wall_like,general_plane,unknown,stale,false,false,true,false,8,38,49,8,0.412653061,1.000000000,0.000000000,0.163265306,1.000000000,0.000000000,0.000000000,0.255109873,131,0.037850332,0.000000000,1.118203461,2.996580782,-8.117590555,0.636160896,-5.140776611,-4.991117138,-2.145315129,2.911881447,0.178876400,1.796473742,-0.906211444,-0.422810671,-0.003473734,-0.989859705,0.142030062,0.002314478,2.996580782,-8.117590555,0.636160896,0.000000000,0.000000000,0.000000000,1.000000000,1.796473742,2.911881447,0.178876400,2.911881447,0.616946045
2026-06-03T01:47:51,1773928460.150477886,r1,body,odom,14,structure_anchor_14,plane,wall_like,general_plane,unknown,stale,false,false,true,false,6,53,60,6,0.287500000,0.750000000,0.000000000,0.100000000,1.000000000,0.000000000,0.000000000,0.214611594,219,0.063662791,0.000000000,-0.106828652,4.655543500,-6.037718493,1.089647978,-2.615436385,-4.186958503,-1.635745316,1.515600443,4.065314293,2.097198963,-0.181734253,0.978741391,-0.095068723,0.383649083,0.922664587,-0.038775919,4.655543500,-6.037718493,1.089647978,0.000000000,0.000000000,0.000000000,1.000000000,2.097198963,1.515600443,4.065314293,4.065314293,0.515876218
2026-06-03T01:47:51,1773928460.387477636,r1,body,odom,39,structure_anchor_39,plane,wall_like,general_plane,unknown,weak_tracked,false,true,true,false,2,0,2,2,0.428000000,0.250000000,0.577500000,1.000000000,0.000000000,0.000000000,0.000000000,0.043900596,395,0.079460873,0.000000000,-1.828704239,2.054400921,3.534015894,0.539510548,0.821519363,4.604115439,-1.609269553,4.949396610,3.203059435,2.815827131,-0.547951587,0.836503395,-0.003336004,0.143648241,0.988134048,0.054371522,2.054400921,3.534015894,0.539510548,0.000000000,0.000000000,0.000000000,1.000000000,2.815827131,4.949396610,3.203059435,4.949396610,0.568923316
2026-06-03T01:47:51,1773928460.387477636,r1,body,odom,29,structure_anchor_29,plane,wall_like,general_plane,unknown,confirmed,true,true,true,false,9,0,28,9,0.616875848,1.000000000,0.512950668,0.321428571,0.000000000,0.000000000,0.000000000,0.101232654,371,0.074632871,0.000000000,-3.249137857,-0.535772622,3.524649382,0.288734108,-1.121427086,6.325783025,-1.790363990,3.486654282,2.244063854,2.216954231,-0.529664089,0.846153148,-0.058998331,0.164509857,0.986374704,-0.001194138,-0.535772622,3.524649382,0.288734108,0.000000000,0.000000000,0.000000000,1.000000000,2.216954231,3.486654282,2.244063854,3.486654282,0.635839992
2026-06-03T01:47:51,1773928460.387477636,r1,body,odom,30,structure_anchor_30,plane,wall_like,general_plane,unknown,weak_tracked,false,true,true,false,4,0,28,4,0.302571429,0.500000000,0.350000000,0.142857143,0.300000000,0.000000000,0.000000000,0.077942735,66,0.013277007,0.000000000,-3.225110313,4.353783607,6.633281708,2.002484083,4.576426725,5.316198708,-0.051544082,3.458925009,2.183879852,1.811029196,-0.529023278,0.847352796,-0.046126017,0.165606030,0.986122563,0.011700864,4.353783607,6.633281708,2.002484083,0.000000000,0.000000000,0.000000000,1.000000000,1.811029196,3.458925009,2.183879852,3.458925009,0.523581515
2026-06-03T01:47:51,1773928460.387477636,r1,body,odom,19,structure_anchor_19,plane,wall_like,general_plane,unknown,stale,false,false,true,false,8,39,50,8,0.412000000,1.000000000,0.000000000,0.160000000,1.000000000,0.000000000,0.000000000,0.255109873,131,0.037850332,0.000000000,1.118203461,3.954176157,-7.614434914,0.627153671,-5.140775849,-4.991116225,-2.145315090,2.911881447,0.178876400,1.796473742,-0.835551409,-0.549353417,0.008035724,-0.989859591,0.142029984,0.002314478,3.954176157,-7.614434914,0.627153671,0.000000000,0.000000000,0.000000000,1.000000000,1.796473742,2.911881447,0.178876400,2.911881447,0.616946045
2026-06-03T01:47:51,1773928460.387477636,r1,body,odom,18,structure_anchor_18,plane,wall_like,general_plane,unknown,stale,false,false,true,false,47,4,102,46,0.661056244,1.000000000,0.674300829,0.450980392,0.200000000,0.000000000,0.000000000,0.228044614,239,0.068422559,0.000000000,0.207711749,0.593293205,-2.434789679,0.319883850,-4.223327328,1.122351971,-2.095639517,0.181616172,4.928121090,1.355182767,-0.833727770,-0.548935991,-0.059725970,-0.987277835,0.144949340,-0.065360916,0.593293205,-2.434789679,0.319883850,0.000000000,0.000000000,0.000000000,1.000000000,1.355182767,0.181616172,4.928121090,4.928121090,0.274989746
2026-06-03T01:47:51,1773928460.387477636,r1,body,odom,14,structure_anchor_14,plane,wall_like,general_plane,unknown,stale,false,false,true,false,6,54,61,6,0.287172131,0.750000000,0.000000000,0.098360656,1.000000000,0.000000000,0.000000000,0.214611594,219,0.063662791,0.000000000,-0.106828652,5.299801023,-5.314563930,1.055594222,-2.615435985,-4.186957531,-1.635745336,1.515600443,4.065314293,2.097198963,-0.322329242,0.941750455,-0.095967952,0.383648979,0.922664496,-0.038775921,5.299801023,-5.314563930,1.055594222,0.000000000,0.000000000,0.000000000,1.000000000,2.097198963,1.515600443,4.065314293,4.065314293,0.515876218
2026-06-03T01:47:51,1773928460.387477636,r1,body,odom,38,structure_anchor_38,plane,wall_like,general_plane,unknown,stale,false,false,true,false,4,4,9,4,0.389787639,0.500000000,0.449493750,0.444444444,0.200000000,0.000000000,0.000000000,0.104244417,173,0.049527627,0.000000000,-0.800763966,1.314588750,0.404776960,-0.146149426,-1.795789087,2.793522565,-2.434519596,1.644061327,1.410686970,0.832732439,0.097552688,0.982825856,-0.156642001,0.726216667,0.678842649,-0.108544440,1.314588750,0.404776960,-0.146149426,0.000000000,0.000000000,0.000000000,1.000000000,0.832732439,1.644061327,1.410686970,1.644061327,0.506509353
2026-06-03T01:47:51,1773928460.588478088,r1,body,odom,29,structure_anchor_29,plane,wall_like,general_plane,unknown,confirmed,true,true,true,false,10,0,29,10,0.655649104,1.000000000,0.683417934,0.344827586,0.000000000,0.000000000,0.000000000,0.081242353,424,0.085209003,0.000000000,-3.336299689,-0.986613810,3.441582680,0.390323997,-1.152298786,6.321421851,-1.795748350,3.411286592,2.578442097,2.249107361,-0.596503319,0.801988783,-0.031587679,0.157824669,0.987455736,-0.004742097,-0.986613810,3.441582680,0.390323997,0.000000000,0.000000000,0.000000000,1.000000000,2.249107361,3.411286592,2.578442097,3.411286592,0.659313517
2026-06-03T01:47:51,1773928460.588478088,r1,body,odom,40,structure_anchor_40,plane,wall_like,general_plane,unknown,candidate,false,true,true,false,1,0,1,1,0.326250000,0.125000000,0.350000000,1.000000000,0.000000000,0.000000000,0.000000000,0.000000000,55,0.011053055,0.000000000,-3.296252920,3.563010931,6.867890835,1.166924715,4.473455896,5.435587781,-1.016029182,2.503971100,1.945297241,2.416912079,-0.602614416,0.797506311,-0.028974975,0.150336788,0.988632514,-0.002132289,3.563010931,6.867890835,1.166924715,0.000000000,0.000000000,0.000000000,1.000000000,2.416912079,2.503971100,1.945297241,2.503971100,0.965231619
2026-06-03T01:47:51,1773928460.588478088,r1,body,odom,2,structure_anchor_2,plane,wall_like,general_plane,unknown,confirmed,true,true,true,false,108,0,114,108,0.828933667,1.000000000,0.947299913,0.947368421,0.000000000,0.000000000,0.000000000,0.109322732,337,0.067725080,0.000000000,2.466504115,-1.624568939,-1.947628021,0.268513918,-5.455293031,3.020347476,-2.025015191,1.861949801,2.475664616,1.345336199,0.803135935,0.595772658,-0.005254467,0.987276679,-0.158937658,-0.004850323,-1.624568939,-1.947628021,0.268513918,0.000000000,0.000000000,0.000000000,1.000000000,1.345336199,1.861949801,2.475664616,2.475664616,0.543424255
2026-06-03T01:47:51,1773928460.588478088,r1,body,odom,41,structure_anchor_41,compact_cluster,pillar_like,pillar_compact_cluster,unknown,candidate,false,true,true,false,1,0,1,1,0.326250000,0.125000000,0.350000000,1.000000000,0.000000000,0.000000000,0.000000000,0.000000000,53,0.010651125,0.000000000,0.000000000,0.829901934,4.317033768,0.574802339,0.741840435,5.627320027,-1.620718768,0.374670029,0.509483337,2.019017935,0.000000000,0.000000000,1.000000000,-0.004667959,-0.026442271,0.999639443,0.829901934,4.317033768,0.574802339,0.000000000,0.000000000,0.000000000,1.000000000,2.019017935,0.374670029,0.509483337,0.509483337,3.962873340
2026-06-03T01:47:51,1773928460.588478088,r1,body,odom,19,structure_anchor_19,plane,wall_like,general_plane,unknown,stale,false,false,true,false,8,40,51,8,0.411372549,1.000000000,0.000000000,0.156862745,1.000000000,0.000000000,0.000000000,0.255109873,131,0.037850332,0.000000000,1.118203461,4.331086986,-7.315959462,0.358630520,-5.140775426,-4.991115813,-2.145315098,2.911881447,0.178876400,1.796473742,-0.792797858,-0.609476226,0.003178671,-0.989859536,0.142029941,0.002314478,4.331086986,-7.315959462,0.358630520,0.000000000,0.000000000,0.000000000,1.000000000,1.796473742,2.911881447,0.178876400,2.911881447,0.616946045
2026-06-03T01:47:51,1773928460.588478088,r1,body,odom,18,structure_anchor_18,plane,wall_like,general_plane,unknown,stale,false,false,true,false,47,5,103,46,0.640680554,1.000000000,0.594300829,0.446601942,0.250000000,0.000000000,0.000000000,0.228044614,239,0.068422559,0.000000000,0.207711749,0.595160985,-2.391732984,0.242351594,-4.223327172,1.122352042,-2.095639526,0.181616172,4.928121090,1.355182767,-0.792024192,-0.607066142,-0.064561565,-0.987277780,0.144949297,-0.065360913,0.595160985,-2.391732984,0.242351594,0.000000000,0.000000000,0.000000000,1.000000000,1.355182767,0.181616172,4.928121090,4.928121090,0.274989746
2026-06-03T01:47:51,1773928460.588478088,r1,body,odom,14,structure_anchor_14,plane,wall_like,general_plane,unknown,stale,false,false,true,false,6,55,62,6,0.286854839,0.750000000,0.000000000,0.096774194,1.000000000,0.000000000,0.000000000,0.214611594,219,0.063662791,0.000000000,-0.106828652,5.510678486,-4.935761308,0.834964561,-2.615435744,-4.186957080,-1.635745367,1.515600443,4.065314293,2.097198963,-0.391928884,0.917699867,-0.064950139,0.383648923,0.922664453,-0.038775919,5.510678486,-4.935761308,0.834964561,0.000000000,0.000000000,0.000000000,1.000000000,2.097198963,1.515600443,4.065314293,4.065314293,0.515876218
2026-06-03T01:47:51,1773928460.588478088,r1,body,odom,38,structure_anchor_38,plane,wall_like,general_plane,unknown,stale,false,false,true,false,4,5,10,4,0.361398750,0.500000000,0.369493750,0.400000000,0.250000000,0.000000000,0.000000000,0.104244417,173,0.049527627,0.000000000,-0.800763966,1.099205323,0.505002335,-0.151927474,-1.795789137,2.793522619,-2.434519589,1.644061327,1.410686970,0.832732439,0.022854532,0.991270731,-0.129845388,0.726216599,0.678842633,-0.108544435,1.099205323,0.505002335,-0.151927474,0.000000000,0.000000000,0.000000000,1.000000000,0.832732439,1.644061327,1.410686970,1.644061327,0.506509353
2026-06-03T01:47:51,1773928460.747478008,r1,body,odom,29,structure_anchor_29,plane,wall_like,general_plane,unknown,confirmed,true,true,true,false,11,0,30,11,0.682177665,1.000000000,0.794221657,0.366666667,0.000000000,0.000000000,0.000000000,0.091354247,433,0.085691668,0.000000000,-3.448070034,-1.191022396,3.442384481,0.354539871,-1.146893583,6.326987480,-1.896662977,3.405655861,2.657777548,2.214438438,-0.611672954,0.791047833,-0.009976134,0.150046905,0.988670310,0.004125219,-1.191022396,3.442384481,0.354539871,0.000000000,0.000000000,0.000000000,1.000000000,2.214438438,3.405655861,2.657777548,3.405655861,0.650223783
2026-06-03T01:47:51,1773928460.747478008,r1,body,odom,39,structure_anchor_39,plane,wall_like,general_plane,unknown,confirmed,true,true,true,false,3,0,4,3,0.453425000,0.375000000,0.673375000,0.750000000,0.000000000,0.000000000,0.000000000,0.084191325,221,0.043736394,0.000000000,-2.057613918,1.024890304,3.409816265,0.594657600,0.361404938,4.697818254,-1.697088768,4.456121922,3.415834665,2.658906460,-0.610049249,0.791837140,-0.028876585,0.151552006,0.988338537,-0.014798604,1.024890304,3.409816265,0.594657600,0.000000000,0.000000000,0.000000000,1.000000000,2.658906460,4.456121922,3.415834665,4.456121922,0.596686201
2026-06-03T01:47:51,1773928460.747478008,r1,body,odom,2,structure_anchor_2,plane,wall_like,general_plane,unknown,confirmed,true,true,true,false,109,0,115,109,0.832714206,1.000000000,0.965744943,0.947826087,0.000000000,0.000000000,0.000000000,0.122649232,347,0.068672076,0.000000000,2.589985914,-1.808509827,-1.897427559,0.155169576,-5.438544625,3.090771516,-2.104681093,2.027781963,2.637684584,1.312315464,0.789741545,0.613307525,0.012734658,0.988971079,-0.148107663,0.000630678,-1.808509827,-1.897427559,0.155169576,0.000000000,0.000000000,0.000000000,1.000000000,1.312315464,2.027781963,2.637684584,2.637684584,0.497525547
2026-06-03T01:47:51,1773928460.747478008,r1,body,odom,42,structure_anchor_42,compact_cluster,pillar_like,pillar_compact_cluster,unknown,candidate,false,true,true,false,1,0,1,1,0.326250000,0.125000000,0.350000000,1.000000000,0.000000000,0.000000000,0.000000000,0.000000000,28,0.005541263,0.000000000,0.000000000,-0.977691472,3.353445053,0.135238409,-1.066162153,6.114734806,-2.120146038,0.670379639,0.354250669,1.703855276,0.000000000,0.000000000,1.000000000,0.009878647,-0.015761472,0.999826979,-0.977691472,3.353445053,0.135238409,0.000000000,0.000000000,0.000000000,1.000000000,1.703855276,0.670379639,0.354250669,0.670379639,2.541627427
2026-06-03T01:47:51,1773928460.747478008,r1,body,odom,19,structure_anchor_19,plane,wall_like,general_plane,unknown,stale,false,false,true,false,8,41,52,8,0.410769231,1.000000000,0.000000000,0.153846154,1.000000000,0.000000000,0.000000000,0.255109873,131,0.037850332,0.000000000,1.118203461,4.243875341,-7.260992897,0.244866605,-5.140777268,-4.991117690,-2.145315103,2.911881447,0.178876400,1.796473742,-0.786012380,-0.618134795,-0.009702998,-0.989859784,0.142030129,0.002314480,4.243875341,-7.260992897,0.244866605,0.000000000,0.000000000,0.000000000,1.000000000,1.796473742,2.911881447,0.178876400,2.911881447,0.616946045
2026-06-03T01:47:51,1773928460.747478008,r1,body,odom,18,structure_anchor_18,plane,wall_like,general_plane,unknown,stale,false,false,true,false,47,6,104,46,0.620321704,1.000000000,0.514300829,0.442307692,0.300000000,0.000000000,0.000000000,0.228044614,239,0.068422559,0.000000000,0.207711749,0.453981383,-2.376939845,0.207239499,-4.223327846,1.122351693,-2.095639495,0.181616172,4.928121090,1.355182767,-0.785108875,-0.614504279,-0.077387203,-0.987278027,0.144949485,-0.065360925,0.453981383,-2.376939845,0.207239499,0.000000000,0.000000000,0.000000000,1.000000000,1.355182767,0.181616172,4.928121090,4.928121090,0.274989746
2026-06-03T01:47:51,1773928460.747478008,r1,body,odom,14,structure_anchor_14,plane,wall_like,general_plane,unknown,stale,false,false,true,false,6,56,63,6,0.286547619,0.750000000,0.000000000,0.095238095,1.000000000,0.000000000,0.000000000,0.214611594,219,0.063662791,0.000000000,-0.106828652,5.395959881,-4.876847221,0.766620497,-2.615436776,-4.186959119,-1.635745264,1.515600443,4.065314293,2.097198963,-0.401905933,0.914340989,-0.049521833,0.383649166,0.922664647,-0.038775923,5.395959881,-4.876847221,0.766620497,0.000000000,0.000000000,0.000000000,1.000000000,2.097198963,1.515600443,4.065314293,4.065314293,0.515876218
2026-06-03T01:47:51,1773928460.747478008,r1,body,odom,38,structure_anchor_38,plane,wall_like,general_plane,unknown,stale,false,false,true,false,4,6,11,4,0.334626023,0.500000000,0.289493750,0.363636364,0.300000000,0.000000000,0.000000000,0.104244417,173,0.049527627,0.000000000,-0.800763966,0.926859554,0.531767384,-0.133941310,-1.795788900,2.793522361,-2.434519623,1.644061327,1.410686970,0.832732439,0.012187174,0.993627816,-0.112051196,0.726216898,0.678842709,-0.108544455,0.926859554,0.531767384,-0.133941310,0.000000000,0.000000000,0.000000000,1.000000000,0.832732439,1.644061327,1.410686970,1.644061327,0.506509353
2026-06-03T01:47:51,1773928460.966478109,r1,body,odom,19,structure_anchor_19,plane,wall_like,general_plane,unknown,stale,false,false,true,false,8,42,53,8,0.410188679,1.000000000,0.000000000,0.150943396,1.000000000,0.000000000,0.000000000,0.255109873,131,0.037850332,0.000000000,1.118203461,4.061242165,-7.254704111,0.154642315,-5.140776545,-4.991116954,-2.145315103,2.911881447,0.178876400,1.796473742,-0.786681285,-0.617359382,-0.000144696,-0.989859687,0.142030055,0.002314478,4.061242165,-7.254704111,0.154642315,0.000000000,0.000000000,0.000000000,1.000000000,1.796473742,2.911881447,0.178876400,2.911881447,0.616946045
2026-06-03T01:47:51,1773928460.966478109,r1,body,odom,18,structure_anchor_18,plane,wall_like,general_plane,unknown,stale,false,false,true,false,47,7,105,46,0.599979213,1.000000000,0.434300829,0.438095238,0.350000000,0.000000000,0.000000000,0.228044614,239,0.068422559,0.000000000,0.207711749,0.276041355,-2.366990076,0.189085539,-4.223327582,1.122351830,-2.095639508,0.181616172,4.928121090,1.355182767,-0.786772914,-0.613505144,-0.067822493,-0.987277930,0.144949411,-0.065360921,0.276041355,-2.366990076,0.189085539,0.000000000,0.000000000,0.000000000,1.000000000,1.355182767,0.181616172,4.928121090,4.928121090,0.274989746
2026-06-03T01:47:51,1773928460.966478109,r1,body,odom,14,structure_anchor_14,plane,wall_like,general_plane,unknown,stale,false,false,true,false,6,57,64,6,0.286250000,0.750000000,0.000000000,0.093750000,1.000000000,0.000000000,0.000000000,0.214611594,219,0.063662791,0.000000000,-0.106828652,5.223258241,-4.873388016,0.667211946,-2.615436371,-4.186958319,-1.635745304,1.515600443,4.065314293,2.097198963,-0.401687714,0.914877919,-0.040564079,0.383649071,0.922664571,-0.038775921,5.223258241,-4.873388016,0.667211946,0.000000000,0.000000000,0.000000000,1.000000000,2.097198963,1.515600443,4.065314293,4.065314293,0.515876218
2026-06-03T01:47:51,1773928460.966478109,r1,body,odom,38,structure_anchor_38,plane,wall_like,general_plane,unknown,stale,false,false,true,false,4,7,12,4,0.309065417,0.500000000,0.209493750,0.333333333,0.350000000,0.000000000,0.000000000,0.104244417,173,0.049527627,0.000000000,-0.800763966,0.746712594,0.542386850,-0.149424289,-1.795788993,2.793522463,-2.434519609,1.644061327,1.410686970,0.832732439,0.011515979,0.993982173,-0.108935268,0.726216781,0.678842679,-0.108544447,0.746712594,0.542386850,-0.149424289,0.000000000,0.000000000,0.000000000,1.000000000,0.832732439,1.644061327,1.410686970,1.644061327,0.506509353
2026-06-03T01:47:52,1773928461.167473078,r1,body,odom,29,structure_anchor_29,plane,wall_like,general_plane,unknown,confirmed,true,true,true,false,12,0,32,12,0.687848815,1.000000000,0.814244077,0.375000000,0.000000000,0.000000000,0.000000000,0.096422409,347,0.074849008,0.000000000,-3.702034265,-1.917394638,3.197710276,0.476243198,-1.599463661,6.402037547,-1.788614475,3.313396931,2.544411182,1.929627657,-0.609127127,0.793062693,-0.003963404,0.149771994,0.988718829,0.001858327,-1.917394638,3.197710276,0.476243198,0.000000000,0.000000000,0.000000000,1.000000000,1.929627657,3.313396931,2.544411182,3.313396931,0.582371414
2026-06-03T01:47:52,1773928461.167473078,r1,body,odom,20,structure_anchor_20,plane,wall_like,general_plane,unknown,weak_tracked,false,true,true,false,7,0,52,7,0.441522888,0.875000000,0.350000000,0.134615385,0.700000000,0.005006311,0.000000000,0.313154970,333,0.071829163,0.000000000,1.318793345,0.641113281,-3.080864906,0.467769772,-4.354089828,0.207028508,-1.809586305,3.546957016,4.053506851,2.099852324,0.723542372,0.623573762,0.296044252,0.954779141,-0.091931244,0.282746287,0.641113281,-3.080864906,0.467769772,0.000000000,0.000000000,0.000000000,1.000000000,2.099852324,3.546957016,4.053506851,4.053506851,0.518033496
2026-06-03T01:47:52,1773928461.167473078,r1,body,odom,19,structure_anchor_19,plane,wall_like,general_plane,unknown,stale,false,false,true,false,8,43,54,8,0.409629630,1.000000000,0.000000000,0.148148148,1.000000000,0.000000000,0.000000000,0.255109873,131,0.037850332,0.000000000,1.118203461,3.848915834,-7.248506836,0.162696701,-5.140776621,-4.991117013,-2.145315102,2.911881447,0.178876400,1.796473742,-0.788195652,-0.615310225,-0.011875562,-0.989859697,0.142030062,0.002314479,3.848915834,-7.248506836,0.162696701,0.000000000,0.000000000,0.000000000,1.000000000,1.796473742,2.911881447,0.178876400,2.911881447,0.616946045
2026-06-03T01:47:52,1773928461.167473078,r1,body,odom,18,structure_anchor_18,plane,wall_like,general_plane,unknown,stale,false,false,true,false,47,8,106,46,0.579652619,1.000000000,0.354300829,0.433962264,0.400000000,0.000000000,0.000000000,0.228044614,239,0.068422559,0.000000000,0.207711749,0.076005571,-2.351196870,0.176256844,-4.223327612,1.122351832,-2.095639506,0.181616172,4.928121090,1.355182767,-0.787507857,-0.611151487,-0.079531897,-0.987277940,0.144949418,-0.065360921,0.076005571,-2.351196870,0.176256844,0.000000000,0.000000000,0.000000000,1.000000000,1.355182767,0.181616172,4.928121090,4.928121090,0.274989746
2026-06-03T01:47:52,1773928461.167473078,r1,body,odom,14,structure_anchor_14,plane,wall_like,general_plane,unknown,stale,false,false,true,false,6,58,65,6,0.285961538,0.750000000,0.000000000,0.092307692,1.000000000,0.000000000,0.000000000,0.214611594,219,0.063662791,0.000000000,-0.106828652,5.011077820,-4.872541173,0.699205918,-2.615436414,-4.186958385,-1.635745300,1.515600443,4.065314293,2.097198963,-0.398873406,0.916089743,-0.040983858,0.383649081,0.922664579,-0.038775922,5.011077820,-4.872541173,0.699205918,0.000000000,0.000000000,0.000000000,1.000000000,2.097198963,1.515600443,4.065314293,4.065314293,0.515876218
2026-06-03T01:47:52,1773928461.167473078,r1,body,odom,38,structure_anchor_38,plane,wall_like,general_plane,unknown,stale,false,false,true,false,4,8,13,4,0.284437212,0.500000000,0.129493750,0.307692308,0.400000000,0.000000000,0.000000000,0.104244417,173,0.049527627,0.000000000,-0.800763966,0.557890390,0.558442350,-0.143713774,-1.795788986,2.793522468,-2.434519611,1.644061327,1.410686970,0.832732439,0.015280836,0.994428753,-0.104297837,0.726216793,0.678842682,-0.108544448,0.557890390,0.558442350,-0.143713774,0.000000000,0.000000000,0.000000000,1.000000000,0.832732439,1.644061327,1.410686970,1.644061327,0.506509353
2026-06-03T01:47:52,1773928461.386472940,r1,body,odom,19,structure_anchor_19,plane,wall_like,general_plane,unknown,stale,false,false,true,false,8,44,55,8,0.409090909,1.000000000,0.000000000,0.145454545,1.000000000,0.000000000,0.000000000,0.255109873,131,0.037850332,0.000000000,1.118203461,3.636293483,-7.210848352,0.233080151,-5.140776638,-4.991117014,-2.145315105,2.911881447,0.178876400,1.796473742,-0.789078749,-0.614287380,0.002415383,-0.989859699,0.142030064,0.002314478,3.636293483,-7.210848352,0.233080151,0.000000000,0.000000000,0.000000000,1.000000000,1.796473742,2.911881447,0.178876400,2.911881447,0.616946045
2026-06-03T01:47:52,1773928461.386472940,r1,body,odom,18,structure_anchor_18,plane,wall_like,general_plane,unknown,stale,false,false,true,false,47,9,107,46,0.559341474,1.000000000,0.274300829,0.429906542,0.450000000,0.000000000,0.000000000,0.228044614,239,0.068422559,0.000000000,0.207711749,-0.129904464,-2.308414435,0.209090880,-4.223327618,1.122351844,-2.095639507,0.181616172,4.928121090,1.355182767,-0.788899776,-0.611043287,-0.065294230,-0.987277942,0.144949420,-0.065360922,-0.129904464,-2.308414435,0.209090880,0.000000000,0.000000000,0.000000000,1.000000000,1.355182767,0.181616172,4.928121090,4.928121090,0.274989746
2026-06-03T01:47:52,1773928461.386472940,r1,body,odom,14,structure_anchor_14,plane,wall_like,general_plane,unknown,stale,false,false,true,false,6,59,66,6,0.285681818,0.750000000,0.000000000,0.090909091,1.000000000,0.000000000,0.000000000,0.214611594,219,0.063662791,0.000000000,-0.106828652,4.805651391,-4.829520289,0.728614424,-2.615436424,-4.186958387,-1.635745300,1.515600443,4.065314293,2.097198963,-0.397957778,0.916022164,-0.050329838,0.383649083,0.922664581,-0.038775921,4.805651391,-4.829520289,0.728614424,0.000000000,0.000000000,0.000000000,1.000000000,2.097198963,1.515600443,4.065314293,4.065314293,0.515876218
2026-06-03T01:47:52,1773928461.386472940,r1,body,odom,38,structure_anchor_38,plane,wall_like,general_plane,unknown,stale,false,false,true,false,4,9,14,4,0.260541607,0.500000000,0.049493750,0.285714286,0.450000000,0.000000000,0.000000000,0.104244417,173,0.049527627,0.000000000,-0.800763966,0.353393618,0.595948806,-0.153802666,-1.795788986,2.793522481,-2.434519611,1.644061327,1.410686970,0.832732439,0.015806752,0.992907401,-0.117835185,0.726216795,0.678842683,-0.108544448,0.353393618,0.595948806,-0.153802666,0.000000000,0.000000000,0.000000000,1.000000000,0.832732439,1.644061327,1.410686970,1.644061327,0.506509353
2026-06-03T01:47:52,1773928461.587472916,r1,body,odom,20,structure_anchor_20,plane,wall_like,general_plane,unknown,confirmed,true,true,true,false,8,0,54,8,0.553107976,1.000000000,0.525500000,0.148148148,0.450000000,0.004055112,0.000000000,0.338556669,273,0.055896806,0.000000000,1.607442748,0.400395304,-3.158577919,0.445524424,-4.380640174,0.017993283,-1.858135596,3.602483749,4.088152409,2.134101868,0.725953040,0.637378303,0.258342955,0.962686313,-0.083946901,0.257270322,0.400395304,-3.158577919,0.445524424,0.000000000,0.000000000,0.000000000,1.000000000,2.134101868,3.602483749,4.088152409,4.088152409,0.522021112
2026-06-03T01:47:52,1773928461.587472916,r1,body,odom,2,structure_anchor_2,plane,wall_like,general_plane,unknown,confirmed,true,true,true,false,110,0,119,110,0.799220792,1.000000000,0.821734213,0.924369748,0.000000000,0.000000000,0.000000000,0.130785193,734,0.150286650,0.000000000,3.127079412,-1.009074688,-3.805982828,0.606319249,-5.823881029,0.584707672,-1.692351149,6.975515842,8.957032204,3.677780867,0.790978797,0.611843413,-0.000424206,0.989200751,-0.146553531,-0.001994443,-1.009074688,-3.805982828,0.606319249,0.000000000,0.000000000,0.000000000,1.000000000,3.677780867,6.975515842,8.957032204,8.957032204,0.410602617
2026-06-03T01:47:52,1773928461.587472916,r1,body,odom,18,structure_anchor_18,plane,wall_like,general_plane,unknown,confirmed,true,true,true,true,48,0,108,47,0.632196145,1.000000000,0.528295539,0.435185185,0.150000000,0.000000000,0.000000000,0.224812417,434,0.049754300,0.000000000,1.502940817,-1.314674336,-0.802683523,0.304259916,-3.869850734,2.887914878,-1.977728512,3.085683823,3.920850039,1.502548456,0.793609756,0.603082955,0.080465127,0.984742554,-0.155137077,0.078833764,-1.314674336,-0.802683523,0.304259916,0.000000000,0.000000000,0.000000000,1.000000000,1.502548456,3.085683823,3.920850039,3.920850039,0.383220078
2026-06-03T01:47:52,1773928461.587472916,r1,body,odom,39,structure_anchor_39,plane,wall_like,general_plane,unknown,stale,false,false,true,false,3,4,8,3,0.300425000,0.375000000,0.353375000,0.375000000,0.200000000,0.000000000,0.000000000,0.084191325,221,0.043736394,0.000000000,-2.057613918,0.454257728,3.555281243,0.606178896,0.498551288,4.628916730,-1.664503596,4.456121922,3.415834665,2.658906460,-0.611359961,0.791306049,0.008594558,0.147139313,0.988985191,0.016077521,0.454257728,3.555281243,0.606178896,0.000000000,0.000000000,0.000000000,1.000000000,2.658906460,4.456121922,3.415834665,4.456121922,0.596686201
2026-06-03T01:47:52,1773928461.587472916,r1,body,odom,19,structure_anchor_19,plane,wall_like,general_plane,unknown,stale,false,false,true,false,8,45,56,8,0.408571429,1.000000000,0.000000000,0.142857143,1.000000000,0.000000000,0.000000000,0.255109873,131,0.037850332,0.000000000,1.118203461,3.487753880,-7.178222529,0.196244592,-5.140776822,-4.991117162,-2.145315102,2.911881447,0.178876400,1.796473742,-0.788175122,-0.615450650,0.000778462,-0.989859723,0.142030082,0.002314478,3.487753880,-7.178222529,0.196244592,0.000000000,0.000000000,0.000000000,1.000000000,1.796473742,2.911881447,0.178876400,2.911881447,0.616946045
2026-06-03T01:47:52,1773928461.587472916,r1,body,odom,14,structure_anchor_14,plane,wall_like,general_plane,unknown,stale,false,false,true,false,6,60,67,6,0.285410448,0.750000000,0.000000000,0.089552239,1.000000000,0.000000000,0.000000000,0.214611594,219,0.063662791,0.000000000,-0.106828652,4.654336002,-4.797430138,0.700813238,-2.615436530,-4.186958551,-1.635745287,1.515600443,4.065314293,2.097198963,-0.399368932,0.915653481,-0.045643075,0.383649107,0.922664600,-0.038775922,4.654336002,-4.797430138,0.700813238,0.000000000,0.000000000,0.000000000,1.000000000,2.097198963,1.515600443,4.065314293,4.065314293,0.515876218
2026-06-03T01:47:52,1773928461.587472916,r1,body,odom,38,structure_anchor_38,plane,wall_like,general_plane,unknown,stale,false,false,true,false,4,10,15,4,0.243333333,0.500000000,0.000000000,0.266666667,0.500000000,0.000000000,0.000000000,0.104244417,173,0.049527627,0.000000000,-0.800763966,0.192887474,0.625403219,-0.150850750,-1.795788967,2.793522492,-2.434519614,1.644061327,1.410686970,0.832732439,0.014185577,0.993449126,-0.113391960,0.726216825,0.678842690,-0.108544450,0.192887474,0.625403219,-0.150850750,0.000000000,0.000000000,0.000000000,1.000000000,0.832732439,1.644061327,1.410686970,1.644061327,0.506509353
2026-06-03T01:47:52,1773928461.767472744,r1,body,odom,2,structure_anchor_2,plane,wall_like,general_plane,unknown,confirmed,true,true,true,false,111,0,120,111,0.811825448,1.000000000,0.884127239,0.925000000,0.000000000,0.000000000,0.000000000,0.131959977,700,0.099547511,0.000000000,3.229728326,-0.875633987,-4.118319397,0.712469279,-5.879280122,0.196197956,-1.556348423,5.485387802,6.960175037,3.650705099,0.787315422,0.616548096,-0.001664912,0.988919136,-0.148313060,-0.006484533,-0.875633987,-4.118319397,0.712469279,0.000000000,0.000000000,0.000000000,1.000000000,3.650705099,5.485387802,6.960175037,6.960175037,0.524513404
2026-06-03T01:47:52,1773928461.767472744,r1,body,odom,18,structure_anchor_18,plane,wall_like,general_plane,unknown,confirmed,true,true,true,false,49,0,109,48,0.676751815,1.000000000,0.693392100,0.440366972,0.000000000,0.000000000,0.000000000,0.232282346,184,0.036199095,0.000000000,1.599442328,0.290008277,-3.049754858,0.314236462,-4.304145477,0.082271277,-1.962689317,2.930891037,3.760495663,2.168841839,0.786767359,0.609385123,0.098218604,0.983877447,-0.152491322,0.093442685,0.290008277,-3.049754858,0.314236462,0.000000000,0.000000000,0.000000000,1.000000000,2.168841839,2.930891037,3.760495663,3.760495663,0.576743609
2026-06-03T01:47:52,1773928461.767472744,r1,body,odom,43,structure_anchor_43,plane,wall_like,general_plane,unknown,candidate,false,true,true,false,1,0,1,1,0.326250000,0.125000000,0.350000000,1.000000000,0.000000000,0.000000000,0.000000000,0.000000000,135,0.026559119,0.000000000,1.573402666,-2.714118719,0.900956392,0.284288019,-3.498579920,4.979437060,-2.013933487,1.395095348,1.725549698,1.596790910,0.790966619,0.602151567,0.108560109,0.981563854,-0.160476912,0.103824520,-2.714118719,0.900956392,0.284288019,0.000000000,0.000000000,0.000000000,1.000000000,1.596790910,1.395095348,1.725549698,1.725549698,0.925381003
2026-06-03T01:47:52,1773928461.767472744,r1,body,odom,39,structure_anchor_39,plane,wall_like,general_plane,unknown,stale,false,false,true,false,3,5,9,3,0.272591667,0.375000000,0.273375000,0.333333333,0.250000000,0.000000000,0.000000000,0.084191325,221,0.043736394,0.000000000,-2.057613918,0.286839305,3.561697746,0.654052328,0.498550675,4.628916638,-1.664503668,4.456121922,3.415834665,2.658906460,-0.617398635,0.786388573,0.020293830,0.147139208,0.988985054,0.016077519,0.286839305,3.561697746,0.654052328,0.000000000,0.000000000,0.000000000,1.000000000,2.658906460,4.456121922,3.415834665,4.456121922,0.596686201
2026-06-03T01:47:52,1773928461.767472744,r1,body,odom,19,structure_anchor_19,plane,wall_like,general_plane,unknown,stale,false,false,true,false,8,46,57,8,0.408070175,1.000000000,0.000000000,0.140350877,1.000000000,0.000000000,0.000000000,0.255109873,131,0.037850332,0.000000000,1.118203461,3.401090645,-7.142654958,0.109542260,-5.140775776,-4.991116268,-2.145315117,2.911881447,0.178876400,1.796473742,-0.783392099,-0.621522574,-0.002531877,-0.989859585,0.142029978,0.002314478,3.401090645,-7.142654958,0.109542260,0.000000000,0.000000000,0.000000000,1.000000000,1.796473742,2.911881447,0.178876400,2.911881447,0.616946045
2026-06-03T01:47:52,1773928461.767472744,r1,body,odom,14,structure_anchor_14,plane,wall_like,general_plane,unknown,stale,false,false,true,false,6,61,68,6,0.285147059,0.750000000,0.000000000,0.088235294,1.000000000,0.000000000,0.000000000,0.214611594,219,0.063662791,0.000000000,-0.106828652,4.551616569,-4.758681522,0.635503138,-2.615435933,-4.186957568,-1.635745360,1.515600443,4.065314293,2.097198963,-0.406628600,0.912978634,-0.033512634,0.383648971,0.922664492,-0.038775918,4.551616569,-4.758681522,0.635503138,0.000000000,0.000000000,0.000000000,1.000000000,2.097198963,1.515600443,4.065314293,4.065314293,0.515876218
2026-06-03T01:47:52,1773928461.767472744,r1,body,odom,38,structure_anchor_38,plane,wall_like,general_plane,unknown,stale,false,false,true,false,4,11,16,4,0.236500000,0.500000000,0.000000000,0.250000000,0.550000000,0.000000000,0.000000000,0.104244417,173,0.049527627,0.000000000,-0.800763966,0.044545118,0.638549253,-0.134673104,-1.795789078,2.793522485,-2.434519597,1.644061327,1.410686970,0.832732439,0.005992697,0.994737925,-0.102276333,0.726216658,0.678842648,-0.108544437,0.044545118,0.638549253,-0.134673104,0.000000000,0.000000000,0.000000000,1.000000000,0.832732439,1.644061327,1.410686970,1.644061327,0.506509353
2026-06-03T01:47:52,1773928461.968472719,r1,body,odom,2,structure_anchor_2,plane,wall_like,general_plane,unknown,confirmed,true,true,true,false,112,0,121,112,0.820060508,1.000000000,0.924682705,0.925619835,0.000000000,0.000000000,0.000000000,0.131124025,752,0.145792943,0.000000000,3.374454127,-1.038549662,-4.117929459,0.670668244,-5.879393654,0.194581114,-1.621590908,7.095830917,8.876346588,3.576027155,0.783574727,0.621288487,-0.003355898,0.989072709,-0.147372921,-0.004053404,-1.038549662,-4.117929459,0.670668244,0.000000000,0.000000000,0.000000000,1.000000000,3.576027155,7.095830917,8.876346588,8.876346588,0.402871510
2026-06-03T01:47:52,1773928461.968472719,r1,body,odom,18,structure_anchor_18,plane,wall_like,general_plane,unknown,confirmed,true,true,true,false,50,0,110,49,0.699231882,1.000000000,0.800704865,0.445454545,0.000000000,0.000000000,0.000000000,0.029074689,362,0.070182241,0.000000000,1.794107226,-0.342528582,-2.476915121,0.247358963,-4.205927164,0.808971886,-2.044199630,4.194463730,5.396114349,2.162438631,0.782307993,0.620996354,0.048556481,0.988013455,-0.146760972,0.047860839,-0.342528582,-2.476915121,0.247358963,0.000000000,0.000000000,0.000000000,1.000000000,2.162438631,4.194463730,5.396114349,5.396114349,0.400739957
2026-06-03T01:47:52,1773928461.968472719,r1,body,odom,39,structure_anchor_39,plane,wall_like,general_plane,unknown,stale,false,false,true,false,3,6,10,3,0.246425000,0.375000000,0.193375000,0.300000000,0.300000000,0.000000000,0.000000000,0.084191325,221,0.043736394,0.000000000,-2.057613918,0.083542907,3.568535674,0.620522490,0.498551194,4.628916741,-1.664503607,4.456121922,3.415834665,2.658906460,-0.621416553,0.783355702,0.013978899,0.147139298,0.988985171,0.016077520,0.083542907,3.568535674,0.620522490,0.000000000,0.000000000,0.000000000,1.000000000,2.658906460,4.456121922,3.415834665,4.456121922,0.596686201
2026-06-03T01:47:52,1773928461.968472719,r1,body,odom,29,structure_anchor_29,plane,wall_like,general_plane,unknown,stale,false,false,true,false,12,4,36,12,0.601515482,1.000000000,0.494244077,0.333333333,0.200000000,0.000000000,0.000000000,0.096422409,347,0.074849008,0.000000000,-3.702034265,-2.284657313,3.532207774,0.530511797,-1.146559775,6.333048272,-1.750175810,3.313396931,2.544411182,1.929627657,-0.611705324,0.791083231,-0.002003800,0.159411441,0.987212294,0.000086249,-2.284657313,3.532207774,0.530511797,0.000000000,0.000000000,0.000000000,1.000000000,1.929627657,3.313396931,2.544411182,3.313396931,0.582371414
2026-06-03T01:47:52,1773928461.968472719,r1,body,odom,19,structure_anchor_19,plane,wall_like,general_plane,unknown,stale,false,false,true,false,8,47,58,8,0.407586207,1.000000000,0.000000000,0.137931034,1.000000000,0.000000000,0.000000000,0.255109873,131,0.037850332,0.000000000,1.118203461,3.252741419,-7.123563375,0.158523895,-5.140776677,-4.991117006,-2.145315101,2.911881447,0.178876400,1.796473742,-0.780209152,-0.625516687,0.001628317,-0.989859703,0.142030067,0.002314478,3.252741419,-7.123563375,0.158523895,0.000000000,0.000000000,0.000000000,1.000000000,1.796473742,2.911881447,0.178876400,2.911881447,0.616946045
2026-06-03T01:47:52,1773928461.968472719,r1,body,odom,38,structure_anchor_38,plane,wall_like,general_plane,unknown,stale,false,false,true,false,4,12,17,4,0.230058824,0.500000000,0.000000000,0.235294118,0.600000000,0.000000000,0.000000000,0.104244417,173,0.049527627,0.000000000,-0.800763966,-0.143289300,0.638344218,-0.146366286,-1.795788988,2.793522516,-2.434519611,1.644061327,1.410686970,0.832732439,0.000988382,0.993959145,-0.109746704,0.726216801,0.678842684,-0.108544448,-0.143289300,0.638344218,-0.146366286,0.000000000,0.000000000,0.000000000,1.000000000,0.832732439,1.644061327,1.410686970,1.644061327,0.506509353
2026-06-03T01:47:53,1773928462.166467905,r1,body,odom,2,structure_anchor_2,plane,wall_like,general_plane,unknown,confirmed,true,true,true,false,113,0,122,113,0.825454653,1.000000000,0.951043758,0.926229508,0.000000000,0.000000000,0.000000000,0.129204144,799,0.155055308,0.000000000,3.507699405,-1.077770114,-4.283322334,0.691460788,-5.910597762,-0.002323918,-1.596646468,6.910674095,8.695221901,3.636459589,0.783418460,0.621491717,-0.001887381,0.989236746,-0.146278709,-0.003639083,-1.077770114,-4.283322334,0.691460788,0.000000000,0.000000000,0.000000000,1.000000000,3.636459589,6.910674095,8.695221901,8.695221901,0.418213547
2026-06-03T01:47:53,1773928462.166467905,r1,body,odom,18,structure_anchor_18,plane,wall_like,general_plane,unknown,confirmed,true,true,true,false,51,0,111,50,0.714181723,1.000000000,0.870458162,0.450450450,0.000000000,0.000000000,0.000000000,0.094107039,575,0.111585484,0.000000000,1.916768952,-1.200991273,-1.579560280,0.210675448,-4.023708653,1.936528254,-2.083646779,5.495920181,7.061115265,2.148057938,0.787620101,0.616066886,0.010778181,0.988178997,-0.153038029,0.009037343,-1.200991273,-1.579560280,0.210675448,0.000000000,0.000000000,0.000000000,1.000000000,2.148057938,5.495920181,7.061115265,7.061115265,0.304209442
2026-06-03T01:47:53,1773928462.166467905,r1,body,odom,39,structure_anchor_39,plane,wall_like,general_plane,unknown,stale,false,false,true,false,3,7,11,3,0.221470455,0.375000000,0.113375000,0.272727273,0.350000000,0.000000000,0.000000000,0.084191325,221,0.043736394,0.000000000,-2.057613918,-0.071390153,3.559824639,0.642178309,0.498551286,4.628916779,-1.664503596,4.456121922,3.415834665,2.658906460,-0.620719810,0.783833932,0.017647061,0.147139315,0.988985193,0.016077520,-0.071390153,3.559824639,0.642178309,0.000000000,0.000000000,0.000000000,1.000000000,2.658906460,4.456121922,3.415834665,4.456121922,0.596686201
2026-06-03T01:47:53,1773928462.166467905,r1,body,odom,29,structure_anchor_29,plane,wall_like,general_plane,unknown,stale,false,false,true,false,12,5,37,12,0.580213680,1.000000000,0.414244077,0.324324324,0.250000000,0.000000000,0.000000000,0.096422409,347,0.074849008,0.000000000,-3.702034265,-2.439749042,3.525844929,0.555485267,-1.146559700,6.333048373,-1.750175800,3.313396931,2.544411182,1.929627657,-0.611025134,0.791609504,0.001677619,0.159411458,0.987212316,0.000086249,-2.439749042,3.525844929,0.555485267,0.000000000,0.000000000,0.000000000,1.000000000,1.929627657,3.313396931,2.544411182,3.313396931,0.582371414
2026-06-03T01:47:53,1773928462.166467905,r1,body,odom,19,structure_anchor_19,plane,wall_like,general_plane,unknown,stale,false,false,true,false,8,48,59,8,0.407118644,1.000000000,0.000000000,0.135593220,1.000000000,0.000000000,0.000000000,0.255109873,131,0.037850332,0.000000000,1.118203461,3.087912212,-7.133290118,0.137843157,-5.140776851,-4.991117126,-2.145315096,2.911881447,0.178876400,1.796473742,-0.780745143,-0.624849460,0.000556055,-0.989859725,0.142030084,0.002314478,3.087912212,-7.133290118,0.137843157,0.000000000,0.000000000,0.000000000,1.000000000,1.796473742,2.911881447,0.178876400,2.911881447,0.616946045
2026-06-03T01:47:53,1773928462.166467905,r1,body,odom,38,structure_anchor_38,plane,wall_like,general_plane,unknown,stale,false,false,true,false,4,13,18,4,0.223944444,0.500000000,0.000000000,0.222222222,0.650000000,0.000000000,0.000000000,0.104244417,173,0.049527627,0.000000000,-0.800763966,-0.301862391,0.632554017,-0.134714740,-1.795788976,2.793522539,-2.434519613,1.644061327,1.410686970,0.832732439,0.001686259,0.994339161,-0.106239937,0.726216827,0.678842691,-0.108544451,-0.301862391,0.632554017,-0.134714740,0.000000000,0.000000000,0.000000000,1.000000000,0.832732439,1.644061327,1.410686970,1.644061327,0.506509353
2026-06-03T01:47:53,1773928462.367467642,r1,body,odom,2,structure_anchor_2,plane,wall_like,general_plane,unknown,confirmed,true,true,true,false,114,0,123,114,0.829001542,1.000000000,0.968178443,0.926829268,0.000000000,0.000000000,0.000000000,0.126926775,910,0.169082126,0.000000000,3.665203027,-1.081215501,-4.543665409,0.706896663,-5.953730237,-0.309999433,-1.566197101,9.053883553,11.465011597,4.163762093,0.783644331,0.621177052,0.006374418,0.989166751,-0.146790151,0.001348465,-1.081215501,-4.543665409,0.706896663,0.000000000,0.000000000,0.000000000,1.000000000,4.163762093,9.053883553,11.465011597,11.465011597,0.363171206
2026-06-03T01:47:53,1773928462.367467642,r1,body,odom,18,structure_anchor_18,plane,wall_like,general_plane,unknown,confirmed,true,true,true,false,52,0,112,51,0.724230990,1.000000000,0.915797806,0.455357143,0.000000000,0.000000000,0.000000000,0.138942379,459,0.054812337,0.000000000,2.025500307,-1.538075831,-1.384228395,0.241423394,-3.963793941,2.184388862,-2.041181137,2.800044537,3.713309765,1.778637171,0.793932505,0.599140463,0.103450341,0.980618328,-0.169389132,0.098463876,-1.538075831,-1.384228395,0.241423394,0.000000000,0.000000000,0.000000000,1.000000000,1.778637171,2.800044537,3.713309765,3.713309765,0.478989711
2026-06-03T01:47:53,1773928462.367467642,r1,body,odom,39,structure_anchor_39,plane,wall_like,general_plane,unknown,stale,false,false,true,false,3,8,12,3,0.197425000,0.375000000,0.033375000,0.250000000,0.400000000,0.000000000,0.000000000,0.084191325,221,0.043736394,0.000000000,-2.057613918,-0.270570619,3.541684496,0.640094265,0.498551168,4.628916760,-1.664503610,4.456121922,3.415834665,2.658906460,-0.620878448,0.783731018,0.016605283,0.147139295,0.988985167,0.016077520,-0.270570619,3.541684496,0.640094265,0.000000000,0.000000000,0.000000000,1.000000000,2.658906460,4.456121922,3.415834665,4.456121922,0.596686201
2026-06-03T01:47:53,1773928462.367467642,r1,body,odom,29,structure_anchor_29,plane,wall_like,general_plane,unknown,stale,false,false,true,false,12,6,38,12,0.559006710,1.000000000,0.334244077,0.315789474,0.300000000,0.000000000,0.000000000,0.096422409,347,0.074849008,0.000000000,-3.702034265,-2.638633972,3.507501915,0.545747070,-1.146559798,6.333048278,-1.750175812,3.313396931,2.544411182,1.929627657,-0.611133532,0.791527282,0.000676560,0.159411437,0.987212290,0.000086249,-2.638633972,3.507501915,0.545747070,0.000000000,0.000000000,0.000000000,1.000000000,1.929627657,3.313396931,2.544411182,3.313396931,0.582371414
2026-06-03T01:47:53,1773928462.367467642,r1,body,odom,20,structure_anchor_20,plane,wall_like,general_plane,unknown,stale,false,false,true,false,8,4,58,8,0.473106390,1.000000000,0.205500000,0.137931034,0.650000000,0.002660559,0.000000000,0.338556669,273,0.055896806,0.000000000,1.607442748,-0.592239889,-2.739446240,0.417091103,-4.304591473,0.567418108,-1.864141923,3.602483749,4.088152409,2.134101868,-0.745175690,-0.620584465,-0.244106951,-0.963623090,0.119184433,-0.239218998,-0.592239889,-2.739446240,0.417091103,0.000000000,0.000000000,0.000000000,1.000000000,2.134101868,3.602483749,4.088152409,4.088152409,0.522021112
2026-06-03T01:47:53,1773928462.367467642,r1,body,odom,19,structure_anchor_19,plane,wall_like,general_plane,unknown,stale,false,false,true,false,8,49,60,8,0.406666667,1.000000000,0.000000000,0.133333333,1.000000000,0.000000000,0.000000000,0.255109873,131,0.037850332,0.000000000,1.118203461,2.891770793,-7.150396763,0.132907668,-5.140776651,-4.991116956,-2.145315100,2.911881447,0.178876400,1.796473742,-0.780659059,-0.624951326,-0.002713986,-0.989859699,0.142030064,0.002314478,2.891770793,-7.150396763,0.132907668,0.000000000,0.000000000,0.000000000,1.000000000,1.796473742,2.911881447,0.178876400,2.911881447,0.616946045
2026-06-03T01:47:53,1773928462.367467642,r1,body,odom,38,structure_anchor_38,plane,wall_like,general_plane,unknown,stale,false,false,true,false,4,14,19,4,0.218105263,0.500000000,0.000000000,0.210526316,0.700000000,0.000000000,0.000000000,0.104244417,173,0.049527627,0.000000000,-0.800763966,-0.498151738,0.615331696,-0.141096667,-1.795788999,2.793522537,-2.434519610,1.644061327,1.410686970,0.832732439,0.001894377,0.994467921,-0.105024073,0.726216795,0.678842683,-0.108544448,-0.498151738,0.615331696,-0.141096667,0.000000000,0.000000000,0.000000000,1.000000000,0.832732439,1.644061327,1.410686970,1.644061327,0.506509353
2026-06-03T01:47:53,1773928462.568467855,r1,body,odom,2,structure_anchor_2,plane,wall_like,general_plane,unknown,confirmed,true,true,true,false,115,0,124,115,0.831347069,1.000000000,0.979315988,0.927419355,0.000000000,0.000000000,0.000000000,0.122854080,938,0.172553348,0.000000000,3.828515198,-1.218932748,-4.633404255,0.723420739,-5.976734451,-0.400573578,-1.541855479,7.075622559,8.886466026,3.876521826,0.783180469,0.621722932,0.009431302,0.989377501,-0.145363740,-0.001271385,-1.218932748,-4.633404255,0.723420739,0.000000000,0.000000000,0.000000000,1.000000000,3.876521826,7.075622559,8.886466026,8.886466026,0.436227609
2026-06-03T01:47:53,1773928462.568467855,r1,body,odom,20,structure_anchor_20,plane,wall_like,general_plane,unknown,confirmed,true,true,true,true,9,0,59,9,0.552651639,1.000000000,0.483575000,0.152542373,0.350000000,0.002394503,0.000000000,0.357201370,180,0.033112583,0.000000000,2.134633733,-0.641689897,-2.855911255,0.429369152,-4.288945726,0.396275062,-1.850981227,2.885370731,3.424741268,1.598527193,0.766044151,0.607083007,0.211250043,0.969068488,-0.143511596,0.200775388,-0.641689897,-2.855911255,0.429369152,0.000000000,0.000000000,0.000000000,1.000000000,1.598527193,2.885370731,3.424741268,3.424741268,0.466758528
2026-06-03T01:47:53,1773928462.568467855,r1,body,odom,18,structure_anchor_18,plane,wall_like,general_plane,unknown,confirmed,true,true,true,false,53,0,113,52,0.731089113,1.000000000,0.945268574,0.460176991,0.000000000,0.000000000,0.000000000,0.264003098,109,0.020051508,0.000000000,2.088877369,-3.324572086,0.731600881,0.017726097,-3.514400582,4.809058013,-2.257156150,1.293022156,1.337944508,1.013556361,0.764556816,0.614396172,0.194859488,0.973211564,-0.137371061,0.184359737,-3.324572086,0.731600881,0.017726097,0.000000000,0.000000000,0.000000000,1.000000000,1.013556361,1.293022156,1.337944508,1.337944508,0.757547384
2026-06-03T01:47:53,1773928462.568467855,r1,body,odom,39,structure_anchor_39,plane,wall_like,general_plane,unknown,stale,false,false,true,false,3,9,13,3,0.183403846,0.375000000,0.000000000,0.230769231,0.450000000,0.000000000,0.000000000,0.084191325,221,0.043736394,0.000000000,-2.057613918,-0.452028226,3.530355183,0.652499566,0.498551510,4.628916908,-1.664503566,4.456121922,3.415834665,2.658906460,-0.620386803,0.784160771,0.014571535,0.147139358,0.988985250,0.016077521,-0.452028226,3.530355183,0.652499566,0.000000000,0.000000000,0.000000000,1.000000000,2.658906460,4.456121922,3.415834665,4.456121922,0.596686201
2026-06-03T01:47:53,1773928462.568467855,r1,body,odom,29,structure_anchor_29,plane,wall_like,general_plane,unknown,stale,false,false,true,false,12,7,39,12,0.537887277,1.000000000,0.254244077,0.307692308,0.350000000,0.000000000,0.000000000,0.096422409,347,0.074849008,0.000000000,-3.702034265,-2.819538244,3.498122040,0.544555123,-1.146559519,6.333048664,-1.750175773,3.313396931,2.544411182,1.929627657,-0.610545264,0.791980464,-0.001286141,0.159411502,0.987212372,0.000086249,-2.819538244,3.498122040,0.544555123,0.000000000,0.000000000,0.000000000,1.000000000,1.929627657,3.313396931,2.544411182,3.313396931,0.582371414
2026-06-03T01:47:53,1773928462.568467855,r1,body,odom,19,structure_anchor_19,plane,wall_like,general_plane,unknown,stale,false,false,true,false,8,50,61,8,0.406229508,1.000000000,0.000000000,0.131147541,1.000000000,0.000000000,0.000000000,0.255109873,131,0.037850332,0.000000000,1.118203461,2.705297921,-7.163086101,0.142729542,-5.140777310,-4.991117402,-2.145315088,2.911881447,0.178876400,1.796473742,-0.781090175,-0.624362148,-0.008383054,-0.989859782,0.142030127,0.002314479,2.705297921,-7.163086101,0.142729542,0.000000000,0.000000000,0.000000000,1.000000000,1.796473742,2.911881447,0.178876400,2.911881447,0.616946045
2026-06-03T01:47:53,1773928462.568467855,r1,body,odom,38,structure_anchor_38,plane,wall_like,general_plane,unknown,stale,false,false,true,false,4,15,20,4,0.212500000,0.500000000,0.000000000,0.200000000,0.750000000,0.000000000,0.000000000,0.104244417,173,0.049527627,0.000000000,-0.800763966,-0.677291967,0.605684796,-0.135633545,-1.795788959,2.793522633,-2.434519619,1.644061327,1.410686970,0.832732439,0.003225938,0.994666986,-0.103089332,0.726216896,0.678842708,-0.108544456,-0.677291967,0.605684796,-0.135633545,0.000000000,0.000000000,0.000000000,1.000000000,0.832732439,1.644061327,1.410686970,1.644061327,0.506509353
2026-06-03T01:47:53,1773928462.787467957,r1,body,odom,2,structure_anchor_2,plane,wall_like,general_plane,unknown,confirmed,true,true,true,false,116,0,125,116,0.832911078,1.000000000,0.986555392,0.928000000,0.000000000,0.000000000,0.000000000,0.118035146,834,0.146960352,0.000000000,3.980594826,-1.121065259,-4.996358395,0.840761185,-6.038006048,-0.854884516,-1.424866473,6.270106316,7.903120518,3.765382528,0.782634700,0.622430617,0.007940644,0.989427526,-0.145026411,-0.000700300,-1.121065259,-4.996358395,0.840761185,0.000000000,0.000000000,0.000000000,1.000000000,3.765382528,6.270106316,7.903120518,7.903120518,0.476442504
2026-06-03T01:47:53,1773928462.787467957,r1,body,odom,18,structure_anchor_18,plane,wall_like,general_plane,unknown,confirmed,true,true,true,false,54,0,114,53,0.735867371,1.000000000,0.964424573,0.464912281,0.000000000,0.000000000,0.000000000,0.287491448,274,0.048281938,0.000000000,2.437873612,-1.538984537,-2.018299103,0.305644959,-4.156367152,1.488276350,-1.971561156,2.823164701,3.221919060,1.306117892,0.754589122,0.648080750,0.102891197,0.989753317,-0.107199859,0.094321472,-1.538984537,-2.018299103,0.305644959,0.000000000,0.000000000,0.000000000,1.000000000,1.306117892,2.823164701,3.221919060,3.221919060,0.405385073
2026-06-03T01:47:53,1773928462.787467957,r1,body,odom,39,structure_anchor_39,plane,wall_like,general_plane,unknown,stale,false,false,true,false,3,10,14,3,0.176607143,0.375000000,0.000000000,0.214285714,0.500000000,0.000000000,0.000000000,0.084191325,221,0.043736394,0.000000000,-2.057613918,-0.647502620,3.523851254,0.646227563,0.498550774,4.628916608,-1.664503659,4.456121922,3.415834665,2.658906460,-0.620792981,0.783821631,0.015480901,0.147139223,0.988985073,0.016077519,-0.647502620,3.523851254,0.646227563,0.000000000,0.000000000,0.000000000,1.000000000,2.658906460,4.456121922,3.415834665,4.456121922,0.596686201
2026-06-03T01:47:53,1773928462.787467957,r1,body,odom,29,structure_anchor_29,plane,wall_like,general_plane,unknown,stale,false,false,true,false,12,8,40,12,0.516848815,1.000000000,0.174244077,0.300000000,0.400000000,0.000000000,0.000000000,0.096422409,347,0.074849008,0.000000000,-3.702034265,-3.015223738,3.490232405,0.543468229,-1.146560119,6.333047855,-1.750175855,3.313396931,2.544411182,1.929627657,-0.610990453,0.791637819,-0.000402641,0.159411364,0.987212197,0.000086249,-3.015223738,3.490232405,0.543468229,0.000000000,0.000000000,0.000000000,1.000000000,1.929627657,3.313396931,2.544411182,3.313396931,0.582371414
2026-06-03T01:47:53,1773928462.787467957,r1,body,odom,19,structure_anchor_19,plane,wall_like,general_plane,unknown,stale,false,false,true,false,8,51,62,8,0.405806452,1.000000000,0.000000000,0.129032258,1.000000000,0.000000000,0.000000000,0.255109873,131,0.037850332,0.000000000,1.118203461,2.514698015,-7.168108357,0.135629603,-5.140775909,-4.991116435,-2.145315113,2.911881447,0.178876400,1.796473742,-0.780756321,-0.624803569,-0.006324605,-0.989859604,0.142029992,0.002314478,2.514698015,-7.168108357,0.135629603,0.000000000,0.000000000,0.000000000,1.000000000,1.796473742,2.911881447,0.178876400,2.911881447,0.616946045
2026-06-03T01:47:53,1773928462.787467957,r1,body,odom,38,structure_anchor_38,plane,wall_like,general_plane,unknown,stale,false,false,true,false,4,16,21,4,0.207095238,0.500000000,0.000000000,0.190476190,0.800000000,0.000000000,0.000000000,0.104244417,173,0.049527627,0.000000000,-0.800763966,-0.872845713,0.598608553,-0.139754195,-1.795789049,2.793522444,-2.434519600,1.644061327,1.410686970,0.832732439,0.002443335,0.994609772,-0.103659853,0.726216681,0.678842654,-0.108544439,-0.872845713,0.598608553,-0.139754195,0.000000000,0.000000000,0.000000000,1.000000000,0.832732439,1.644061327,1.410686970,1.644061327,0.506509353
2026-06-03T01:47:53,1773928462.967468023,r1,body,odom,2,structure_anchor_2,plane,wall_like,general_plane,unknown,confirmed,true,true,true,false,117,0,126,117,0.833966487,1.000000000,0.991261005,0.928571429,0.000000000,0.000000000,0.000000000,0.114115487,904,0.157108099,0.000000000,4.133070751,-1.460810065,-4.812810421,0.887700915,-6.000389142,-0.608757650,-1.382548641,6.644849777,8.351553917,3.725065947,0.781148790,0.624194407,0.013708008,0.989558273,-0.144128079,0.001222589,-1.460810065,-4.812810421,0.887700915,0.000000000,0.000000000,0.000000000,1.000000000,3.725065947,6.644849777,8.351553917,8.351553917,0.446032677
2026-06-03T01:47:53,1773928462.967468023,r1,body,odom,18,structure_anchor_18,plane,wall_like,general_plane,unknown,confirmed,true,true,true,false,55,0,115,54,0.739288238,1.000000000,0.976875972,0.469565217,0.000000000,0.000000000,0.000000000,0.320909336,546,0.067083768,0.000000000,2.531503858,-1.956907990,-1.633839808,0.278473136,-4.024811184,1.929112733,-1.998528482,3.604783535,4.638578415,1.906111956,0.784798181,0.617804748,0.049081801,0.987797790,-0.151386297,0.036573260,-1.956907990,-1.633839808,0.278473136,0.000000000,0.000000000,0.000000000,1.000000000,1.906111956,3.604783535,4.638578415,4.638578415,0.410925888
2026-06-03T01:47:53,1773928462.967468023,r1,body,odom,44,structure_anchor_44,cylinder,pipe_like,pipe_candidate,unknown,candidate,false,true,true,false,1,0,1,1,0.326250000,0.125000000,0.350000000,1.000000000,0.000000000,0.000000000,0.000000000,0.000000000,14,0.002433090,0.051125582,0.000000000,2.673427105,-1.180846214,0.733322263,-0.525960826,-1.145745772,-1.604339731,0.102251165,0.102251165,0.756080151,-0.003691235,0.020541048,0.999782196,0.024154597,0.010277828,0.999655401,2.673427105,-1.180846214,0.733322263,0.000000000,0.000000000,0.000000000,1.000000000,0.756080151,0.102251165,0.102251165,0.102251165,7.394342680
2026-06-03T01:47:53,1773928462.967468023,r1,body,odom,39,structure_anchor_39,plane,wall_like,general_plane,unknown,stale,false,false,true,false,3,11,15,3,0.170250000,0.375000000,0.000000000,0.200000000,0.550000000,0.000000000,0.000000000,0.084191325,221,0.043736394,0.000000000,-2.057613918,-0.843064860,3.512441807,0.647872855,0.498550731,4.628916576,-1.664503665,4.456121922,3.415834665,2.658906460,-0.621924015,0.782994352,0.011413980,0.147139214,0.988985062,0.016077519,-0.843064860,3.512441807,0.647872855,0.000000000,0.000000000,0.000000000,1.000000000,2.658906460,4.456121922,3.415834665,4.456121922,0.596686201
2026-06-03T01:47:53,1773928462.967468023,r1,body,odom,29,structure_anchor_29,plane,wall_like,general_plane,unknown,stale,false,false,true,false,12,9,41,12,0.495885401,1.000000000,0.094244077,0.292682927,0.450000000,0.000000000,0.000000000,0.096422409,347,0.074849008,0.000000000,-3.702034265,-3.210131758,3.475544249,0.532003236,-1.146560153,6.333047791,-1.750175862,3.313396931,2.544411182,1.929627657,-0.612044015,0.790811287,-0.004421119,0.159411355,0.987212186,0.000086249,-3.210131758,3.475544249,0.532003236,0.000000000,0.000000000,0.000000000,1.000000000,1.929627657,3.313396931,2.544411182,3.313396931,0.582371414
2026-06-03T01:47:53,1773928462.967468023,r1,body,odom,19,structure_anchor_19,plane,wall_like,general_plane,unknown,stale,false,false,true,false,8,52,63,8,0.405396825,1.000000000,0.000000000,0.126984127,1.000000000,0.000000000,0.000000000,0.255109873,131,0.037850332,0.000000000,1.118203461,2.336312416,-7.175634867,0.163312958,-5.140775816,-4.991116388,-2.145315114,2.911881447,0.178876400,1.796473742,-0.779867318,-0.625862309,-0.010161240,-0.989859593,0.142029984,0.002314477,2.336312416,-7.175634867,0.163312958,0.000000000,0.000000000,0.000000000,1.000000000,1.796473742,2.911881447,0.178876400,2.911881447,0.616946045
2026-06-03T01:47:53,1773928462.967468023,r1,body,odom,38,structure_anchor_38,plane,wall_like,general_plane,unknown,stale,false,false,true,false,4,17,22,4,0.201863636,0.500000000,0.000000000,0.181818182,0.850000000,0.000000000,0.000000000,0.104244417,173,0.049527627,0.000000000,-0.800763966,-1.060103803,0.586280636,-0.137026134,-1.795789051,2.793522419,-2.434519599,1.644061327,1.410686970,0.832732439,0.001679594,0.994530382,-0.104433776,0.726216668,0.678842651,-0.108544438,-1.060103803,0.586280636,-0.137026134,0.000000000,0.000000000,0.000000000,1.000000000,0.832732439,1.644061327,1.410686970,1.644061327,0.506509353
2026-06-03T01:47:54,1773928463.168462992,r1,body,odom,2,structure_anchor_2,plane,wall_like,general_plane,unknown,confirmed,true,true,true,false,118,0,127,118,0.834690702,1.000000000,0.994319653,0.929133858,0.000000000,0.000000000,0.000000000,0.112046413,899,0.146488512,0.000000000,4.282493259,-1.878438354,-4.526582241,0.669383347,-5.951304230,-0.233526294,-1.624081496,6.467329502,8.152887344,2.958547115,0.781985948,0.623198577,0.011023201,0.989387398,-0.145193270,0.005611926,-1.878438354,-4.526582241,0.669383347,0.000000000,0.000000000,0.000000000,1.000000000,2.958547115,6.467329502,8.152887344,8.152887344,0.362883355
2026-06-03T01:47:54,1773928463.168462992,r1,body,odom,20,structure_anchor_20,plane,wall_like,general_plane,unknown,confirmed,true,true,true,false,10,0,62,10,0.583770447,1.000000000,0.560323750,0.161290323,0.150000000,0.001745593,0.000000000,0.361794317,302,0.049209712,0.000000000,2.520599236,-1.524543166,-2.520588875,0.546622336,-4.245388430,0.879420222,-1.748672020,4.355621815,5.514767647,1.646147132,0.749860068,0.604680792,0.268460460,0.955116102,-0.135807050,0.263267315,-1.524543166,-2.520588875,0.546622336,0.000000000,0.000000000,0.000000000,1.000000000,1.646147132,4.355621815,5.514767647,5.514767647,0.298498003
2026-06-03T01:47:54,1773928463.168462992,r1,body,odom,46,structure_anchor_46,plane,wall_like,general_plane,unknown,candidate,false,true,true,false,1,0,1,1,0.326250000,0.125000000,0.350000000,1.000000000,0.000000000,0.000000000,0.000000000,0.000000000,265,0.043180707,0.000000000,5.955163336,4.409132004,-4.306631565,1.004381657,-1.493053916,-4.675843317,-1.334311153,4.156894684,2.297439098,2.519869566,-0.499514014,0.865997605,-0.023106249,0.290901904,0.956560265,-0.019197494,4.409132004,-4.306631565,1.004381657,0.000000000,0.000000000,0.000000000,1.000000000,2.519869566,4.156894684,2.297439098,4.156894684,0.606190380
2026-06-03T01:47:54,1773928463.168462992,r1,body,odom,36,structure_anchor_36,cylinder,pipe_like,pipe_candidate,unknown,weak_tracked,false,true,true,false,2,0,35,2,0.144928571,0.250000000,0.350000000,0.057142857,0.700000000,0.000000000,0.000000000,0.051103002,21,0.003421867,0.038685527,0.000000000,0.900303543,0.794833302,0.191168875,-0.169459987,1.376288388,-2.120400852,0.080000000,0.080000000,0.799893260,0.010025507,0.002219786,0.999947279,0.013132324,-0.011307378,0.999849831,0.900303543,0.794833302,0.191168875,0.000000000,0.000000000,0.000000000,1.000000000,0.799893260,0.080000000,0.080000000,0.080000000,9.998665750
2026-06-03T01:47:54,1773928463.168462992,r1,body,odom,39,structure_anchor_39,plane,wall_like,general_plane,unknown,stale,false,false,true,false,3,12,16,3,0.164250000,0.375000000,0.000000000,0.187500000,0.600000000,0.000000000,0.000000000,0.084191325,221,0.043736394,0.000000000,-2.057613918,-1.021401644,3.505212562,0.632264327,0.498550953,4.628916692,-1.664503636,4.456121922,3.415834665,2.658906460,-0.621670905,0.783196762,0.011319190,0.147139256,0.988985117,0.016077520,-1.021401644,3.505212562,0.632264327,0.000000000,0.000000000,0.000000000,1.000000000,2.658906460,4.456121922,3.415834665,4.456121922,0.596686201
2026-06-03T01:47:54,1773928463.168462992,r1,body,odom,29,structure_anchor_29,plane,wall_like,general_plane,unknown,stale,false,false,true,false,12,10,42,12,0.474991673,1.000000000,0.014244077,0.285714286,0.500000000,0.000000000,0.000000000,0.096422409,347,0.074849008,0.000000000,-3.702034265,-3.389077125,3.468402536,0.529545049,-1.146559974,6.333048065,-1.750175835,3.313396931,2.544411182,1.929627657,-0.611876110,0.790940218,-0.004604697,0.159411398,0.987212240,0.000086249,-3.389077125,3.468402536,0.529545049,0.000000000,0.000000000,0.000000000,1.000000000,1.929627657,3.313396931,2.544411182,3.313396931,0.582371414
2026-06-03T01:47:54,1773928463.168462992,r1,body,odom,19,structure_anchor_19,plane,wall_like,general_plane,unknown,stale,false,false,true,false,8,53,64,8,0.405000000,1.000000000,0.000000000,0.125000000,1.000000000,0.000000000,0.000000000,0.255109873,131,0.037850332,0.000000000,1.118203461,2.152796979,-7.185739567,0.178129682,-5.140776258,-4.991116665,-2.145315107,2.911881447,0.178876400,1.796473742,-0.780056138,-0.625701950,-0.003081793,-0.989859648,0.142030026,0.002314478,2.152796979,-7.185739567,0.178129682,0.000000000,0.000000000,0.000000000,1.000000000,1.796473742,2.911881447,0.178876400,2.911881447,0.616946045
2026-06-03T01:47:54,1773928463.168462992,r1,body,odom,38,structure_anchor_38,plane,wall_like,general_plane,unknown,stale,false,false,true,false,4,18,23,4,0.196782609,0.500000000,0.000000000,0.173913043,0.900000000,0.000000000,0.000000000,0.104244417,173,0.049527627,0.000000000,-0.800763966,-1.243419972,0.575623259,-0.138324245,-1.795789030,2.793522501,-2.434519604,1.644061327,1.410686970,0.832732439,0.001336777,0.994052593,-0.108892888,0.726216734,0.678842668,-0.108544443,-1.243419972,0.575623259,-0.138324245,0.000000000,0.000000000,0.000000000,1.000000000,0.832732439,1.644061327,1.410686970,1.644061327,0.506509353
2026-06-03T01:47:54,1773928463.348463058,r1,body,odom,29,structure_anchor_29,plane,wall_like,general_plane,unknown,confirmed,true,true,true,true,13,0,43,13,0.568316846,1.000000000,0.359258650,0.302325581,0.200000000,0.000000000,0.000000000,0.104414954,388,0.032080796,0.000000000,-4.931434671,-1.905660973,4.776695141,1.299644066,0.988954133,5.972254020,-0.979659975,4.143121719,3.245860100,1.673012733,-0.621307181,0.783559144,0.003547638,0.149018656,0.988769573,0.011328942,-1.905660973,4.776695141,1.299644066,0.000000000,0.000000000,0.000000000,1.000000000,1.673012733,4.143121719,3.245860100,4.143121719,0.403804871
2026-06-03T01:47:54,1773928463.348463058,r1,body,odom,44,structure_anchor_44,cylinder,pipe_like,pipe_candidate,unknown,weak_tracked,false,true,true,false,2,0,3,2,0.350933333,0.250000000,0.525500000,0.666666667,0.000000000,0.000000000,0.000000000,0.031256693,17,0.002524877,0.036930807,0.000000000,2.295714140,-1.199659348,0.748950422,-0.517116714,-1.171820128,-1.584297638,0.080000000,0.080000000,0.571859658,-0.007802930,0.000284608,0.999969516,0.000252286,-0.002779150,0.999996106,2.295714140,-1.199659348,0.748950422,0.000000000,0.000000000,0.000000000,1.000000000,0.571859658,0.080000000,0.080000000,0.080000000,7.148245722
2026-06-03T01:47:54,1773928463.348463058,r1,body,odom,39,structure_anchor_39,plane,wall_like,general_plane,unknown,stale,false,false,true,false,3,13,17,3,0.158544118,0.375000000,0.000000000,0.176470588,0.650000000,0.000000000,0.000000000,0.084191325,221,0.043736394,0.000000000,-2.057613918,-1.251303267,3.500296300,0.623861308,0.498551244,4.628916886,-1.664503594,4.456121922,3.415834665,2.658906460,-0.622794475,0.782341708,0.008284011,0.147139313,0.988985191,0.016077521,-1.251303267,3.500296300,0.623861308,0.000000000,0.000000000,0.000000000,1.000000000,2.658906460,4.456121922,3.415834665,4.456121922,0.596686201
2026-06-03T01:47:54,1773928463.348463058,r1,body,odom,19,structure_anchor_19,plane,wall_like,general_plane,unknown,stale,false,false,true,false,8,54,65,8,0.404615385,1.000000000,0.000000000,0.123076923,1.000000000,0.000000000,0.000000000,0.255109873,131,0.037850332,0.000000000,1.118203461,1.939097825,-7.186928303,0.196287589,-5.140776870,-4.991117004,-2.145315099,2.911881447,0.178876400,1.796473742,-0.779169033,-0.626799684,-0.004231519,-0.989859723,0.142030083,0.002314479,1.939097825,-7.186928303,0.196287589,0.000000000,0.000000000,0.000000000,1.000000000,1.796473742,2.911881447,0.178876400,2.911881447,0.616946045
2026-06-03T01:47:54,1773928463.348463058,r1,body,odom,38,structure_anchor_38,plane,wall_like,general_plane,unknown,stale,false,false,true,false,4,19,24,4,0.191833333,0.500000000,0.000000000,0.166666667,0.950000000,0.000000000,0.000000000,0.104244417,173,0.049527627,0.000000000,-0.800763966,-1.467065869,0.569131571,-0.142502412,-1.795789012,2.793522648,-2.434519611,1.644061327,1.410686970,0.832732439,0.000252273,0.993872635,-0.110531685,0.726216825,0.678842690,-0.108544450,-1.467065869,0.569131571,-0.142502412,0.000000000,0.000000000,0.000000000,1.000000000,0.832732439,1.644061327,1.410686970,1.644061327,0.506509353
2026-06-03T01:47:54,1773928463.546463013,r1,body,odom,2,structure_anchor_2,plane,wall_like,general_plane,unknown,confirmed,true,true,true,false,119,0,129,119,0.823357679,1.000000000,0.944307775,0.922480620,0.000000000,0.000000000,0.000000000,0.103807605,990,0.141327623,0.000000000,4.563597473,-1.694681883,-5.176579952,0.802855790,-6.061514970,-1.035154684,-1.490962551,8.321320534,10.406751633,4.009223938,0.777837862,0.628395061,0.009375945,0.989053707,-0.147537955,0.002291390,-1.694681883,-5.176579952,0.802855790,0.000000000,0.000000000,0.000000000,1.000000000,4.009223938,8.321320534,10.406751633,10.406751633,0.385252198
2026-06-03T01:47:54,1773928463.546463013,r1,body,odom,18,structure_anchor_18,plane,wall_like,general_plane,unknown,confirmed,true,true,true,false,56,0,118,55,0.719414215,1.000000000,0.880969382,0.466101695,0.000000000,0.000000000,0.000000000,0.370491335,398,0.031834404,0.000000000,2.963722404,-3.234964780,-0.776925810,0.499747988,-3.866213722,3.077757788,-1.784056922,1.957895041,2.834425449,2.060733080,0.796415376,0.588401215,0.139665154,0.972997424,-0.189033964,0.132445861,-3.234964780,-0.776925810,0.499747988,0.000000000,0.000000000,0.000000000,1.000000000,2.060733080,1.957895041,2.834425449,2.834425449,0.727037319
2026-06-03T01:47:54,1773928463.546463013,r1,body,odom,29,structure_anchor_29,plane,wall_like,general_plane,unknown,confirmed,true,true,true,false,14,0,44,14,0.630339988,1.000000000,0.583518123,0.318181818,0.000000000,0.000000000,0.000000000,0.035850388,292,0.032833690,0.000000000,-5.072361477,-0.361983736,6.148464930,1.276010928,3.181736304,5.644146515,-1.037272639,4.103618145,3.224499702,2.277109146,-0.622141643,0.782374536,0.028803767,0.155272267,0.987301624,0.033552319,-0.361983736,6.148464930,1.276010928,0.000000000,0.000000000,0.000000000,1.000000000,2.277109146,4.103618145,3.224499702,4.103618145,0.554902787
2026-06-03T01:47:54,1773928463.546463013,r1,body,odom,39,structure_anchor_39,plane,wall_like,general_plane,unknown,stale,false,false,true,false,3,14,18,3,0.153083333,0.375000000,0.000000000,0.166666667,0.700000000,0.000000000,0.000000000,0.084191325,221,0.043736394,0.000000000,-2.057613918,-1.424693299,3.486337599,0.637791260,0.498550466,4.628916345,-1.664503705,4.456121922,3.415834665,2.658906460,-0.628735128,0.777537751,0.011268621,0.147139159,0.988984991,0.016077517,-1.424693299,3.486337599,0.637791260,0.000000000,0.000000000,0.000000000,1.000000000,2.658906460,4.456121922,3.415834665,4.456121922,0.596686201
2026-06-03T01:47:54,1773928463.546463013,r1,body,odom,19,structure_anchor_19,plane,wall_like,general_plane,unknown,stale,false,false,true,false,8,55,66,8,0.404242424,1.000000000,0.000000000,0.121212121,1.000000000,0.000000000,0.000000000,0.255109873,131,0.037850332,0.000000000,1.118203461,1.846553505,-7.175044461,0.177266139,-5.140775219,-4.991116111,-2.145315123,2.911881447,0.178876400,1.796473742,-0.774367019,-0.632718750,-0.004743382,-0.989859522,0.142029930,0.002314477,1.846553505,-7.175044461,0.177266139,0.000000000,0.000000000,0.000000000,1.000000000,1.796473742,2.911881447,0.178876400,2.911881447,0.616946045
2026-06-03T01:47:54,1773928463.546463013,r1,body,odom,38,structure_anchor_38,plane,wall_like,general_plane,unknown,stale,false,false,true,false,4,20,25,4,0.187000000,0.500000000,0.000000000,0.160000000,1.000000000,0.000000000,0.000000000,0.104244417,173,0.049527627,0.000000000,-0.800763966,-1.619216829,0.555639140,-0.136003012,-1.795789056,2.793522231,-2.434519593,1.644061327,1.410686970,0.832732439,-0.007499132,0.994133014,-0.107903242,0.726216581,0.678842629,-0.108544432,-1.619216829,0.555639140,-0.136003012,0.000000000,0.000000000,0.000000000,1.000000000,0.832732439,1.644061327,1.410686970,1.644061327,0.506509353
2026-06-03T01:47:54,1773928463.786463022,r1,body,odom,2,structure_anchor_2,plane,wall_like,general_plane,unknown,confirmed,true,true,true,false,120,0,130,120,0.827375395,1.000000000,0.963800053,0.923076923,0.000000000,0.000000000,0.000000000,0.097518791,911,0.123091474,0.000000000,4.748671221,-1.712723374,-5.434499264,0.898615181,-6.112914008,-1.342107419,-1.387339682,6.666037083,8.171473503,3.751194715,0.775499167,0.631249180,0.011203383,0.989513635,-0.144437125,0.000806113,-1.712723374,-5.434499264,0.898615181,0.000000000,0.000000000,0.000000000,1.000000000,3.751194715,6.666037083,8.171473503,8.171473503,0.459059766
2026-06-03T01:47:54,1773928463.786463022,r1,body,odom,18,structure_anchor_18,plane,wall_like,general_plane,unknown,confirmed,true,true,true,false,57,0,119,56,0.728643667,1.000000000,0.922630098,0.470588235,0.000000000,0.000000000,0.000000000,0.432362640,460,0.041751115,0.000000000,3.158514983,-2.768251195,-1.609558955,0.294089970,-4.014682264,2.026763042,-1.985581209,4.327221870,5.327112198,2.186482668,0.775602124,0.631055238,0.014509617,0.989471402,-0.144669648,0.004111192,-2.768251195,-1.609558955,0.294089970,0.000000000,0.000000000,0.000000000,1.000000000,2.186482668,4.327221870,5.327112198,5.327112198,0.410444268
2026-06-03T01:47:54,1773928463.786463022,r1,body,odom,39,structure_anchor_39,plane,wall_like,general_plane,unknown,stale,false,false,true,false,3,15,19,3,0.147828947,0.375000000,0.000000000,0.157894737,0.750000000,0.000000000,0.000000000,0.084191325,221,0.043736394,0.000000000,-2.057613918,-1.637027846,3.474341634,0.637389622,0.498550703,4.628916497,-1.664503672,4.456121922,3.415834665,2.658906460,-0.629198422,0.777182600,0.009820824,0.147139206,0.988985051,0.016077518,-1.637027846,3.474341634,0.637389622,0.000000000,0.000000000,0.000000000,1.000000000,2.658906460,4.456121922,3.415834665,4.456121922,0.596686201
2026-06-03T01:47:54,1773928463.786463022,r1,body,odom,19,structure_anchor_19,plane,wall_like,general_plane,unknown,stale,false,false,true,false,8,56,67,8,0.403880597,1.000000000,0.000000000,0.119402985,1.000000000,0.000000000,0.000000000,0.255109873,131,0.037850332,0.000000000,1.118203461,1.641676055,-7.184798574,0.177988112,-5.140775713,-4.991116391,-2.145315115,2.911881447,0.178876400,1.796473742,-0.773997501,-0.633137172,-0.008067683,-0.989859583,0.142029976,0.002314477,1.641676055,-7.184798574,0.177988112,0.000000000,0.000000000,0.000000000,1.000000000,1.796473742,2.911881447,0.178876400,2.911881447,0.616946045
2026-06-03T01:47:54,1773928463.786463022,r1,body,odom,38,structure_anchor_38,plane,wall_like,general_plane,unknown,stale,false,false,true,false,4,21,26,4,0.185769231,0.500000000,0.000000000,0.153846154,1.000000000,0.000000000,0.000000000,0.104244417,173,0.049527627,0.000000000,-0.800763966,-1.827229116,0.544289892,-0.139920889,-1.795789039,2.793522346,-2.434519599,1.644061327,1.410686970,0.832732439,-0.007668286,0.994233127,-0.106965336,0.726216654,0.678842648,-0.108544437,-1.827229116,0.544289892,-0.139920889,0.000000000,0.000000000,0.000000000,1.000000000,0.832732439,1.644061327,1.410686970,1.644061327,0.506509353
2026-06-03T01:47:54,1773928463.966462851,r1,body,odom,2,structure_anchor_2,plane,wall_like,general_plane,unknown,confirmed,true,true,true,false,121,0,131,121,0.830026831,1.000000000,0.976470035,0.923664122,0.000000000,0.000000000,0.000000000,0.093468735,1007,0.131548008,0.000000000,4.880217609,-1.937717915,-5.354037285,0.803437114,-6.071476291,-1.248171276,-1.466315690,7.710499287,9.547037125,3.547384977,0.774578985,0.632422060,0.008350691,0.989587238,-0.143896666,-0.003294121,-1.937717915,-5.354037285,0.803437114,0.000000000,0.000000000,0.000000000,1.000000000,3.547384977,7.710499287,9.547037125,9.547037125,0.371569203
2026-06-03T01:47:54,1773928463.966462851,r1,body,odom,18,structure_anchor_18,plane,wall_like,general_plane,unknown,confirmed,true,true,true,false,58,0,120,57,0.734941913,1.000000000,0.949709564,0.475000000,0.000000000,0.000000000,0.000000000,0.406158949,424,0.033964729,0.000000000,3.261562490,-3.240789515,-1.232944768,0.429333154,-3.917479070,2.497768701,-1.853074829,3.000236511,3.666376829,2.138801098,0.785032001,0.612985244,0.089296473,0.983233167,-0.164987904,0.077663031,-3.240789515,-1.232944768,0.429333154,0.000000000,0.000000000,0.000000000,1.000000000,2.138801098,3.000236511,3.666376829,3.666376829,0.583355503
2026-06-03T01:47:54,1773928463.966462851,r1,body,odom,29,structure_anchor_29,plane,wall_like,general_plane,unknown,confirmed,true,true,true,false,15,0,46,15,0.650674747,1.000000000,0.677286780,0.326086957,0.000000000,0.000000000,0.000000000,0.048821678,455,0.034879164,0.000000000,-5.268566003,-2.550485436,4.680308742,1.157196042,0.916814941,5.981218724,-1.168934005,4.187263489,3.305630207,2.248635292,-0.626372310,0.779250906,0.020634120,0.151661537,0.988187270,0.022016216,-2.550485436,4.680308742,1.157196042,0.000000000,0.000000000,0.000000000,1.000000000,2.248635292,4.187263489,3.305630207,4.187263489,0.537017863
2026-06-03T01:47:54,1773928463.966462851,r1,body,odom,39,structure_anchor_39,plane,wall_like,general_plane,unknown,stale,false,false,true,false,3,16,20,3,0.142750000,0.375000000,0.000000000,0.150000000,0.800000000,0.000000000,0.000000000,0.084191325,221,0.043736394,0.000000000,-2.057613918,-1.831021548,3.461464649,0.661166264,0.498550964,4.628916706,-1.664503634,4.456121922,3.415834665,2.658906460,-0.629956198,0.776492632,0.014642179,0.147139259,0.988985120,0.016077520,-1.831021548,3.461464649,0.661166264,0.000000000,0.000000000,0.000000000,1.000000000,2.658906460,4.456121922,3.415834665,4.456121922,0.596686201
2026-06-03T01:47:54,1773928463.966462851,r1,body,odom,20,structure_anchor_20,plane,wall_like,general_plane,unknown,stale,false,false,true,false,10,4,66,10,0.503833422,1.000000000,0.240323750,0.151515152,0.350000000,0.001145283,0.000000000,0.361794317,302,0.049209712,0.000000000,2.520599236,-2.101088275,-2.778441540,0.451325706,-4.286857071,0.613329268,-1.832806815,4.355621815,5.514767647,1.646147132,-0.741353320,-0.623130798,-0.249205287,-0.963017938,0.126430460,-0.237932355,-2.101088275,-2.778441540,0.451325706,0.000000000,0.000000000,0.000000000,1.000000000,1.646147132,4.355621815,5.514767647,5.514767647,0.298498003
2026-06-03T01:47:54,1773928463.966462851,r1,body,odom,19,structure_anchor_19,plane,wall_like,general_plane,unknown,stale,false,false,true,false,8,57,68,8,0.403529412,1.000000000,0.000000000,0.117647059,1.000000000,0.000000000,0.000000000,0.255109873,131,0.037850332,0.000000000,1.118203461,1.457414451,-7.192163218,0.146739180,-5.140776287,-4.991116674,-2.145315106,2.911881447,0.178876400,1.796473742,-0.773376961,-0.633877817,-0.009327500,-0.989859652,0.142030028,0.002314478,1.457414451,-7.192163218,0.146739180,0.000000000,0.000000000,0.000000000,1.000000000,1.796473742,2.911881447,0.178876400,2.911881447,0.616946045
2026-06-03T01:47:54,1773928463.966462851,r1,body,odom,38,structure_anchor_38,plane,wall_like,general_plane,unknown,stale,false,false,true,false,4,22,27,4,0.184629630,0.500000000,0.000000000,0.148148148,1.000000000,0.000000000,0.000000000,0.104244417,173,0.049527627,0.000000000,-0.800763966,-2.019897735,0.534767258,-0.128998649,-1.795789031,2.793522513,-2.434519605,1.644061327,1.410686970,0.832732439,-0.008888177,0.994698530,-0.102449239,0.726216738,0.678842668,-0.108544444,-2.019897735,0.534767258,-0.128998649,0.000000000,0.000000000,0.000000000,1.000000000,0.832732439,1.644061327,1.410686970,1.644061327,0.506509353
2026-06-03T01:47:55,1773928464.146452904,r1,body,odom,29,structure_anchor_29,plane,wall_like,general_plane,unknown,confirmed,true,true,true,false,16,0,47,16,0.676132388,1.000000000,0.790236407,0.340425532,0.000000000,0.000000000,0.000000000,0.061358958,705,0.047887677,0.000000000,-5.357518030,-2.437017126,4.927197519,0.954980164,1.283345646,5.939114206,-1.351680025,4.254732132,3.452228069,2.242421865,-0.630618357,0.776085688,-0.003389790,0.146175677,0.989258591,-0.000328780,-2.437017126,4.927197519,0.954980164,0.000000000,0.000000000,0.000000000,1.000000000,2.242421865,4.254732132,3.452228069,4.254732132,0.527041843
2026-06-03T01:47:55,1773928464.146452904,r1,body,odom,2,structure_anchor_2,plane,wall_like,general_plane,unknown,confirmed,true,true,true,false,122,0,132,122,0.831789589,1.000000000,0.984705523,0.924242424,0.000000000,0.000000000,0.000000000,0.088221094,1014,0.127115457,0.000000000,5.012266406,-1.896439433,-5.616064072,0.808923960,-6.125954830,-1.581527864,-1.478687301,7.324288368,9.019007683,3.542335987,0.774713478,0.632241874,0.009446691,0.989560163,-0.144103469,0.002207788,-1.896439433,-5.616064072,0.808923960,0.000000000,0.000000000,0.000000000,1.000000000,3.542335987,7.324288368,9.019007683,9.019007683,0.392763385
2026-06-03T01:47:55,1773928464.146452904,r1,body,odom,18,structure_anchor_18,plane,wall_like,general_plane,unknown,confirmed,true,true,true,false,59,0,121,58,0.739330012,1.000000000,0.967311217,0.479338843,0.000000000,0.000000000,0.000000000,0.473616642,362,0.027704651,0.000000000,3.424455157,-3.223380794,-1.464961306,0.395078707,-3.964544553,2.202848169,-1.891602643,3.787658453,4.473103046,2.191109657,0.772136382,0.635339855,-0.012193186,0.989957944,-0.140022067,-0.019418751,-3.223380794,-1.464961306,0.395078707,0.000000000,0.000000000,0.000000000,1.000000000,2.191109657,3.787658453,4.473103046,4.473103046,0.489841087
2026-06-03T01:47:55,1773928464.146452904,r1,body,odom,39,structure_anchor_39,plane,wall_like,general_plane,unknown,stale,false,false,true,false,3,17,21,3,0.137821429,0.375000000,0.000000000,0.142857143,0.850000000,0.000000000,0.000000000,0.084191325,221,0.043736394,0.000000000,-2.057613918,-1.998819933,3.464132124,0.642247391,0.498550933,4.628916679,-1.664503639,4.456121922,3.415834665,2.658906460,-0.629889717,0.776575385,0.013023595,0.147139252,0.988985112,0.016077519,-1.998819933,3.464132124,0.642247391,0.000000000,0.000000000,0.000000000,1.000000000,2.658906460,4.456121922,3.415834665,4.456121922,0.596686201
2026-06-03T01:47:55,1773928464.146452904,r1,body,odom,20,structure_anchor_20,plane,wall_like,general_plane,unknown,stale,false,false,true,false,10,5,67,10,0.483884574,1.000000000,0.160323750,0.149253731,0.400000000,0.001030755,0.000000000,0.361794317,302,0.049209712,0.000000000,2.520599236,-2.269626603,-2.776556090,0.458203479,-4.286857037,0.613329253,-1.832806819,4.355621815,5.514767647,1.646147132,-0.741972602,-0.624094624,-0.244913364,-0.963017930,0.126430454,-0.237932353,-2.269626603,-2.776556090,0.458203479,0.000000000,0.000000000,0.000000000,1.000000000,1.646147132,4.355621815,5.514767647,5.514767647,0.298498003
2026-06-03T01:47:55,1773928464.146452904,r1,body,odom,19,structure_anchor_19,plane,wall_like,general_plane,unknown,stale,false,false,true,false,8,58,69,8,0.403188406,1.000000000,0.000000000,0.115942029,1.000000000,0.000000000,0.000000000,0.255109873,131,0.037850332,0.000000000,1.118203461,1.287967379,-7.191639130,0.162873139,-5.140776216,-4.991116641,-2.145315107,2.911881447,0.178876400,1.796473742,-0.773421221,-0.633873351,-0.004918104,-0.989859643,0.142030022,0.002314478,1.287967379,-7.191639130,0.162873139,0.000000000,0.000000000,0.000000000,1.000000000,1.796473742,2.911881447,0.178876400,2.911881447,0.616946045
2026-06-03T01:47:55,1773928464.146452904,r1,body,odom,38,structure_anchor_38,plane,wall_like,general_plane,unknown,stale,false,false,true,false,4,23,28,4,0.183571429,0.500000000,0.000000000,0.142857143,1.000000000,0.000000000,0.000000000,0.104244417,173,0.049527627,0.000000000,-0.800763966,-2.189702118,0.534283274,-0.135661343,-1.795789031,2.793522490,-2.434519604,1.644061327,1.410686970,0.832732439,-0.009096025,0.994278012,-0.106435401,0.726216728,0.678842666,-0.108544443,-2.189702118,0.534283274,-0.135661343,0.000000000,0.000000000,0.000000000,1.000000000,0.832732439,1.644061327,1.410686970,1.644061327,0.506509353
2026-06-03T01:47:55,1773928464.368453026,r1,body,odom,29,structure_anchor_29,plane,wall_like,general_plane,unknown,confirmed,true,true,true,false,17,0,48,17,0.693564066,1.000000000,0.863653664,0.354166667,0.000000000,0.000000000,0.000000000,0.061234402,615,0.042427294,0.000000000,-5.485310757,-2.678053347,4.892974840,0.977750296,1.229846985,5.945468792,-1.308724651,4.298441887,3.465229511,2.322534084,-0.630153213,0.776469203,-0.001551971,0.149075270,0.988799934,0.007150355,-2.678053347,4.892974840,0.977750296,0.000000000,0.000000000,0.000000000,1.000000000,2.322534084,4.298441887,3.465229511,4.298441887,0.540319992
2026-06-03T01:47:55,1773928464.368453026,r1,body,odom,2,structure_anchor_2,plane,wall_like,general_plane,unknown,confirmed,true,true,true,false,123,0,133,123,0.832974124,1.000000000,0.990058590,0.924812030,0.000000000,0.000000000,0.000000000,0.082821800,775,0.097570188,0.000000000,5.162683560,-1.943989277,-5.787626743,0.894786656,-6.167491472,-1.793239312,-1.421685933,6.898156643,8.499419212,3.969482899,0.774459169,0.632606901,0.004637283,0.989291090,-0.145928338,-0.002833366,-1.943989277,-5.787626743,0.894786656,0.000000000,0.000000000,0.000000000,1.000000000,3.969482899,6.898156643,8.499419212,8.499419212,0.467029899
2026-06-03T01:47:55,1773928464.368453026,r1,body,odom,44,structure_anchor_44,cylinder,pipe_like,pipe_candidate,unknown,weak_tracked,false,true,true,false,3,0,8,3,0.340465000,0.375000000,0.483575000,0.375000000,0.000000000,0.000000000,0.000000000,0.045133950,13,0.001636661,0.036640450,0.000000000,1.401609659,-1.193103552,0.649227440,-0.519915584,-1.166527684,-1.695717032,0.080000000,0.080000000,0.381358504,-0.015312747,0.031003538,0.999401971,0.018702554,0.022488109,0.999572158,1.401609659,-1.193103552,0.649227440,0.000000000,0.000000000,0.000000000,1.000000000,0.381358504,0.080000000,0.080000000,0.080000000,4.766981304
2026-06-03T01:47:55,1773928464.368453026,r1,body,odom,39,structure_anchor_39,plane,wall_like,general_plane,unknown,stale,false,false,true,false,3,18,22,3,0.133022727,0.375000000,0.000000000,0.136363636,0.900000000,0.000000000,0.000000000,0.084191325,221,0.043736394,0.000000000,-2.057613918,-2.194134455,3.464759561,0.630321694,0.498550729,4.628916471,-1.664503671,4.456121922,3.415834665,2.658906460,-0.631695488,0.775181611,0.007360960,0.147139209,0.988985055,0.016077518,-2.194134455,3.464759561,0.630321694,0.000000000,0.000000000,0.000000000,1.000000000,2.658906460,4.456121922,3.415834665,4.456121922,0.596686201
2026-06-03T01:47:55,1773928464.368453026,r1,body,odom,20,structure_anchor_20,plane,wall_like,general_plane,unknown,stale,false,false,true,false,10,6,68,10,0.463948684,1.000000000,0.080323750,0.147058824,0.450000000,0.000927680,0.000000000,0.361794317,302,0.049209712,0.000000000,2.520599236,-2.450079722,-2.777255870,0.471798748,-4.286856805,0.613329129,-1.832806843,4.355621815,5.514767647,1.646147132,-0.739628367,-0.626822735,-0.245036817,-0.963017874,0.126430413,-0.237932342,-2.450079722,-2.777255870,0.471798748,0.000000000,0.000000000,0.000000000,1.000000000,1.646147132,4.355621815,5.514767647,5.514767647,0.298498003
2026-06-03T01:47:55,1773928464.368453026,r1,body,odom,19,structure_anchor_19,plane,wall_like,general_plane,unknown,stale,false,false,true,false,8,59,70,8,0.402857143,1.000000000,0.000000000,0.114285714,1.000000000,0.000000000,0.000000000,0.255109873,131,0.037850332,0.000000000,1.118203461,1.118612376,-7.185407588,0.208577690,-5.140775737,-4.991116447,-2.145315114,2.911881447,0.178876400,1.796473742,-0.771956271,-0.635654928,-0.005121712,-0.989859587,0.142029979,0.002314477,1.118612376,-7.185407588,0.208577690,0.000000000,0.000000000,0.000000000,1.000000000,1.796473742,2.911881447,0.178876400,2.911881447,0.616946045
2026-06-03T01:47:55,1773928464.368453026,r1,body,odom,38,structure_anchor_38,plane,wall_like,general_plane,unknown,stale,false,false,true,false,4,24,29,4,0.182586207,0.500000000,0.000000000,0.137931034,1.000000000,0.000000000,0.000000000,0.104244417,173,0.049527627,0.000000000,-0.800763966,-2.375440614,0.531207796,-0.135833345,-1.795789029,2.793522317,-2.434519600,1.644061327,1.410686970,0.832732439,-0.010953152,0.993794012,-0.110695055,0.726216659,0.678842649,-0.108544438,-2.375440614,0.531207796,-0.135833345,0.000000000,0.000000000,0.000000000,1.000000000,0.832732439,1.644061327,1.410686970,1.644061327,0.506509353
2026-06-03T01:47:55,1773928464.566452980,r1,body,odom,2,structure_anchor_2,plane,wall_like,general_plane,unknown,confirmed,true,true,true,false,124,0,134,124,0.833782244,1.000000000,0.993538083,0.925373134,0.000000000,0.000000000,0.000000000,0.077232669,908,0.111506816,0.000000000,5.307217394,-2.221512079,-5.686199188,0.888940752,-6.159516070,-1.652607382,-1.423820854,7.300309181,8.947093010,3.600253582,0.775470547,0.631353416,0.006188346,0.989303743,-0.145857926,0.001896093,-2.221512079,-5.686199188,0.888940752,0.000000000,0.000000000,0.000000000,1.000000000,3.600253582,7.300309181,8.947093010,8.947093010,0.402393669
2026-06-03T01:47:55,1773928464.566452980,r1,body,odom,47,structure_anchor_47,compact_cluster,pillar_like,pillar_compact_cluster,unknown,candidate,false,true,true,false,1,0,1,1,0.326250000,0.125000000,0.350000000,1.000000000,0.000000000,0.000000000,0.000000000,0.000000000,101,0.012403291,0.000000000,0.000000000,-3.937815428,-0.058950316,0.234659716,-3.169267070,3.415744507,-2.064079905,0.673473120,0.837423921,1.653724432,0.000000000,0.000000000,1.000000000,0.003615931,-0.004902264,0.999981446,-3.937815428,-0.058950316,0.234659716,0.000000000,0.000000000,0.000000000,1.000000000,1.653724432,0.673473120,0.837423921,0.837423921,1.974775727
2026-06-03T01:47:55,1773928464.566452980,r1,body,odom,39,structure_anchor_39,plane,wall_like,general_plane,unknown,stale,false,false,true,false,3,19,23,3,0.128336957,0.375000000,0.000000000,0.130434783,0.950000000,0.000000000,0.000000000,0.084191325,221,0.043736394,0.000000000,-2.057613918,-2.359031269,3.466134652,0.641543883,0.498551106,4.628916867,-1.664503611,4.456121922,3.415834665,2.658906460,-0.630335049,0.776234168,0.011761001,0.147139289,0.988985160,0.016077520,-2.359031269,3.466134652,0.641543883,0.000000000,0.000000000,0.000000000,1.000000000,2.658906460,4.456121922,3.415834665,4.456121922,0.596686201
2026-06-03T01:47:55,1773928464.566452980,r1,body,odom,20,structure_anchor_20,plane,wall_like,general_plane,unknown,stale,false,false,true,false,10,7,69,10,0.444025210,1.000000000,0.000323750,0.144927536,0.500000000,0.000834912,0.000000000,0.361794317,302,0.049209712,0.000000000,2.520599236,-2.626371116,-2.775211474,0.475625580,-4.286857239,0.613329369,-1.832806799,4.355621815,5.514767647,1.646147132,-0.741963525,-0.625229325,-0.242029950,-0.963017977,0.126430489,-0.237932363,-2.626371116,-2.775211474,0.475625580,0.000000000,0.000000000,0.000000000,1.000000000,1.646147132,4.355621815,5.514767647,5.514767647,0.298498003
2026-06-03T01:47:55,1773928464.566452980,r1,body,odom,19,structure_anchor_19,plane,wall_like,general_plane,unknown,stale,false,false,true,false,8,60,71,8,0.402535211,1.000000000,0.000000000,0.112676056,1.000000000,0.000000000,0.000000000,0.255109873,131,0.037850332,0.000000000,1.118203461,0.933424039,-7.188997101,0.187509836,-5.140776629,-4.991116799,-2.145315101,2.911881447,0.178876400,1.796473742,-0.773047567,-0.634345088,-0.001961098,-0.989859692,0.142030059,0.002314478,0.933424039,-7.188997101,0.187509836,0.000000000,0.000000000,0.000000000,1.000000000,1.796473742,2.911881447,0.178876400,2.911881447,0.616946045
2026-06-03T01:47:55,1773928464.566452980,r1,body,odom,38,structure_anchor_38,plane,wall_like,general_plane,unknown,stale,false,false,true,false,4,25,30,4,0.181666667,0.500000000,0.000000000,0.133333333,1.000000000,0.000000000,0.000000000,0.104244417,173,0.049527627,0.000000000,-0.800763966,-2.549319243,0.533974941,-0.127756416,-1.795789035,2.793522649,-2.434519608,1.644061327,1.410686970,0.832732439,-0.009851190,0.993966149,-0.109244349,0.726216787,0.678842681,-0.108544447,-2.549319243,0.533974941,-0.127756416,0.000000000,0.000000000,0.000000000,1.000000000,0.832732439,1.644061327,1.410686970,1.644061327,0.506509353
2026-06-03T01:47:55,1773928464.788453102,r1,body,odom,2,structure_anchor_2,plane,wall_like,general_plane,unknown,confirmed,true,true,true,false,125,0,135,125,0.834345136,1.000000000,0.995799754,0.925925926,0.000000000,0.000000000,0.000000000,0.073076679,1006,0.124659232,0.000000000,5.479762957,-2.377650499,-5.770916939,0.787352502,-6.183472840,-1.751712424,-1.519596329,8.042080879,9.972055435,3.501997948,0.775302327,0.631508223,0.010181605,0.989362963,-0.145435333,0.003081178,-2.377650499,-5.770916939,0.787352502,0.000000000,0.000000000,0.000000000,1.000000000,3.501997948,8.042080879,9.972055435,9.972055435,0.351181155
2026-06-03T01:47:55,1773928464.788453102,r1,body,odom,39,structure_anchor_39,plane,wall_like,general_plane,unknown,weak_tracked,false,true,true,true,4,0,24,4,0.282833333,0.500000000,0.350000000,0.166666667,0.650000000,0.000000000,0.000000000,0.122209101,507,0.062825279,0.000000000,-4.384794867,-2.848307371,3.308934450,0.583197534,0.194415050,4.728186721,-1.720473491,3.324684381,2.990762711,1.942771554,-0.652907944,0.756507727,0.037513665,0.117329373,0.992146477,0.043349590,-2.848307371,3.308934450,0.583197534,0.000000000,0.000000000,0.000000000,1.000000000,1.942771554,3.324684381,2.990762711,3.324684381,0.584347665
2026-06-03T01:47:55,1773928464.788453102,r1,body,odom,29,structure_anchor_29,plane,wall_like,general_plane,unknown,confirmed,true,true,true,false,18,0,50,18,0.693874976,1.000000000,0.859374882,0.360000000,0.000000000,0.000000000,0.000000000,0.066401488,553,0.046220570,0.000000000,-5.739629361,-4.041564884,4.113978513,0.903586299,-0.015572578,6.149763765,-1.389365801,3.377810001,2.758261681,2.317979097,-0.631734908,0.775179003,-0.002919502,0.145146830,0.989406379,0.002724033,-4.041564884,4.113978513,0.903586299,0.000000000,0.000000000,0.000000000,1.000000000,2.317979097,3.377810001,2.758261681,3.377810001,0.686237265
2026-06-03T01:47:55,1773928464.788453102,r1,body,odom,48,structure_anchor_48,plane,wall_like,general_plane,unknown,candidate,false,true,true,false,1,0,1,1,0.326250000,0.125000000,0.350000000,1.000000000,0.000000000,0.000000000,0.000000000,0.000000000,97,0.012019827,0.000000000,-5.763915495,0.532790124,7.816081524,1.181734324,5.805519424,5.274131779,-1.153117293,1.381070614,1.137525082,2.159528732,-0.626558643,0.779356471,0.005268559,0.151774052,0.988355505,0.010864358,0.532790124,7.816081524,1.181734324,0.000000000,0.000000000,0.000000000,1.000000000,2.159528732,1.381070614,1.137525082,1.381070614,1.563662792
2026-06-03T01:47:55,1773928464.788453102,r1,body,odom,49,structure_anchor_49,plane,wall_like,general_plane,unknown,candidate,false,true,true,false,1,0,1,1,0.326250000,0.125000000,0.350000000,1.000000000,0.000000000,0.000000000,0.000000000,0.000000000,53,0.006567534,0.000000000,-5.696506850,3.812649965,10.469427109,1.672283411,9.980297107,4.643625961,-0.692622443,2.614751577,2.139367104,3.920820951,-0.633261733,0.773921415,0.005022076,0.143237566,0.989630716,0.010679268,3.812649965,10.469427109,1.672283411,0.000000000,0.000000000,0.000000000,1.000000000,3.920820951,2.614751577,2.139367104,2.614751577,1.499500368
2026-06-03T01:47:55,1773928464.788453102,r1,body,odom,20,structure_anchor_20,plane,wall_like,general_plane,unknown,stale,false,false,true,false,10,8,70,10,0.440048886,1.000000000,0.000000000,0.142857143,0.550000000,0.000751420,0.000000000,0.361794317,302,0.049209712,0.000000000,2.520599236,-2.838419356,-2.774947714,0.470280142,-4.286857054,0.613329263,-1.832806817,4.355621815,5.514767647,1.646147132,-0.741366459,-0.624884841,-0.244733963,-0.963017934,0.126430457,-0.237932354,-2.838419356,-2.774947714,0.470280142,0.000000000,0.000000000,0.000000000,1.000000000,1.646147132,4.355621815,5.514767647,5.514767647,0.298498003
2026-06-03T01:47:55,1773928464.788453102,r1,body,odom,19,structure_anchor_19,plane,wall_like,general_plane,unknown,stale,false,false,true,false,8,61,72,8,0.402222222,1.000000000,0.000000000,0.111111111,1.000000000,0.000000000,0.000000000,0.255109873,131,0.037850332,0.000000000,1.118203461,0.721273643,-7.189291648,0.189554658,-5.140776250,-4.991116654,-2.145315107,2.911881447,0.178876400,1.796473742,-0.773175113,-0.634174682,-0.004766730,-0.989859647,0.142030025,0.002314478,0.721273643,-7.189291648,0.189554658,0.000000000,0.000000000,0.000000000,1.000000000,1.796473742,2.911881447,0.178876400,2.911881447,0.616946045
2026-06-03T01:47:55,1773928464.788453102,r1,body,odom,38,structure_anchor_38,plane,wall_like,general_plane,unknown,stale,false,false,true,false,4,26,31,4,0.180806452,0.500000000,0.000000000,0.129032258,1.000000000,0.000000000,0.000000000,0.104244417,173,0.049527627,0.000000000,-0.800763966,-2.758836522,0.534675326,-0.130371693,-1.795789032,2.793522504,-2.434519604,1.644061327,1.410686970,0.832732439,-0.009307571,0.994050259,-0.108523986,0.726216733,0.678842667,-0.108544443,-2.758836522,0.534675326,-0.130371693,0.000000000,0.000000000,0.000000000,1.000000000,0.832732439,1.644061327,1.410686970,1.644061327,0.506509353
2026-06-03T01:47:55,1773928464.947452784,r1,body,odom,29,structure_anchor_29,plane,wall_like,general_plane,unknown,confirmed,true,true,true,false,19,0,51,19,0.706228539,1.000000000,0.908593673,0.372549020,0.000000000,0.000000000,0.000000000,0.069579264,342,0.041865589,0.000000000,-5.836254492,-4.812327385,3.597528934,1.109988570,-0.811277347,6.250910191,-1.177075182,4.676304817,3.830668688,2.130796194,-0.630596032,0.776061881,0.008752222,0.145506474,0.989264186,0.013572823,-4.812327385,3.597528934,1.109988570,0.000000000,0.000000000,0.000000000,1.000000000,2.130796194,4.676304817,3.830668688,4.676304817,0.455658106
2026-06-03T01:47:55,1773928464.947452784,r1,body,odom,48,structure_anchor_48,plane,wall_like,general_plane,unknown,weak_tracked,false,true,true,false,2,0,2,2,0.428000000,0.250000000,0.577500000,1.000000000,0.000000000,0.000000000,0.000000000,0.015305704,160,0.019586241,0.000000000,-5.870492518,-0.182816818,7.332880497,1.287266612,5.072171946,5.364651644,-1.049730920,2.597149372,2.087550640,2.173792839,-0.623405231,0.781663911,0.019168917,0.154574600,0.987691705,0.023911793,-0.182816818,7.332880497,1.287266612,0.000000000,0.000000000,0.000000000,1.000000000,2.173792839,2.597149372,2.087550640,2.597149372,0.836991843
2026-06-03T01:47:55,1773928464.947452784,r1,body,odom,49,structure_anchor_49,plane,wall_like,general_plane,unknown,weak_tracked,false,true,true,false,2,0,2,2,0.428000000,0.250000000,0.577500000,1.000000000,0.000000000,0.000000000,0.000000000,0.041198260,72,0.008813808,0.000000000,-5.913709952,3.754852295,10.482326508,1.718816876,10.058118798,4.590434451,-0.660622708,2.952508211,2.530536652,3.862200260,-0.623383833,0.780887635,0.040088628,0.154175826,0.987025803,0.044831518,3.754852295,10.482326508,1.718816876,0.000000000,0.000000000,0.000000000,1.000000000,3.862200260,2.952508211,2.530536652,2.952508211,1.308108220
2026-06-03T01:47:55,1773928464.947452784,r1,body,odom,50,structure_anchor_50,compact_cluster,pillar_like,pillar_compact_cluster,unknown,candidate,false,true,true,false,1,0,1,1,0.326250000,0.125000000,0.350000000,1.000000000,0.000000000,0.000000000,0.000000000,0.000000000,76,0.009303464,0.000000000,0.000000000,-6.195891380,-1.229646921,1.030065179,-5.303847864,4.006905016,-1.236357324,0.623277187,0.843541205,1.699642181,0.000000000,0.000000000,1.000000000,0.007586151,-0.005988088,0.999953295,-6.195891380,-1.229646921,1.030065179,0.000000000,0.000000000,0.000000000,1.000000000,1.699642181,0.623277187,0.843541205,0.843541205,2.014889340
2026-06-03T01:47:55,1773928464.947452784,r1,body,odom,44,structure_anchor_44,cylinder,pipe_like,pipe_candidate,unknown,weak_tracked,false,true,true,false,4,0,11,4,0.409792023,0.500000000,0.560323750,0.363636364,0.000000000,0.000000000,0.000000000,0.071362347,22,0.002693108,0.065808505,0.000000000,0.868571043,-1.193067193,0.112731405,-0.507606045,-1.167628692,-2.221107666,0.131617010,0.131617010,0.957245171,-0.001591656,-0.006859566,0.999975206,0.001455894,-0.009453283,0.999954257,0.868571043,-1.193067193,0.112731405,0.000000000,0.000000000,0.000000000,1.000000000,0.957245171,0.131617010,0.131617010,0.131617010,7.272959427
2026-06-03T01:47:55,1773928464.947452784,r1,body,odom,39,structure_anchor_39,plane,wall_like,general_plane,unknown,stale,false,false,true,false,4,1,25,4,0.262000000,0.500000000,0.270000000,0.160000000,0.700000000,0.000000000,0.000000000,0.122209101,507,0.062825279,0.000000000,-4.384794867,-2.796657417,3.427421877,0.627514834,0.422516871,4.653734073,-1.678496116,3.324684381,2.990762711,1.942771554,-0.633942435,0.773200350,0.016678195,0.141195809,0.989747411,0.021534763,-2.796657417,3.427421877,0.627514834,0.000000000,0.000000000,0.000000000,1.000000000,1.942771554,3.324684381,2.990762711,3.324684381,0.584347665
2026-06-03T01:47:55,1773928464.947452784,r1,body,odom,20,structure_anchor_20,plane,wall_like,general_plane,unknown,stale,false,false,true,false,10,9,71,10,0.436148726,1.000000000,0.000000000,0.140845070,0.600000000,0.000676278,0.000000000,0.361794317,302,0.049209712,0.000000000,2.520599236,-3.002392581,-2.773953564,0.461679605,-4.286856925,0.613329177,-1.832806831,4.355621815,5.514767647,1.646147132,-0.741969666,-0.623676907,-0.245983911,-0.963017904,0.126430435,-0.237932348,-3.002392581,-2.773953564,0.461679605,0.000000000,0.000000000,0.000000000,1.000000000,1.646147132,4.355621815,5.514767647,5.514767647,0.298498003
2026-06-03T01:47:55,1773928464.947452784,r1,body,odom,18,structure_anchor_18,plane,wall_like,general_plane,unknown,stale,false,false,true,false,59,4,125,58,0.658262243,1.000000000,0.647311217,0.464000000,0.200000000,0.000000000,0.000000000,0.473616642,362,0.027704651,0.000000000,3.424455157,-4.018086920,-1.405929449,0.350143569,-3.966483081,2.287282799,-1.936754345,3.787658453,4.473103046,2.191109657,-0.778194140,-0.624798352,-0.063567703,-0.986951517,0.151268329,-0.055177309,-4.018086920,-1.405929449,0.350143569,0.000000000,0.000000000,0.000000000,1.000000000,2.191109657,3.787658453,4.473103046,4.473103046,0.489841087
2026-06-03T01:47:55,1773928464.947452784,r1,body,odom,38,structure_anchor_38,plane,wall_like,general_plane,unknown,stale,false,false,true,false,4,27,32,4,0.180000000,0.500000000,0.000000000,0.125000000,1.000000000,0.000000000,0.000000000,0.104244417,173,0.049527627,0.000000000,-0.800763966,-2.918714848,0.536437684,-0.134162635,-1.795789026,2.793522391,-2.434519602,1.644061327,1.410686970,0.832732439,-0.008111628,0.994215663,-0.107095151,0.726216696,0.678842658,-0.108544441,-2.918714848,0.536437684,-0.134162635,0.000000000,0.000000000,0.000000000,1.000000000,0.832732439,1.644061327,1.410686970,1.644061327,0.506509353
2026-06-03T01:47:56,1773928465.166447878,r1,body,odom,50,structure_anchor_50,compact_cluster,pillar_like,pillar_compact_cluster,unknown,weak_tracked,false,true,true,false,2,0,2,2,0.428000000,0.250000000,0.577500000,1.000000000,0.000000000,0.000000000,0.000000000,0.005718535,128,0.015367991,0.000000000,0.000000000,-6.405136108,-1.268923163,0.471968263,-5.331256224,3.991114317,-1.766001255,0.734932423,0.875081897,2.615460873,0.000000000,0.000000000,1.000000000,0.010978554,-0.009487678,0.999894722,-6.405136108,-1.268923163,0.471968263,0.000000000,0.000000000,0.000000000,1.000000000,2.615460873,0.734932423,0.875081897,0.875081897,2.988818398
2026-06-03T01:47:56,1773928465.166447878,r1,body,odom,39,structure_anchor_39,plane,wall_like,general_plane,unknown,stale,false,false,true,false,4,2,26,4,0.241269231,0.500000000,0.190000000,0.153846154,0.750000000,0.000000000,0.000000000,0.122209101,507,0.062825279,0.000000000,-4.384794867,-3.002036636,3.416234426,0.616345673,0.422517510,4.653734963,-1.678496006,3.324684381,2.990762711,1.942771554,-0.633573466,0.773561542,0.013692220,0.141195955,0.989747603,0.021534767,-3.002036636,3.416234426,0.616345673,0.000000000,0.000000000,0.000000000,1.000000000,1.942771554,3.324684381,2.990762711,3.324684381,0.584347665
2026-06-03T01:47:56,1773928465.166447878,r1,body,odom,20,structure_anchor_20,plane,wall_like,general_plane,unknown,stale,false,false,true,false,10,10,72,10,0.432259518,1.000000000,0.000000000,0.138888889,0.650000000,0.000608651,0.000000000,0.361794317,302,0.049209712,0.000000000,2.520599236,-3.210511998,-2.785001357,0.448683126,-4.286857758,0.613329767,-1.832806743,4.355621815,5.514767647,1.646147132,-0.741119380,-0.623219487,-0.249679412,-0.963018093,0.126430575,-0.237932384,-3.210511998,-2.785001357,0.448683126,0.000000000,0.000000000,0.000000000,1.000000000,1.646147132,4.355621815,5.514767647,5.514767647,0.298498003
2026-06-03T01:47:56,1773928465.166447878,r1,body,odom,18,structure_anchor_18,plane,wall_like,general_plane,unknown,stale,false,false,true,false,59,5,126,58,0.638025735,1.000000000,0.567311217,0.460317460,0.250000000,0.000000000,0.000000000,0.473616642,362,0.027704651,0.000000000,3.424455157,-4.224867530,-1.416380498,0.332381847,-3.966483649,2.287283705,-1.936754272,3.787658453,4.473103046,2.191109657,-0.778232899,-0.624343980,-0.067441994,-0.986951708,0.151268477,-0.055177315,-4.224867530,-1.416380498,0.332381847,0.000000000,0.000000000,0.000000000,1.000000000,2.191109657,3.787658453,4.473103046,4.473103046,0.489841087
2026-06-03T01:47:56,1773928465.166447878,r1,body,odom,38,structure_anchor_38,plane,wall_like,general_plane,unknown,stale,false,false,true,false,4,28,33,4,0.179242424,0.500000000,0.000000000,0.121212121,1.000000000,0.000000000,0.000000000,0.104244417,173,0.049527627,0.000000000,-0.800763966,-3.122036577,0.525419662,-0.146303042,-1.795789076,2.793523149,-2.434519612,1.644061327,1.410686970,0.832732439,-0.007020453,0.994234279,-0.107000862,0.726216929,0.678842716,-0.108544458,-3.122036577,0.525419662,-0.146303042,0.000000000,0.000000000,0.000000000,1.000000000,0.832732439,1.644061327,1.410686970,1.644061327,0.506509353
2026-06-03T01:47:56,1773928465.349447966,r1,body,odom,2,structure_anchor_2,plane,wall_like,general_plane,unknown,confirmed,true,true,true,false,126,0,138,126,0.811262664,1.000000000,0.893269840,0.913043478,0.000000000,0.000000000,0.000000000,0.069290373,788,0.095376422,0.000000000,5.892967020,-2.323889732,-6.477700710,0.897665203,-6.296111408,-2.617776894,-1.398783919,5.808575153,7.186429024,3.467680931,0.773583919,0.633612608,0.010148048,0.989560586,-0.144084160,0.003104937,-2.323889732,-6.477700710,0.897665203,0.000000000,0.000000000,0.000000000,1.000000000,3.467680931,5.808575153,7.186429024,7.186429024,0.482531855
2026-06-03T01:47:56,1773928465.349447966,r1,body,odom,51,structure_anchor_51,plane,wall_like,general_plane,unknown,candidate,false,true,true,false,1,0,1,1,0.326250000,0.125000000,0.350000000,1.000000000,0.000000000,0.000000000,0.000000000,0.000000000,170,0.020576132,0.000000000,5.879783977,-6.522253513,-1.326015115,0.631635606,-5.324192951,3.956622718,-1.662489545,1.179179668,1.482489347,2.703027725,0.774262616,0.632699627,0.014442437,0.989373668,-0.145206873,0.007399180,-6.522253513,-1.326015115,0.631635606,0.000000000,0.000000000,0.000000000,1.000000000,2.703027725,1.179179668,1.482489347,1.482489347,1.823303304
2026-06-03T01:47:56,1773928465.349447966,r1,body,odom,29,structure_anchor_29,plane,wall_like,general_plane,unknown,confirmed,true,true,true,false,20,0,53,20,0.703188876,1.000000000,0.888585888,0.377358491,0.000000000,0.000000000,0.000000000,0.033075067,547,0.033526991,0.000000000,-6.046423989,-3.575611178,4.850003890,1.186869086,1.227272036,5.944002251,-1.149822991,4.370931625,3.558929443,2.360412359,-0.630912921,0.775453547,0.024915957,0.147449559,0.988747091,0.025258233,-3.575611178,4.850003890,1.186869086,0.000000000,0.000000000,0.000000000,1.000000000,2.360412359,4.370931625,3.558929443,4.370931625,0.540025002
2026-06-03T01:47:56,1773928465.349447966,r1,body,odom,49,structure_anchor_49,plane,wall_like,general_plane,unknown,confirmed,true,true,true,false,3,0,4,3,0.453425000,0.375000000,0.673375000,0.750000000,0.000000000,0.000000000,0.000000000,0.070523214,103,0.012466715,0.000000000,-6.016867760,3.209233284,10.305130005,1.938626885,9.835577144,4.610549692,-0.459427786,3.104460478,2.659820557,3.121339798,-0.633416842,0.772426273,0.046268319,0.143673428,0.988525661,0.046636941,3.209233284,10.305130005,1.938626885,0.000000000,0.000000000,0.000000000,1.000000000,3.121339798,3.104460478,2.659820557,3.104460478,1.005437119
2026-06-03T01:47:56,1773928465.349447966,r1,body,odom,39,structure_anchor_39,plane,wall_like,general_plane,unknown,stale,false,false,true,false,4,3,27,4,0.220629630,0.500000000,0.110000000,0.148148148,0.800000000,0.000000000,0.000000000,0.122209101,507,0.062825279,0.000000000,-4.384794867,-3.162344963,3.387942119,0.654419450,0.422517202,4.653734551,-1.678496060,3.324684381,2.990762711,1.942771554,-0.635847018,0.771525408,0.021147947,0.141195886,0.989747512,0.021534765,-3.162344963,3.387942119,0.654419450,0.000000000,0.000000000,0.000000000,1.000000000,1.942771554,3.324684381,2.990762711,3.324684381,0.584347665
2026-06-03T01:47:56,1773928465.349447966,r1,body,odom,20,structure_anchor_20,plane,wall_like,general_plane,unknown,stale,false,false,true,false,10,11,73,10,0.428380827,1.000000000,0.000000000,0.136986301,0.700000000,0.000547785,0.000000000,0.361794317,302,0.049209712,0.000000000,2.520599236,-3.352872122,-2.813486376,0.473101719,-4.286857366,0.613329497,-1.832806786,4.355621815,5.514767647,1.646147132,-0.741316852,-0.624932909,-0.244761734,-0.963018003,0.126430509,-0.237932368,-3.352872122,-2.813486376,0.473101719,0.000000000,0.000000000,0.000000000,1.000000000,1.646147132,4.355621815,5.514767647,5.514767647,0.298498003
2026-06-03T01:47:56,1773928465.349447966,r1,body,odom,18,structure_anchor_18,plane,wall_like,general_plane,unknown,stale,false,false,true,false,59,6,127,58,0.617800826,1.000000000,0.487311217,0.456692913,0.300000000,0.000000000,0.000000000,0.473616642,362,0.027704651,0.000000000,3.424455157,-4.372481310,-1.447785175,0.369067686,-3.966483383,2.287283285,-1.936754309,3.787658453,4.473103046,2.191109657,-0.776834583,-0.626624247,-0.062210976,-0.986951617,0.151268407,-0.055177313,-4.372481310,-1.447785175,0.369067686,0.000000000,0.000000000,0.000000000,1.000000000,2.191109657,3.787658453,4.473103046,4.473103046,0.489841087
2026-06-03T01:47:56,1773928465.349447966,r1,body,odom,38,structure_anchor_38,plane,wall_like,general_plane,unknown,stale,false,false,true,false,4,29,34,4,0.178529412,0.500000000,0.000000000,0.117647059,1.000000000,0.000000000,0.000000000,0.104244417,173,0.049527627,0.000000000,-0.800763966,-3.279951666,0.498655582,-0.114367687,-1.795789056,2.793522799,-2.434519609,1.644061327,1.410686970,0.832732439,-0.011064916,0.994468297,-0.104453318,0.726216819,0.678842688,-0.108544450,-3.279951666,0.498655582,-0.114367687,0.000000000,0.000000000,0.000000000,1.000000000,0.832732439,1.644061327,1.410686970,1.644061327,0.506509353
2026-06-03T01:47:56,1773928465.565447807,r1,body,odom,2,structure_anchor_2,plane,wall_like,general_plane,unknown,confirmed,true,true,true,false,127,0,139,127,0.818858892,1.000000000,0.930625396,0.913669065,0.000000000,0.000000000,0.000000000,0.002721625,746,0.090020514,0.000000000,6.074762577,-2.491112471,-6.571487427,0.924809277,-6.319750997,-2.712054457,-1.374113110,5.629201412,7.012881279,3.584717274,0.774471083,0.632497819,0.011876461,0.989461458,-0.144756937,0.003370965,-2.491112471,-6.571487427,0.924809277,0.000000000,0.000000000,0.000000000,1.000000000,3.584717274,5.629201412,7.012881279,7.012881279,0.511161836
2026-06-03T01:47:56,1773928465.565447807,r1,body,odom,52,structure_anchor_52,plane,wall_like,general_plane,unknown,candidate,false,true,true,false,1,0,1,1,0.326250000,0.125000000,0.350000000,1.000000000,0.000000000,0.000000000,0.000000000,0.000000000,196,0.023651502,0.000000000,6.067179223,-6.685908794,-1.417858362,0.645106673,-5.349323831,3.862850775,-1.625768966,1.181195736,1.471162319,2.789681196,0.775190224,0.631495885,0.017119087,0.989248242,-0.145992176,0.008608798,-6.685908794,-1.417858362,0.645106673,0.000000000,0.000000000,0.000000000,1.000000000,2.789681196,1.181195736,1.471162319,1.471162319,1.896242964
2026-06-03T01:47:56,1773928465.565447807,r1,body,odom,39,structure_anchor_39,plane,wall_like,general_plane,unknown,stale,false,false,true,false,4,4,28,4,0.200071429,0.500000000,0.030000000,0.142857143,0.850000000,0.000000000,0.000000000,0.122209101,507,0.062825279,0.000000000,-4.384794867,-3.374273368,3.375402124,0.633135948,0.422516444,4.653733354,-1.678496194,3.324684381,2.990762711,1.942771554,-0.635307760,0.772065707,0.017271954,0.141195705,0.989747273,0.021534760,-3.374273368,3.375402124,0.633135948,0.000000000,0.000000000,0.000000000,1.000000000,1.942771554,3.324684381,2.990762711,3.324684381,0.584347665
2026-06-03T01:47:56,1773928465.565447807,r1,body,odom,20,structure_anchor_20,plane,wall_like,general_plane,unknown,stale,false,false,true,false,10,12,74,10,0.424512237,1.000000000,0.000000000,0.135135135,0.750000000,0.000493007,0.000000000,0.361794317,302,0.049209712,0.000000000,2.520599236,-3.569057730,-2.826236514,0.463978791,-4.286856304,0.613328672,-1.832806893,4.355621815,5.514767647,1.646147132,-0.740929742,-0.624857599,-0.246121565,-0.963017769,0.126430335,-0.237932322,-3.569057730,-2.826236514,0.463978791,0.000000000,0.000000000,0.000000000,1.000000000,1.646147132,4.355621815,5.514767647,5.514767647,0.298498003
2026-06-03T01:47:56,1773928465.565447807,r1,body,odom,18,structure_anchor_18,plane,wall_like,general_plane,unknown,stale,false,false,true,false,59,7,128,58,0.597587243,1.000000000,0.407311217,0.453125000,0.350000000,0.000000000,0.000000000,0.473616642,362,0.027704651,0.000000000,3.424455157,-4.587206458,-1.459955301,0.353464493,-3.966482648,2.287282069,-1.936754396,3.787658453,4.473103046,2.191109657,-0.777102327,-0.626142555,-0.063696160,-0.986951381,0.151268224,-0.055177303,-4.587206458,-1.459955301,0.353464493,0.000000000,0.000000000,0.000000000,1.000000000,2.191109657,3.787658453,4.473103046,4.473103046,0.489841087
2026-06-03T01:47:56,1773928465.565447807,r1,body,odom,38,structure_anchor_38,plane,wall_like,general_plane,unknown,stale,false,false,true,false,4,30,35,4,0.177857143,0.500000000,0.000000000,0.114285714,1.000000000,0.000000000,0.000000000,0.104244417,173,0.049527627,0.000000000,-0.800763966,-3.491412640,0.484621322,-0.130082829,-1.795788962,2.793521767,-2.434519595,1.644061327,1.410686970,0.832732439,-0.009903733,0.994257740,-0.106551346,0.726216530,0.678842617,-0.108544428,-3.491412640,0.484621322,-0.130082829,0.000000000,0.000000000,0.000000000,1.000000000,0.832732439,1.644061327,1.410686970,1.644061327,0.506509353
2026-06-03T01:47:56,1773928465.769447803,r1,body,odom,2,structure_anchor_2,plane,wall_like,general_plane,unknown,confirmed,true,true,true,false,128,0,140,128,0.823838444,1.000000000,0.954906507,0.914285714,0.000000000,0.000000000,0.000000000,0.003039555,736,0.089723272,0.000000000,6.222573130,-2.537248611,-6.744415283,0.901539743,-6.357956644,-2.922565075,-1.418562291,5.291275024,6.545860291,3.485455036,0.774619669,0.632368410,0.008634918,0.989560311,-0.144067322,0.003876378,-2.537248611,-6.744415283,0.901539743,0.000000000,0.000000000,0.000000000,1.000000000,3.485455036,5.291275024,6.545860291,6.545860291,0.532467068
2026-06-03T01:47:56,1773928465.769447803,r1,body,odom,53,structure_anchor_53,plane,wall_like,general_plane,unknown,candidate,false,true,true,false,1,0,1,1,0.326250000,0.125000000,0.350000000,1.000000000,0.000000000,0.000000000,0.000000000,0.000000000,197,0.024015604,0.000000000,6.215309172,-6.866542339,-1.421720147,0.699415565,-5.358227710,3.865626937,-1.607545143,1.420565128,1.787479401,2.790635109,0.776366744,0.630069581,0.016340167,0.989079412,-0.146928325,0.011576453,-6.866542339,-1.421720147,0.699415565,0.000000000,0.000000000,0.000000000,1.000000000,2.790635109,1.420565128,1.787479401,1.787479401,1.561212458
2026-06-03T01:47:56,1773928465.769447803,r1,body,odom,29,structure_anchor_29,plane,wall_like,general_plane,unknown,confirmed,true,true,true,false,21,0,55,21,0.701479802,1.000000000,0.875580827,0.381818182,0.000000000,0.000000000,0.000000000,0.051753055,478,0.035596733,0.000000000,-6.276469089,-3.930751226,4.856151123,1.077039322,1.255659933,5.940363866,-1.253857173,5.449310780,4.299202919,2.763419390,-0.627752343,0.777863224,0.029255596,0.149694754,0.988241472,0.031151115,-3.930751226,4.856151123,1.077039322,0.000000000,0.000000000,0.000000000,1.000000000,2.763419390,5.449310780,4.299202919,5.449310780,0.507113560
2026-06-03T01:47:56,1773928465.769447803,r1,body,odom,49,structure_anchor_49,plane,wall_like,general_plane,unknown,confirmed,true,true,true,false,4,0,6,4,0.505472083,0.500000000,0.735693750,0.666666667,0.000000000,0.000000000,0.000000000,0.088904595,146,0.017798366,0.000000000,-6.268440496,2.836607933,10.281410217,1.386922240,9.828604879,4.614030246,-0.985398753,3.338110447,2.831603050,3.495250940,-0.627901752,0.777090902,0.043233313,0.149086283,0.987793775,0.045130554,2.836607933,10.281410217,1.386922240,0.000000000,0.000000000,0.000000000,1.000000000,3.495250940,3.338110447,2.831603050,3.338110447,1.047074684
2026-06-03T01:47:56,1773928465.769447803,r1,body,odom,39,structure_anchor_39,plane,wall_like,general_plane,unknown,stale,false,false,true,false,4,5,29,4,0.189586207,0.500000000,0.000000000,0.137931034,0.900000000,0.000000000,0.000000000,0.122209101,507,0.062825279,0.000000000,-4.384794867,-3.542683799,3.373368785,0.652044693,0.422517132,4.653734482,-1.678496070,3.324684381,2.990762711,1.942771554,-0.634556344,0.772628152,0.019597807,0.141195871,0.989747492,0.021534764,-3.542683799,3.373368785,0.652044693,0.000000000,0.000000000,0.000000000,1.000000000,1.942771554,3.324684381,2.990762711,3.324684381,0.584347665
2026-06-03T01:47:56,1773928465.769447803,r1,body,odom,20,structure_anchor_20,plane,wall_like,general_plane,unknown,stale,false,false,true,false,10,13,75,10,0.420653355,1.000000000,0.000000000,0.133333333,0.800000000,0.000443706,0.000000000,0.361794317,302,0.049209712,0.000000000,2.520599236,-3.743585202,-2.828195289,0.487325185,-4.286857288,0.613329459,-1.832806795,4.355621815,5.514767647,1.646147132,-0.742538865,-0.624354048,-0.242524527,-0.963017984,0.126430494,-0.237932364,-3.743585202,-2.828195289,0.487325185,0.000000000,0.000000000,0.000000000,1.000000000,1.646147132,4.355621815,5.514767647,5.514767647,0.298498003
2026-06-03T01:47:56,1773928465.769447803,r1,body,odom,18,structure_anchor_18,plane,wall_like,general_plane,unknown,stale,false,false,true,false,59,8,129,58,0.577384724,1.000000000,0.327311217,0.449612403,0.400000000,0.000000000,0.000000000,0.473616642,362,0.027704651,0.000000000,3.424455157,-4.761020958,-1.461092130,0.380465058,-3.966483332,2.287283215,-1.936754316,3.787658453,4.473103046,2.191109657,-0.777916026,-0.625502735,-0.059942258,-0.986951598,0.151268392,-0.055177312,-4.761020958,-1.461092130,0.380465058,0.000000000,0.000000000,0.000000000,1.000000000,2.191109657,3.787658453,4.473103046,4.473103046,0.489841087
2026-06-03T01:47:56,1773928465.769447803,r1,body,odom,38,structure_anchor_38,plane,wall_like,general_plane,unknown,stale,false,false,true,false,4,31,36,4,0.177222222,0.500000000,0.000000000,0.111111111,1.000000000,0.000000000,0.000000000,0.104244417,173,0.049527627,0.000000000,-0.800763966,-3.665661060,0.482252531,-0.108984084,-1.795789057,2.793522744,-2.434519607,1.644061327,1.410686970,0.832732439,-0.009506039,0.994204790,-0.107082029,0.726216795,0.678842683,-0.108544448,-3.665661060,0.482252531,-0.108984084,0.000000000,0.000000000,0.000000000,1.000000000,0.832732439,1.644061327,1.410686970,1.644061327,0.506509353
2026-06-03T01:47:56,1773928465.949448109,r1,body,odom,29,structure_anchor_29,plane,wall_like,general_plane,unknown,confirmed,true,true,true,false,22,0,56,22,0.712396936,1.000000000,0.919127538,0.392857143,0.000000000,0.000000000,0.000000000,0.104078455,406,0.049027895,0.000000000,-6.427691430,-3.933530331,5.002912998,1.242509842,1.495160062,5.905017766,-1.082229390,8.051508904,6.573704720,2.274038076,-0.633432139,0.771288083,0.062276951,0.140608939,0.987918831,0.065157797,-3.933530331,5.002912998,1.242509842,0.000000000,0.000000000,0.000000000,1.000000000,2.274038076,8.051508904,6.573704720,8.051508904,0.282436262
2026-06-03T01:47:56,1773928465.949448109,r1,body,odom,49,structure_anchor_49,plane,wall_like,general_plane,unknown,confirmed,false,true,true,false,5,0,7,5,0.589747330,0.625000000,0.828200937,0.714285714,0.000000000,0.000000000,0.000000000,0.130554298,51,0.006158676,0.000000000,-6.408325082,2.536495924,10.188257217,2.560729980,9.698194414,4.637291859,0.178658858,3.009281397,2.349068642,1.955183029,-0.634603110,0.769812676,0.068317915,0.138768840,0.987761286,0.071210108,2.536495924,10.188257217,2.560729980,0.000000000,0.000000000,0.000000000,1.000000000,1.955183029,3.009281397,2.349068642,3.009281397,0.649717581
2026-06-03T01:47:56,1773928465.949448109,r1,body,odom,2,structure_anchor_2,plane,wall_like,general_plane,unknown,confirmed,true,true,true,false,129,0,141,129,0.827116569,1.000000000,0.970689230,0.914893617,0.000000000,0.000000000,0.000000000,0.003042496,673,0.081270378,0.000000000,6.373334768,-2.572732925,-6.943152428,0.996051967,-6.389889694,-3.172083046,-1.312936182,5.198800087,6.419487953,3.267072201,0.774490816,0.632493552,0.010764896,0.989682753,-0.143223657,0.003880978,-2.572732925,-6.943152428,0.996051967,0.000000000,0.000000000,0.000000000,1.000000000,3.267072201,5.198800087,6.419487953,6.419487953,0.508930342
2026-06-03T01:47:56,1773928465.949448109,r1,body,odom,54,structure_anchor_54,plane,wall_like,general_plane,unknown,candidate,false,true,true,false,1,0,1,1,0.326250000,0.125000000,0.350000000,1.000000000,0.000000000,0.000000000,0.000000000,0.000000000,180,0.021736505,0.000000000,6.368012094,-7.040578842,-1.445050001,0.823056519,-5.359368463,3.837580992,-1.465718315,1.461125851,1.857561231,2.863429308,0.778044938,0.627862273,0.020857632,0.988736889,-0.149011980,0.013957907,-7.040578842,-1.445050001,0.823056519,0.000000000,0.000000000,0.000000000,1.000000000,2.863429308,1.461125851,1.857561231,1.857561231,1.541499284
2026-06-03T01:47:56,1773928465.949448109,r1,body,odom,39,structure_anchor_39,plane,wall_like,general_plane,unknown,stale,false,false,true,false,4,6,30,4,0.185166667,0.500000000,0.000000000,0.133333333,0.950000000,0.000000000,0.000000000,0.122209101,507,0.062825279,0.000000000,-4.384794867,-3.732233057,3.367894211,0.644179215,0.422517128,4.653734494,-1.678496070,3.324684381,2.990762711,1.942771554,-0.634071204,0.773049742,0.018651893,0.141195871,0.989747492,0.021534764,-3.732233057,3.367894211,0.644179215,0.000000000,0.000000000,0.000000000,1.000000000,1.942771554,3.324684381,2.990762711,3.324684381,0.584347665
2026-06-03T01:47:56,1773928465.949448109,r1,body,odom,20,structure_anchor_20,plane,wall_like,general_plane,unknown,stale,false,false,true,false,10,14,76,10,0.416803809,1.000000000,0.000000000,0.131578947,0.850000000,0.000399336,0.000000000,0.361794317,302,0.049209712,0.000000000,2.520599236,-3.936997290,-2.833428337,0.475178889,-4.286857291,0.613329471,-1.832806794,4.355621815,5.514767647,1.646147132,-0.742418966,-0.623696502,-0.244574818,-0.963017984,0.126430494,-0.237932364,-3.936997290,-2.833428337,0.475178889,0.000000000,0.000000000,0.000000000,1.000000000,1.646147132,4.355621815,5.514767647,5.514767647,0.298498003
2026-06-03T01:47:56,1773928465.949448109,r1,body,odom,18,structure_anchor_18,plane,wall_like,general_plane,unknown,stale,false,false,true,false,59,9,130,58,0.557193013,1.000000000,0.247311217,0.446153846,0.450000000,0.000000000,0.000000000,0.473616642,362,0.027704651,0.000000000,3.424455157,-4.953257436,-1.465564057,0.366881718,-3.966483335,2.287283227,-1.936754315,3.787658453,4.473103046,2.191109657,-0.778206366,-0.624933494,-0.062073093,-0.986951598,0.151268392,-0.055177312,-4.953257436,-1.465564057,0.366881718,0.000000000,0.000000000,0.000000000,1.000000000,2.191109657,3.787658453,4.473103046,4.473103046,0.489841087
2026-06-03T01:47:56,1773928465.949448109,r1,body,odom,38,structure_anchor_38,plane,wall_like,general_plane,unknown,stale,false,false,true,false,4,32,37,4,0.176621622,0.500000000,0.000000000,0.108108108,1.000000000,0.000000000,0.000000000,0.104244417,173,0.049527627,0.000000000,-0.800763966,-3.855476234,0.477332211,-0.118909143,-1.795789060,2.793522756,-2.434519607,1.644061327,1.410686970,0.832732439,-0.008587224,0.994276850,-0.106488938,0.726216795,0.678842683,-0.108544448,-3.855476234,0.477332211,-0.118909143,0.000000000,0.000000000,0.000000000,1.000000000,0.832732439,1.644061327,1.410686970,1.644061327,0.506509353
2026-06-03T01:47:57,1773928466.168442726,r1,body,odom,39,structure_anchor_39,plane,wall_like,general_plane,unknown,stale,false,false,true,false,4,7,31,4,0.180806452,0.500000000,0.000000000,0.129032258,1.000000000,0.000000000,0.000000000,0.122209101,507,0.062825279,0.000000000,-4.384794867,-3.912234087,3.356420393,0.659166517,0.422516981,4.653734227,-1.678496098,3.324684381,2.990762711,1.942771554,-0.634829843,0.772402198,0.019644959,0.141195834,0.989747444,0.021534763,-3.912234087,3.356420393,0.659166517,0.000000000,0.000000000,0.000000000,1.000000000,1.942771554,3.324684381,2.990762711,3.324684381,0.584347665
2026-06-03T01:47:57,1773928466.168442726,r1,body,odom,20,structure_anchor_20,plane,wall_like,general_plane,unknown,stale,false,false,true,false,10,15,77,10,0.412963244,1.000000000,0.000000000,0.129870130,0.900000000,0.000359402,0.000000000,0.361794317,302,0.049209712,0.000000000,2.520599236,-4.110940941,-2.845229615,0.495030843,-4.286857069,0.613329279,-1.832806816,4.355621815,5.514767647,1.646147132,-0.742358899,-0.624641731,-0.242334444,-0.963017936,0.126430459,-0.237932355,-4.110940941,-2.845229615,0.495030843,0.000000000,0.000000000,0.000000000,1.000000000,1.646147132,4.355621815,5.514767647,5.514767647,0.298498003
2026-06-03T01:47:57,1773928466.168442726,r1,body,odom,18,structure_anchor_18,plane,wall_like,general_plane,unknown,stale,false,false,true,false,59,10,131,58,0.537011862,1.000000000,0.167311217,0.442748092,0.500000000,0.000000000,0.000000000,0.473616642,362,0.027704651,0.000000000,3.424455157,-5.128886365,-1.478500973,0.388235006,-3.966483179,2.287282956,-1.936754333,3.787658453,4.473103046,2.191109657,-0.777702462,-0.625786982,-0.059745654,-0.986951550,0.151268355,-0.055177310,-5.128886365,-1.478500973,0.388235006,0.000000000,0.000000000,0.000000000,1.000000000,2.191109657,3.787658453,4.473103046,4.473103046,0.489841087
2026-06-03T01:47:57,1773928466.168442726,r1,body,odom,38,structure_anchor_38,plane,wall_like,general_plane,unknown,stale,false,false,true,false,4,33,38,4,0.176052632,0.500000000,0.000000000,0.105263158,1.000000000,0.000000000,0.000000000,0.104244417,173,0.049527627,0.000000000,-0.800763966,-4.034312613,0.465193131,-0.101584710,-1.795789035,2.793522522,-2.434519604,1.644061327,1.410686970,0.832732439,-0.009882113,0.994191815,-0.107168036,0.726216736,0.678842668,-0.108544444,-4.034312613,0.465193131,-0.101584710,0.000000000,0.000000000,0.000000000,1.000000000,0.832732439,1.644061327,1.410686970,1.644061327,0.506509353
2026-06-03T01:47:57,1773928466.387442827,r1,body,odom,29,structure_anchor_29,plane,wall_like,general_plane,unknown,confirmed,true,true,true,false,23,0,58,23,0.708396925,1.000000000,0.895432899,0.396551724,0.000000000,0.000000000,0.000000000,0.102835920,518,0.063078422,0.000000000,-6.616832460,-4.189955235,5.104730606,0.988178611,1.670621008,5.877452912,-1.330888008,7.955882072,6.363062859,2.860738993,-0.627856845,0.778207102,0.013765503,0.149464211,0.988606202,0.017838461,-4.189955235,5.104730606,0.988178611,0.000000000,0.000000000,0.000000000,1.000000000,2.860738993,7.955882072,6.363062859,7.955882072,0.359575339
2026-06-03T01:47:57,1773928466.387442827,r1,body,odom,49,structure_anchor_49,plane,wall_like,general_plane,unknown,confirmed,true,true,true,false,6,0,9,6,0.638099455,0.750000000,0.836330609,0.666666667,0.000000000,0.000000000,0.000000000,0.141917222,96,0.011690209,0.000000000,-6.587165062,2.302324772,10.267277718,2.351460457,9.871030607,4.573653778,-0.021873542,3.602142811,2.922467232,3.519864559,-0.626543399,0.779292565,0.012102379,0.151142175,0.988379856,0.016164378,2.302324772,10.267277718,2.351460457,0.000000000,0.000000000,0.000000000,1.000000000,3.519864559,3.602142811,2.922467232,3.602142811,0.977158526
2026-06-03T01:47:57,1773928466.387442827,r1,body,odom,36,structure_anchor_36,cylinder,pipe_like,pipe_candidate,unknown,weak_tracked,false,true,true,false,3,0,51,3,0.201514706,0.375000000,0.350000000,0.058823529,0.700000000,0.000000000,0.000000000,0.087671176,14,0.001704822,0.059123207,0.000000000,-2.050567389,0.687189639,0.165826678,-0.144848591,1.319444331,-2.165476996,0.118246414,0.118246414,0.696301579,-0.022646215,-0.014094744,0.999644180,-0.019867013,0.002169787,0.999800277,-2.050567389,0.687189639,0.165826678,0.000000000,0.000000000,0.000000000,1.000000000,0.696301579,0.118246414,0.118246414,0.118246414,5.888564036
2026-06-03T01:47:57,1773928466.387442827,r1,body,odom,39,structure_anchor_39,plane,wall_like,general_plane,unknown,stale,false,false,true,false,4,8,32,4,0.180000000,0.500000000,0.000000000,0.125000000,1.000000000,0.000000000,0.000000000,0.122209101,507,0.062825279,0.000000000,-4.384794867,-4.128655704,3.358105925,0.639426700,0.422516878,4.653734016,-1.678496118,3.324684381,2.990762711,1.942771554,-0.634313380,0.772879975,0.017407806,0.141195807,0.989747409,0.021534763,-4.128655704,3.358105925,0.639426700,0.000000000,0.000000000,0.000000000,1.000000000,1.942771554,3.324684381,2.990762711,3.324684381,0.584347665
2026-06-03T01:47:57,1773928466.387442827,r1,body,odom,20,structure_anchor_20,plane,wall_like,general_plane,unknown,stale,false,false,true,false,10,16,78,10,0.409131322,1.000000000,0.000000000,0.128205128,0.950000000,0.000323462,0.000000000,0.361794317,302,0.049209712,0.000000000,2.520599236,-4.331466763,-2.843479048,0.477881040,-4.286856902,0.613329123,-1.832806832,4.355621815,5.514767647,1.646147132,-0.742113664,-0.624218381,-0.244169355,-0.963017902,0.126430434,-0.237932348,-4.331466763,-2.843479048,0.477881040,0.000000000,0.000000000,0.000000000,1.000000000,1.646147132,4.355621815,5.514767647,5.514767647,0.298498003
2026-06-03T01:47:57,1773928466.387442827,r1,body,odom,18,structure_anchor_18,plane,wall_like,general_plane,unknown,stale,false,false,true,false,59,11,132,58,0.516841031,1.000000000,0.087311217,0.439393939,0.550000000,0.000000000,0.000000000,0.473616642,362,0.027704651,0.000000000,3.424455157,-5.348087959,-1.476055249,0.367433105,-3.966483061,2.287282742,-1.936754346,3.787658453,4.473103046,2.191109657,-0.777987850,-0.625243967,-0.061683371,-0.986951515,0.151268328,-0.055177308,-5.348087959,-1.476055249,0.367433105,0.000000000,0.000000000,0.000000000,1.000000000,2.191109657,3.787658453,4.473103046,4.473103046,0.489841087
2026-06-03T01:47:57,1773928466.387442827,r1,body,odom,38,structure_anchor_38,plane,wall_like,general_plane,unknown,stale,false,false,true,false,4,34,39,4,0.175512821,0.500000000,0.000000000,0.102564103,1.000000000,0.000000000,0.000000000,0.104244417,173,0.049527627,0.000000000,-0.800763966,-4.250661613,0.466579907,-0.120199522,-1.795789011,2.793522336,-2.434519603,1.644061327,1.410686970,0.832732439,-0.008836568,0.994143730,-0.107703811,0.726216694,0.678842657,-0.108544440,-4.250661613,0.466579907,-0.120199522,0.000000000,0.000000000,0.000000000,1.000000000,0.832732439,1.644061327,1.410686970,1.644061327,0.506509353
2026-06-03T01:47:57,1773928466.546442986,r1,body,odom,29,structure_anchor_29,plane,wall_like,general_plane,unknown,confirmed,true,true,true,false,24,0,59,24,0.717762209,1.000000000,0.932031385,0.406779661,0.000000000,0.000000000,0.000000000,0.115814724,557,0.068293281,0.000000000,-6.708274259,-4.434236526,5.047139645,0.840079486,1.598772038,5.879917116,-1.449469071,8.090700150,6.583133221,2.470160484,-0.629751519,0.776776558,-0.005586006,0.148694262,0.988875826,0.003819489,-4.434236526,5.047139645,0.840079486,0.000000000,0.000000000,0.000000000,1.000000000,2.470160484,8.090700150,6.583133221,8.090700150,0.305308618
2026-06-03T01:47:57,1773928466.546442986,r1,body,odom,49,structure_anchor_49,plane,wall_like,general_plane,unknown,confirmed,true,true,true,false,7,0,10,7,0.712472979,0.875000000,0.893614896,0.700000000,0.000000000,0.000000000,0.000000000,0.160154245,150,0.018391368,0.000000000,-6.704663462,2.138284206,10.371358871,0.567406476,9.959583328,4.622322940,-1.816864193,3.737121105,3.049943924,2.383625269,-0.629944615,0.776622465,-0.005227663,0.148453736,0.988910503,0.004180579,2.138284206,10.371358871,0.567406476,0.000000000,0.000000000,0.000000000,1.000000000,2.383625269,3.737121105,3.049943924,3.737121105,0.637823930
2026-06-03T01:47:57,1773928466.546442986,r1,body,odom,46,structure_anchor_46,plane,wall_like,general_plane,unknown,weak_tracked,false,true,true,false,2,0,18,2,0.169722222,0.250000000,0.350000000,0.111111111,0.500000000,0.000000000,0.000000000,0.072679995,317,0.038867092,0.000000000,4.513279849,1.111082673,-4.503476620,0.799652994,-1.712638267,-4.655056608,-1.573393840,3.683694363,1.943213701,2.030667782,-0.458660328,0.888608687,-0.002303324,0.346678136,0.937972717,0.004628538,1.111082673,-4.503476620,0.799652994,0.000000000,0.000000000,0.000000000,1.000000000,2.030667782,3.683694363,1.943213701,3.683694363,0.551258487
2026-06-03T01:47:57,1773928466.546442986,r1,body,odom,55,structure_anchor_55,compact_cluster,pillar_like,pillar_compact_cluster,unknown,candidate,false,true,true,false,1,0,1,1,0.326250000,0.125000000,0.350000000,1.000000000,0.000000000,0.000000000,0.000000000,0.000000000,46,0.005640020,0.000000000,0.000000000,-0.015902603,-6.460483074,1.036663771,-3.915225839,-5.145728976,-1.320426142,0.750555098,0.619786263,2.113797188,0.000000000,0.000000000,1.000000000,0.009675185,-0.010965717,0.999893066,-0.015902603,-6.460483074,1.036663771,0.000000000,0.000000000,0.000000000,1.000000000,2.113797188,0.750555098,0.619786263,0.750555098,2.816311811
2026-06-03T01:47:57,1773928466.546442986,r1,body,odom,36,structure_anchor_36,cylinder,pipe_like,pipe_candidate,unknown,weak_tracked,false,true,true,false,4,0,52,4,0.327884615,0.500000000,0.577500000,0.076923077,0.400000000,0.000000000,0.000000000,0.107885357,23,0.002820010,0.042625338,0.000000000,-2.195570469,0.692109585,0.210101515,-0.112695331,1.296784695,-2.113216585,0.085250676,0.085250676,0.918111801,-0.003413545,0.006945702,0.999970052,0.012500515,-0.003760649,0.999914794,-2.195570469,0.692109585,0.210101515,0.000000000,0.000000000,0.000000000,1.000000000,0.918111801,0.085250676,0.085250676,0.085250676,10.769554538
2026-06-03T01:47:57,1773928466.546442986,r1,body,odom,39,structure_anchor_39,plane,wall_like,general_plane,unknown,stale,false,false,true,false,4,9,33,4,0.179242424,0.500000000,0.000000000,0.121212121,1.000000000,0.000000000,0.000000000,0.122209101,507,0.062825279,0.000000000,-4.384794867,-4.319034296,3.351621084,0.613142405,0.422516815,4.653733869,-1.678496133,3.324684381,2.990762711,1.942771554,-0.635711137,0.771832997,0.012045265,0.141195790,0.989747386,0.021534762,-4.319034296,3.351621084,0.613142405,0.000000000,0.000000000,0.000000000,1.000000000,1.942771554,3.324684381,2.990762711,3.324684381,0.584347665
2026-06-03T01:47:57,1773928466.546442986,r1,body,odom,20,structure_anchor_20,plane,wall_like,general_plane,unknown,stale,false,false,true,false,10,17,79,10,0.405307722,1.000000000,0.000000000,0.126582278,1.000000000,0.000291116,0.000000000,0.361794317,302,0.049209712,0.000000000,2.520599236,-4.510339547,-2.850482578,0.457590064,-4.286856793,0.613329011,-1.832806844,4.355621815,5.514767647,1.646147132,-0.739341527,-0.625752948,-0.248610678,-0.963017880,0.126430417,-0.237932344,-4.510339547,-2.850482578,0.457590064,0.000000000,0.000000000,0.000000000,1.000000000,1.646147132,4.355621815,5.514767647,5.514767647,0.298498003
2026-06-03T01:47:57,1773928466.546442986,r1,body,odom,18,structure_anchor_18,plane,wall_like,general_plane,unknown,stale,false,false,true,false,59,12,133,58,0.496680288,1.000000000,0.007311217,0.436090226,0.600000000,0.000000000,0.000000000,0.473616642,362,0.027704651,0.000000000,3.424455157,-5.528447772,-1.484900705,0.338397243,-3.966482983,2.287282593,-1.936754357,3.787658453,4.473103046,2.191109657,-0.776490436,-0.626622956,-0.066379112,-0.986951492,0.151268310,-0.055177308,-5.528447772,-1.484900705,0.338397243,0.000000000,0.000000000,0.000000000,1.000000000,2.191109657,3.787658453,4.473103046,4.473103046,0.489841087
2026-06-03T01:47:57,1773928466.546442986,r1,body,odom,38,structure_anchor_38,plane,wall_like,general_plane,unknown,stale,false,false,true,false,4,35,40,4,0.175000000,0.500000000,0.000000000,0.100000000,1.000000000,0.000000000,0.000000000,0.104244417,173,0.049527627,0.000000000,-0.800763966,-4.430884838,0.458997656,-0.143864188,-1.795788993,2.793522204,-2.434519603,1.644061327,1.410686970,0.832732439,-0.009744755,0.993999362,-0.108950546,0.726216666,0.678842651,-0.108544438,-4.430884838,0.458997656,-0.143864188,0.000000000,0.000000000,0.000000000,1.000000000,0.832732439,1.644061327,1.410686970,1.644061327,0.506509353
2026-06-03T01:47:57,1773928466.768443108,r1,body,odom,29,structure_anchor_29,plane,wall_like,general_plane,unknown,confirmed,true,true,true,false,25,0,60,25,0.724497413,1.000000000,0.955820400,0.416666667,0.000000000,0.000000000,0.000000000,0.122024386,541,0.067481602,0.000000000,-6.833443945,-4.550988197,5.108708382,0.960366070,1.684064710,5.886277185,-1.354218992,7.997759342,6.470698357,2.728387833,-0.630010941,0.776585447,-0.001121441,0.148011795,0.988975201,0.004534077,-4.550988197,5.108708382,0.960366070,0.000000000,0.000000000,0.000000000,1.000000000,2.728387833,7.997759342,6.470698357,7.997759342,0.341144027
2026-06-03T01:47:57,1773928466.768443108,r1,body,odom,49,structure_anchor_49,plane,wall_like,general_plane,unknown,confirmed,true,true,true,false,8,0,11,8,0.781624482,1.000000000,0.930849682,0.727272727,0.000000000,0.000000000,0.000000000,0.165773946,145,0.018086566,0.000000000,-6.824909573,2.027863503,10.433634758,1.184817672,10.054838977,4.622983466,-1.210218561,3.757758141,3.058577538,3.819897652,-0.630272482,0.776370792,0.002233975,0.147705613,0.988999878,0.007892490,2.027863503,10.433634758,1.184817672,0.000000000,0.000000000,0.000000000,1.000000000,3.819897652,3.757758141,3.058577538,3.757758141,1.016536325
2026-06-03T01:47:57,1773928466.768443108,r1,body,odom,2,structure_anchor_2,plane,wall_like,general_plane,unknown,confirmed,true,true,true,false,130,0,145,130,0.794299945,1.000000000,0.824947999,0.896551724,0.000000000,0.000000000,0.000000000,0.006473808,469,0.051016590,0.000000000,6.980417286,-3.432268208,-6.824477032,0.981532281,-6.367583576,-2.991958934,-1.326299577,3.637646675,4.492138386,3.099804163,0.770839799,0.636913414,0.012136753,0.990267513,-0.139151012,0.002690524,-3.432268208,-6.824477032,0.981532281,0.000000000,0.000000000,0.000000000,1.000000000,3.099804163,3.637646675,4.492138386,4.492138386,0.690050906
2026-06-03T01:47:57,1773928466.768443108,r1,body,odom,56,structure_anchor_56,plane,wall_like,general_plane,unknown,candidate,false,true,true,false,1,0,1,1,0.326250000,0.125000000,0.350000000,1.000000000,0.000000000,0.000000000,0.000000000,0.000000000,213,0.026568542,0.000000000,6.964497722,-7.765351295,-1.498578310,0.725241363,-5.363002554,3.801425010,-1.543653505,1.653779030,2.040385485,2.992913246,0.776997092,0.629280007,0.016798574,0.988828566,-0.148878543,0.007296858,-7.765351295,-1.498578310,0.725241363,0.000000000,0.000000000,0.000000000,1.000000000,2.992913246,1.653779030,2.040385485,2.040385485,1.466837158
2026-06-03T01:47:57,1773928466.768443108,r1,body,odom,39,structure_anchor_39,plane,wall_like,general_plane,unknown,weak_tracked,false,true,true,true,5,0,34,5,0.331661765,0.625000000,0.350000000,0.147058824,0.700000000,0.000000000,0.000000000,0.186772215,284,0.035424722,0.000000000,-5.432031569,-3.320605516,4.345307827,0.830630720,1.949762940,4.464059944,-1.496190024,4.370141983,3.359057665,2.180486202,-0.604982682,0.795272022,-0.039222006,0.178364242,0.983381501,-0.033867673,-3.320605516,4.345307827,0.830630720,0.000000000,0.000000000,0.000000000,1.000000000,2.180486202,4.370141983,3.359057665,4.370141983,0.498950883
2026-06-03T01:47:57,1773928466.768443108,r1,body,odom,57,structure_anchor_57,compact_cluster,pillar_like,pillar_compact_cluster,unknown,candidate,false,true,true,false,1,0,1,1,0.326250000,0.125000000,0.350000000,1.000000000,0.000000000,0.000000000,0.000000000,0.000000000,28,0.003492578,0.000000000,0.000000000,-6.363123894,0.409311801,0.267099977,-3.012751680,4.057276168,-2.020141586,0.581965446,0.430573404,1.853586197,0.000000000,0.000000000,1.000000000,0.008555778,-0.006998757,0.999938906,-6.363123894,0.409311801,0.267099977,0.000000000,0.000000000,0.000000000,1.000000000,1.853586197,0.581965446,0.430573404,0.581965446,3.185045106
2026-06-03T01:47:57,1773928466.768443108,r1,body,odom,36,structure_anchor_36,cylinder,pipe_like,pipe_candidate,unknown,weak_tracked,false,true,true,false,5,0,53,5,0.438192925,0.625000000,0.725375000,0.094339623,0.100000000,0.000000000,0.000000000,0.121765534,18,0.002245229,0.038195621,0.000000000,-2.397314310,0.685547948,0.189704999,-0.133632760,1.317581950,-2.141351522,0.080000000,0.080000000,1.046222687,-0.016352070,-0.009035286,0.999825471,-0.009147265,-0.001027241,0.999957635,-2.397314310,0.685547948,0.189704999,0.000000000,0.000000000,0.000000000,1.000000000,1.046222687,0.080000000,0.080000000,0.080000000,13.077783585
2026-06-03T01:47:57,1773928466.768443108,r1,body,odom,20,structure_anchor_20,plane,wall_like,general_plane,unknown,stale,false,false,true,false,10,18,80,10,0.404992140,1.000000000,0.000000000,0.125000000,1.000000000,0.000262004,0.000000000,0.361794317,302,0.049209712,0.000000000,2.520599236,-4.683350024,-2.855249185,0.467625681,-4.286857022,0.613329235,-1.832806821,4.355621815,5.514767647,1.646147132,-0.740492656,-0.625012680,-0.247042040,-0.963017927,0.126430452,-0.237932353,-4.683350024,-2.855249185,0.467625681,0.000000000,0.000000000,0.000000000,1.000000000,1.646147132,4.355621815,5.514767647,5.514767647,0.298498003
2026-06-03T01:47:57,1773928466.768443108,r1,body,odom,18,structure_anchor_18,plane,wall_like,general_plane,unknown,stale,false,false,true,false,59,13,134,58,0.491067164,1.000000000,0.000000000,0.432835821,0.650000000,0.000000000,0.000000000,0.473616642,362,0.027704651,0.000000000,3.424455157,-5.701365576,-1.489064809,0.354709969,-3.966483146,2.287282896,-1.936754337,3.787658453,4.473103046,2.191109657,-0.776970431,-0.626205923,-0.064676767,-0.986951540,0.151268347,-0.055177309,-5.701365576,-1.489064809,0.354709969,0.000000000,0.000000000,0.000000000,1.000000000,2.191109657,3.787658453,4.473103046,4.473103046,0.489841087
2026-06-03T01:47:57,1773928466.768443108,r1,body,odom,38,structure_anchor_38,plane,wall_like,general_plane,unknown,stale,false,false,true,false,4,36,41,4,0.174512195,0.500000000,0.000000000,0.097560976,1.000000000,0.000000000,0.000000000,0.104244417,173,0.049527627,0.000000000,-0.800763966,-4.604839455,0.455308403,-0.127995959,-1.795789028,2.793522470,-2.434519604,1.644061327,1.410686970,0.832732439,-0.009764020,0.994202942,-0.107075517,0.726216724,0.678842665,-0.108544443,-4.604839455,0.455308403,-0.127995959,0.000000000,0.000000000,0.000000000,1.000000000,0.832732439,1.644061327,1.410686970,1.644061327,0.506509353
2026-06-03T01:47:57,1773928466.969443083,r1,body,odom,29,structure_anchor_29,plane,wall_like,general_plane,unknown,confirmed,true,true,true,false,26,0,61,26,0.729502554,1.000000000,0.971283260,0.426229508,0.000000000,0.000000000,0.000000000,0.143377654,336,0.042042042,0.000000000,-6.948725802,-4.859789371,4.962595463,1.016692758,1.502806733,5.868876798,-1.282676192,8.369165421,6.752875328,2.988846779,-0.629298901,0.776252822,0.037609155,0.148039850,0.987900759,0.046220376,-4.859789371,4.962595463,1.016692758,0.000000000,0.000000000,0.000000000,1.000000000,2.988846779,8.369165421,6.752875328,8.369165421,0.357126025
2026-06-03T01:47:57,1773928466.969443083,r1,body,odom,49,structure_anchor_49,plane,wall_like,general_plane,unknown,confirmed,true,true,true,false,9,0,12,9,0.791010459,1.000000000,0.955052294,0.750000000,0.000000000,0.000000000,0.000000000,0.172647585,193,0.024149149,0.000000000,-6.939977721,1.940928578,10.458523750,1.444610119,10.152649438,4.560143748,-0.957796219,3.864756346,3.233464241,3.909819603,-0.630131525,0.775708993,0.034782448,0.147047267,0.988176608,0.043406488,1.940928578,10.458523750,1.444610119,0.000000000,0.000000000,0.000000000,1.000000000,3.909819603,3.864756346,3.233464241,3.864756346,1.011660051
2026-06-03T01:47:57,1773928466.969443083,r1,body,odom,20,structure_anchor_20,plane,wall_like,general_plane,unknown,stale,false,false,true,false,10,19,81,10,0.404684284,1.000000000,0.000000000,0.123456790,1.000000000,0.000235804,0.000000000,0.361794317,302,0.049209712,0.000000000,2.520599236,-4.884893916,-2.856210350,0.460568693,-4.286857324,0.613329551,-1.832806790,4.355621815,5.514767647,1.646147132,-0.739993183,-0.624753740,-0.249184567,-0.963017987,0.126430497,-0.237932364,-4.884893916,-2.856210350,0.460568693,0.000000000,0.000000000,0.000000000,1.000000000,1.646147132,4.355621815,5.514767647,5.514767647,0.298498003
2026-06-03T01:47:57,1773928466.969443083,r1,body,odom,18,structure_anchor_18,plane,wall_like,general_plane,unknown,stale,false,false,true,false,59,14,135,58,0.486925926,1.000000000,0.000000000,0.429629630,0.700000000,0.000000000,0.000000000,0.473616642,362,0.027704651,0.000000000,3.424455157,-5.901613739,-1.489473405,0.342769740,-3.966483364,2.287283313,-1.936754311,3.787658453,4.473103046,2.191109657,-0.777133369,-0.625764541,-0.066951932,-0.986951601,0.151268395,-0.055177312,-5.901613739,-1.489473405,0.342769740,0.000000000,0.000000000,0.000000000,1.000000000,2.191109657,3.787658453,4.473103046,4.473103046,0.489841087
2026-06-03T01:47:57,1773928466.969443083,r1,body,odom,38,structure_anchor_38,plane,wall_like,general_plane,unknown,stale,false,false,true,false,4,37,42,4,0.174047619,0.500000000,0.000000000,0.095238095,1.000000000,0.000000000,0.000000000,0.104244417,173,0.049527627,0.000000000,-0.800763966,-4.802091984,0.453775614,-0.137644068,-1.795789080,2.793522839,-2.434519604,1.644061327,1.410686970,0.832732439,-0.008735630,0.994115256,-0.107975192,0.726216799,0.678842684,-0.108544448,-4.802091984,0.453775614,-0.137644068,0.000000000,0.000000000,0.000000000,1.000000000,0.832732439,1.644061327,1.410686970,1.644061327,0.506509353
2026-06-03T01:47:58,1773928467.170438051,r1,body,odom,29,structure_anchor_29,plane,wall_like,general_plane,unknown,confirmed,true,true,true,false,27,0,62,27,0.733363598,1.000000000,0.981334119,0.435483871,0.000000000,0.000000000,0.000000000,0.136536366,812,0.069228874,0.000000000,-7.064031996,-2.739908743,6.837770529,1.253609059,4.443817264,5.430377563,-1.081346669,8.440631866,6.858373642,3.512892962,-0.629093720,0.777025335,0.021738579,0.148259683,0.988512858,0.029346042,-2.739908743,6.837770529,1.253609059,0.000000000,0.000000000,0.000000000,1.000000000,3.512892962,8.440631866,6.858373642,8.440631866,0.416188387
2026-06-03T01:47:58,1773928467.170438051,r1,body,odom,39,structure_anchor_39,plane,wall_like,general_plane,unknown,weak_tracked,false,true,true,false,6,0,36,6,0.444433333,0.750000000,0.525500000,0.166666667,0.450000000,0.000000000,0.000000000,0.191582925,588,0.072431633,0.000000000,-5.710591643,-4.417777538,3.735974073,0.751233578,1.018657825,4.576857000,-1.559416654,4.727944374,3.974079847,2.331639290,-0.641123780,0.767279039,0.015594105,0.132890071,0.990855280,0.023366472,-4.417777538,3.735974073,0.751233578,0.000000000,0.000000000,0.000000000,1.000000000,2.331639290,4.727944374,3.974079847,4.727944374,0.493161320
2026-06-03T01:47:58,1773928467.170438051,r1,body,odom,46,structure_anchor_46,plane,wall_like,general_plane,unknown,weak_tracked,false,true,true,false,3,0,21,3,0.271021429,0.375000000,0.473500000,0.142857143,0.300000000,0.000000000,0.000000000,0.144431824,331,0.040773590,0.000000000,4.275404993,0.762117445,-4.402511597,0.621247828,-1.485064312,-4.738610492,-1.750711024,4.247699261,2.027892351,2.027695179,-0.444400615,0.895759834,0.011064063,0.360456689,0.932635715,0.016172474,0.762117445,-4.402511597,0.621247828,0.000000000,0.000000000,0.000000000,1.000000000,2.027695179,4.247699261,2.027892351,4.247699261,0.477363169
2026-06-03T01:47:58,1773928467.170438051,r1,body,odom,2,structure_anchor_2,plane,wall_like,general_plane,unknown,confirmed,true,true,true,false,131,0,147,131,0.795074532,1.000000000,0.834216200,0.891156463,0.000000000,0.000000000,0.000000000,0.006623799,444,0.035353535,0.000000000,7.250188790,-3.251739554,-7.498076876,1.105283102,-6.474153380,-3.874531401,-1.211991373,2.567874670,3.188372135,3.240590334,0.773856154,0.633230886,0.012850773,0.989726113,-0.142957542,0.002270848,-3.251739554,-7.498076876,1.105283102,0.000000000,0.000000000,0.000000000,1.000000000,3.240590334,2.567874670,3.188372135,3.188372135,1.016377699
2026-06-03T01:47:58,1773928467.170438051,r1,body,odom,56,structure_anchor_56,plane,wall_like,general_plane,unknown,weak_tracked,false,true,true,false,2,0,3,2,0.350933333,0.250000000,0.525500000,0.666666667,0.000000000,0.000000000,0.000000000,0.001953946,178,0.021926583,0.000000000,7.236548718,-8.135851860,-1.489037275,1.044173479,-5.342643322,3.786181508,-1.214001020,1.493095875,1.886504173,3.133637190,0.776609969,0.629705152,0.018664892,0.989040820,-0.147422464,0.008051257,-8.135851860,-1.489037275,1.044173479,0.000000000,0.000000000,0.000000000,1.000000000,3.133637190,1.493095875,1.886504173,1.886504173,1.661081504
2026-06-03T01:47:58,1773928467.170438051,r1,body,odom,58,structure_anchor_58,compact_cluster,pillar_like,pillar_compact_cluster,unknown,candidate,false,true,true,false,1,0,1,1,0.326250000,0.125000000,0.350000000,1.000000000,0.000000000,0.000000000,0.000000000,0.000000000,80,0.009854644,0.000000000,0.000000000,-6.111656666,-1.628674269,0.744066298,-4.081240301,2.202113921,-1.540376707,0.924707413,0.858448029,1.900272369,0.000000000,0.000000000,1.000000000,0.009375598,-0.009099510,0.999914645,-6.111656666,-1.628674269,0.744066298,0.000000000,0.000000000,0.000000000,1.000000000,1.900272369,0.924707413,0.858448029,0.924707413,2.054998525
2026-06-03T01:47:58,1773928467.170438051,r1,body,odom,36,structure_anchor_36,cylinder,pipe_like,pipe_candidate,unknown,confirmed,true,true,true,false,6,0,55,6,0.513216932,0.750000000,0.769493750,0.109090909,0.000000000,0.000000000,0.000000000,0.132729406,26,0.003202759,0.058169834,0.000000000,-2.761854410,0.684361339,0.210095942,-0.118152019,1.299522255,-2.119765985,0.116339669,0.116339669,1.045391321,-0.002796140,-0.001229393,0.999995335,0.006580465,-0.007868259,0.999947393,-2.761854410,0.684361339,0.210095942,0.000000000,0.000000000,0.000000000,1.000000000,1.045391321,0.116339669,0.116339669,0.116339669,8.985682472
2026-06-03T01:47:58,1773928467.170438051,r1,body,odom,44,structure_anchor_44,cylinder,pipe_like,pipe_candidate,unknown,weak_tracked,false,true,true,false,5,0,22,5,0.382704545,0.625000000,0.350000000,0.227272727,0.200000000,0.000000000,0.000000000,0.086053606,22,0.002710027,0.060186867,0.000000000,-1.171577454,-1.276726842,0.195615336,-0.490238541,-1.197570411,-2.153483253,0.120373733,0.120373733,0.700741768,-0.003121504,-0.003311313,0.999989646,0.004825500,-0.009034614,0.999947544,-1.171577454,-1.276726842,0.195615336,0.000000000,0.000000000,0.000000000,1.000000000,0.700741768,0.120373733,0.120373733,0.120373733,5.821384354
2026-06-03T01:47:58,1773928467.170438051,r1,body,odom,20,structure_anchor_20,plane,wall_like,general_plane,unknown,stale,false,false,true,false,10,20,82,10,0.404383877,1.000000000,0.000000000,0.121951220,1.000000000,0.000212223,0.000000000,0.361794317,302,0.049209712,0.000000000,2.520599236,-5.075279691,-2.853265704,0.464190490,-4.286856579,0.613328754,-1.832806865,4.355621815,5.514767647,1.646147132,-0.740557398,-0.624520030,-0.248091351,-0.963017839,0.126430387,-0.237932336,-5.075279691,-2.853265704,0.464190490,0.000000000,0.000000000,0.000000000,1.000000000,1.646147132,4.355621815,5.514767647,5.514767647,0.298498003
2026-06-03T01:47:58,1773928467.170438051,r1,body,odom,18,structure_anchor_18,plane,wall_like,general_plane,unknown,stale,false,false,true,false,59,15,136,58,0.482794118,1.000000000,0.000000000,0.426470588,0.750000000,0.000000000,0.000000000,0.473616642,362,0.027704651,0.000000000,3.424455157,-6.091773489,-1.486221264,0.348023393,-3.966482826,2.287282268,-1.936754375,3.787658453,4.473103046,2.191109657,-0.777419701,-0.625530581,-0.065802325,-0.986951452,0.151268279,-0.055177306,-6.091773489,-1.486221264,0.348023393,0.000000000,0.000000000,0.000000000,1.000000000,2.191109657,3.787658453,4.473103046,4.473103046,0.489841087
2026-06-03T01:47:58,1773928467.170438051,r1,body,odom,38,structure_anchor_38,plane,wall_like,general_plane,unknown,stale,false,false,true,false,4,38,43,4,0.173604651,0.500000000,0.000000000,0.093023256,1.000000000,0.000000000,0.000000000,0.104244417,173,0.049527627,0.000000000,-0.800763966,-4.992411363,0.456730449,-0.133954327,-1.795788947,2.793521911,-2.434519604,1.644061327,1.410686970,0.832732439,-0.008606226,0.994124033,-0.107903589,0.726216616,0.678842638,-0.108544435,-4.992411363,0.456730449,-0.133954327,0.000000000,0.000000000,0.000000000,1.000000000,0.832732439,1.644061327,1.410686970,1.644061327,0.506509353
2026-06-03T01:47:58,1773928467.350437880,r1,body,odom,2,structure_anchor_2,plane,wall_like,general_plane,unknown,confirmed,true,true,true,false,132,0,148,132,0.806826484,1.000000000,0.892240530,0.891891892,0.000000000,0.000000000,0.000000000,0.007313000,516,0.062431942,0.000000000,7.394984357,-3.569540977,-7.355364323,1.070817351,-6.457393090,-3.683165721,-1.207188828,4.519968987,5.535839081,3.415418386,0.774197931,0.632619306,0.020257758,0.989767265,-0.142654247,0.003250798,-3.569540977,-7.355364323,1.070817351,0.000000000,0.000000000,0.000000000,1.000000000,3.415418386,4.519968987,5.535839081,5.535839081,0.616964897
2026-06-03T01:47:58,1773928467.350437880,r1,body,odom,56,structure_anchor_56,plane,wall_like,general_plane,unknown,confirmed,true,true,true,false,3,0,4,3,0.457065000,0.375000000,0.691575000,0.750000000,0.000000000,0.000000000,0.000000000,0.006811759,159,0.019237750,0.000000000,7.389407287,-8.356038094,-1.476006389,0.767919660,-5.367278725,3.822059104,-1.436109689,1.488435268,1.801977634,3.266408682,0.775187874,0.631206640,0.025728148,0.989480401,-0.144404959,0.008705475,-8.356038094,-1.476006389,0.767919660,0.000000000,0.000000000,0.000000000,1.000000000,3.266408682,1.488435268,1.801977634,1.801977634,1.812679924
2026-06-03T01:47:58,1773928467.350437880,r1,body,odom,36,structure_anchor_36,cylinder,pipe_like,pipe_candidate,unknown,confirmed,true,true,true,false,7,0,56,7,0.588784188,0.875000000,0.850170937,0.125000000,0.000000000,0.000000000,0.000000000,0.142371796,17,0.002056866,0.055697232,0.000000000,-2.960441351,0.680418074,0.169336885,-0.140005351,1.313524098,-2.145897409,0.111394465,0.111394465,0.794755042,-0.003115666,0.003139811,0.999990217,0.015644973,-0.007686679,0.999848063,-2.960441351,0.680418074,0.169336885,0.000000000,0.000000000,0.000000000,1.000000000,0.794755042,0.111394465,0.111394465,0.111394465,7.134600824
2026-06-03T01:47:58,1773928467.350437880,r1,body,odom,20,structure_anchor_20,plane,wall_like,general_plane,unknown,stale,false,false,true,false,10,21,83,10,0.404090656,1.000000000,0.000000000,0.120481928,1.000000000,0.000191001,0.000000000,0.361794317,302,0.049209712,0.000000000,2.520599236,-5.254492682,-2.848846695,0.426820981,-4.286857429,0.613329686,-1.832806777,4.355621815,5.514767647,1.646147132,-0.739620044,-0.623138477,-0.254284797,-0.963018007,0.126430511,-0.237932368,-5.254492682,-2.848846695,0.426820981,0.000000000,0.000000000,0.000000000,1.000000000,1.646147132,4.355621815,5.514767647,5.514767647,0.298498003
2026-06-03T01:47:58,1773928467.350437880,r1,body,odom,18,structure_anchor_18,plane,wall_like,general_plane,unknown,stale,false,false,true,false,59,16,137,58,0.478671533,1.000000000,0.000000000,0.423357664,0.800000000,0.000000000,0.000000000,0.473616642,362,0.027704651,0.000000000,3.424455157,-6.268821590,-1.480459556,0.307576394,-3.966483441,2.287283481,-1.936754299,3.787658453,4.473103046,2.191109657,-0.777633814,-0.624554138,-0.072235082,-0.986951621,0.151268410,-0.055177312,-6.268821590,-1.480459556,0.307576394,0.000000000,0.000000000,0.000000000,1.000000000,2.191109657,3.787658453,4.473103046,4.473103046,0.489841087
2026-06-03T01:47:58,1773928467.350437880,r1,body,odom,38,structure_anchor_38,plane,wall_like,general_plane,unknown,stale,false,false,true,false,4,39,44,4,0.173181818,0.500000000,0.000000000,0.090909091,1.000000000,0.000000000,0.000000000,0.104244417,173,0.049527627,0.000000000,-0.800763966,-5.164433196,0.462507492,-0.162708374,-1.795789104,2.793522992,-2.434519602,1.644061327,1.410686970,0.832732439,-0.006898818,0.994392349,-0.105529094,0.726216823,0.678842690,-0.108544450,-5.164433196,0.462507492,-0.162708374,0.000000000,0.000000000,0.000000000,1.000000000,0.832732439,1.644061327,1.410686970,1.644061327,0.506509353
2026-06-03T01:47:58,1773928467.569437981,r1,body,odom,2,structure_anchor_2,plane,wall_like,general_plane,unknown,confirmed,true,true,true,false,133,0,149,133,0.814514759,1.000000000,0.929956344,0.892617450,0.000000000,0.000000000,0.000000000,0.007529483,496,0.061439366,0.000000000,7.545740884,-3.658619404,-7.464850903,1.087941051,-6.492798661,-3.783478694,-1.227634501,4.408436775,5.381157875,3.367724180,0.773724468,0.633404433,0.012217683,0.989555003,-0.144134093,0.002497881,-3.658619404,-7.464850903,1.087941051,0.000000000,0.000000000,0.000000000,1.000000000,3.367724180,4.408436775,5.381157875,5.381157875,0.625836346
2026-06-03T01:47:58,1773928467.569437981,r1,body,odom,56,structure_anchor_56,plane,wall_like,general_plane,unknown,confirmed,true,true,true,false,4,0,5,4,0.544904750,0.500000000,0.799523750,0.800000000,0.000000000,0.000000000,0.000000000,0.011769572,185,0.022915892,0.000000000,7.532401737,-8.525876045,-1.502840757,1.027892113,-5.373777573,3.831422638,-1.248284909,1.591206551,1.989499807,3.339903355,0.773533748,0.633590709,0.014434452,0.989583602,-0.143882014,0.004716163,-8.525876045,-1.502840757,1.027892113,0.000000000,0.000000000,0.000000000,1.000000000,3.339903355,1.591206551,1.989499807,1.989499807,1.678765357
2026-06-03T01:47:58,1773928467.569437981,r1,body,odom,20,structure_anchor_20,plane,wall_like,general_plane,unknown,stale,false,false,true,false,10,22,84,10,0.403804367,1.000000000,0.000000000,0.119047619,1.000000000,0.000171901,0.000000000,0.361794317,302,0.049209712,0.000000000,2.520599236,-5.410645137,-2.869451271,0.473905517,-4.286856865,0.613329053,-1.832806836,4.355621815,5.514767647,1.646147132,-0.740221617,-0.625236546,-0.247287609,-0.963017896,0.126430430,-0.237932347,-5.410645137,-2.869451271,0.473905517,0.000000000,0.000000000,0.000000000,1.000000000,1.646147132,4.355621815,5.514767647,5.514767647,0.298498003
2026-06-03T01:47:58,1773928467.569437981,r1,body,odom,18,structure_anchor_18,plane,wall_like,general_plane,unknown,stale,false,false,true,false,59,17,138,58,0.474557971,1.000000000,0.000000000,0.420289855,0.850000000,0.000000000,0.000000000,0.473616642,362,0.027704651,0.000000000,3.424455157,-6.429361092,-1.503708968,0.361963630,-3.966483031,2.287282663,-1.936754350,3.787658453,4.473103046,2.191109657,-0.776668518,-0.626555452,-0.064917034,-0.986951509,0.151268324,-0.055177308,-6.429361092,-1.503708968,0.361963630,0.000000000,0.000000000,0.000000000,1.000000000,2.191109657,3.787658453,4.473103046,4.473103046,0.489841087
2026-06-03T01:47:58,1773928467.569437981,r1,body,odom,38,structure_anchor_38,plane,wall_like,general_plane,unknown,stale,false,false,true,false,4,40,45,4,0.172777778,0.500000000,0.000000000,0.088888889,1.000000000,0.000000000,0.000000000,0.104244417,173,0.049527627,0.000000000,-0.800763966,-5.333885666,0.441495393,-0.119778055,-1.795788996,2.793522261,-2.434519604,1.644061327,1.410686970,0.832732439,-0.010277973,0.994260839,-0.106487981,0.726216687,0.678842656,-0.108544440,-5.333885666,0.441495393,-0.119778055,0.000000000,0.000000000,0.000000000,1.000000000,0.832732439,1.644061327,1.410686970,1.644061327,0.506509353
2026-06-03T01:47:58,1773928467.788438082,r1,body,odom,49,structure_anchor_49,plane,wall_like,general_plane,unknown,confirmed,true,true,true,false,28,0,65,28,0.712927282,1.000000000,0.883867177,0.430769231,0.000000000,0.000000000,0.000000000,0.146199010,579,0.050660793,0.000000000,-7.413017515,-3.621588544,6.611410320,0.911083531,4.073660579,5.523581068,-1.410638025,8.125778198,6.611941814,2.758116484,-0.630481434,0.776200899,-0.002315329,0.146918757,0.989125859,0.006705232,-3.621588544,6.611410320,0.911083531,0.000000000,0.000000000,0.000000000,1.000000000,2.758116484,8.125778198,6.611941814,8.125778198,0.339427980
2026-06-03T01:47:58,1773928467.788438082,r1,body,odom,36,structure_anchor_36,cylinder,pipe_like,pipe_candidate,unknown,confirmed,true,true,true,false,8,0,58,8,0.647708429,1.000000000,0.850611109,0.137931034,0.000000000,0.000000000,0.000000000,0.156795186,24,0.002936858,0.051238090,0.000000000,-3.351723909,0.677718103,0.275022507,-0.126432254,1.324914841,-2.056026582,0.102476180,0.102476180,1.421108603,-0.002894061,-0.014573121,0.999889618,-0.004591717,-0.018027588,0.999826946,-3.351723909,0.677718103,0.275022507,0.000000000,0.000000000,0.000000000,1.000000000,1.421108603,0.102476180,0.102476180,0.102476180,13.867696952
2026-06-03T01:47:58,1773928467.788438082,r1,body,odom,20,structure_anchor_20,plane,wall_like,general_plane,unknown,stale,false,false,true,false,10,23,85,10,0.403524770,1.000000000,0.000000000,0.117647059,1.000000000,0.000154711,0.000000000,0.361794317,302,0.049209712,0.000000000,2.520599236,-5.638525642,-2.871524982,0.471815347,-4.286857152,0.613329384,-1.832806808,4.355621815,5.514767647,1.646147132,-0.740282991,-0.625265680,-0.247030276,-0.963017952,0.126430471,-0.237932357,-5.638525642,-2.871524982,0.471815347,0.000000000,0.000000000,0.000000000,1.000000000,1.646147132,4.355621815,5.514767647,5.514767647,0.298498003
2026-06-03T01:47:58,1773928467.788438082,r1,body,odom,18,structure_anchor_18,plane,wall_like,general_plane,unknown,stale,false,false,true,false,59,18,139,58,0.470453237,1.000000000,0.000000000,0.417266187,0.900000000,0.000000000,0.000000000,0.473616642,362,0.027704651,0.000000000,3.424455157,-6.655586439,-1.505112984,0.353193761,-3.966483241,2.287283087,-1.936754326,3.787658453,4.473103046,2.191109657,-0.777154184,-0.625971194,-0.064741594,-0.986951565,0.151268367,-0.055177310,-6.655586439,-1.505112984,0.353193761,0.000000000,0.000000000,0.000000000,1.000000000,2.191109657,3.787658453,4.473103046,4.473103046,0.489841087
2026-06-03T01:47:58,1773928467.788438082,r1,body,odom,38,structure_anchor_38,plane,wall_like,general_plane,unknown,stale,false,false,true,false,4,41,46,4,0.172391304,0.500000000,0.000000000,0.086956522,1.000000000,0.000000000,0.000000000,0.104244417,173,0.049527627,0.000000000,-0.800763966,-5.557013974,0.437449199,-0.132143912,-1.795789054,2.793522641,-2.434519604,1.644061327,1.410686970,0.832732439,-0.009017350,0.993929187,-0.109651689,0.726216755,0.678842673,-0.108544445,-5.557013974,0.437449199,-0.132143912,0.000000000,0.000000000,0.000000000,1.000000000,0.832732439,1.644061327,1.410686970,1.644061327,0.506509353
2026-06-03T01:47:58,1773928467.965437889,r1,body,odom,2,structure_anchor_2,plane,wall_like,general_plane,unknown,confirmed,true,true,true,false,134,0,151,134,0.807977768,1.000000000,0.902471624,0.887417219,0.000000000,0.000000000,0.000000000,0.009345274,495,0.060788407,0.000000000,7.840780936,-4.044119835,-7.467066288,1.102275848,-6.501211113,-3.787023948,-1.234670504,3.872235298,4.830416203,3.262696981,0.774548289,0.632392609,0.012431274,0.989795994,-0.142419534,0.004538842,-4.044119835,-7.467066288,1.102275848,0.000000000,0.000000000,0.000000000,1.000000000,3.262696981,3.872235298,4.830416203,4.830416203,0.675448418
2026-06-03T01:47:58,1773928467.965437889,r1,body,odom,56,structure_anchor_56,plane,wall_like,general_plane,unknown,confirmed,true,true,true,false,5,0,7,5,0.587645230,0.625000000,0.817690438,0.714285714,0.000000000,0.000000000,0.000000000,0.012794481,168,0.020631217,0.000000000,7.829574494,-8.736494064,-1.703148603,1.660379887,-5.428582137,3.563839785,-0.628968910,2.106544018,2.579687595,2.073970795,0.776481699,0.629929682,0.016271650,0.989317316,-0.145538316,0.008359397,-8.736494064,-1.703148603,1.660379887,0.000000000,0.000000000,0.000000000,1.000000000,2.073970795,2.106544018,2.579687595,2.579687595,0.803961999
2026-06-03T01:47:58,1773928467.965437889,r1,body,odom,44,structure_anchor_44,cylinder,pipe_like,pipe_candidate,unknown,confirmed,true,true,true,false,6,0,26,6,0.464453846,0.750000000,0.421500000,0.230769231,0.050000000,0.000000000,0.000000000,0.102462428,16,0.001964878,0.048373166,0.000000000,-1.899606347,-1.306148052,0.392550677,-0.518885932,-1.191628802,-1.966293577,0.096746333,0.096746333,0.736567199,-0.007453266,-0.009196841,0.999929931,-0.004916995,-0.008212793,0.999954186,-1.899606347,-1.306148052,0.392550677,0.000000000,0.000000000,0.000000000,1.000000000,0.736567199,0.096746333,0.096746333,0.096746333,7.613386232
2026-06-03T01:47:58,1773928467.965437889,r1,body,odom,59,structure_anchor_59,cylinder,pipe_like,pipe_candidate,unknown,candidate,false,true,true,false,1,0,1,1,0.326250000,0.125000000,0.350000000,1.000000000,0.000000000,0.000000000,0.000000000,0.000000000,10,0.001228049,0.042320479,0.000000000,1.061346531,-2.803566694,0.714865088,0.384331986,-4.387283006,-1.674089740,0.084640957,0.084640957,0.811517954,0.173095194,0.031007170,0.984416888,0.146744358,-0.113818589,0.982604408,1.061346531,-2.803566694,0.714865088,0.000000000,0.000000000,0.000000000,1.000000000,0.811517954,0.084640957,0.084640957,0.084640957,9.587769074
2026-06-03T01:47:58,1773928467.965437889,r1,body,odom,39,structure_anchor_39,plane,wall_like,general_plane,unknown,stale,false,false,true,false,6,4,40,6,0.363100000,0.750000000,0.205500000,0.150000000,0.650000000,0.000000000,0.000000000,0.191582925,588,0.072431633,0.000000000,-5.710591643,-5.234840359,3.625915380,0.710481071,0.857911069,4.598951364,-1.614543822,4.727944374,3.974079847,2.331639290,-0.629999881,0.776566856,0.006646214,0.145529323,0.989268067,0.013040161,-5.234840359,3.625915380,0.710481071,0.000000000,0.000000000,0.000000000,1.000000000,2.331639290,4.727944374,3.974079847,4.727944374,0.493161320
2026-06-03T01:47:58,1773928467.965437889,r1,body,odom,20,structure_anchor_20,plane,wall_like,general_plane,unknown,stale,false,false,true,false,10,24,86,10,0.403251637,1.000000000,0.000000000,0.116279070,1.000000000,0.000139240,0.000000000,0.361794317,302,0.049209712,0.000000000,2.520599236,-5.779422208,-2.859047384,0.486542214,-4.286857366,0.613329644,-1.832806787,4.355621815,5.514767647,1.646147132,-0.742282975,-0.623491534,-0.245508446,-0.963017992,0.126430501,-0.237932365,-5.779422208,-2.859047384,0.486542214,0.000000000,0.000000000,0.000000000,1.000000000,1.646147132,4.355621815,5.514767647,5.514767647,0.298498003
2026-06-03T01:47:58,1773928467.965437889,r1,body,odom,18,structure_anchor_18,plane,wall_like,general_plane,unknown,stale,false,false,true,false,59,19,140,58,0.466357143,1.000000000,0.000000000,0.414285714,0.950000000,0.000000000,0.000000000,0.473616642,362,0.027704651,0.000000000,3.424455157,-6.794017396,-1.490431489,0.372293231,-3.966483399,2.287283414,-1.936754309,3.787658453,4.473103046,2.191109657,-0.778623381,-0.624309538,-0.063113670,-0.986951606,0.151268399,-0.055177312,-6.794017396,-1.490431489,0.372293231,0.000000000,0.000000000,0.000000000,1.000000000,2.191109657,3.787658453,4.473103046,4.473103046,0.489841087
2026-06-03T01:47:58,1773928467.965437889,r1,body,odom,38,structure_anchor_38,plane,wall_like,general_plane,unknown,stale,false,false,true,false,4,42,47,4,0.172021277,0.500000000,0.000000000,0.085106383,1.000000000,0.000000000,0.000000000,0.104244417,173,0.049527627,0.000000000,-0.800763966,-5.692880076,0.450374240,-0.114257932,-1.795789101,2.793522937,-2.434519604,1.644061327,1.410686970,0.832732439,-0.007296685,0.994058226,-0.108605273,0.726216805,0.678842685,-0.108544449,-5.692880076,0.450374240,-0.114257932,0.000000000,0.000000000,0.000000000,1.000000000,0.832732439,1.644061327,1.410686970,1.644061327,0.506509353
2026-06-03T01:47:59,1773928468.169428110,r1,body,odom,49,structure_anchor_49,plane,wall_like,general_plane,unknown,confirmed,true,true,true,false,29,0,67,29,0.711069897,1.000000000,0.872513665,0.432835821,0.000000000,0.000000000,0.000000000,0.157946303,605,0.046457178,0.000000000,-7.666035005,-3.060500998,7.322697484,1.460699171,5.209778657,5.322494324,-0.863653977,8.366832733,6.789419651,3.852071285,-0.627644787,0.777750169,0.034160563,0.149115483,0.987756724,0.045842715,-3.060500998,7.322697484,1.460699171,0.000000000,0.000000000,0.000000000,1.000000000,3.852071285,8.366832733,6.789419651,8.366832733,0.460397788
2026-06-03T01:47:59,1773928468.169428110,r1,body,odom,2,structure_anchor_2,plane,wall_like,general_plane,unknown,confirmed,true,true,true,false,135,0,152,135,0.814952890,1.000000000,0.936606555,0.888157895,0.000000000,0.000000000,0.000000000,0.009654433,462,0.056931608,0.000000000,7.999914638,-4.319189072,-7.386373520,1.137082219,-6.482226930,-3.691142956,-1.175357700,3.762697935,4.658679485,3.215995550,0.773900132,0.633088671,0.016652929,0.989821480,-0.142274897,0.003372156,-4.319189072,-7.386373520,1.137082219,0.000000000,0.000000000,0.000000000,1.000000000,3.215995550,3.762697935,4.658679485,4.658679485,0.690323419
2026-06-03T01:47:59,1773928468.169428110,r1,body,odom,56,structure_anchor_56,plane,wall_like,general_plane,unknown,confirmed,true,true,true,false,6,0,8,6,0.663799757,0.750000000,0.881498784,0.750000000,0.000000000,0.000000000,0.000000000,0.013248265,250,0.030807147,0.000000000,7.998423378,-8.995688438,-1.630662322,1.015961051,-5.404380259,3.647087060,-1.209405366,3.212249756,3.863412142,3.547089100,0.777575035,0.628444471,0.020847348,0.988932183,-0.148178965,0.007497418,-8.995688438,-1.630662322,1.015961051,0.000000000,0.000000000,0.000000000,1.000000000,3.547089100,3.212249756,3.863412142,3.863412142,0.918123402
2026-06-03T01:47:59,1773928468.169428110,r1,body,odom,39,structure_anchor_39,plane,wall_like,general_plane,unknown,stale,false,false,true,false,6,5,41,6,0.342868293,0.750000000,0.125500000,0.146341463,0.700000000,0.000000000,0.000000000,0.191582925,588,0.072431633,0.000000000,-5.710591643,-5.456183873,3.626577252,0.669816440,0.857911312,4.598952047,-1.614543757,4.727944374,3.974079847,2.331639290,-0.630600609,0.776106581,0.001301567,0.145529389,0.989268153,0.013040163,-5.456183873,3.626577252,0.669816440,0.000000000,0.000000000,0.000000000,1.000000000,2.331639290,4.727944374,3.974079847,4.727944374,0.493161320
2026-06-03T01:47:59,1773928468.169428110,r1,body,odom,20,structure_anchor_20,plane,wall_like,general_plane,unknown,stale,false,false,true,false,10,25,87,10,0.402984746,1.000000000,0.000000000,0.114942529,1.000000000,0.000125316,0.000000000,0.361794317,302,0.049209712,0.000000000,2.520599236,-5.994307244,-2.858949558,0.446587030,-4.286857822,0.613330221,-1.832806738,4.355621815,5.514767647,1.646147132,-0.739947308,-0.624220139,-0.250654039,-0.963018077,0.126430563,-0.237932381,-5.994307244,-2.858949558,0.446587030,0.000000000,0.000000000,0.000000000,1.000000000,1.646147132,4.355621815,5.514767647,5.514767647,0.298498003
2026-06-03T01:47:59,1773928468.169428110,r1,body,odom,18,structure_anchor_18,plane,wall_like,general_plane,unknown,stale,false,false,true,false,59,20,141,58,0.462269504,1.000000000,0.000000000,0.411347518,1.000000000,0.000000000,0.000000000,0.473616642,362,0.027704651,0.000000000,3.424455157,-7.009010757,-1.491167222,0.323646508,-3.966483736,2.287284133,-1.936754265,3.787658453,4.473103046,2.191109657,-0.777666242,-0.624930304,-0.068538880,-0.986951692,0.151268465,-0.055177315,-7.009010757,-1.491167222,0.323646508,0.000000000,0.000000000,0.000000000,1.000000000,2.191109657,3.787658453,4.473103046,4.473103046,0.489841087
2026-06-03T01:47:59,1773928468.169428110,r1,body,odom,38,structure_anchor_38,plane,wall_like,general_plane,unknown,stale,false,false,true,false,4,43,48,4,0.171666667,0.500000000,0.000000000,0.083333333,1.000000000,0.000000000,0.000000000,0.104244417,173,0.049527627,0.000000000,-0.800763966,-5.905644507,0.450090817,-0.156002534,-1.795789206,2.793523589,-2.434519597,1.644061327,1.410686970,0.832732439,-0.007202504,0.993972196,-0.109396734,0.726216910,0.678842711,-0.108544456,-5.905644507,0.450090817,-0.156002534,0.000000000,0.000000000,0.000000000,1.000000000,0.832732439,1.644061327,1.410686970,1.644061327,0.506509353
2026-06-03T01:47:59,1773928468.349427938,r1,body,odom,2,structure_anchor_2,plane,wall_like,general_plane,unknown,confirmed,true,true,true,false,136,0,153,136,0.819536630,1.000000000,0.958794261,0.888888889,0.000000000,0.000000000,0.000000000,0.009099214,535,0.065636118,0.000000000,8.109763330,-4.417896748,-7.425718307,1.041179419,-6.472679583,-3.746488840,-1.291958625,3.430149078,4.233908653,3.276216030,0.773268697,0.633937883,0.013352239,0.989746952,-0.142794579,0.003269664,-4.417896748,-7.425718307,1.041179419,0.000000000,0.000000000,0.000000000,1.000000000,3.276216030,3.430149078,4.233908653,4.233908653,0.773804137
2026-06-03T01:47:59,1773928468.349427938,r1,body,odom,56,structure_anchor_56,plane,wall_like,general_plane,unknown,confirmed,true,true,true,false,7,0,9,7,0.733900398,0.875000000,0.922974210,0.777777778,0.000000000,0.000000000,0.000000000,0.012592252,255,0.031284505,0.000000000,8.105920559,-9.116039276,-1.668469310,1.167650819,-5.394070492,3.604394778,-1.103365371,3.514603138,4.263629913,3.672647476,0.775951560,0.630565379,0.016925710,0.989100431,-0.147085045,0.006807340,-9.116039276,-1.668469310,1.167650819,0.000000000,0.000000000,0.000000000,1.000000000,3.672647476,3.514603138,4.263629913,4.263629913,0.861389837
2026-06-03T01:47:59,1773928468.349427938,r1,body,odom,39,structure_anchor_39,plane,wall_like,general_plane,unknown,confirmed,true,true,true,true,7,0,42,7,0.485398333,0.875000000,0.431575000,0.166666667,0.400000000,0.000000000,0.000000000,0.196647184,522,0.064041222,0.000000000,-6.392295435,-5.498559475,3.711631298,0.856961429,1.014415127,4.569590417,-1.460969249,5.114073753,4.348838329,2.621190548,-0.641693907,0.766662344,0.021395797,0.132829330,0.990688475,0.029878526,-5.498559475,3.711631298,0.856961429,0.000000000,0.000000000,0.000000000,1.000000000,2.621190548,5.114073753,4.348838329,5.114073753,0.512544534
2026-06-03T01:47:59,1773928468.349427938,r1,body,odom,49,structure_anchor_49,plane,wall_like,general_plane,unknown,confirmed,true,true,true,false,30,0,68,30,0.721662071,1.000000000,0.917133882,0.441176471,0.000000000,0.000000000,0.000000000,0.150663924,509,0.040485830,0.000000000,-7.739618886,-3.338001981,7.205732898,1.426850899,5.055753370,5.328229963,-0.919138890,8.131651878,6.552779675,3.827567577,-0.626813811,0.778766632,0.025040322,0.151835052,0.987843795,0.033328730,-3.338001981,7.205732898,1.426850899,0.000000000,0.000000000,0.000000000,1.000000000,3.827567577,8.131651878,6.552779675,8.131651878,0.470699882
2026-06-03T01:47:59,1773928468.349427938,r1,body,odom,20,structure_anchor_20,plane,wall_like,general_plane,unknown,stale,false,false,true,false,10,26,88,10,0.402723889,1.000000000,0.000000000,0.113636364,1.000000000,0.000112784,0.000000000,0.361794317,302,0.049209712,0.000000000,2.520599236,-6.152389351,-2.870312161,0.477121342,-4.286857164,0.613329409,-1.832806806,4.355621815,5.514767647,1.646147132,-0.740079235,-0.625281276,-0.247600666,-0.963017953,0.126430472,-0.237932358,-6.152389351,-2.870312161,0.477121342,0.000000000,0.000000000,0.000000000,1.000000000,1.646147132,4.355621815,5.514767647,5.514767647,0.298498003
2026-06-03T01:47:59,1773928468.349427938,r1,body,odom,18,structure_anchor_18,plane,wall_like,general_plane,unknown,stale,false,false,true,false,59,21,142,58,0.461690141,1.000000000,0.000000000,0.408450704,1.000000000,0.000000000,0.000000000,0.473616642,362,0.027704651,0.000000000,3.424455157,-7.169882977,-1.504119046,0.359696478,-3.966483251,2.287283115,-1.936754325,3.787658453,4.473103046,2.191109657,-0.776953611,-0.626160751,-0.065313384,-0.986951567,0.151268368,-0.055177310,-7.169882977,-1.504119046,0.359696478,0.000000000,0.000000000,0.000000000,1.000000000,2.191109657,3.787658453,4.473103046,4.473103046,0.489841087
2026-06-03T01:47:59,1773928468.349427938,r1,body,odom,38,structure_anchor_38,plane,wall_like,general_plane,unknown,stale,false,false,true,false,4,44,49,4,0.171326531,0.500000000,0.000000000,0.081632653,1.000000000,0.000000000,0.000000000,0.104244417,173,0.049527627,0.000000000,-0.800763966,-6.071920045,0.439223975,-0.123891435,-1.795789059,2.793522668,-2.434519603,1.644061327,1.410686970,0.832732439,-0.009331789,0.994023455,-0.108767308,0.726216757,0.678842673,-0.108544445,-6.071920045,0.439223975,-0.123891435,0.000000000,0.000000000,0.000000000,1.000000000,0.832732439,1.644061327,1.410686970,1.644061327,0.506509353
2026-06-03T01:47:59,1773928468.547427893,r1,body,odom,2,structure_anchor_2,plane,wall_like,general_plane,unknown,confirmed,true,true,true,false,137,0,154,137,0.822565332,1.000000000,0.973216270,0.889610390,0.000000000,0.000000000,0.000000000,0.010732193,485,0.060151308,0.000000000,8.258359734,-4.590827465,-7.459604740,1.042319298,-6.494057492,-3.790872912,-1.318708701,3.270674229,4.036616325,3.278171778,0.774694199,0.632192678,0.013465329,0.989473797,-0.144639734,0.004584187,-4.590827465,-7.459604740,1.042319298,0.000000000,0.000000000,0.000000000,1.000000000,3.278171778,3.270674229,4.036616325,4.036616325,0.812108834
2026-06-03T01:47:59,1773928468.547427893,r1,body,odom,56,structure_anchor_56,plane,wall_like,general_plane,unknown,confirmed,true,true,true,false,8,0,10,8,0.799986647,1.000000000,0.949933236,0.800000000,0.000000000,0.000000000,0.000000000,0.014912606,277,0.034354459,0.000000000,8.257630339,-9.238940239,-1.745878816,1.198120356,-5.417074389,3.492402258,-1.054315367,3.722035408,4.508857727,3.760071516,0.777378782,0.628758299,0.018580407,0.988787317,-0.149019698,0.009634991,-9.238940239,-1.745878816,1.198120356,0.000000000,0.000000000,0.000000000,1.000000000,3.760071516,3.722035408,4.508857727,4.508857727,0.833929954
2026-06-03T01:47:59,1773928468.547427893,r1,body,odom,36,structure_anchor_36,cylinder,pipe_like,pipe_candidate,unknown,stale,false,false,true,false,8,4,62,8,0.567928673,1.000000000,0.530611109,0.129032258,0.200000000,0.000000000,0.000000000,0.156795186,24,0.002936858,0.051238090,0.000000000,-4.065663638,0.683294241,0.219251499,-0.138786079,1.333170761,-2.102766912,0.102476180,0.102476180,1.421108603,-0.013956218,0.008627185,0.999865484,0.003592834,0.000231007,0.999993615,-4.065663638,0.683294241,0.219251499,0.000000000,0.000000000,0.000000000,1.000000000,1.421108603,0.102476180,0.102476180,0.102476180,13.867696952
2026-06-03T01:47:59,1773928468.547427893,r1,body,odom,20,structure_anchor_20,plane,wall_like,general_plane,unknown,stale,false,false,true,false,10,27,89,10,0.402468865,1.000000000,0.000000000,0.112359551,1.000000000,0.000101506,0.000000000,0.361794317,302,0.049209712,0.000000000,2.520599236,-6.340024703,-2.860776171,0.473008319,-4.286857658,0.613330053,-1.832806757,4.355621815,5.514767647,1.646147132,-0.739619653,-0.626332655,-0.246313552,-0.963018044,0.126430539,-0.237932375,-6.340024703,-2.860776171,0.473008319,0.000000000,0.000000000,0.000000000,1.000000000,1.646147132,4.355621815,5.514767647,5.514767647,0.298498003
2026-06-03T01:47:59,1773928468.547427893,r1,body,odom,18,structure_anchor_18,plane,wall_like,general_plane,unknown,stale,false,false,true,false,59,22,143,58,0.461118881,1.000000000,0.000000000,0.405594406,1.000000000,0.000000000,0.000000000,0.473616642,362,0.027704651,0.000000000,3.424455157,-7.356468829,-1.494788775,0.344611589,-3.966483618,2.287283910,-1.936754281,3.787658453,4.473103046,2.191109657,-0.777059320,-0.626151045,-0.064139487,-0.986951659,0.151268439,-0.055177314,-7.356468829,-1.494788775,0.344611589,0.000000000,0.000000000,0.000000000,1.000000000,2.191109657,3.787658453,4.473103046,4.473103046,0.489841087
2026-06-03T01:47:59,1773928468.547427893,r1,body,odom,38,structure_anchor_38,plane,wall_like,general_plane,unknown,stale,false,false,true,false,4,45,50,4,0.171000000,0.500000000,0.000000000,0.080000000,1.000000000,0.000000000,0.000000000,0.104244417,173,0.049527627,0.000000000,-0.800763966,-6.256044160,0.445226955,-0.146679856,-1.795789178,2.793523392,-2.434519598,1.644061327,1.410686970,0.832732439,-0.008499417,0.993389066,-0.114481938,0.726216869,0.678842701,-0.108544453,-6.256044160,0.445226955,-0.146679856,0.000000000,0.000000000,0.000000000,1.000000000,0.832732439,1.644061327,1.410686970,1.644061327,0.506509353
2026-06-03T01:47:59,1773928468.769428015,r1,body,odom,49,structure_anchor_49,plane,wall_like,general_plane,unknown,confirmed,true,true,true,false,31,0,70,31,0.717398833,1.000000000,0.894137024,0.442857143,0.000000000,0.000000000,0.000000000,0.153034270,759,0.057594228,0.000000000,-7.999017422,-3.795211089,7.163329945,1.464252061,4.939659316,5.362613756,-0.873815417,8.629478455,7.109265327,3.495127916,-0.629909554,0.775908873,0.034342741,0.146426293,0.988250406,0.043823981,-3.795211089,7.163329945,1.464252061,0.000000000,0.000000000,0.000000000,1.000000000,3.495127916,8.629478455,7.109265327,8.629478455,0.405021918
2026-06-03T01:47:59,1773928468.769428015,r1,body,odom,2,structure_anchor_2,plane,wall_like,general_plane,unknown,confirmed,true,true,true,false,138,0,155,138,0.824582631,1.000000000,0.982590575,0.890322581,0.000000000,0.000000000,0.000000000,0.010593497,502,0.062445578,0.000000000,8.396714466,-4.766083717,-7.462832928,1.077627420,-6.499341825,-3.802918913,-1.272538267,3.158081532,3.837650299,3.271296501,0.774548298,0.632377916,0.013156959,0.989633684,-0.143553992,0.004176002,-4.766083717,-7.462832928,1.077627420,0.000000000,0.000000000,0.000000000,1.000000000,3.271296501,3.158081532,3.837650299,3.837650299,0.852421728
2026-06-03T01:47:59,1773928468.769428015,r1,body,odom,56,structure_anchor_56,plane,wall_like,general_plane,unknown,confirmed,true,true,true,false,9,0,11,9,0.807127684,1.000000000,0.967456604,0.818181818,0.000000000,0.000000000,0.000000000,0.013687951,235,0.029232492,0.000000000,8.392824150,-9.435139656,-1.726351261,1.494980216,-5.423645280,3.510535887,-0.784946903,3.830911160,4.637679100,3.784718037,0.777013601,0.629266204,0.016550183,0.989031865,-0.147510204,0.007531691,-9.435139656,-1.726351261,1.494980216,0.000000000,0.000000000,0.000000000,1.000000000,3.784718037,3.830911160,4.637679100,4.637679100,0.816080189
2026-06-03T01:47:59,1773928468.769428015,r1,body,odom,39,structure_anchor_39,plane,wall_like,general_plane,unknown,confirmed,true,true,true,false,8,0,44,8,0.591568386,1.000000000,0.578523750,0.181818182,0.150000000,0.000000000,0.000000000,0.211910641,403,0.050130613,0.000000000,-6.704372398,-6.469274521,3.244000912,1.018704534,0.240461053,4.689155647,-1.291257780,3.551987648,3.114130735,2.760177612,-0.654433478,0.755901017,0.018178953,0.114984614,0.992974108,0.027945923,-6.469274521,3.244000912,1.018704534,0.000000000,0.000000000,0.000000000,1.000000000,2.760177612,3.551987648,3.114130735,3.551987648,0.777079733
2026-06-03T01:47:59,1773928468.769428015,r1,body,odom,44,structure_anchor_44,cylinder,pipe_like,pipe_candidate,unknown,stale,false,false,true,false,6,4,30,6,0.380300000,0.750000000,0.101500000,0.200000000,0.250000000,0.000000000,0.000000000,0.102462428,16,0.001964878,0.048373166,0.000000000,-2.649973433,-1.275586962,0.474530373,-0.513575969,-1.174265196,-1.892577674,0.096746333,0.096746333,0.736567199,-0.007175749,0.009708087,0.999927153,0.009827735,0.001145486,0.999951076,-2.649973433,-1.275586962,0.474530373,0.000000000,0.000000000,0.000000000,1.000000000,0.736567199,0.096746333,0.096746333,0.096746333,7.613386232
2026-06-03T01:47:59,1773928468.769428015,r1,body,odom,36,structure_anchor_36,cylinder,pipe_like,pipe_candidate,unknown,stale,false,false,true,false,8,5,63,8,0.548019047,1.000000000,0.450611109,0.126984127,0.250000000,0.000000000,0.000000000,0.156795186,24,0.002936858,0.051238090,0.000000000,-4.241830000,0.694952541,0.240336969,-0.138786051,1.333170328,-2.102766937,0.102476180,0.102476180,1.421108603,-0.010716009,0.004494776,0.999932505,0.003592833,0.000231007,0.999993544,-4.241830000,0.694952541,0.240336969,0.000000000,0.000000000,0.000000000,1.000000000,1.421108603,0.102476180,0.102476180,0.102476180,13.867696952
2026-06-03T01:47:59,1773928468.769428015,r1,body,odom,20,structure_anchor_20,plane,wall_like,general_plane,unknown,stale,false,false,true,false,10,28,90,10,0.402219482,1.000000000,0.000000000,0.111111111,1.000000000,0.000091355,0.000000000,0.361794317,302,0.049209712,0.000000000,2.520599236,-6.518169654,-2.848363584,0.486775518,-4.286857205,0.613329471,-1.832806802,4.355621815,5.514767647,1.646147132,-0.740908955,-0.624729458,-0.246509785,-0.963017961,0.126430477,-0.237932359,-6.518169654,-2.848363584,0.486775518,0.000000000,0.000000000,0.000000000,1.000000000,1.646147132,4.355621815,5.514767647,5.514767647,0.298498003
2026-06-03T01:47:59,1773928468.769428015,r1,body,odom,18,structure_anchor_18,plane,wall_like,general_plane,unknown,stale,false,false,true,false,59,23,144,58,0.460555556,1.000000000,0.000000000,0.402777778,1.000000000,0.000000000,0.000000000,0.473616642,362,0.027704651,0.000000000,3.424455157,-7.533939472,-1.481063536,0.367327646,-3.966483282,2.287283188,-1.936754321,3.787658453,4.473103046,2.191109657,-0.777759168,-0.625273535,-0.064216306,-0.986951574,0.151268374,-0.055177311,-7.533939472,-1.481063536,0.367327646,0.000000000,0.000000000,0.000000000,1.000000000,2.191109657,3.787658453,4.473103046,4.473103046,0.489841087
2026-06-03T01:47:59,1773928468.769428015,r1,body,odom,38,structure_anchor_38,plane,wall_like,general_plane,unknown,stale,false,false,true,false,4,46,51,4,0.170686275,0.500000000,0.000000000,0.078431373,1.000000000,0.000000000,0.000000000,0.104244417,173,0.049527627,0.000000000,-0.800763966,-6.433570432,0.460112261,-0.119484980,-1.795789071,2.793522736,-2.434519603,1.644061327,1.410686970,0.832732439,-0.008081397,0.993861182,-0.110338984,0.726216766,0.678842675,-0.108544446,-6.433570432,0.460112261,-0.119484980,0.000000000,0.000000000,0.000000000,1.000000000,0.832732439,1.644061327,1.410686970,1.644061327,0.506509353
2026-06-03T01:47:59,1773928468.949427843,r1,body,odom,49,structure_anchor_49,plane,wall_like,general_plane,unknown,confirmed,true,true,true,false,32,0,71,32,0.726378658,1.000000000,0.931189065,0.450704225,0.000000000,0.000000000,0.000000000,0.192550250,495,0.038699308,0.000000000,-8.165455789,-4.170796568,6.994984338,1.858340507,4.678888254,5.391145440,-0.468126177,9.115573883,7.531970978,2.226035118,-0.630280452,0.773347712,0.068410020,0.144495046,0.986313971,0.079410426,-4.170796568,6.994984338,1.858340507,0.000000000,0.000000000,0.000000000,1.000000000,2.226035118,9.115573883,7.531970978,9.115573883,0.244201314
2026-06-03T01:47:59,1773928468.949427843,r1,body,odom,44,structure_anchor_44,cylinder,pipe_like,pipe_candidate,unknown,stale,false,false,true,false,6,5,31,6,0.359509677,0.750000000,0.021500000,0.193548387,0.300000000,0.000000000,0.000000000,0.102462428,16,0.001964878,0.048373166,0.000000000,-2.819964825,-1.270157692,0.459039679,-0.513575988,-1.174265167,-1.892577670,0.096746333,0.096746333,0.736567199,-0.011341883,0.008281613,0.999901415,0.009827735,0.001145486,0.999951082,-2.819964825,-1.270157692,0.459039679,0.000000000,0.000000000,0.000000000,1.000000000,0.736567199,0.096746333,0.096746333,0.096746333,7.613386232
2026-06-03T01:47:59,1773928468.949427843,r1,body,odom,36,structure_anchor_36,cylinder,pipe_like,pipe_candidate,unknown,stale,false,false,true,false,8,6,64,8,0.528122222,1.000000000,0.370611109,0.125000000,0.300000000,0.000000000,0.000000000,0.156795186,24,0.002936858,0.051238090,0.000000000,-4.410181160,0.701248773,0.221030329,-0.138786055,1.333170376,-2.102766934,0.102476180,0.102476180,1.421108603,-0.014883853,0.003069489,0.999884549,0.003592833,0.000231007,0.999993550,-4.410181160,0.701248773,0.221030329,0.000000000,0.000000000,0.000000000,1.000000000,1.421108603,0.102476180,0.102476180,0.102476180,13.867696952
2026-06-03T01:47:59,1773928468.949427843,r1,body,odom,20,structure_anchor_20,plane,wall_like,general_plane,unknown,stale,false,false,true,false,10,29,91,10,0.401975555,1.000000000,0.000000000,0.109890110,1.000000000,0.000082220,0.000000000,0.361794317,302,0.049209712,0.000000000,2.520599236,-6.688696925,-2.841651504,0.452907678,-4.286857247,0.613329532,-1.832806797,4.355621815,5.514767647,1.646147132,-0.740080615,-0.624127796,-0.250490000,-0.963017968,0.126430482,-0.237932360,-6.688696925,-2.841651504,0.452907678,0.000000000,0.000000000,0.000000000,1.000000000,1.646147132,4.355621815,5.514767647,5.514767647,0.298498003
2026-06-03T01:47:59,1773928468.949427843,r1,body,odom,18,structure_anchor_18,plane,wall_like,general_plane,unknown,stale,false,false,true,false,59,24,145,58,0.460000000,1.000000000,0.000000000,0.400000000,1.000000000,0.000000000,0.000000000,0.473616642,362,0.027704651,0.000000000,3.424455157,-7.703508925,-1.473841220,0.331181730,-3.966483313,2.287283261,-1.936754317,3.787658453,4.473103046,2.191109657,-0.777690794,-0.624919994,-0.068352705,-0.986951582,0.151268380,-0.055177311,-7.703508925,-1.473841220,0.331181730,0.000000000,0.000000000,0.000000000,1.000000000,2.191109657,3.787658453,4.473103046,4.473103046,0.489841087
2026-06-03T01:47:59,1773928468.949427843,r1,body,odom,38,structure_anchor_38,plane,wall_like,general_plane,unknown,stale,false,false,true,false,4,47,52,4,0.170384615,0.500000000,0.000000000,0.076923077,1.000000000,0.000000000,0.000000000,0.104244417,173,0.049527627,0.000000000,-0.800763966,-6.600479524,0.467658728,-0.148261895,-1.795789082,2.793522803,-2.434519602,1.644061327,1.410686970,0.832732439,-0.007293513,0.994020503,-0.108950022,0.726216775,0.678842678,-0.108544447,-6.600479524,0.467658728,-0.148261895,0.000000000,0.000000000,0.000000000,1.000000000,0.832732439,1.644061327,1.410686970,1.644061327,0.506509353
2026-06-03T01:48:00,1773928469.168422937,r1,body,odom,44,structure_anchor_44,cylinder,pipe_like,pipe_candidate,unknown,confirmed,true,true,true,true,7,0,32,7,0.510295000,0.875000000,0.363975000,0.218750000,0.000000000,0.000000000,0.000000000,0.131850234,18,0.002267574,0.047697023,0.000000000,-2.998110771,-1.286990047,-0.095257856,-0.513483171,-1.212597730,-2.460549640,0.095394045,0.095394045,0.579697967,-0.012070109,-0.025780790,0.999594750,-0.017798346,-0.019665430,0.999648183,-2.998110771,-1.286990047,-0.095257856,0.000000000,0.000000000,0.000000000,1.000000000,0.579697967,0.095394045,0.095394045,0.095394045,6.076877921
2026-06-03T01:48:00,1773928469.168422937,r1,body,odom,36,structure_anchor_36,cylinder,pipe_like,pipe_candidate,unknown,stale,false,false,true,false,8,7,65,8,0.508237606,1.000000000,0.290611109,0.123076923,0.350000000,0.000000000,0.000000000,0.156795186,24,0.002936858,0.051238090,0.000000000,-4.622646844,0.712842493,0.237750252,-0.138786066,1.333170494,-2.102766929,0.102476180,0.102476180,1.421108603,-0.012230115,0.003432890,0.999919363,0.003592833,0.000231007,0.999993566,-4.622646844,0.712842493,0.237750252,0.000000000,0.000000000,0.000000000,1.000000000,1.421108603,0.102476180,0.102476180,0.102476180,13.867696952
2026-06-03T01:48:00,1773928469.168422937,r1,body,odom,20,structure_anchor_20,plane,wall_like,general_plane,unknown,stale,false,false,true,false,10,30,92,10,0.401736911,1.000000000,0.000000000,0.108695652,1.000000000,0.000073998,0.000000000,0.361794317,302,0.049209712,0.000000000,2.520599236,-6.905572721,-2.826734639,0.476888857,-4.286857350,0.613329682,-1.832806787,4.355621815,5.514767647,1.646147132,-0.741627922,-0.623160483,-0.248312566,-0.963017986,0.126430496,-0.237932364,-6.905572721,-2.826734639,0.476888857,0.000000000,0.000000000,0.000000000,1.000000000,1.646147132,4.355621815,5.514767647,5.514767647,0.298498003
2026-06-03T01:48:00,1773928469.168422937,r1,body,odom,18,structure_anchor_18,plane,wall_like,general_plane,unknown,stale,false,false,true,false,59,25,146,58,0.459452055,1.000000000,0.000000000,0.397260274,1.000000000,0.000000000,0.000000000,0.473616642,362,0.027704651,0.000000000,3.424455157,-7.918758902,-1.457524402,0.357378381,-3.966483391,2.287283441,-1.936754308,3.787658453,4.473103046,2.191109657,-0.778756464,-0.623836857,-0.066076011,-0.986951600,0.151268394,-0.055177312,-7.918758902,-1.457524402,0.357378381,0.000000000,0.000000000,0.000000000,1.000000000,2.191109657,3.787658453,4.473103046,4.473103046,0.489841087
2026-06-03T01:48:00,1773928469.168422937,r1,body,odom,38,structure_anchor_38,plane,wall_like,general_plane,unknown,stale,false,false,true,false,4,48,53,4,0.170094340,0.500000000,0.000000000,0.075471698,1.000000000,0.000000000,0.000000000,0.104244417,173,0.049527627,0.000000000,-0.800763966,-6.814245774,0.482240891,-0.125657451,-1.795789111,2.793522969,-2.434519601,1.644061327,1.410686970,0.832732439,-0.006169568,0.993992535,-0.109274290,0.726216797,0.678842683,-0.108544448,-6.814245774,0.482240891,-0.125657451,0.000000000,0.000000000,0.000000000,1.000000000,0.832732439,1.644061327,1.410686970,1.644061327,0.506509353
2026-06-03T01:48:00,1773928469.348422766,r1,body,odom,36,structure_anchor_36,cylinder,pipe_like,pipe_candidate,unknown,stale,false,false,true,false,8,8,66,8,0.488364646,1.000000000,0.210611109,0.121212121,0.400000000,0.000000000,0.000000000,0.156795186,24,0.002936858,0.051238090,0.000000000,-4.778017496,0.718273603,0.238391070,-0.138786015,1.333169886,-2.102766960,0.102476180,0.102476180,1.421108603,-0.010343481,0.002730493,0.999942738,0.003592832,0.000231007,0.999993481,-4.778017496,0.718273603,0.238391070,0.000000000,0.000000000,0.000000000,1.000000000,1.421108603,0.102476180,0.102476180,0.102476180,13.867696952
2026-06-03T01:48:00,1773928469.348422766,r1,body,odom,20,structure_anchor_20,plane,wall_like,general_plane,unknown,stale,false,false,true,false,10,31,93,10,0.401503378,1.000000000,0.000000000,0.107526882,1.000000000,0.000066598,0.000000000,0.361794317,302,0.049209712,0.000000000,2.520599236,-7.059844834,-2.821887418,0.479357961,-4.286856787,0.613328895,-1.832806844,4.355621815,5.514767647,1.646147132,-0.741982003,-0.623122077,-0.247348959,-0.963017885,0.126430421,-0.237932345,-7.059844834,-2.821887418,0.479357961,0.000000000,0.000000000,0.000000000,1.000000000,1.646147132,4.355621815,5.514767647,5.514767647,0.298498003
2026-06-03T01:48:00,1773928469.348422766,r1,body,odom,18,structure_anchor_18,plane,wall_like,general_plane,unknown,stale,false,false,true,false,59,26,147,58,0.458911565,1.000000000,0.000000000,0.394557823,1.000000000,0.000000000,0.000000000,0.473616642,362,0.027704651,0.000000000,3.424455157,-8.073503359,-1.452779337,0.362719094,-3.966482969,2.287282487,-1.936754357,3.787658453,4.473103046,2.191109657,-0.778766401,-0.623932848,-0.065043191,-0.986951498,0.151268315,-0.055177308,-8.073503359,-1.452779337,0.362719094,0.000000000,0.000000000,0.000000000,1.000000000,2.191109657,3.787658453,4.473103046,4.473103046,0.489841087
2026-06-03T01:48:00,1773928469.348422766,r1,body,odom,38,structure_anchor_38,plane,wall_like,general_plane,unknown,stale,false,false,true,false,4,49,54,4,0.169814815,0.500000000,0.000000000,0.074074074,1.000000000,0.000000000,0.000000000,0.104244417,173,0.049527627,0.000000000,-0.800763966,-6.970256307,0.487525585,-0.121041301,-1.795788964,2.793522093,-2.434519606,1.644061327,1.410686970,0.832732439,-0.006556339,0.994067577,-0.108566066,0.726216673,0.678842652,-0.108544439,-6.970256307,0.487525585,-0.121041301,0.000000000,0.000000000,0.000000000,1.000000000,0.832732439,1.644061327,1.410686970,1.644061327,0.506509353
2026-06-03T01:48:00,1773928469.564423084,r1,body,odom,49,structure_anchor_49,plane,wall_like,general_plane,unknown,confirmed,true,true,true,false,33,0,74,33,0.709443768,1.000000000,0.851272892,0.445945946,0.000000000,0.000000000,0.000000000,0.207295233,383,0.048493289,0.000000000,-8.471604952,-2.401104450,8.864438057,1.328904629,7.460947941,5.040176156,-1.130039178,9.295924187,7.313798904,3.892834902,-0.616649658,0.787176062,0.009851172,0.140545931,0.989996378,0.012408673,-2.401104450,8.864438057,1.328904629,0.000000000,0.000000000,0.000000000,1.000000000,3.892834902,9.295924187,7.313798904,9.295924187,0.418767927
2026-06-03T01:48:00,1773928469.564423084,r1,body,odom,60,structure_anchor_60,plane,wall_like,general_plane,unknown,candidate,false,true,true,false,1,0,1,1,0.326250000,0.125000000,0.350000000,1.000000000,0.000000000,0.000000000,0.000000000,0.000000000,111,0.014054191,0.000000000,-8.479670029,-9.992276192,2.899982452,1.239103675,-2.099498181,6.381300915,-1.040965311,4.035425186,3.225006580,3.640357971,-0.619161187,0.785159169,0.012825906,0.137405508,0.990394477,0.015442472,-9.992276192,2.899982452,1.239103675,0.000000000,0.000000000,0.000000000,1.000000000,3.640357971,4.035425186,3.225006580,4.035425186,0.902100226
2026-06-03T01:48:00,1773928469.564423084,r1,body,odom,44,structure_anchor_44,cylinder,pipe_like,pipe_candidate,unknown,confirmed,true,true,true,false,8,0,34,8,0.603975574,1.000000000,0.534583750,0.235294118,0.000000000,0.000000000,0.000000000,0.152419716,11,0.001392758,0.049263623,0.000000000,-3.389916897,-1.206760168,-0.293583900,-0.514326592,-1.216807654,-2.641461911,0.098527245,0.098527245,0.439699650,0.013901545,0.007321007,0.999876567,0.032893948,-0.010084828,0.999407967,-3.389916897,-1.206760168,-0.293583900,0.000000000,0.000000000,0.000000000,1.000000000,0.439699650,0.098527245,0.098527245,0.098527245,4.462721441
2026-06-03T01:48:00,1773928469.564423084,r1,body,odom,39,structure_anchor_39,plane,wall_like,general_plane,unknown,stale,false,false,true,false,8,4,48,8,0.510538083,1.000000000,0.258523750,0.166666667,0.350000000,0.000000000,0.000000000,0.211910641,403,0.050130613,0.000000000,-6.704372398,-6.749887765,3.723273470,0.835236450,0.732892745,4.615996357,-1.504927153,3.551987648,3.114130735,2.760177612,-0.619175671,0.785087348,0.016100408,0.137402595,0.990338342,0.018717311,-6.749887765,3.723273470,0.835236450,0.000000000,0.000000000,0.000000000,1.000000000,2.760177612,3.551987648,3.114130735,3.551987648,0.777079733
2026-06-03T01:48:00,1773928469.564423084,r1,body,odom,36,structure_anchor_36,cylinder,pipe_like,pipe_candidate,unknown,stale,false,false,true,false,8,9,67,8,0.468502819,1.000000000,0.130611109,0.119402985,0.450000000,0.000000000,0.000000000,0.156795186,24,0.002936858,0.051238090,0.000000000,-4.977067686,0.825789252,0.238678287,-0.138785996,1.333169714,-2.102766969,0.102476180,0.102476180,1.421108603,-0.013843450,-0.006662196,0.999881920,0.003592831,0.000231007,0.999993459,-4.977067686,0.825789252,0.238678287,0.000000000,0.000000000,0.000000000,1.000000000,1.421108603,0.102476180,0.102476180,0.102476180,13.867696952
2026-06-03T01:48:00,1773928469.564423084,r1,body,odom,56,structure_anchor_56,plane,wall_like,general_plane,unknown,stale,false,false,true,false,9,4,15,9,0.685491321,1.000000000,0.647456604,0.600000000,0.200000000,0.000000000,0.000000000,0.013687951,235,0.029232492,0.000000000,8.392824150,-10.281914489,-1.401243499,1.175493843,-5.402372266,3.610170523,-1.059395727,3.830911160,4.637679100,3.784718037,0.791309182,0.610852534,0.026245751,0.989042482,-0.147429758,0.007699229,-10.281914489,-1.401243499,1.175493843,0.000000000,0.000000000,0.000000000,1.000000000,3.784718037,3.830911160,4.637679100,4.637679100,0.816080189
2026-06-03T01:48:00,1773928469.564423084,r1,body,odom,20,structure_anchor_20,plane,wall_like,general_plane,unknown,stale,false,false,true,false,10,32,94,10,0.401274798,1.000000000,0.000000000,0.106382979,1.000000000,0.000059938,0.000000000,0.361794317,302,0.049209712,0.000000000,2.520599236,-7.335879770,-2.666194040,0.437672146,-4.286856642,0.613328681,-1.832806862,4.355621815,5.514767647,1.646147132,-0.754418402,-0.604472559,-0.255862618,-0.963017860,0.126430403,-0.237932340,-7.335879770,-2.666194040,0.437672146,0.000000000,0.000000000,0.000000000,1.000000000,1.646147132,4.355621815,5.514767647,5.514767647,0.298498003
2026-06-03T01:48:00,1773928469.564423084,r1,body,odom,18,structure_anchor_18,plane,wall_like,general_plane,unknown,stale,false,false,true,false,59,27,148,58,0.458378378,1.000000000,0.000000000,0.391891892,1.000000000,0.000000000,0.000000000,0.473616642,362,0.027704651,0.000000000,3.424455157,-8.319225126,-1.274361132,0.330910226,-3.966482858,2.287282231,-1.936754373,3.787658453,4.473103046,2.191109657,-0.791860835,-0.606238368,-0.073697619,-0.986951473,0.151268296,-0.055177307,-8.319225126,-1.274361132,0.330910226,0.000000000,0.000000000,0.000000000,1.000000000,2.191109657,3.787658453,4.473103046,4.473103046,0.489841087
2026-06-03T01:48:00,1773928469.564423084,r1,body,odom,2,structure_anchor_2,plane,wall_like,general_plane,unknown,stale,false,false,true,false,138,4,159,138,0.742103021,1.000000000,0.662590575,0.867924528,0.200000000,0.000000000,0.000000000,0.010593497,502,0.062445578,0.000000000,8.396714466,-5.780828866,-7.201801131,0.978856907,-6.469974681,-3.653368883,-1.274163301,3.158081532,3.837650299,3.271296501,-0.788887129,-0.614141070,-0.022084432,-0.989660777,0.143383432,-0.003546839,-5.780828866,-7.201801131,0.978856907,0.000000000,0.000000000,0.000000000,1.000000000,3.271296501,3.158081532,3.837650299,3.837650299,0.852421728
2026-06-03T01:48:00,1773928469.564423084,r1,body,odom,38,structure_anchor_38,plane,wall_like,general_plane,unknown,stale,false,false,true,false,4,50,55,4,0.169545455,0.500000000,0.000000000,0.072727273,1.000000000,0.000000000,0.000000000,0.104244417,173,0.049527627,0.000000000,-0.800763966,-7.172495816,0.646117650,-0.130321040,-1.795788921,2.793521856,-2.434519609,1.644061327,1.410686970,0.832732439,0.015362422,0.994973950,-0.098948038,0.726216643,0.678842644,-0.108544436,-7.172495816,0.646117650,-0.130321040,0.000000000,0.000000000,0.000000000,1.000000000,0.832732439,1.644061327,1.410686970,1.644061327,0.506509353
2026-06-03T01:48:00,1773928469.747422934,r1,body,odom,2,structure_anchor_2,plane,wall_like,general_plane,unknown,confirmed,true,true,true,true,139,0,160,139,0.779886775,1.000000000,0.780683874,0.868750000,0.000000000,0.000000000,0.000000000,0.018555910,383,0.049374758,0.000000000,9.088406946,-5.963581562,-7.321496010,1.107678175,-6.524438940,-4.144747604,-1.116938565,1.904296875,2.702684402,3.097788811,0.812420576,0.582707741,0.020603298,0.990751220,-0.135669482,0.002411422,-5.963581562,-7.321496010,1.107678175,0.000000000,0.000000000,0.000000000,1.000000000,3.097788811,1.904296875,2.702684402,2.702684402,1.146189621
2026-06-03T01:48:00,1773928469.747422934,r1,body,odom,56,structure_anchor_56,plane,wall_like,general_plane,unknown,confirmed,true,true,true,true,10,0,16,10,0.729169358,1.000000000,0.770846792,0.625000000,0.000000000,0.000000000,0.000000000,0.026700781,301,0.038803661,0.000000000,9.087443702,-10.284902573,-1.306696773,1.285940886,-5.521898911,3.194589356,-1.005361671,3.916035652,5.425443649,4.033221245,0.812316488,0.582790211,0.022304544,0.990765118,-0.135527037,0.004111830,-10.284902573,-1.306696773,1.285940886,0.000000000,0.000000000,0.000000000,1.000000000,4.033221245,3.916035652,5.425443649,5.425443649,0.743390127
2026-06-03T01:48:00,1773928469.747422934,r1,body,odom,61,structure_anchor_61,plane,wall_like,general_plane,unknown,candidate,false,true,false,false,1,0,0,0,0.326250000,0.125000000,0.350000000,1.000000000,0.000000000,0.000000000,0.000000000,0.000000000,60,0.007734949,0.000000000,9.308392050,-2.413023233,-12.229120255,1.503554463,-7.314099965,-10.146576300,-0.666998454,0.828174591,1.051329613,3.111934662,0.795724827,0.605551821,0.011357414,0.994162111,-0.107663975,-0.007082987,-2.413023233,-12.229120255,1.503554463,0.000000000,0.000000000,0.000000000,1.000000000,3.111934662,0.828174591,1.051329613,1.051329613,2.959999057
2026-06-03T01:48:00,1773928469.747422934,r1,body,odom,44,structure_anchor_44,cylinder,pipe_like,pipe_candidate,unknown,confirmed,true,true,true,false,9,0,35,9,0.640924459,1.000000000,0.697479437,0.257142857,0.000000000,0.000000000,0.000000000,0.153413818,20,0.002578316,0.037501153,0.000000000,-3.598888397,-1.085072637,0.662827432,-0.528500820,-1.247158697,-1.696030252,0.080000000,0.080000000,0.807873607,0.007966986,-0.026466547,0.999617952,0.006824134,-0.018233456,0.999810468,-3.598888397,-1.085072637,0.662827432,0.000000000,0.000000000,0.000000000,1.000000000,0.807873607,0.080000000,0.080000000,0.080000000,10.098420084
2026-06-03T01:48:00,1773928469.747422934,r1,body,odom,39,structure_anchor_39,plane,wall_like,general_plane,unknown,stale,false,false,true,false,8,5,49,8,0.490357811,1.000000000,0.178523750,0.163265306,0.400000000,0.000000000,0.000000000,0.211910641,403,0.050130613,0.000000000,-6.704372398,-6.717772452,4.034758717,0.916045806,0.732892930,4.615997100,-1.504927088,3.551987648,3.114130735,2.760177612,-0.581593416,0.813005984,0.027755738,0.137402654,0.990338422,0.018717312,-6.717772452,4.034758717,0.916045806,0.000000000,0.000000000,0.000000000,1.000000000,2.760177612,3.551987648,3.114130735,3.551987648,0.777079733
2026-06-03T01:48:00,1773928469.747422934,r1,body,odom,36,structure_anchor_36,cylinder,pipe_like,pipe_candidate,unknown,stale,false,false,true,false,8,10,68,8,0.448651634,1.000000000,0.050611109,0.117647059,0.500000000,0.000000000,0.000000000,0.156795186,24,0.002936858,0.051238090,0.000000000,-5.086872967,1.063186756,0.280344615,-0.138786044,1.333170213,-2.102766944,0.102476180,0.102476180,1.421108603,-0.007079912,-0.015288691,0.999858062,0.003592832,0.000231007,0.999993525,-5.086872967,1.063186756,0.280344615,0.000000000,0.000000000,0.000000000,1.000000000,1.421108603,0.102476180,0.102476180,0.102476180,13.867696952
2026-06-03T01:48:00,1773928469.747422934,r1,body,odom,20,structure_anchor_20,plane,wall_like,general_plane,unknown,stale,false,false,true,false,10,33,95,10,0.401051013,1.000000000,0.000000000,0.105263158,1.000000000,0.000053944,0.000000000,0.361794317,302,0.049209712,0.000000000,2.520599236,-7.605197016,-2.316340903,0.465761635,-4.286857084,0.613329316,-1.832806814,4.355621815,5.514767647,1.646147132,-0.783691738,-0.566122864,-0.255601596,-0.963017938,0.126430460,-0.237932355,-7.605197016,-2.316340903,0.465761635,0.000000000,0.000000000,0.000000000,1.000000000,1.646147132,4.355621815,5.514767647,5.514767647,0.298498003
2026-06-03T01:48:00,1773928469.747422934,r1,body,odom,18,structure_anchor_18,plane,wall_like,general_plane,unknown,stale,false,false,true,false,59,28,149,58,0.457852349,1.000000000,0.000000000,0.389261745,1.000000000,0.000000000,0.000000000,0.473616642,362,0.027704651,0.000000000,3.424455157,-8.522998848,-0.879105492,0.378815687,-3.966483193,2.287282995,-1.936754332,3.787658453,4.473103046,2.191109657,-0.819888605,-0.567826320,-0.073184408,-0.986951552,0.151268356,-0.055177310,-8.522998848,-0.879105492,0.378815687,0.000000000,0.000000000,0.000000000,1.000000000,2.191109657,3.787658453,4.473103046,4.473103046,0.489841087
2026-06-03T01:48:00,1773928469.747422934,r1,body,odom,38,structure_anchor_38,plane,wall_like,general_plane,unknown,stale,false,false,true,false,4,51,56,4,0.169285714,0.500000000,0.000000000,0.071428571,1.000000000,0.000000000,0.000000000,0.104244417,173,0.049527627,0.000000000,-0.800763966,-7.290858052,0.989833263,-0.073797644,-1.795789043,2.793522561,-2.434519604,1.644061327,1.410686970,0.832732439,0.061251176,0.994042056,-0.090159290,0.726216738,0.678842669,-0.108544444,-7.290858052,0.989833263,-0.073797644,0.000000000,0.000000000,0.000000000,1.000000000,0.832732439,1.644061327,1.410686970,1.644061327,0.506509353
2026-06-03T01:48:00,1773928469.966423035,r1,body,odom,39,structure_anchor_39,plane,wall_like,general_plane,unknown,confirmed,true,true,true,true,9,0,50,9,0.572208088,1.000000000,0.466040437,0.180000000,0.100000000,0.000000000,0.000000000,0.214899530,287,0.038023317,0.000000000,-7.287405494,-5.054648399,5.461511135,1.363627672,2.450314068,4.352223699,-1.163335560,3.734772205,2.101196289,2.616658688,-0.491705956,0.869968331,0.037153134,0.158060619,0.987305120,0.015665637,-5.054648399,5.461511135,1.363627672,0.000000000,0.000000000,0.000000000,1.000000000,2.616658688,3.734772205,2.101196289,3.734772205,0.700620692
2026-06-03T01:48:00,1773928469.966423035,r1,body,odom,36,structure_anchor_36,cylinder,pipe_like,pipe_candidate,unknown,stale,false,false,true,false,8,11,69,8,0.434688406,1.000000000,0.000000000,0.115942029,0.550000000,0.000000000,0.000000000,0.156795186,24,0.002936858,0.051238090,0.000000000,-5.188114237,1.517926788,0.300148816,-0.138785974,1.333169695,-2.102766967,0.102476180,0.102476180,1.421108603,-0.008407883,-0.028517613,0.999557865,0.003592831,0.000231005,0.999993455,-5.188114237,1.517926788,0.300148816,0.000000000,0.000000000,0.000000000,1.000000000,1.421108603,0.102476180,0.102476180,0.102476180,13.867696952
2026-06-03T01:48:00,1773928469.966423035,r1,body,odom,20,structure_anchor_20,plane,wall_like,general_plane,unknown,stale,false,false,true,false,10,34,96,10,0.400831877,1.000000000,0.000000000,0.104166667,1.000000000,0.000048550,0.000000000,0.361794317,302,0.049209712,0.000000000,2.520599236,-7.986785268,-1.635636546,0.441637107,-4.286856624,0.613328675,-1.832806865,4.355621815,5.514767647,1.646147132,-0.829310584,-0.493283215,-0.262517611,-0.963017861,0.126430407,-0.237932340,-7.986785268,-1.635636546,0.441637107,0.000000000,0.000000000,0.000000000,1.000000000,1.646147132,4.355621815,5.514767647,5.514767647,0.298498003
2026-06-03T01:48:00,1773928469.966423035,r1,body,odom,18,structure_anchor_18,plane,wall_like,general_plane,unknown,stale,false,false,true,false,59,29,150,58,0.457333333,1.000000000,0.000000000,0.386666667,1.000000000,0.000000000,0.000000000,0.473616642,362,0.027704651,0.000000000,3.424455157,-8.778045869,-0.123975857,0.375654978,-3.966482835,2.287282225,-1.936754372,3.787658453,4.473103046,2.191109657,-0.865528282,-0.494413426,-0.080100118,-0.986951473,0.151268299,-0.055177308,-8.778045869,-0.123975857,0.375654978,0.000000000,0.000000000,0.000000000,1.000000000,2.191109657,3.787658453,4.473103046,4.473103046,0.489841087
2026-06-03T01:48:00,1773928469.966423035,r1,body,odom,38,structure_anchor_38,plane,wall_like,general_plane,unknown,stale,false,false,true,false,4,52,57,4,0.169035088,0.500000000,0.000000000,0.070175439,1.000000000,0.000000000,0.000000000,0.104244417,173,0.049527627,0.000000000,-0.800763966,-7.390262320,1.638620692,-0.052447027,-1.795788894,2.793521844,-2.434519605,1.644061327,1.410686970,0.832732439,0.146212452,0.986294254,-0.076455442,0.726216646,0.678842642,-0.108544434,-7.390262320,1.638620692,-0.052447027,0.000000000,0.000000000,0.000000000,1.000000000,0.832732439,1.644061327,1.410686970,1.644061327,0.506509353
2026-06-03T01:48:01,1773928470.188417673,r1,body,odom,2,structure_anchor_2,plane,wall_like,general_plane,unknown,confirmed,true,true,true,false,140,0,162,140,0.783928410,1.000000000,0.805444518,0.864197531,0.000000000,0.000000000,0.000000000,0.025937423,253,0.035699167,0.000000000,9.421354209,-7.605236053,-6.150460243,1.148882031,-6.562570557,-4.345631496,-0.916142140,1.221920490,2.818773270,3.167385101,0.911891072,0.409472154,0.028057582,0.990993124,-0.133863423,0.003635566,-7.605236053,-6.150460243,1.148882031,0.000000000,0.000000000,0.000000000,1.000000000,3.167385101,1.221920490,2.818773270,2.818773270,1.123675017
2026-06-03T01:48:01,1773928470.188417673,r1,body,odom,56,structure_anchor_56,plane,wall_like,general_plane,unknown,confirmed,true,true,true,false,11,0,18,11,0.732032305,1.000000000,0.799050415,0.611111111,0.000000000,0.000000000,0.000000000,0.036063174,238,0.033582616,0.000000000,9.422126211,-10.725761414,0.777065992,1.453667402,-5.544842719,3.189628416,-0.988811187,2.787240982,6.030276775,4.207079411,0.912211993,0.408570459,0.030650600,0.990869520,-0.134678275,0.006273847,-10.725761414,0.777065992,1.453667402,0.000000000,0.000000000,0.000000000,1.000000000,4.207079411,2.787240982,6.030276775,6.030276775,0.697659422
2026-06-03T01:48:01,1773928470.188417673,r1,body,odom,36,structure_anchor_36,cylinder,pipe_like,pipe_candidate,unknown,stale,false,false,true,false,8,12,70,8,0.430857143,1.000000000,0.000000000,0.114285714,0.600000000,0.000000000,0.000000000,0.156795186,24,0.002936858,0.051238090,0.000000000,-5.153541550,2.119008929,0.422969779,-0.138786061,1.333170282,-2.102766942,0.102476180,0.102476180,1.421108603,0.001015429,-0.053187310,0.998584054,0.003592832,0.000231008,0.999993536,-5.153541550,2.119008929,0.422969779,0.000000000,0.000000000,0.000000000,1.000000000,1.421108603,0.102476180,0.102476180,0.102476180,13.867696952
2026-06-03T01:48:01,1773928470.188417673,r1,body,odom,20,structure_anchor_20,plane,wall_like,general_plane,unknown,stale,false,false,true,false,10,35,97,10,0.400617246,1.000000000,0.000000000,0.103092784,1.000000000,0.000043695,0.000000000,0.361794317,302,0.049209712,0.000000000,2.520599236,-8.294134570,-0.695674114,0.531495850,-4.286857151,0.613329396,-1.832806808,4.355621815,5.514767647,1.646147132,-0.883768573,-0.388052269,-0.261473860,-0.963017948,0.126430466,-0.237932357,-8.294134570,-0.695674114,0.531495850,0.000000000,0.000000000,0.000000000,1.000000000,1.646147132,4.355621815,5.514767647,5.514767647,0.298498003
2026-06-03T01:48:01,1773928470.188417673,r1,body,odom,18,structure_anchor_18,plane,wall_like,general_plane,unknown,stale,false,false,true,false,59,30,151,58,0.456821192,1.000000000,0.000000000,0.384105960,1.000000000,0.000000000,0.000000000,0.473616642,362,0.027704651,0.000000000,3.424455157,-8.907163349,0.897897473,0.514442875,-3.966483249,2.287283092,-1.936754328,3.787658453,4.473103046,2.191109657,-0.917565545,-0.389738461,-0.078596668,-0.986951562,0.151268362,-0.055177310,-8.907163349,0.897897473,0.514442875,0.000000000,0.000000000,0.000000000,1.000000000,2.191109657,3.787658453,4.473103046,4.473103046,0.489841087
2026-06-03T01:48:01,1773928470.188417673,r1,body,odom,38,structure_anchor_38,plane,wall_like,general_plane,unknown,stale,false,false,true,false,4,53,58,4,0.168793103,0.500000000,0.000000000,0.068965517,1.000000000,0.000000000,0.000000000,0.104244417,173,0.049527627,0.000000000,-0.800763966,-7.331503509,2.500326018,0.107649597,-1.795789073,2.793522653,-2.434519606,1.644061327,1.410686970,0.832732439,0.257634223,0.964686860,-0.054807866,0.726216750,0.678842673,-0.108544446,-7.331503509,2.500326018,0.107649597,0.000000000,0.000000000,0.000000000,1.000000000,0.832732439,1.644061327,1.410686970,1.644061327,0.506509353
2026-06-03T01:48:01,1773928470.365417957,r1,body,odom,36,structure_anchor_36,cylinder,pipe_like,pipe_candidate,unknown,stale,false,false,true,false,8,13,71,8,0.427035211,1.000000000,0.000000000,0.112676056,0.650000000,0.000000000,0.000000000,0.156795186,24,0.002936858,0.051238090,0.000000000,-5.024375885,2.803651392,0.493170154,-0.138785732,1.333169058,-2.102766969,0.102476180,0.102476180,1.421108603,0.002363287,-0.063309617,0.997990965,0.003592832,0.000230996,0.999993348,-5.024375885,2.803651392,0.493170154,0.000000000,0.000000000,0.000000000,1.000000000,1.421108603,0.102476180,0.102476180,0.102476180,13.867696952
2026-06-03T01:48:01,1773928470.365417957,r1,body,odom,49,structure_anchor_49,plane,wall_like,general_plane,unknown,stale,false,false,true,false,33,4,78,33,0.626869963,1.000000000,0.531272892,0.423076923,0.200000000,0.000000000,0.000000000,0.000000000,383,0.048493289,0.000000000,-8.471604952,-0.641249073,8.889819276,2.099705635,6.401775275,5.154908128,-0.898787354,9.295924187,7.313798904,3.892834902,-0.274604705,0.956584417,0.097663548,0.145863701,0.988667179,0.035505169,-0.641249073,8.889819276,2.099705635,0.000000000,0.000000000,0.000000000,1.000000000,3.892834902,9.295924187,7.313798904,9.295924187,0.418767927
2026-06-03T01:48:01,1773928470.365417957,r1,body,odom,20,structure_anchor_20,plane,wall_like,general_plane,unknown,stale,false,false,true,false,10,36,98,10,0.400406984,1.000000000,0.000000000,0.102040816,1.000000000,0.000039325,0.000000000,0.361794317,302,0.049209712,0.000000000,2.520599236,-8.507296695,0.425821792,0.605977127,-4.286855915,0.613327988,-1.832806914,4.355621815,5.514767647,1.646147132,-0.929336301,-0.265600668,-0.256495581,-0.963017761,0.126430367,-0.237932316,-8.507296695,0.425821792,0.605977127,0.000000000,0.000000000,0.000000000,1.000000000,1.646147132,4.355621815,5.514767647,5.514767647,0.298498003
2026-06-03T01:48:01,1773928470.365417957,r1,body,odom,18,structure_anchor_18,plane,wall_like,general_plane,unknown,stale,false,false,true,false,59,31,152,58,0.456315789,1.000000000,0.000000000,0.381578947,1.000000000,0.000000000,0.000000000,0.473616642,362,0.027704651,0.000000000,3.424455157,-8.905226244,2.086304569,0.609640375,-3.966482211,2.287281368,-1.936754395,3.787658453,4.473103046,2.191109657,-0.961528408,-0.264738480,-0.073323372,-0.986951372,0.151268254,-0.055177303,-8.905226244,2.086304569,0.609640375,0.000000000,0.000000000,0.000000000,1.000000000,2.191109657,3.787658453,4.473103046,4.473103046,0.489841087
2026-06-03T01:48:01,1773928470.365417957,r1,body,odom,38,structure_anchor_38,plane,wall_like,general_plane,unknown,stale,false,false,true,false,4,54,59,4,0.168559322,0.500000000,0.000000000,0.067796610,1.000000000,0.000000000,0.000000000,0.104244417,173,0.049527627,0.000000000,-0.800763966,-7.135707571,3.471583284,0.202496001,-1.795788519,2.793521002,-2.434519563,1.644061327,1.410686970,0.832732439,0.381975255,0.922906804,-0.048348686,0.726216547,0.678842592,-0.108544414,-7.135707571,3.471583284,0.202496001,0.000000000,0.000000000,0.000000000,1.000000000,0.832732439,1.644061327,1.410686970,1.644061327,0.506509353
2026-06-03T01:48:01,1773928470.566417933,r1,body,odom,2,structure_anchor_2,plane,wall_like,general_plane,unknown,confirmed,true,true,true,false,141,0,164,141,0.786259007,1.000000000,0.821538937,0.859756098,0.000000000,0.000000000,0.000000000,0.052638701,446,0.037061013,0.000000000,9.739678272,-9.757455943,-0.788811245,1.560714562,-6.142614918,-1.347749280,-0.855278641,1.235364914,7.438991547,4.164580345,0.986854963,0.161252298,0.010708668,0.993372929,-0.114891137,0.003152188,-9.757455943,-0.788811245,1.560714562,0.000000000,0.000000000,0.000000000,1.000000000,4.164580345,1.235364914,7.438991547,7.438991547,0.559831305
2026-06-03T01:48:01,1773928470.566417933,r1,body,odom,59,structure_anchor_59,cylinder,pipe_like,pipe_candidate,unknown,weak_tracked,false,true,true,false,2,0,14,2,0.190071429,0.250000000,0.350000000,0.142857143,0.300000000,0.000000000,0.000000000,0.184176329,12,0.001942062,0.046992321,0.000000000,-2.654149532,-1.891352534,0.148559973,0.364677384,-4.454425398,-2.147737377,0.093984641,0.093984641,1.343178511,0.020653474,-0.109777681,0.993741563,0.005852356,-0.037934120,0.999263104,-2.654149532,-1.891352534,0.148559973,0.000000000,0.000000000,0.000000000,1.000000000,1.343178511,0.093984641,0.093984641,0.093984641,14.291468206
2026-06-03T01:48:01,1773928470.566417933,r1,body,odom,44,structure_anchor_44,cylinder,pipe_like,pipe_candidate,unknown,stale,false,false,true,false,9,4,39,9,0.557649734,1.000000000,0.377479438,0.230769231,0.200000000,0.000000000,0.000000000,0.153413818,20,0.002578316,0.037501153,0.000000000,-4.391942864,0.976308482,0.456739057,-0.517434299,-1.205856339,-2.063727713,0.080000000,0.080000000,0.807873607,0.015630877,-0.079381833,0.996721574,0.009382440,-0.007191506,0.999929971,-4.391942864,0.976308482,0.456739057,0.000000000,0.000000000,0.000000000,1.000000000,0.807873607,0.080000000,0.080000000,0.080000000,10.098420084
2026-06-03T01:48:01,1773928470.566417933,r1,body,odom,36,structure_anchor_36,cylinder,pipe_like,pipe_candidate,unknown,stale,false,false,true,false,8,14,72,8,0.423222222,1.000000000,0.000000000,0.111111111,0.700000000,0.000000000,0.000000000,0.156795186,24,0.002936858,0.051238090,0.000000000,-4.723426786,3.517578463,0.610411639,-0.138785672,1.333169269,-2.102766951,0.102476180,0.102476180,1.421108603,0.008029949,-0.073852129,0.997236722,0.003592832,0.000230996,0.999993367,-4.723426786,3.517578463,0.610411639,0.000000000,0.000000000,0.000000000,1.000000000,1.421108603,0.102476180,0.102476180,0.102476180,13.867696952
2026-06-03T01:48:01,1773928470.566417933,r1,body,odom,49,structure_anchor_49,plane,wall_like,general_plane,unknown,stale,false,false,true,false,33,5,79,33,0.606298882,1.000000000,0.451272892,0.417721519,0.250000000,0.000000000,0.000000000,0.000000000,383,0.048493289,0.000000000,-8.471604952,0.525688030,8.880737527,2.197080203,6.401775630,5.154908259,-0.898787325,9.295924187,7.313798904,3.892834902,-0.130358141,0.985303814,0.110375929,0.145863733,0.988667203,0.035505170,0.525688030,8.880737527,2.197080203,0.000000000,0.000000000,0.000000000,1.000000000,3.892834902,9.295924187,7.313798904,9.295924187,0.418767927
2026-06-03T01:48:01,1773928470.566417933,r1,body,odom,20,structure_anchor_20,plane,wall_like,general_plane,unknown,stale,false,false,true,false,10,37,99,10,0.400200958,1.000000000,0.000000000,0.101010101,1.000000000,0.000035393,0.000000000,0.361794317,302,0.049209712,0.000000000,2.520599236,-8.514384428,1.672631299,0.759901331,-4.286855992,0.613328298,-1.832806883,4.355621815,5.514767647,1.646147132,-0.961910690,-0.124263556,-0.243487351,-0.963017785,0.126430398,-0.237932318,-8.514384428,1.672631299,0.759901331,0.000000000,0.000000000,0.000000000,1.000000000,1.646147132,4.355621815,5.514767647,5.514767647,0.298498003
2026-06-03T01:48:01,1773928470.566417933,r1,body,odom,18,structure_anchor_18,plane,wall_like,general_plane,unknown,stale,false,false,true,false,59,32,153,58,0.455816993,1.000000000,0.000000000,0.379084967,1.000000000,0.000000000,0.000000000,0.473616642,362,0.027704651,0.000000000,3.424455157,-8.665262486,3.373278737,0.784367849,-3.966482230,2.287281715,-1.936754365,3.787658453,4.473103046,2.191109657,-0.990884462,-0.120707607,-0.059810978,-0.986951395,0.151268286,-0.055177302,-8.665262486,3.373278737,0.784367849,0.000000000,0.000000000,0.000000000,1.000000000,2.191109657,3.787658453,4.473103046,4.473103046,0.489841087
2026-06-03T01:48:01,1773928470.566417933,r1,body,odom,38,structure_anchor_38,plane,wall_like,general_plane,unknown,stale,false,false,true,false,4,55,60,4,0.168333333,0.500000000,0.000000000,0.066666667,1.000000000,0.000000000,0.000000000,0.104244417,173,0.049527627,0.000000000,-0.800763966,-6.718583726,4.489727673,0.360170062,-1.795788464,2.793521302,-2.434519547,1.644061327,1.410686970,0.832732439,0.511988878,0.857722969,-0.046673264,0.726216587,0.678842590,-0.108544417,-6.718583726,4.489727673,0.360170062,0.000000000,0.000000000,0.000000000,1.000000000,0.832732439,1.644061327,1.410686970,1.644061327,0.506509353
2026-06-03T01:48:01,1773928470.749418020,r1,body,odom,39,structure_anchor_39,plane,wall_like,general_plane,unknown,confirmed,true,true,true,false,10,0,54,10,0.586422294,1.000000000,0.496926284,0.185185185,0.000000000,0.000000000,0.000000000,0.236786505,399,0.069609211,0.000000000,-7.633301169,-3.687821627,7.386117935,1.578930497,0.995709639,4.504677503,-1.401880028,6.627472878,0.545841694,2.785300255,-0.035082332,0.994184486,0.101815708,0.105093851,0.994085091,0.027388233,-3.687821627,7.386117935,1.578930497,0.000000000,0.000000000,0.000000000,1.000000000,2.785300255,6.627472878,0.545841694,6.627472878,0.420265810
2026-06-03T01:48:01,1773928470.749418020,r1,body,odom,62,structure_anchor_62,cylinder,pipe_like,pipe_candidate,unknown,candidate,false,true,true,false,1,0,1,1,0.326250000,0.125000000,0.350000000,1.000000000,0.000000000,0.000000000,0.000000000,0.000000000,10,0.001744592,0.039036822,0.000000000,-4.477255821,3.965026855,1.191927195,-0.267404472,1.208669063,-1.534970931,0.080000000,0.080000000,1.378875256,0.010192597,-0.084082528,0.996406664,0.006239696,-0.010605921,0.999924287,-4.477255821,3.965026855,1.191927195,0.000000000,0.000000000,0.000000000,1.000000000,1.378875256,0.080000000,0.080000000,0.080000000,17.235940695
2026-06-03T01:48:01,1773928470.749418020,r1,body,odom,44,structure_anchor_44,cylinder,pipe_like,pipe_candidate,unknown,stale,false,false,true,false,9,5,40,9,0.536995888,1.000000000,0.297479437,0.225000000,0.250000000,0.000000000,0.000000000,0.153413818,20,0.002578316,0.037501153,0.000000000,-4.388034147,1.585423256,0.483721325,-0.517434822,-1.205855834,-2.063727673,0.080000000,0.080000000,0.807873607,0.012826230,-0.080272197,0.996690452,0.009382441,-0.007191496,0.999930121,-4.388034147,1.585423256,0.483721325,0.000000000,0.000000000,0.000000000,1.000000000,0.807873607,0.080000000,0.080000000,0.080000000,10.098420084
2026-06-03T01:48:01,1773928470.749418020,r1,body,odom,36,structure_anchor_36,cylinder,pipe_like,pipe_candidate,unknown,stale,false,false,true,false,8,15,73,8,0.419417808,1.000000000,0.000000000,0.109589041,0.750000000,0.000000000,0.000000000,0.156795186,24,0.002936858,0.051238090,0.000000000,-4.368776213,4.148235236,0.635957408,-0.138786032,1.333170153,-2.102766946,0.102476180,0.102476180,1.421108603,0.006054419,-0.073757765,0.997257806,0.003592832,0.000231007,0.999993517,-4.368776213,4.148235236,0.635957408,0.000000000,0.000000000,0.000000000,1.000000000,1.421108603,0.102476180,0.102476180,0.102476180,13.867696952
2026-06-03T01:48:01,1773928470.749418020,r1,body,odom,49,structure_anchor_49,plane,wall_like,general_plane,unknown,stale,false,false,true,false,33,6,80,33,0.585754578,1.000000000,0.371272892,0.412500000,0.300000000,0.000000000,0.000000000,0.000000000,383,0.048493289,0.000000000,-8.471604952,1.575172563,8.746623714,2.171702356,6.401776442,5.154909481,-0.898787197,9.295924187,7.313798904,3.892834902,0.006064961,0.993931656,0.109832026,0.145863797,0.988667351,0.035505164,1.575172563,8.746623714,2.171702356,0.000000000,0.000000000,0.000000000,1.000000000,3.892834902,9.295924187,7.313798904,9.295924187,0.418767927
2026-06-03T01:48:01,1773928470.749418020,r1,body,odom,20,structure_anchor_20,plane,wall_like,general_plane,unknown,stale,false,false,true,false,10,38,100,10,0.399999044,1.000000000,0.000000000,0.100000000,1.000000000,0.000031854,0.000000000,0.361794317,302,0.049209712,0.000000000,2.520599236,-8.374471539,2.837328871,0.818910499,-4.286857025,0.613329243,-1.832806819,4.355621815,5.514767647,1.646147132,-0.971832252,0.007892398,-0.235541461,-0.963017929,0.126430455,-0.237932353,-8.374471539,2.837328871,0.818910499,0.000000000,0.000000000,0.000000000,1.000000000,1.646147132,4.355621815,5.514767647,5.514767647,0.298498003
2026-06-03T01:48:01,1773928470.749418020,r1,body,odom,18,structure_anchor_18,plane,wall_like,general_plane,unknown,stale,false,false,true,false,59,33,154,58,0.455324675,1.000000000,0.000000000,0.376623377,1.000000000,0.000000000,0.000000000,0.473616642,362,0.027704651,0.000000000,3.424455157,-8.291935403,4.542681343,0.841847578,-3.966483145,2.287282907,-1.936754335,3.787658453,4.473103046,2.191109657,-0.998545940,0.015456594,-0.051643918,-0.986951542,0.151268350,-0.055177309,-8.291935403,4.542681343,0.841847578,0.000000000,0.000000000,0.000000000,1.000000000,2.191109657,3.787658453,4.473103046,4.473103046,0.489841087
2026-06-03T01:48:01,1773928470.749418020,r1,body,odom,38,structure_anchor_38,plane,wall_like,general_plane,unknown,stale,false,false,true,false,4,56,61,4,0.168114754,0.500000000,0.000000000,0.065573770,1.000000000,0.000000000,0.000000000,0.104244417,173,0.049527627,0.000000000,-0.800763966,-6.214789716,5.383145223,0.400205181,-1.795789020,2.793522477,-2.434519603,1.644061327,1.410686970,0.832732439,0.623720135,0.779904584,-0.052173059,0.726216728,0.678842665,-0.108544443,-6.214789716,5.383145223,0.400205181,0.000000000,0.000000000,0.000000000,1.000000000,0.832732439,1.644061327,1.410686970,1.644061327,0.506509353
2026-06-03T01:48:01,1773928470.968417645,r1,body,odom,44,structure_anchor_44,cylinder,pipe_like,pipe_candidate,unknown,stale,false,false,true,false,9,6,41,9,0.516398327,1.000000000,0.217479437,0.219512195,0.300000000,0.000000000,0.000000000,0.153413818,20,0.002578316,0.037501153,0.000000000,-4.277775194,2.274645185,0.521890850,-0.517434970,-1.205855758,-2.063727666,0.080000000,0.080000000,0.807873607,0.012440536,-0.071769063,0.997343721,0.009382441,-0.007191495,0.999930156,-4.277775194,2.274645185,0.521890850,0.000000000,0.000000000,0.000000000,1.000000000,0.807873607,0.080000000,0.080000000,0.080000000,10.098420084
2026-06-03T01:48:01,1773928470.968417645,r1,body,odom,36,structure_anchor_36,cylinder,pipe_like,pipe_candidate,unknown,stale,false,false,true,false,8,16,74,8,0.415621622,1.000000000,0.000000000,0.108108108,0.800000000,0.000000000,0.000000000,0.156795186,24,0.002936858,0.051238090,0.000000000,-3.859320861,4.804730036,0.644850192,-0.138786167,1.333170316,-2.102766946,0.102476180,0.102476180,1.421108603,0.006768746,-0.064277185,0.997909160,0.003592832,0.000231009,0.999993551,-3.859320861,4.804730036,0.644850192,0.000000000,0.000000000,0.000000000,1.000000000,1.421108603,0.102476180,0.102476180,0.102476180,13.867696952
2026-06-03T01:48:01,1773928470.968417645,r1,body,odom,49,structure_anchor_49,plane,wall_like,general_plane,unknown,stale,false,false,true,false,33,7,81,33,0.565236060,1.000000000,0.291272892,0.407407407,0.350000000,0.000000000,0.000000000,0.000000000,383,0.048493289,0.000000000,-8.471604952,2.744393233,8.439029847,2.065077379,6.401776530,5.154909779,-0.898787163,9.295924187,7.313798904,3.892834902,0.161524698,0.981942082,0.098486463,0.145863802,0.988667385,0.035505163,2.744393233,8.439029847,2.065077379,0.000000000,0.000000000,0.000000000,1.000000000,3.892834902,9.295924187,7.313798904,9.295924187,0.418767927
2026-06-03T01:48:01,1773928470.968417645,r1,body,odom,20,structure_anchor_20,plane,wall_like,general_plane,unknown,stale,false,false,true,false,10,39,101,10,0.399801120,1.000000000,0.000000000,0.099009901,1.000000000,0.000028668,0.000000000,0.361794317,302,0.049209712,0.000000000,2.520599236,-8.017334625,4.133402822,0.885235097,-4.286857302,0.613329382,-1.832806809,4.355621815,5.514767647,1.646147132,-0.961657922,0.156422496,-0.225268968,-0.963017962,0.126430458,-0.237932361,-8.017334625,4.133402822,0.885235097,0.000000000,0.000000000,0.000000000,1.000000000,1.646147132,4.355621815,5.514767647,5.514767647,0.298498003
2026-06-03T01:48:01,1773928470.968417645,r1,body,odom,18,structure_anchor_18,plane,wall_like,general_plane,unknown,stale,false,false,true,false,59,34,155,58,0.454838710,1.000000000,0.000000000,0.374193548,1.000000000,0.000000000,0.000000000,0.473616642,362,0.027704651,0.000000000,3.424455157,-7.670974623,5.805405486,0.887958889,-3.966483411,2.287283103,-1.936754332,3.787658453,4.473103046,2.191109657,-0.984617525,0.169797929,-0.041195337,-0.986951576,0.151268355,-0.055177312,-7.670974623,5.805405486,0.887958889,0.000000000,0.000000000,0.000000000,1.000000000,2.191109657,3.787658453,4.473103046,4.473103046,0.489841087
2026-06-03T01:48:01,1773928470.968417645,r1,body,odom,38,structure_anchor_38,plane,wall_like,general_plane,unknown,stale,false,false,true,false,4,57,62,4,0.167903226,0.500000000,0.000000000,0.064516129,1.000000000,0.000000000,0.000000000,0.104244417,173,0.049527627,0.000000000,-0.800763966,-5.494168742,6.308949704,0.414755466,-1.795789212,2.793522690,-2.434519618,1.644061327,1.410686970,0.832732439,0.736467402,0.673082925,-0.067640264,0.726216752,0.678842688,-0.108544448,-5.494168742,6.308949704,0.414755466,0.000000000,0.000000000,0.000000000,1.000000000,0.832732439,1.644061327,1.410686970,1.644061327,0.506509353
2026-06-03T01:48:02,1773928471.148407698,r1,body,odom,44,structure_anchor_44,cylinder,pipe_like,pipe_candidate,unknown,stale,false,false,true,false,9,7,42,9,0.495853030,1.000000000,0.137479437,0.214285714,0.350000000,0.000000000,0.000000000,0.153413818,20,0.002578316,0.037501153,0.000000000,-4.073052756,2.881840648,0.557987930,-0.517435031,-1.205855764,-2.063727666,0.080000000,0.080000000,0.807873607,0.007046255,-0.078129275,0.996918376,0.009382441,-0.007191494,0.999930165,-4.073052756,2.881840648,0.557987930,0.000000000,0.000000000,0.000000000,1.000000000,0.807873607,0.080000000,0.080000000,0.080000000,10.098420084
2026-06-03T01:48:02,1773928471.148407698,r1,body,odom,36,structure_anchor_36,cylinder,pipe_like,pipe_candidate,unknown,stale,false,false,true,false,8,17,75,8,0.411833333,1.000000000,0.000000000,0.106666667,0.850000000,0.000000000,0.000000000,0.156795186,24,0.002936858,0.051238090,0.000000000,-3.293232664,5.324382035,0.689990594,-0.138786240,1.333170337,-2.102766948,0.102476180,0.102476180,1.421108603,0.002517974,-0.069900556,0.997550828,0.003592833,0.000231010,0.999993560,-3.293232664,5.324382035,0.689990594,0.000000000,0.000000000,0.000000000,1.000000000,1.421108603,0.102476180,0.102476180,0.102476180,13.867696952
2026-06-03T01:48:02,1773928471.148407698,r1,body,odom,49,structure_anchor_49,plane,wall_like,general_plane,unknown,stale,false,false,true,false,33,8,82,33,0.544742383,1.000000000,0.211272892,0.402439024,0.400000000,0.000000000,0.000000000,0.000000000,383,0.048493289,0.000000000,-8.471604952,3.772996510,7.960207306,2.088222219,6.401776496,5.154909877,-0.898787155,9.295924187,7.313798904,3.892834902,0.302041531,0.947822241,0.101999975,0.145863797,0.988667396,0.035505163,3.772996510,7.960207306,2.088222219,0.000000000,0.000000000,0.000000000,1.000000000,3.892834902,9.295924187,7.313798904,9.295924187,0.418767927
2026-06-03T01:48:02,1773928471.148407698,r1,body,odom,20,structure_anchor_20,plane,wall_like,general_plane,unknown,stale,false,false,true,false,10,40,102,10,0.399607069,1.000000000,0.000000000,0.098039216,1.000000000,0.000025801,0.000000000,0.361794317,302,0.049209712,0.000000000,2.520599236,-7.503319576,5.258749524,0.951533082,-4.286857410,0.613329371,-1.832806809,4.355621815,5.514767647,1.646147132,-0.930155385,0.294737944,-0.218953388,-0.963017972,0.126430453,-0.237932364,-7.503319576,5.258749524,0.951533082,0.000000000,0.000000000,0.000000000,1.000000000,1.646147132,4.355621815,5.514767647,5.514767647,0.298498003
2026-06-03T01:48:02,1773928471.148407698,r1,body,odom,18,structure_anchor_18,plane,wall_like,general_plane,unknown,stale,false,false,true,false,59,35,156,58,0.454358974,1.000000000,0.000000000,0.371794872,1.000000000,0.000000000,0.000000000,0.473616642,362,0.027704651,0.000000000,3.424455157,-6.919284473,6.863243154,0.959828705,-3.966483526,2.287283110,-1.936754335,3.787658453,4.473103046,2.191109657,-0.950004061,0.310304598,-0.034690378,-0.986951586,0.151268350,-0.055177313,-6.919284473,6.863243154,0.959828705,0.000000000,0.000000000,0.000000000,1.000000000,2.191109657,3.787658453,4.473103046,4.473103046,0.489841087
2026-06-03T01:48:02,1773928471.148407698,r1,body,odom,38,structure_anchor_38,plane,wall_like,general_plane,unknown,stale,false,false,true,false,4,58,63,4,0.167698413,0.500000000,0.000000000,0.063492063,1.000000000,0.000000000,0.000000000,0.104244417,173,0.049527627,0.000000000,-0.800763966,-4.695042512,7.049951965,0.476248603,-1.795789310,2.793522714,-2.434519624,1.644061327,1.410686970,0.832732439,0.825537510,0.560129074,-0.068871783,0.726216755,0.678842699,-0.108544449,-4.695042512,7.049951965,0.476248603,0.000000000,0.000000000,0.000000000,1.000000000,0.832732439,1.644061327,1.410686970,1.644061327,0.506509353
2026-06-03T01:48:02,1773928471.370407820,r1,body,odom,44,structure_anchor_44,cylinder,pipe_like,pipe_candidate,unknown,stale,false,false,true,false,9,8,43,9,0.475356353,1.000000000,0.057479437,0.209302326,0.400000000,0.000000000,0.000000000,0.153413818,20,0.002578316,0.037501153,0.000000000,-3.642593240,3.493674715,0.434961589,-0.517435833,-1.205855680,-2.063727618,0.080000000,0.080000000,0.807873607,-0.004899661,-0.041411785,0.999130333,0.009382445,-0.007191491,0.999930306,-3.642593240,3.493674715,0.434961589,0.000000000,0.000000000,0.000000000,1.000000000,0.807873607,0.080000000,0.080000000,0.080000000,10.098420084
2026-06-03T01:48:02,1773928471.370407820,r1,body,odom,36,structure_anchor_36,cylinder,pipe_like,pipe_candidate,unknown,stale,false,false,true,false,8,18,76,8,0.408052632,1.000000000,0.000000000,0.105263158,0.900000000,0.000000000,0.000000000,0.156795186,24,0.002936858,0.051238090,0.000000000,-2.468681439,5.776505257,0.481546649,-0.138787117,1.333170823,-2.102766914,0.102476180,0.102476180,1.421108603,-0.008001156,-0.032529068,0.999438945,0.003592835,0.000231013,0.999993701,-2.468681439,5.776505257,0.481546649,0.000000000,0.000000000,0.000000000,1.000000000,1.421108603,0.102476180,0.102476180,0.102476180,13.867696952
2026-06-03T01:48:02,1773928471.370407820,r1,body,odom,49,structure_anchor_49,plane,wall_like,general_plane,unknown,stale,false,false,true,false,33,9,83,33,0.524272651,1.000000000,0.131272892,0.397590361,0.450000000,0.000000000,0.000000000,0.000000000,383,0.048493289,0.000000000,-8.471604952,4.938156350,7.255300805,1.818017979,6.401776407,5.154911282,-0.898786968,9.295924187,7.313798904,3.892834902,0.455031577,0.887812434,0.068816500,0.145863768,0.988667552,0.035505165,4.938156350,7.255300805,1.818017979,0.000000000,0.000000000,0.000000000,1.000000000,3.892834902,9.295924187,7.313798904,9.295924187,0.418767927
2026-06-03T01:48:02,1773928471.370407820,r1,body,odom,20,structure_anchor_20,plane,wall_like,general_plane,unknown,stale,false,false,true,false,10,41,103,10,0.399416779,1.000000000,0.000000000,0.097087379,1.000000000,0.000023221,0.000000000,0.361794317,302,0.049209712,0.000000000,2.520599236,-6.631155020,6.418768256,0.724159241,-4.286858874,0.613329533,-1.832806733,4.355621815,5.514767647,1.646147132,-0.868700066,0.436450691,-0.234246351,-0.963018124,0.126430422,-0.237932397,-6.631155020,6.418768256,0.724159241,0.000000000,0.000000000,0.000000000,1.000000000,1.646147132,4.355621815,5.514767647,5.514767647,0.298498003
2026-06-03T01:48:02,1773928471.370407820,r1,body,odom,18,structure_anchor_18,plane,wall_like,general_plane,unknown,stale,false,false,true,false,59,36,157,58,0.453885350,1.000000000,0.000000000,0.369426752,1.000000000,0.000000000,0.000000000,0.473616642,362,0.027704651,0.000000000,3.424455157,-5.789321526,7.903569919,0.676758367,-3.966485029,2.287283540,-1.936754279,3.787658453,4.473103046,2.191109657,-0.885492131,0.461871983,-0.050777165,-0.986951743,0.151268322,-0.055177320,-5.789321526,7.903569919,0.676758367,0.000000000,0.000000000,0.000000000,1.000000000,2.191109657,3.787658453,4.473103046,4.473103046,0.489841087
2026-06-03T01:48:02,1773928471.370407820,r1,body,odom,2,structure_anchor_2,plane,wall_like,general_plane,unknown,stale,false,false,true,false,141,4,168,141,0.704164930,1.000000000,0.501538937,0.839285714,0.200000000,0.000000000,0.000000000,0.036063174,446,0.037061013,0.000000000,9.739678272,-9.901656058,3.396701640,1.344095261,-6.413158218,-3.275863645,-1.080203095,2.787240982,7.438991547,4.207079411,-0.894908613,0.446249593,0.000490499,-0.990815291,0.135182493,-0.003336972,-9.901656058,3.396701640,1.344095261,0.000000000,0.000000000,0.000000000,1.000000000,4.207079411,2.787240982,7.438991547,7.438991547,0.565544319
2026-06-03T01:48:02,1773928471.370407820,r1,body,odom,38,structure_anchor_38,plane,wall_like,general_plane,unknown,stale,false,false,true,false,4,59,64,4,0.167500000,0.500000000,0.000000000,0.062500000,1.000000000,0.000000000,0.000000000,0.104244417,173,0.049527627,0.000000000,-0.800763966,-3.565422580,7.701350635,0.197859100,-1.795790513,2.793523333,-2.434519642,1.644061327,1.410686970,0.832732439,0.906862218,0.412737010,-0.085143659,0.726216829,0.678842839,-0.108544467,-3.565422580,7.701350635,0.197859100,0.000000000,0.000000000,0.000000000,1.000000000,0.832732439,1.644061327,1.410686970,1.644061327,0.506509353
2026-06-03T01:48:02,1773928471.550407887,r1,body,odom,49,structure_anchor_49,plane,wall_like,general_plane,unknown,confirmed,true,true,true,true,34,0,84,34,0.607517857,1.000000000,0.435327380,0.404761905,0.150000000,0.000000000,0.000000000,0.045011524,325,0.054759899,0.000000000,-8.789434978,7.703807831,5.374034882,1.397178769,8.495347087,5.023967008,-1.170381237,6.952877522,4.616858006,3.322194576,0.547778828,0.834385546,0.061148312,0.107221860,0.993399689,0.040749765,7.703807831,5.374034882,1.397178769,0.000000000,0.000000000,0.000000000,1.000000000,3.322194576,6.952877522,4.616858006,6.952877522,0.477815777
2026-06-03T01:48:02,1773928471.550407887,r1,body,odom,63,structure_anchor_63,plane,wall_like,general_plane,unknown,candidate,false,true,true,false,1,0,1,1,0.326250000,0.125000000,0.350000000,1.000000000,0.000000000,0.000000000,0.000000000,0.000000000,98,0.016512216,0.000000000,-8.828450484,-1.221221566,11.202940941,1.714523315,-2.107032876,6.153424525,-0.953887773,3.271233559,2.052545547,3.088569880,0.542477243,0.837858281,0.060925713,0.100922200,0.994070990,0.040467134,-1.221221566,11.202940941,1.714523315,0.000000000,0.000000000,0.000000000,1.000000000,3.088569880,3.271233559,2.052545547,3.271233559,0.944160612
2026-06-03T01:48:02,1773928471.550407887,r1,body,odom,44,structure_anchor_44,cylinder,pipe_like,pipe_candidate,unknown,stale,false,false,true,false,9,9,44,9,0.459409091,1.000000000,0.000000000,0.204545455,0.450000000,0.000000000,0.000000000,0.153413818,20,0.002578316,0.037501153,0.000000000,-3.154349494,3.953993129,0.436499909,-0.517435183,-1.205855814,-2.063727656,0.080000000,0.080000000,0.807873607,0.001813392,-0.032957714,0.999455160,0.009382442,-0.007191495,0.999930182,-3.154349494,3.953993129,0.436499909,0.000000000,0.000000000,0.000000000,1.000000000,0.807873607,0.080000000,0.080000000,0.080000000,10.098420084
2026-06-03T01:48:02,1773928471.550407887,r1,body,odom,39,structure_anchor_39,plane,wall_like,general_plane,unknown,stale,false,false,true,false,10,4,58,10,0.505868015,1.000000000,0.176926284,0.172413793,0.200000000,0.000000000,0.000000000,0.236786505,399,0.069609211,0.000000000,-7.633301169,0.918245847,8.306197734,1.195589356,1.120613226,4.538710005,-1.415116884,6.627472878,0.545841694,2.785300255,0.570712851,0.820169227,0.040117279,0.134265580,0.990744286,0.019966033,0.918245847,8.306197734,1.195589356,0.000000000,0.000000000,0.000000000,1.000000000,2.785300255,6.627472878,0.545841694,6.627472878,0.420265810
2026-06-03T01:48:02,1773928471.550407887,r1,body,odom,36,structure_anchor_36,cylinder,pipe_like,pipe_candidate,unknown,stale,false,false,true,false,8,19,77,8,0.404279221,1.000000000,0.000000000,0.103896104,0.950000000,0.000000000,0.000000000,0.156795186,24,0.002936858,0.051238090,0.000000000,-1.660695748,6.042149747,0.448875643,-0.138786434,1.333170352,-2.102766935,0.102476180,0.102476180,1.421108603,0.000039679,-0.023716415,0.999718783,0.003592833,0.000231009,0.999993577,-1.660695748,6.042149747,0.448875643,0.000000000,0.000000000,0.000000000,1.000000000,1.421108603,0.102476180,0.102476180,0.102476180,13.867696952
2026-06-03T01:48:02,1773928471.550407887,r1,body,odom,20,structure_anchor_20,plane,wall_like,general_plane,unknown,stale,false,false,true,false,10,42,104,10,0.399230142,1.000000000,0.000000000,0.096153846,1.000000000,0.000020899,0.000000000,0.361794317,302,0.049209712,0.000000000,2.520599236,-5.682251660,7.284582267,0.733470086,-4.286857685,0.613329287,-1.832806793,4.355621815,5.514767647,1.646147132,-0.798963925,0.556401234,-0.228198224,-0.963017996,0.126430437,-0.237932368,-5.682251660,7.284582267,0.733470086,0.000000000,0.000000000,0.000000000,1.000000000,1.646147132,4.355621815,5.514767647,5.514767647,0.298498003
2026-06-03T01:48:02,1773928471.550407887,r1,body,odom,18,structure_anchor_18,plane,wall_like,general_plane,unknown,stale,false,false,true,false,59,37,158,58,0.453417722,1.000000000,0.000000000,0.367088608,1.000000000,0.000000000,0.000000000,0.473616642,362,0.027704651,0.000000000,3.424455157,-4.634274471,8.630811539,0.662927288,-3.966483827,2.287283070,-1.936754317,3.787658453,4.473103046,2.191109657,-0.809554543,0.585333867,-0.044786418,-0.986951612,0.151268334,-0.055177313,-4.634274471,8.630811539,0.662927288,0.000000000,0.000000000,0.000000000,1.000000000,2.191109657,3.787658453,4.473103046,4.473103046,0.489841087
2026-06-03T01:48:02,1773928471.550407887,r1,body,odom,2,structure_anchor_2,plane,wall_like,general_plane,unknown,stale,false,false,true,false,141,5,169,141,0.683671693,1.000000000,0.421538937,0.834319527,0.250000000,0.000000000,0.000000000,0.036063174,446,0.037061013,0.000000000,9.739678272,-9.349029417,4.774788328,1.418345679,-6.413156885,-3.275863330,-1.080203269,2.787240982,7.438991547,4.207079411,-0.820489785,0.571621722,0.006725711,-0.990815161,0.135182508,-0.003336971,-9.349029417,4.774788328,1.418345679,0.000000000,0.000000000,0.000000000,1.000000000,4.207079411,2.787240982,7.438991547,7.438991547,0.565544319
2026-06-03T01:48:02,1773928471.550407887,r1,body,odom,38,structure_anchor_38,plane,wall_like,general_plane,unknown,stale,false,false,true,false,4,60,65,4,0.167307692,0.500000000,0.000000000,0.061538462,1.000000000,0.000000000,0.000000000,0.104244417,173,0.049527627,0.000000000,-0.800763966,-2.469619093,8.103884034,0.160357020,-1.795789571,2.793522730,-2.434519615,1.644061327,1.410686970,0.832732439,0.956055883,0.275855969,-0.099301305,0.726216758,0.678842729,-0.108544450,-2.469619093,8.103884034,0.160357020,0.000000000,0.000000000,0.000000000,1.000000000,0.832732439,1.644061327,1.410686970,1.644061327,0.506509353
2026-06-03T01:48:02,1773928471.766407967,r1,body,odom,44,structure_anchor_44,cylinder,pipe_like,pipe_candidate,unknown,stale,false,false,true,false,9,10,45,9,0.455000000,1.000000000,0.000000000,0.200000000,0.500000000,0.000000000,0.000000000,0.153413818,20,0.002578316,0.037501153,0.000000000,-2.653000178,4.332100046,0.606689542,-0.517434145,-1.205855790,-2.063727684,0.080000000,0.080000000,0.807873607,-0.007758655,-0.074566639,0.997185748,0.009382438,-0.007191502,0.999930022,-2.653000178,4.332100046,0.606689542,0.000000000,0.000000000,0.000000000,1.000000000,0.807873607,0.080000000,0.080000000,0.080000000,10.098420084
2026-06-03T01:48:02,1773928471.766407967,r1,body,odom,39,structure_anchor_39,plane,wall_like,general_plane,unknown,stale,false,false,true,false,10,5,59,10,0.485783562,1.000000000,0.096926284,0.169491525,0.250000000,0.000000000,0.000000000,0.236786505,399,0.069609211,0.000000000,-7.633301169,2.034181453,7.973999106,1.539868303,1.120614454,4.538708819,-1.415116981,6.627472878,0.545841694,2.785300255,0.689314954,0.720734064,0.073396872,0.134265641,0.990744091,0.019966036,2.034181453,7.973999106,1.539868303,0.000000000,0.000000000,0.000000000,1.000000000,2.785300255,6.627472878,0.545841694,6.627472878,0.420265810
2026-06-03T01:48:02,1773928471.766407967,r1,body,odom,36,structure_anchor_36,cylinder,pipe_like,pipe_candidate,unknown,stale,false,false,true,false,8,20,78,8,0.400512821,1.000000000,0.000000000,0.102564103,1.000000000,0.000000000,0.000000000,0.156795186,24,0.002936858,0.051238090,0.000000000,-0.857458662,6.164626079,0.703795837,-0.138785248,1.333169874,-2.102766940,0.102476180,0.102476180,1.421108603,-0.008098443,-0.065181915,0.997840433,0.003592831,0.000231001,0.999993417,-0.857458662,6.164626079,0.703795837,0.000000000,0.000000000,0.000000000,1.000000000,1.421108603,0.102476180,0.102476180,0.102476180,13.867696952
2026-06-03T01:48:02,1773928471.766407967,r1,body,odom,20,structure_anchor_20,plane,wall_like,general_plane,unknown,stale,false,false,true,false,10,43,105,10,0.399047055,1.000000000,0.000000000,0.095238095,1.000000000,0.000018809,0.000000000,0.361794317,302,0.049209712,0.000000000,2.520599236,-4.642757252,7.995068253,1.048084768,-4.286855793,0.613329296,-1.832806832,4.355621815,5.514767647,1.646147132,-0.703369299,0.681193005,-0.203094847,-0.963017807,0.126430499,-0.237932326,-4.642757252,7.995068253,1.048084768,0.000000000,0.000000000,0.000000000,1.000000000,1.646147132,4.355621815,5.514767647,5.514767647,0.298498003
2026-06-03T01:48:02,1773928471.766407967,r1,body,odom,18,structure_anchor_18,plane,wall_like,general_plane,unknown,stale,false,false,true,false,59,38,159,58,0.452955975,1.000000000,0.000000000,0.364779874,1.000000000,0.000000000,0.000000000,0.473616642,362,0.027704651,0.000000000,3.424455157,-3.400802017,9.166757454,1.032071959,-3.966481850,2.287282742,-1.936754329,3.787658453,4.473103046,2.191109657,-0.710234589,0.703718898,-0.018610186,-0.986951416,0.151268391,-0.055177300,-3.400802017,9.166757454,1.032071959,0.000000000,0.000000000,0.000000000,1.000000000,2.191109657,3.787658453,4.473103046,4.473103046,0.489841087
2026-06-03T01:48:02,1773928471.766407967,r1,body,odom,2,structure_anchor_2,plane,wall_like,general_plane,unknown,stale,false,false,true,false,141,6,170,141,0.663190140,1.000000000,0.341538937,0.829411765,0.300000000,0.000000000,0.000000000,0.036063174,446,0.037061013,0.000000000,9.739678272,-8.653471561,6.049794445,1.634133749,-6.413154934,-3.275862423,-1.080203450,2.787240982,7.438991547,4.207079411,-0.723371594,0.689702765,0.032302171,-0.990814966,0.135182568,-0.003336966,-8.653471561,6.049794445,1.634133749,0.000000000,0.000000000,0.000000000,1.000000000,4.207079411,2.787240982,7.438991547,7.438991547,0.565544319
2026-06-03T01:48:02,1773928471.766407967,r1,body,odom,38,structure_anchor_38,plane,wall_like,general_plane,unknown,stale,false,false,true,false,4,61,66,4,0.167121212,0.500000000,0.000000000,0.060606061,1.000000000,0.000000000,0.000000000,0.104244417,173,0.049527627,0.000000000,-0.800763966,-1.340035601,8.336123336,0.503631375,-1.795787952,2.793522126,-2.434519551,1.644061327,1.410686970,0.832732439,0.987447179,0.130150980,-0.089490712,0.726216682,0.678842542,-0.108544430,-1.340035601,8.336123336,0.503631375,0.000000000,0.000000000,0.000000000,1.000000000,0.832732439,1.644061327,1.410686970,1.644061327,0.506509353
2026-06-03T01:48:02,1773928471.949408054,r1,body,odom,44,structure_anchor_44,cylinder,pipe_like,pipe_candidate,unknown,stale,false,false,true,false,9,11,46,9,0.450630435,1.000000000,0.000000000,0.195652174,0.550000000,0.000000000,0.000000000,0.153413818,20,0.002578316,0.037501153,0.000000000,-2.187226317,4.624721532,0.723585166,-0.517435749,-1.205855934,-2.063727670,0.080000000,0.080000000,0.807873607,0.000082889,-0.088149552,0.996107372,0.009382443,-0.007191487,0.999930248,-2.187226317,4.624721532,0.723585166,0.000000000,0.000000000,0.000000000,1.000000000,0.807873607,0.080000000,0.080000000,0.080000000,10.098420084
2026-06-03T01:48:02,1773928471.949408054,r1,body,odom,39,structure_anchor_39,plane,wall_like,general_plane,unknown,stale,false,false,true,false,10,6,60,10,0.465718590,1.000000000,0.016926284,0.166666667,0.300000000,0.000000000,0.000000000,0.236786505,399,0.069609211,0.000000000,-7.633301169,2.951504367,7.609268884,1.612327722,1.120612476,4.538710526,-1.415116879,6.627472878,0.545841694,2.785300255,0.778803442,0.623432854,0.069259822,0.134265535,0.990744387,0.019966029,2.951504367,7.609268884,1.612327722,0.000000000,0.000000000,0.000000000,1.000000000,2.785300255,6.627472878,0.545841694,6.627472878,0.420265810
2026-06-03T01:48:02,1773928471.949408054,r1,body,odom,36,structure_anchor_36,cylinder,pipe_like,pipe_candidate,unknown,stale,false,false,true,false,8,21,79,8,0.400253165,1.000000000,0.000000000,0.101265823,1.000000000,0.000000000,0.000000000,0.156795186,24,0.002936858,0.051238090,0.000000000,-0.166100590,6.205622035,0.809363908,-0.138787113,1.333170493,-2.102766964,0.102476180,0.102476180,1.421108603,0.000984441,-0.078811822,0.996889149,0.003592833,0.000231017,0.999993643,-0.166100590,6.205622035,0.809363908,0.000000000,0.000000000,0.000000000,1.000000000,1.421108603,0.102476180,0.102476180,0.102476180,13.867696952
2026-06-03T01:48:02,1773928471.949408054,r1,body,odom,20,structure_anchor_20,plane,wall_like,general_plane,unknown,stale,false,false,true,false,10,44,106,10,0.398867417,1.000000000,0.000000000,0.094339623,1.000000000,0.000016928,0.000000000,0.361794317,302,0.049209712,0.000000000,2.520599236,-3.672981395,8.508804277,1.250595649,-4.286858710,0.613329119,-1.832806824,4.355621815,5.514767647,1.646147132,-0.611739744,0.770162268,-0.180623406,-0.963018094,0.126430391,-0.237932390,-3.672981395,8.508804277,1.250595649,0.000000000,0.000000000,0.000000000,1.000000000,1.646147132,4.355621815,5.514767647,5.514767647,0.298498003
2026-06-03T01:48:02,1773928471.949408054,r1,body,odom,18,structure_anchor_18,plane,wall_like,general_plane,unknown,stale,false,false,true,false,59,39,160,58,0.452500000,1.000000000,0.000000000,0.362500000,1.000000000,0.000000000,0.000000000,0.473616642,362,0.027704651,0.000000000,3.424455157,-2.288983964,9.508548908,1.225537807,-3.966484920,2.287283077,-1.936754364,3.787658453,4.473103046,2.191109657,-0.612358596,0.790568953,0.004234209,-0.986951713,0.151268290,-0.055177324,-2.288983964,9.508548908,1.225537807,0.000000000,0.000000000,0.000000000,1.000000000,2.191109657,3.787658453,4.473103046,4.473103046,0.489841087
2026-06-03T01:48:02,1773928471.949408054,r1,body,odom,2,structure_anchor_2,plane,wall_like,general_plane,unknown,stale,false,false,true,false,141,7,171,141,0.642720068,1.000000000,0.261538937,0.824561404,0.350000000,0.000000000,0.000000000,0.036063174,446,0.037061013,0.000000000,9.739678272,-7.892660413,7.094702365,1.889349706,-6.413157880,-3.275863981,-1.080203241,2.787240982,7.438991547,4.207079411,-0.626318551,0.777610081,0.055207629,-0.990815261,0.135182463,-0.003336978,-7.892660413,7.094702365,1.889349706,0.000000000,0.000000000,0.000000000,1.000000000,4.207079411,2.787240982,7.438991547,7.438991547,0.565544319
2026-06-03T01:48:03,1773928472.168402910,r1,body,odom,44,structure_anchor_44,cylinder,pipe_like,pipe_candidate,unknown,stale,false,false,true,false,9,12,47,9,0.446297872,1.000000000,0.000000000,0.191489362,0.600000000,0.000000000,0.000000000,0.153413818,20,0.002578316,0.037501153,0.000000000,-1.608401260,4.952697708,0.734666518,-0.517435379,-1.205855925,-2.063727672,0.080000000,0.080000000,0.807873607,-0.004132595,-0.085289820,0.996347681,0.009382442,-0.007191492,0.999930190,-1.608401260,4.952697708,0.734666518,0.000000000,0.000000000,0.000000000,1.000000000,0.807873607,0.080000000,0.080000000,0.080000000,10.098420084
2026-06-03T01:48:03,1773928472.168402910,r1,body,odom,39,structure_anchor_39,plane,wall_like,general_plane,unknown,stale,false,false,true,false,10,7,61,10,0.458286885,1.000000000,0.000000000,0.163934426,0.350000000,0.000000000,0.000000000,0.236786505,399,0.069609211,0.000000000,-7.633301169,3.955513971,7.064553562,1.563429008,1.120612925,4.538710100,-1.415116900,6.627472878,0.545841694,2.785300255,0.870364427,0.488787710,0.059602612,0.134265558,0.990744317,0.019966032,3.955513971,7.064553562,1.563429008,0.000000000,0.000000000,0.000000000,1.000000000,2.785300255,6.627472878,0.545841694,6.627472878,0.420265810
2026-06-03T01:48:03,1773928472.168402910,r1,body,odom,36,structure_anchor_36,cylinder,pipe_like,pipe_candidate,unknown,stale,false,false,true,false,8,22,80,8,0.400000000,1.000000000,0.000000000,0.100000000,1.000000000,0.000000000,0.000000000,0.156795186,24,0.002936858,0.051238090,0.000000000,0.643377634,6.184502293,0.795511525,-0.138786686,1.333170322,-2.102766954,0.102476180,0.102476180,1.421108603,-0.001718824,-0.076221163,0.997089521,0.003592833,0.000231012,0.999993585,0.643377634,6.184502293,0.795511525,0.000000000,0.000000000,0.000000000,1.000000000,1.421108603,0.102476180,0.102476180,0.102476180,13.867696952
2026-06-03T01:48:03,1773928472.168402910,r1,body,odom,20,structure_anchor_20,plane,wall_like,general_plane,unknown,stale,false,false,true,false,10,45,107,10,0.398691132,1.000000000,0.000000000,0.093457944,1.000000000,0.000015235,0.000000000,0.361794317,302,0.049209712,0.000000000,2.520599236,-2.438299677,9.027409271,1.263154204,-4.286858034,0.613329129,-1.832806822,4.355621815,5.514767647,1.646147132,-0.480357263,0.858979822,-0.177230634,-0.963018026,0.126430415,-0.237932373,-2.438299677,9.027409271,1.263154204,0.000000000,0.000000000,0.000000000,1.000000000,1.646147132,4.355621815,5.514767647,5.514767647,0.298498003
2026-06-03T01:48:03,1773928472.168402910,r1,body,odom,18,structure_anchor_18,plane,wall_like,general_plane,unknown,stale,false,false,true,false,59,40,161,58,0.452049689,1.000000000,0.000000000,0.360248447,1.000000000,0.000000000,0.000000000,0.473616642,362,0.027704651,0.000000000,3.424455157,-0.910654251,9.789061232,1.221303037,-3.966484211,2.287282968,-1.936754350,3.787658453,4.473103046,2.191109657,-0.475779818,0.879532044,0.007555196,-0.986951643,0.151268312,-0.055177317,-0.910654251,9.789061232,1.221303037,0.000000000,0.000000000,0.000000000,1.000000000,2.191109657,3.787658453,4.473103046,4.473103046,0.489841087
2026-06-03T01:48:03,1773928472.168402910,r1,body,odom,2,structure_anchor_2,plane,wall_like,general_plane,unknown,stale,false,false,true,false,141,8,172,141,0.622261276,1.000000000,0.181538937,0.819767442,0.400000000,0.000000000,0.000000000,0.036063174,446,0.037061013,0.000000000,9.739678272,-6.824905152,8.318494078,1.947633051,-6.413157191,-3.275863650,-1.080203291,2.787240982,7.438991547,4.207079411,-0.491141254,0.869099612,0.058704903,-0.990815192,0.135182486,-0.003336975,-6.824905152,8.318494078,1.947633051,0.000000000,0.000000000,0.000000000,1.000000000,4.207079411,2.787240982,7.438991547,7.438991547,0.565544319
2026-06-03T01:48:03,1773928472.369402885,r1,body,odom,2,structure_anchor_2,plane,wall_like,general_plane,unknown,confirmed,true,true,true,true,142,0,173,142,0.700761911,1.000000000,0.468000309,0.820809249,0.100000000,0.000000000,0.000000000,0.068196087,409,0.085314977,0.000000000,-10.784627898,-2.833606482,10.323231697,1.798022747,-6.151610203,-1.320821159,-1.305627542,9.906431198,3.201993942,3.038884163,-0.293859017,0.954169274,0.056638096,-0.994542678,0.104236120,-0.004437750,-2.833606482,10.323231697,1.798022747,0.000000000,0.000000000,0.000000000,1.000000000,3.038884163,9.906431198,3.201993942,9.906431198,0.306758721
2026-06-03T01:48:03,1773928472.369402885,r1,body,odom,44,structure_anchor_44,cylinder,pipe_like,pipe_candidate,unknown,stale,false,false,true,false,9,13,48,9,0.442000000,1.000000000,0.000000000,0.187500000,0.650000000,0.000000000,0.000000000,0.153413818,20,0.002578316,0.037501153,0.000000000,-0.516657177,5.244517570,0.716230940,-0.517434842,-1.205855830,-2.063727673,0.080000000,0.080000000,0.807873607,-0.006999950,-0.076554324,0.997040841,0.009382441,-0.007191496,0.999930125,-0.516657177,5.244517570,0.716230940,0.000000000,0.000000000,0.000000000,1.000000000,0.807873607,0.080000000,0.080000000,0.080000000,10.098420084
2026-06-03T01:48:03,1773928472.369402885,r1,body,odom,39,structure_anchor_39,plane,wall_like,general_plane,unknown,stale,false,false,true,false,10,8,62,10,0.454258065,1.000000000,0.000000000,0.161290323,0.400000000,0.000000000,0.000000000,0.236786505,399,0.069609211,0.000000000,-7.633301169,5.407643462,5.943501145,1.435963057,1.120613610,4.538709588,-1.415116931,6.627472878,0.545841694,2.785300255,0.964017585,0.262645924,0.041075749,0.134265597,0.990744221,0.019966033,5.407643462,5.943501145,1.435963057,0.000000000,0.000000000,0.000000000,1.000000000,2.785300255,6.627472878,0.545841694,6.627472878,0.420265810
2026-06-03T01:48:03,1773928472.369402885,r1,body,odom,36,structure_anchor_36,cylinder,pipe_like,pipe_candidate,unknown,stale,false,false,true,false,8,23,81,8,0.399753086,1.000000000,0.000000000,0.098765432,1.000000000,0.000000000,0.000000000,0.156795186,24,0.002936858,0.051238090,0.000000000,1.967786133,5.891756502,0.729466733,-0.138786052,1.333170168,-2.102766946,0.102476180,0.102476180,1.421108603,-0.002440571,-0.068341706,0.997658988,0.003592832,0.000231007,0.999993520,1.967786133,5.891756502,0.729466733,0.000000000,0.000000000,0.000000000,1.000000000,1.421108603,0.102476180,0.102476180,0.102476180,13.867696952
2026-06-03T01:48:03,1773928472.369402885,r1,body,odom,49,structure_anchor_49,plane,wall_like,general_plane,unknown,stale,false,false,true,false,34,4,88,34,0.525838203,1.000000000,0.115327380,0.386363636,0.350000000,0.000000000,0.000000000,0.045011524,325,0.054759899,0.000000000,-8.789434978,8.217483057,0.812874578,1.561897635,6.925169218,5.122173973,-0.966685683,6.952877522,4.616858006,3.322194576,0.964545965,0.257602403,0.057376706,0.138152470,0.989736009,0.036558598,8.217483057,0.812874578,1.561897635,0.000000000,0.000000000,0.000000000,1.000000000,3.322194576,6.952877522,4.616858006,6.952877522,0.477815777
2026-06-03T01:48:03,1773928472.369402885,r1,body,odom,20,structure_anchor_20,plane,wall_like,general_plane,unknown,stale,false,false,true,false,10,46,108,10,0.398518107,1.000000000,0.000000000,0.092592593,1.000000000,0.000013712,0.000000000,0.361794317,302,0.049209712,0.000000000,2.520599236,-0.321239681,9.401386844,1.219770900,-4.286857062,0.613329253,-1.832806819,4.355621815,5.514767647,1.646147132,-0.260137166,0.949107581,-0.177548463,-0.963017933,0.126430454,-0.237932354,-0.321239681,9.401386844,1.219770900,0.000000000,0.000000000,0.000000000,1.000000000,1.646147132,4.355621815,5.514767647,5.514767647,0.298498003
2026-06-03T01:48:03,1773928472.369402885,r1,body,odom,18,structure_anchor_18,plane,wall_like,general_plane,unknown,stale,false,false,true,false,59,41,162,58,0.451604938,1.000000000,0.000000000,0.358024691,1.000000000,0.000000000,0.000000000,0.473616642,362,0.027704651,0.000000000,3.424455157,1.344767590,9.768253768,1.146328193,-3.966483182,2.287282923,-1.936754335,3.787658453,4.473103046,2.191109657,-0.247408546,0.968886398,0.006939818,-0.986951546,0.151268350,-0.055177310,1.344767590,9.768253768,1.146328193,0.000000000,0.000000000,0.000000000,1.000000000,2.191109657,3.787658453,4.473103046,4.473103046,0.489841087
2026-06-03T01:48:03,1773928472.567403078,r1,body,odom,44,structure_anchor_44,cylinder,pipe_like,pipe_candidate,unknown,stale,false,false,true,false,9,14,49,9,0.437734694,1.000000000,0.000000000,0.183673469,0.700000000,0.000000000,0.000000000,0.153413818,20,0.002578316,0.037501153,0.000000000,0.122064531,5.254351865,0.725609441,-0.517434045,-1.205855648,-2.063727674,0.080000000,0.080000000,0.807873607,-0.008015939,-0.077564133,0.996955063,0.009382439,-0.007191501,0.999930047,0.122064531,5.254351865,0.725609441,0.000000000,0.000000000,0.000000000,1.000000000,0.807873607,0.080000000,0.080000000,0.080000000,10.098420084
2026-06-03T01:48:03,1773928472.567403078,r1,body,odom,39,structure_anchor_39,plane,wall_like,general_plane,unknown,stale,false,false,true,false,10,9,63,10,0.450246032,1.000000000,0.000000000,0.158730159,0.450000000,0.000000000,0.000000000,0.236786505,399,0.069609211,0.000000000,-7.633301169,6.091666840,5.067811322,1.383618343,1.120614616,4.538708867,-1.415116982,6.627472878,0.545841694,2.785300255,0.992624592,0.117134659,0.031236822,0.134265653,0.990744076,0.019966032,6.091666840,5.067811322,1.383618343,0.000000000,0.000000000,0.000000000,1.000000000,2.785300255,6.627472878,0.545841694,6.627472878,0.420265810
2026-06-03T01:48:03,1773928472.567403078,r1,body,odom,36,structure_anchor_36,cylinder,pipe_like,pipe_candidate,unknown,stale,false,false,true,false,8,24,82,8,0.399512195,1.000000000,0.000000000,0.097560976,1.000000000,0.000000000,0.000000000,0.156795186,24,0.002936858,0.051238090,0.000000000,2.674900189,5.527176543,0.713453929,-0.138785116,1.333169979,-2.102766942,0.102476180,0.102476180,1.421108603,-0.002286359,-0.070117555,0.997536039,0.003592832,0.000231002,0.999993443,2.674900189,5.527176543,0.713453929,0.000000000,0.000000000,0.000000000,1.000000000,1.421108603,0.102476180,0.102476180,0.102476180,13.867696952
2026-06-03T01:48:03,1773928472.567403078,r1,body,odom,49,structure_anchor_49,plane,wall_like,general_plane,unknown,stale,false,false,true,false,34,5,89,34,0.505469970,1.000000000,0.035327380,0.382022472,0.400000000,0.000000000,0.000000000,0.045011524,325,0.054759899,0.000000000,-8.789434978,8.113221173,-0.422154277,1.472935297,6.925169482,5.122172736,-0.966685797,6.952877522,4.616858006,3.322194576,0.992568640,0.112021280,0.047524475,0.138152525,0.989735865,0.036558596,8.113221173,-0.422154277,1.472935297,0.000000000,0.000000000,0.000000000,1.000000000,3.322194576,6.952877522,4.616858006,6.952877522,0.477815777
2026-06-03T01:48:03,1773928472.567403078,r1,body,odom,20,structure_anchor_20,plane,wall_like,general_plane,unknown,stale,false,false,true,false,10,47,109,10,0.398348254,1.000000000,0.000000000,0.091743119,1.000000000,0.000012341,0.000000000,0.361794317,302,0.049209712,0.000000000,2.520599236,0.935068639,9.335188973,1.232652585,-4.286855619,0.613329469,-1.832806817,4.355621815,5.514767647,1.646147132,-0.118762598,0.977644819,-0.173510523,-0.963017793,0.126430510,-0.237932330,0.935068639,9.335188973,1.232652585,0.000000000,0.000000000,0.000000000,1.000000000,1.646147132,4.355621815,5.514767647,5.514767647,0.298498003
2026-06-03T01:48:03,1773928472.567403078,r1,body,odom,18,structure_anchor_18,plane,wall_like,general_plane,unknown,stale,false,false,true,false,59,42,163,58,0.451165644,1.000000000,0.000000000,0.355828221,1.000000000,0.000000000,0.000000000,0.473616642,362,0.027704651,0.000000000,3.424455157,2.636165172,9.451959167,1.142097335,-3.966481656,2.287282890,-1.936754324,3.787658453,4.473103046,2.191109657,-0.101358303,0.994790639,0.010859353,-0.986951401,0.151268403,-0.055177300,2.636165172,9.451959167,1.142097335,0.000000000,0.000000000,0.000000000,1.000000000,2.191109657,3.787658453,4.473103046,4.473103046,0.489841087
2026-06-03T01:48:03,1773928472.765403032,r1,body,odom,49,structure_anchor_49,plane,wall_like,general_plane,unknown,confirmed,true,true,true,true,35,0,90,35,0.595370337,1.000000000,0.372962797,0.388888889,0.100000000,0.000000000,0.000000000,0.055552644,91,0.019692707,0.000000000,-7.917730964,7.887449265,0.451070458,1.438342929,4.911997020,5.463446309,-1.103288305,0.128916264,2.377550602,2.425876617,0.999325469,-0.019765316,0.030950603,0.133050055,0.990806144,0.024511337,7.887449265,0.451070458,1.438342929,0.000000000,0.000000000,0.000000000,1.000000000,2.425876617,0.128916264,2.377550602,2.377550602,1.020325967
2026-06-03T01:48:03,1773928472.765403032,r1,body,odom,64,structure_anchor_64,plane,wall_like,general_plane,unknown,candidate,false,true,false,false,1,0,0,0,0.326250000,0.125000000,0.350000000,1.000000000,0.000000000,0.000000000,0.000000000,0.000000000,82,0.017745077,0.000000000,-7.887269048,7.779726505,-9.487197876,0.254619926,14.831673233,4.194250144,-1.516979742,0.143688202,2.028362274,3.985283375,0.999662793,-0.010980518,0.023531428,0.124949842,0.992026898,0.016435019,7.779726505,-9.487197876,0.254619926,0.000000000,0.000000000,0.000000000,1.000000000,3.985283375,0.143688202,2.028362274,2.028362274,1.964778889
2026-06-03T01:48:03,1773928472.765403032,r1,body,odom,63,structure_anchor_63,plane,wall_like,general_plane,unknown,weak_tracked,false,true,true,false,2,0,7,2,0.239642857,0.250000000,0.350000000,0.285714286,0.000000000,0.000000000,0.000000000,0.034366649,81,0.017528673,0.000000000,-7.921647004,7.959254265,6.760138035,1.927254796,-1.365019911,6.268169706,-1.102450732,0.115143776,2.715623379,2.336351395,0.999334404,-0.014341925,0.033541897,0.127483943,0.991481781,0.026676970,7.959254265,6.760138035,1.927254796,0.000000000,0.000000000,0.000000000,1.000000000,2.336351395,0.115143776,2.715623379,2.715623379,0.860337046
2026-06-03T01:48:03,1773928472.765403032,r1,body,odom,59,structure_anchor_59,cylinder,pipe_like,pipe_candidate,unknown,weak_tracked,false,true,true,false,3,0,25,3,0.227750000,0.375000000,0.350000000,0.120000000,0.500000000,0.000000000,0.000000000,0.251383071,10,0.002164034,0.058210857,0.000000000,-2.407339334,3.826440334,0.997000039,0.409373656,-4.381034848,-1.722274583,0.116421714,0.116421714,0.892387271,-0.122651291,-0.137429890,0.982888440,0.047575351,-0.121177962,0.991490033,-2.407339334,3.826440334,0.997000039,0.000000000,0.000000000,0.000000000,1.000000000,0.892387271,0.116421714,0.116421714,0.116421714,7.665127381
2026-06-03T01:48:03,1773928472.765403032,r1,body,odom,44,structure_anchor_44,cylinder,pipe_like,pipe_candidate,unknown,stale,false,false,true,false,9,15,50,9,0.433500000,1.000000000,0.000000000,0.180000000,0.750000000,0.000000000,0.000000000,0.153413818,20,0.002578316,0.037501153,0.000000000,0.641623219,5.135623630,0.779760532,-0.517434456,-1.205855735,-2.063727672,0.080000000,0.080000000,0.807873607,-0.013929223,-0.087151890,0.996097613,0.009382440,-0.007191499,0.999930089,0.641623219,5.135623630,0.779760532,0.000000000,0.000000000,0.000000000,1.000000000,0.807873607,0.080000000,0.080000000,0.080000000,10.098420084
2026-06-03T01:48:03,1773928472.765403032,r1,body,odom,39,structure_anchor_39,plane,wall_like,general_plane,unknown,stale,false,false,true,false,10,10,64,10,0.446250000,1.000000000,0.000000000,0.156250000,0.500000000,0.000000000,0.000000000,0.236786505,399,0.069609211,0.000000000,-7.633301169,6.532031765,4.123702970,1.398655966,1.120614090,4.538709236,-1.415116955,6.627472878,0.545841694,2.785300255,0.999440561,-0.020626153,0.026325999,0.134265623,0.990744149,0.019966032,6.532031765,4.123702970,1.398655966,0.000000000,0.000000000,0.000000000,1.000000000,2.785300255,6.627472878,0.545841694,6.627472878,0.420265810
2026-06-03T01:48:03,1773928472.765403032,r1,body,odom,36,structure_anchor_36,cylinder,pipe_like,pipe_candidate,unknown,stale,false,false,true,false,8,25,83,8,0.399277108,1.000000000,0.000000000,0.096385542,1.000000000,0.000000000,0.000000000,0.156795186,24,0.002936858,0.051238090,0.000000000,3.207651336,5.055485797,0.754677977,-0.138785601,1.333170078,-2.102766943,0.102476180,0.102476180,1.421108603,-0.007228443,-0.080569649,0.996722736,0.003592832,0.000231005,0.999993484,3.207651336,5.055485797,0.754677977,0.000000000,0.000000000,0.000000000,1.000000000,1.421108603,0.102476180,0.102476180,0.102476180,13.867696952
2026-06-03T01:48:03,1773928472.765403032,r1,body,odom,20,structure_anchor_20,plane,wall_like,general_plane,unknown,stale,false,false,true,false,10,48,110,10,0.398181485,1.000000000,0.000000000,0.090909091,1.000000000,0.000011107,0.000000000,0.361794317,302,0.049209712,0.000000000,2.520599236,2.009824220,9.060107355,1.325429756,-4.286856358,0.613329358,-1.832806815,4.355621815,5.514767647,1.646147132,0.015840844,0.986616309,-0.162287576,-0.963017863,0.126430481,-0.237932343,2.009824220,9.060107355,1.325429756,0.000000000,0.000000000,0.000000000,1.000000000,1.646147132,4.355621815,5.514767647,5.514767647,0.298498003
2026-06-03T01:48:03,1773928472.765403032,r1,body,odom,18,structure_anchor_18,plane,wall_like,general_plane,unknown,stale,false,false,true,false,59,43,164,58,0.450731707,1.000000000,0.000000000,0.353658537,1.000000000,0.000000000,0.000000000,0.473616642,362,0.027704651,0.000000000,3.424455157,3.710393623,8.943244299,1.225570253,-3.966482439,2.287282905,-1.936754328,3.787658453,4.473103046,2.191109657,0.036297780,0.999095618,0.022143775,-0.986951474,0.151268375,-0.055177305,3.710393623,8.943244299,1.225570253,0.000000000,0.000000000,0.000000000,1.000000000,2.191109657,3.787658453,4.473103046,4.473103046,0.489841087
2026-06-03T01:48:03,1773928472.966403008,r1,body,odom,63,structure_anchor_63,plane,wall_like,general_plane,unknown,weak_tracked,false,true,true,false,3,0,8,3,0.359250000,0.375000000,0.577500000,0.375000000,0.000000000,0.000000000,0.000000000,0.072824715,101,0.020950010,0.000000000,-7.786554358,8.622508049,6.417745590,2.242634773,-1.915648931,6.405746787,-0.472724693,0.551925659,4.218326092,3.170462608,0.989682364,-0.134061924,0.050559072,0.139071902,0.988858533,0.053082886,8.622508049,6.417745590,2.242634773,0.000000000,0.000000000,0.000000000,1.000000000,3.170462608,0.551925659,4.218326092,4.218326092,0.751592584
2026-06-03T01:48:03,1773928472.966403008,r1,body,odom,64,structure_anchor_64,plane,wall_like,general_plane,unknown,weak_tracked,false,true,false,false,2,0,0,0,0.428000000,0.250000000,0.577500000,1.000000000,0.000000000,0.000000000,0.000000000,0.033016243,72,0.014934661,0.000000000,-7.811615456,6.431989670,-10.171957970,0.383596033,14.717538582,4.093078920,-1.681565618,0.348509312,2.085152626,3.883715391,0.989480404,-0.141073757,0.032042543,0.146794124,0.988552864,0.034852629,6.431989670,-10.171957970,0.383596033,0.000000000,0.000000000,0.000000000,1.000000000,3.883715391,0.348509312,2.085152626,2.085152626,1.862556890
2026-06-03T01:48:03,1773928472.966403008,r1,body,odom,49,structure_anchor_49,plane,wall_like,general_plane,unknown,confirmed,true,true,true,false,37,0,90,35,0.602370337,1.000000000,0.372962797,0.388888889,0.000000000,0.000000000,0.000000000,0.000000000,521,0.028624767,0.000000000,-7.674323937,7.325733413,-2.935709342,1.218585503,7.460948097,5.040175493,-1.130039268,10.231644142,7.313798904,3.799717188,0.990961286,-0.132440703,0.021334839,0.138593138,0.990063020,0.023814476,7.325733413,-2.935709342,1.218585503,0.000000000,0.000000000,0.000000000,1.000000000,3.799717188,10.231644142,7.313798904,10.231644142,0.371369170
2026-06-03T01:48:03,1773928472.966403008,r1,body,odom,44,structure_anchor_44,cylinder,pipe_like,pipe_candidate,unknown,stale,false,false,true,false,9,16,51,9,0.429294118,1.000000000,0.000000000,0.176470588,0.800000000,0.000000000,0.000000000,0.153413818,20,0.002578316,0.037501153,0.000000000,1.025352860,5.028710068,0.576320981,-0.517434749,-1.205855806,-2.063727674,0.080000000,0.080000000,0.807873607,-0.009785350,-0.048179925,0.998790732,0.009382441,-0.007191497,0.999930116,1.025352860,5.028710068,0.576320981,0.000000000,0.000000000,0.000000000,1.000000000,0.807873607,0.080000000,0.080000000,0.080000000,10.098420084
2026-06-03T01:48:03,1773928472.966403008,r1,body,odom,39,structure_anchor_39,plane,wall_like,general_plane,unknown,stale,false,false,true,false,10,11,65,10,0.442269231,1.000000000,0.000000000,0.153846154,0.550000000,0.000000000,0.000000000,0.236786505,399,0.069609211,0.000000000,-7.633301169,6.779730963,3.407223765,1.177856196,1.120613725,4.538709503,-1.415116938,6.627472878,0.545841694,2.785300255,0.991621765,-0.127962580,0.017658936,0.134265603,0.990744203,0.019966033,6.779730963,3.407223765,1.177856196,0.000000000,0.000000000,0.000000000,1.000000000,2.785300255,6.627472878,0.545841694,6.627472878,0.420265810
2026-06-03T01:48:03,1773928472.966403008,r1,body,odom,36,structure_anchor_36,cylinder,pipe_like,pipe_candidate,unknown,stale,false,false,true,false,8,26,84,8,0.399047619,1.000000000,0.000000000,0.095238095,1.000000000,0.000000000,0.000000000,0.156795186,24,0.002936858,0.051238090,0.000000000,3.567114826,4.669737281,0.530098544,-0.138785944,1.333170147,-2.102766947,0.102476180,0.102476180,1.421108603,-0.002404605,-0.042345029,0.999100146,0.003592832,0.000231007,0.999993512,3.567114826,4.669737281,0.530098544,0.000000000,0.000000000,0.000000000,1.000000000,1.421108603,0.102476180,0.102476180,0.102476180,13.867696952
2026-06-03T01:48:03,1773928472.966403008,r1,body,odom,20,structure_anchor_20,plane,wall_like,general_plane,unknown,stale,false,false,true,false,10,49,111,10,0.398017718,1.000000000,0.000000000,0.090090090,1.000000000,0.000009996,0.000000000,0.361794317,302,0.049209712,0.000000000,2.520599236,2.816933221,8.799059996,0.958425137,-4.286856892,0.613329278,-1.832806820,4.355621815,5.514767647,1.646147132,0.120178012,0.972381813,-0.200077087,-0.963017916,0.126430460,-0.237932351,2.816933221,8.799059996,0.958425137,0.000000000,0.000000000,0.000000000,1.000000000,1.646147132,4.355621815,5.514767647,5.514767647,0.298498003
2026-06-03T01:48:03,1773928472.966403008,r1,body,odom,18,structure_anchor_18,plane,wall_like,general_plane,unknown,stale,false,false,true,false,59,44,165,58,0.450303030,1.000000000,0.000000000,0.351515152,1.000000000,0.000000000,0.000000000,0.473616642,362,0.027704651,0.000000000,3.424455157,4.493404314,8.494744348,0.847060825,-3.966483003,2.287282918,-1.936754336,3.787658453,4.473103046,2.191109657,0.144357784,0.989388642,-0.016459956,-0.986951529,0.151268356,-0.055177309,4.493404314,8.494744348,0.847060825,0.000000000,0.000000000,0.000000000,1.000000000,2.191109657,3.787658453,4.473103046,4.473103046,0.489841087
2026-06-03T01:48:04,1773928473.149398088,r1,body,odom,49,structure_anchor_49,plane,wall_like,general_plane,unknown,confirmed,true,true,true,false,39,0,91,36,0.674195879,1.000000000,0.725375000,0.395604396,0.000000000,0.000000000,0.000000000,0.000000000,383,0.029889153,0.000000000,-7.496100576,7.072404255,-2.969028586,1.339718171,7.212972248,5.077612875,-1.130039282,10.733216081,7.313798904,3.091376543,0.983694830,-0.179804220,0.003858428,0.149280542,0.988791904,-0.002411664,7.072404255,-2.969028586,1.339718171,0.000000000,0.000000000,0.000000000,1.000000000,3.091376543,10.733216081,7.313798904,10.733216081,0.288019594
2026-06-03T01:48:04,1773928473.149398088,r1,body,odom,44,structure_anchor_44,cylinder,pipe_like,pipe_candidate,unknown,stale,false,false,true,false,9,17,52,9,0.425115385,1.000000000,0.000000000,0.173076923,0.850000000,0.000000000,0.000000000,0.153413818,20,0.002578316,0.037501153,0.000000000,1.039199663,4.965089691,0.466130176,-0.517434628,-1.205855769,-2.063727678,0.080000000,0.080000000,0.807873607,-0.016490531,-0.023598153,0.999585490,0.009382440,-0.007191496,0.999930105,1.039199663,4.965089691,0.466130176,0.000000000,0.000000000,0.000000000,1.000000000,0.807873607,0.080000000,0.080000000,0.080000000,10.098420084
2026-06-03T01:48:04,1773928473.149398088,r1,body,odom,39,structure_anchor_39,plane,wall_like,general_plane,unknown,stale,false,false,true,false,10,12,66,10,0.438303030,1.000000000,0.000000000,0.151515152,0.600000000,0.000000000,0.000000000,0.236786505,399,0.069609211,0.000000000,-7.633301169,6.724389707,3.140587464,1.139728573,1.120613872,4.538709392,-1.415116949,6.627472878,0.545841694,2.785300255,0.985907824,-0.165181824,0.026470572,0.134265611,0.990744179,0.019966033,6.724389707,3.140587464,1.139728573,0.000000000,0.000000000,0.000000000,1.000000000,2.785300255,6.627472878,0.545841694,6.627472878,0.420265810
2026-06-03T01:48:04,1773928473.149398088,r1,body,odom,36,structure_anchor_36,cylinder,pipe_like,pipe_candidate,unknown,stale,false,false,true,false,8,27,85,8,0.398823529,1.000000000,0.000000000,0.094117647,1.000000000,0.000000000,0.000000000,0.156795186,24,0.002936858,0.051238090,0.000000000,3.565577613,4.508533718,0.443264844,-0.138785803,1.333170122,-2.102766951,0.102476180,0.102476180,1.421108603,-0.008893740,-0.018042894,0.999797639,0.003592832,0.000231007,0.999993501,3.565577613,4.508533718,0.443264844,0.000000000,0.000000000,0.000000000,1.000000000,1.421108603,0.102476180,0.102476180,0.102476180,13.867696952
2026-06-03T01:48:04,1773928473.149398088,r1,body,odom,20,structure_anchor_20,plane,wall_like,general_plane,unknown,stale,false,false,true,false,10,50,112,10,0.397856873,1.000000000,0.000000000,0.089285714,1.000000000,0.000008996,0.000000000,0.361794317,302,0.049209712,0.000000000,2.520599236,2.971705862,8.672589467,0.768069201,-4.286856665,0.613329316,-1.832806827,4.355621815,5.514767647,1.646147132,0.158233318,0.961973220,-0.222642546,-0.963017893,0.126430468,-0.237932349,2.971705862,8.672589467,0.768069201,0.000000000,0.000000000,0.000000000,1.000000000,1.646147132,4.355621815,5.514767647,5.514767647,0.298498003
2026-06-03T01:48:04,1773928473.149398088,r1,body,odom,18,structure_anchor_18,plane,wall_like,general_plane,unknown,stale,false,false,true,false,59,45,166,58,0.449879518,1.000000000,0.000000000,0.349397590,1.000000000,0.000000000,0.000000000,0.473616642,362,0.027704651,0.000000000,3.424455157,4.635842541,8.302023291,0.673755335,-3.966482764,2.287282915,-1.936754342,3.787658453,4.473103046,2.191109657,0.182149765,0.982483117,-0.039349089,-0.986951505,0.151268363,-0.055177308,4.635842541,8.302023291,0.673755335,0.000000000,0.000000000,0.000000000,1.000000000,2.191109657,3.787658453,4.473103046,4.473103046,0.489841087
2026-06-03T01:48:04,1773928473.149398088,r1,body,odom,2,structure_anchor_2,plane,wall_like,general_plane,unknown,stale,false,false,true,false,142,4,177,142,0.619052039,1.000000000,0.148000309,0.802259887,0.300000000,0.000000000,0.000000000,0.068196087,409,0.085314977,0.000000000,-10.784627898,-0.369633326,10.827629798,1.465429331,-6.347769316,-2.787102354,-1.136559413,9.906431198,3.201993942,3.038884163,0.159575562,0.987111029,0.012141653,-0.991637746,0.129003298,-0.003557403,-0.369633326,10.827629798,1.465429331,0.000000000,0.000000000,0.000000000,1.000000000,3.038884163,9.906431198,3.201993942,9.906431198,0.306758721
2026-06-03T01:48:04,1773928473.347398043,r1,body,odom,49,structure_anchor_49,plane,wall_like,general_plane,unknown,confirmed,true,true,true,false,40,0,92,37,0.694733533,1.000000000,0.821493750,0.402173913,0.000000000,0.000000000,0.000000000,0.040535584,269,0.049704361,0.000000000,-7.412515909,6.621086597,-5.312028408,1.544865489,9.846458724,4.673387545,-1.015974636,1.037471771,5.549965858,3.895776987,0.987368945,-0.154416761,0.035468718,0.160861647,0.986492066,0.030935379,6.621086597,-5.312028408,1.544865489,0.000000000,0.000000000,0.000000000,1.000000000,3.895776987,1.037471771,5.549965858,5.549965858,0.701946118
2026-06-03T01:48:04,1773928473.347398043,r1,body,odom,68,structure_anchor_68,plane,wall_like,general_plane,unknown,candidate,false,true,true,false,1,0,1,1,0.326250000,0.125000000,0.350000000,1.000000000,0.000000000,0.000000000,0.000000000,0.000000000,164,0.030303030,0.000000000,-7.444025874,8.443922043,6.342757225,1.576752067,-1.794902154,6.565493231,-0.778412491,0.733229637,4.755985737,3.726446629,0.987554593,-0.151539329,0.042092257,0.158104630,0.986705906,0.037609095,8.443922043,6.342757225,1.576752067,0.000000000,0.000000000,0.000000000,1.000000000,3.726446629,0.733229637,4.755985737,4.755985737,0.783527713
2026-06-03T01:48:04,1773928473.347398043,r1,body,odom,69,structure_anchor_69,plane,wall_like,general_plane,unknown,candidate,false,true,true,false,1,0,1,1,0.326250000,0.125000000,0.350000000,1.000000000,0.000000000,0.000000000,0.000000000,0.000000000,184,0.033998522,0.000000000,1.076133957,-0.742196441,-1.018638730,0.341823488,5.488732470,-2.666260439,-2.128735195,3.857419252,0.328412831,1.048867226,0.072245787,0.997192238,-0.019702437,-0.996940783,0.078136607,-0.001951861,-0.742196441,-1.018638730,0.341823488,0.000000000,0.000000000,0.000000000,1.000000000,1.048867226,3.857419252,0.328412831,3.857419252,0.271909056
2026-06-03T01:48:04,1773928473.347398043,r1,body,odom,70,structure_anchor_70,plane,wall_like,general_plane,unknown,candidate,false,true,true,false,1,0,1,1,0.326250000,0.125000000,0.350000000,1.000000000,0.000000000,0.000000000,0.000000000,0.000000000,53,0.009793052,0.000000000,1.402263769,2.872265816,-1.260464668,0.675476849,5.757864615,0.947255239,-1.805911838,0.686290979,0.074744225,1.378159642,-0.043358640,0.998665888,-0.028044135,-0.999247117,-0.037470842,-0.010059787,2.872265816,-1.260464668,0.675476849,0.000000000,0.000000000,0.000000000,1.000000000,1.378159642,0.686290979,0.074744225,0.686290979,2.008127287
2026-06-03T01:48:04,1773928473.347398043,r1,body,odom,71,structure_anchor_71,cylinder,pipe_like,pipe_candidate,unknown,candidate,false,true,true,false,1,0,1,1,0.326250000,0.125000000,0.350000000,1.000000000,0.000000000,0.000000000,0.000000000,0.000000000,14,0.002586844,0.057635207,0.000000000,-2.302281141,4.165445805,0.318442404,0.295931472,-4.195551361,-2.056400264,0.115270413,0.115270413,1.616551042,-0.002238508,-0.000000000,0.999997495,0.017923420,-0.000562803,0.999839204,-2.302281141,4.165445805,0.318442404,0.000000000,0.000000000,0.000000000,1.000000000,1.616551042,0.115270413,0.115270413,0.115270413,14.023989271
2026-06-03T01:48:04,1773928473.347398043,r1,body,odom,44,structure_anchor_44,cylinder,pipe_like,pipe_candidate,unknown,stale,false,false,true,false,9,18,53,9,0.420962264,1.000000000,0.000000000,0.169811321,0.900000000,0.000000000,0.000000000,0.153413818,20,0.002578316,0.037501153,0.000000000,0.682562545,4.996300456,0.301536824,-0.517435172,-1.205855942,-2.063727657,0.080000000,0.080000000,0.807873607,-0.008917722,0.008501699,0.999924127,0.009382442,-0.007191497,0.999930156,0.682562545,4.996300456,0.301536824,0.000000000,0.000000000,0.000000000,1.000000000,0.807873607,0.080000000,0.080000000,0.080000000,10.098420084
2026-06-03T01:48:04,1773928473.347398043,r1,body,odom,39,structure_anchor_39,plane,wall_like,general_plane,unknown,stale,false,false,true,false,10,13,67,10,0.434350746,1.000000000,0.000000000,0.149253731,0.650000000,0.000000000,0.000000000,0.236786505,399,0.069609211,0.000000000,-7.633301169,6.435545245,3.404305155,0.989049484,1.120613205,4.538709882,-1.415116897,6.627472878,0.545841694,2.785300255,0.991483424,-0.127996808,0.024031232,0.134265575,0.990744286,0.019966033,6.435545245,3.404305155,0.989049484,0.000000000,0.000000000,0.000000000,1.000000000,2.785300255,6.627472878,0.545841694,6.627472878,0.420265810
2026-06-03T01:48:04,1773928473.347398043,r1,body,odom,36,structure_anchor_36,cylinder,pipe_like,pipe_candidate,unknown,stale,false,false,true,false,8,28,86,8,0.398604651,1.000000000,0.000000000,0.093023256,1.000000000,0.000000000,0.000000000,0.156795186,24,0.002936858,0.051238090,0.000000000,3.223847961,4.632106049,0.273550154,-0.138786436,1.333170225,-2.102766932,0.102476180,0.102476180,1.421108603,-0.001529695,0.014335515,0.999896103,0.003592833,0.000231007,0.999993551,3.223847961,4.632106049,0.273550154,0.000000000,0.000000000,0.000000000,1.000000000,1.421108603,0.102476180,0.102476180,0.102476180,13.867696952
2026-06-03T01:48:04,1773928473.347398043,r1,body,odom,20,structure_anchor_20,plane,wall_like,general_plane,unknown,stale,false,false,true,false,10,51,113,10,0.397698872,1.000000000,0.000000000,0.088495575,1.000000000,0.000008097,0.000000000,0.361794317,302,0.049209712,0.000000000,2.520599236,2.479020768,8.779999571,0.467857575,-4.286857681,0.613329137,-1.832806794,4.355621815,5.514767647,1.646147132,0.121159709,0.959332167,-0.254955255,-0.963017996,0.126430433,-0.237932361,2.479020768,8.779999571,0.467857575,0.000000000,0.000000000,0.000000000,1.000000000,1.646147132,4.355621815,5.514767647,5.514767647,0.298498003
2026-06-03T01:48:04,1773928473.347398043,r1,body,odom,18,structure_anchor_18,plane,wall_like,general_plane,unknown,stale,false,false,true,false,59,46,167,58,0.449461078,1.000000000,0.000000000,0.347305389,1.000000000,0.000000000,0.000000000,0.473616642,362,0.027704651,0.000000000,3.424455157,4.155021522,8.467765914,0.372478361,-3.966483832,2.287282921,-1.936754314,3.787658453,4.473103046,2.191109657,0.145530002,0.986685247,-0.072617533,-0.986951612,0.151268329,-0.055177311,4.155021522,8.467765914,0.372478361,0.000000000,0.000000000,0.000000000,1.000000000,2.191109657,3.787658453,4.473103046,4.473103046,0.489841087
2026-06-03T01:48:04,1773928473.347398043,r1,body,odom,2,structure_anchor_2,plane,wall_like,general_plane,unknown,stale,false,false,true,false,142,5,178,142,0.598650624,1.000000000,0.068000309,0.797752809,0.350000000,0.000000000,0.000000000,0.068196087,409,0.085314977,0.000000000,-10.784627898,-0.934768941,10.832820877,1.121328081,-6.347770369,-2.787102980,-1.136559343,9.906431198,3.201993942,3.038884163,0.123145676,0.992163717,-0.021127366,-0.991637853,0.129003261,-0.003557402,-0.934768941,10.832820877,1.121328081,0.000000000,0.000000000,0.000000000,1.000000000,3.038884163,9.906431198,3.201993942,9.906431198,0.306758721
2026-06-03T01:48:04,1773928473.548398018,r1,body,odom,49,structure_anchor_49,plane,wall_like,general_plane,unknown,confirmed,true,true,true,false,41,0,93,38,0.708514618,1.000000000,0.883970937,0.408602151,0.000000000,0.000000000,0.000000000,0.070537453,282,0.051366120,0.000000000,-7.228840356,6.855508804,-4.409832954,1.626775026,9.498550887,4.735305735,-1.042138922,0.555333614,6.519291878,3.640208960,0.996308634,-0.074974555,0.041808167,0.157424335,0.986967321,0.033367419,6.855508804,-4.409832954,1.626775026,0.000000000,0.000000000,0.000000000,1.000000000,3.640208960,0.555333614,6.519291878,6.519291878,0.558374901
2026-06-03T01:48:04,1773928473.548398018,r1,body,odom,68,structure_anchor_68,plane,wall_like,general_plane,unknown,weak_tracked,false,true,true,false,2,0,2,2,0.428000000,0.250000000,0.577500000,1.000000000,0.000000000,0.000000000,0.000000000,0.004488223,136,0.024772313,0.000000000,-7.241130581,7.740446091,7.150302887,1.658118248,-1.939928827,6.559166352,-0.536578266,0.378081799,4.550561428,3.849479198,0.995790268,-0.076856814,0.049947704,0.159596198,0.986313009,0.041424624,7.740446091,7.150302887,1.658118248,0.000000000,0.000000000,0.000000000,1.000000000,3.849479198,0.378081799,4.550561428,4.550561428,0.845935004
2026-06-03T01:48:04,1773928473.548398018,r1,body,odom,72,structure_anchor_72,plane,wall_like,general_plane,unknown,candidate,false,true,true,false,1,0,1,1,0.326250000,0.125000000,0.350000000,1.000000000,0.000000000,0.000000000,0.000000000,0.000000000,75,0.013661202,0.000000000,-7.193803890,6.448446751,-9.901047707,1.384140968,14.923555450,3.881760001,-1.509904346,0.224582672,2.461309433,3.671400309,0.996543785,-0.071657278,0.042020451,0.154148923,0.987472359,0.033715706,6.448446751,-9.901047707,1.384140968,0.000000000,0.000000000,0.000000000,1.000000000,3.671400309,0.224582672,2.461309433,2.461309433,1.491645162
2026-06-03T01:48:04,1773928473.548398018,r1,body,odom,44,structure_anchor_44,cylinder,pipe_like,pipe_candidate,unknown,stale,false,false,true,false,9,19,54,9,0.416833333,1.000000000,0.000000000,0.166666667,0.950000000,0.000000000,0.000000000,0.153413818,20,0.002578316,0.037501153,0.000000000,0.125048250,5.037875747,0.176700761,-0.517436481,-1.205856474,-2.063727576,0.080000000,0.080000000,0.807873607,-0.011721832,0.031499262,0.999435201,0.009382446,-0.007191504,0.999930287,0.125048250,5.037875747,0.176700761,0.000000000,0.000000000,0.000000000,1.000000000,0.807873607,0.080000000,0.080000000,0.080000000,10.098420084
2026-06-03T01:48:04,1773928473.548398018,r1,body,odom,39,structure_anchor_39,plane,wall_like,general_plane,unknown,stale,false,false,true,false,10,14,68,10,0.430411765,1.000000000,0.000000000,0.147058824,0.700000000,0.000000000,0.000000000,0.236786505,399,0.069609211,0.000000000,-7.633301169,5.980263728,3.901567843,0.904160834,1.120611554,4.538710989,-1.415116743,6.627472878,0.545841694,2.785300255,0.998261301,-0.052160143,0.027459414,0.134265479,0.990744550,0.019966035,5.980263728,3.901567843,0.904160834,0.000000000,0.000000000,0.000000000,1.000000000,2.785300255,6.627472878,0.545841694,6.627472878,0.420265810
2026-06-03T01:48:04,1773928473.548398018,r1,body,odom,36,structure_anchor_36,cylinder,pipe_like,pipe_candidate,unknown,stale,false,false,true,false,8,29,87,8,0.398390805,1.000000000,0.000000000,0.091954023,1.000000000,0.000000000,0.000000000,0.156795186,24,0.002936858,0.051238090,0.000000000,2.686628715,4.866049659,0.158385918,-0.138787983,1.333170375,-2.102766859,0.102476180,0.102476180,1.421108603,-0.004795160,0.037871978,0.999271257,0.003592834,0.000231001,0.999993682,2.686628715,4.866049659,0.158385918,0.000000000,0.000000000,0.000000000,1.000000000,1.421108603,0.102476180,0.102476180,0.102476180,13.867696952
2026-06-03T01:48:04,1773928473.548398018,r1,body,odom,20,structure_anchor_20,plane,wall_like,general_plane,unknown,stale,false,false,true,false,10,52,114,10,0.397543641,1.000000000,0.000000000,0.087719298,1.000000000,0.000007287,0.000000000,0.361794317,302,0.049209712,0.000000000,2.520599236,1.630427680,8.949297693,0.253638851,-4.286860166,0.613328565,-1.832806659,4.355621815,5.514767647,1.646147132,0.048963126,0.959429648,-0.277664704,-0.963018253,0.126430340,-0.237932386,1.630427680,8.949297693,0.253638851,0.000000000,0.000000000,0.000000000,1.000000000,1.646147132,4.355621815,5.514767647,5.514767647,0.298498003
2026-06-03T01:48:04,1773928473.548398018,r1,body,odom,18,structure_anchor_18,plane,wall_like,general_plane,unknown,stale,false,false,true,false,59,47,168,58,0.449047619,1.000000000,0.000000000,0.345238095,1.000000000,0.000000000,0.000000000,0.473616642,362,0.027704651,0.000000000,3.424455157,3.325419264,8.762335647,0.166374504,-3.966486456,2.287282808,-1.936754196,3.787658453,4.473103046,2.191109657,0.070800327,0.992858402,-0.096019965,-0.986951877,0.151268238,-0.055177312,3.325419264,8.762335647,0.166374504,0.000000000,0.000000000,0.000000000,1.000000000,2.191109657,3.787658453,4.473103046,4.473103046,0.489841087
2026-06-03T01:48:04,1773928473.548398018,r1,body,odom,2,structure_anchor_2,plane,wall_like,general_plane,unknown,stale,false,false,true,false,142,6,179,142,0.580659218,1.000000000,0.000000000,0.793296089,0.400000000,0.000000000,0.000000000,0.068196087,409,0.085314977,0.000000000,-10.784627898,-1.929989142,10.753396327,0.856733901,-6.347772923,-2.787104672,-1.136559104,9.906431198,3.201993942,3.038884163,0.047953736,0.997849762,-0.044683531,-0.991638116,0.129003164,-0.003557397,-1.929989142,10.753396327,0.856733901,0.000000000,0.000000000,0.000000000,1.000000000,3.038884163,9.906431198,3.201993942,9.906431198,0.306758721
2026-06-03T01:48:04,1773928473.767397881,r1,body,odom,2,structure_anchor_2,plane,wall_like,general_plane,unknown,confirmed,true,true,true,false,144,0,180,143,0.678888889,1.000000000,0.350000000,0.794444444,0.000000000,0.000000000,0.000000000,0.000000000,238,0.017603828,0.000000000,10.640071830,3.573638919,10.564813746,1.252879934,-5.544845162,3.189628323,-0.988811002,6.350723217,6.030276775,3.493584156,-0.036800352,-0.998735969,0.034240177,0.989214803,-0.146102514,0.010415837,3.573638919,10.564813746,1.252879934,0.000000000,0.000000000,0.000000000,1.000000000,3.493584156,6.350723217,6.030276775,6.350723217,0.550108080
2026-06-03T01:48:04,1773928473.767397881,r1,body,odom,74,structure_anchor_74,compact_cluster,pillar_like,pillar_compact_cluster,unknown,candidate,false,true,true,false,1,0,1,1,0.326250000,0.125000000,0.350000000,1.000000000,0.000000000,0.000000000,0.000000000,0.000000000,30,0.005127329,0.000000000,0.000000000,-0.094800621,5.089440823,0.467424124,-0.526574915,-1.064667297,-1.867467927,0.090240717,0.092388153,1.805577993,0.000000000,0.000000000,1.000000000,0.025264363,0.007966211,0.999649064,-0.094800621,5.089440823,0.467424124,0.000000000,0.000000000,0.000000000,1.000000000,1.805577993,0.090240717,0.092388153,0.092388153,19.543393100
2026-06-03T01:48:04,1773928473.767397881,r1,body,odom,44,structure_anchor_44,cylinder,pipe_like,pipe_candidate,unknown,confirmed,true,true,true,true,10,0,55,10,0.601863636,1.000000000,0.577500000,0.181818182,0.000000000,0.000000000,0.000000000,0.000000000,20,0.002905486,0.036672561,0.000000000,-3.598888397,-1.085072637,0.662827432,5.229202652,-5.224661087,-1.784312080,0.080000000,0.080000000,1.805581890,0.007966986,-0.026466547,0.999617952,0.052427040,0.012971925,0.998540502,-3.598888397,-1.085072637,0.662827432,0.000000000,0.000000000,0.000000000,1.000000000,1.805581890,0.080000000,0.080000000,0.080000000,22.569773625
2026-06-03T01:48:04,1773928473.767397881,r1,body,odom,39,structure_anchor_39,plane,wall_like,general_plane,unknown,stale,false,false,true,false,10,15,69,10,0.426485507,1.000000000,0.000000000,0.144927536,0.750000000,0.000000000,0.000000000,0.236786505,399,0.069609211,0.000000000,-7.633301169,5.650302481,4.079713109,1.005869310,1.120612435,4.538710348,-1.415116829,6.627472878,0.545841694,2.785300255,0.999223531,-0.024007500,0.031243640,0.134265528,0.990744410,0.019966034,5.650302481,4.079713109,1.005869310,0.000000000,0.000000000,0.000000000,1.000000000,2.785300255,6.627472878,0.545841694,6.627472878,0.420265810
2026-06-03T01:48:04,1773928473.767397881,r1,body,odom,36,structure_anchor_36,cylinder,pipe_like,pipe_candidate,unknown,stale,false,false,true,false,8,30,88,8,0.398181818,1.000000000,0.000000000,0.090909091,1.000000000,0.000000000,0.000000000,0.156795186,24,0.002936858,0.051238090,0.000000000,2.333484405,4.962029217,0.261106618,-0.138787153,1.333170239,-2.102766903,0.102476180,0.102476180,1.421108603,-0.010069262,0.020691716,0.999735292,0.003592834,0.000231005,0.999993615,2.333484405,4.962029217,0.261106618,0.000000000,0.000000000,0.000000000,1.000000000,1.421108603,0.102476180,0.102476180,0.102476180,13.867696952
2026-06-03T01:48:04,1773928473.767397881,r1,body,odom,20,structure_anchor_20,plane,wall_like,general_plane,unknown,stale,false,false,true,false,10,53,115,10,0.397391108,1.000000000,0.000000000,0.086956522,1.000000000,0.000006558,0.000000000,0.361794317,302,0.049209712,0.000000000,2.520599236,1.160072419,9.011135696,0.420439255,-4.286858836,0.613328805,-1.832806739,4.355621815,5.514767647,1.646147132,0.022554898,0.965028906,-0.261171740,-0.963018117,0.126430387,-0.237932374,1.160072419,9.011135696,0.420439255,0.000000000,0.000000000,0.000000000,1.000000000,1.646147132,4.355621815,5.514767647,5.514767647,0.298498003
2026-06-03T01:48:04,1773928473.767397881,r1,body,odom,18,structure_anchor_18,plane,wall_like,general_plane,unknown,stale,false,false,true,false,59,48,169,58,0.448639053,1.000000000,0.000000000,0.343195266,1.000000000,0.000000000,0.000000000,0.473616642,362,0.027704651,0.000000000,3.424455157,2.860084647,8.874310614,0.337957318,-3.966485055,2.287282805,-1.936754268,3.787658453,4.473103046,2.191109657,0.042661556,0.995970344,-0.078887618,-0.986951737,0.151268284,-0.055177313,2.860084647,8.874310614,0.337957318,0.000000000,0.000000000,0.000000000,1.000000000,2.191109657,3.787658453,4.473103046,4.473103046,0.489841087
2026-06-03T01:48:04,1773928473.989398003,r1,body,odom,49,structure_anchor_49,plane,wall_like,general_plane,unknown,confirmed,true,true,true,false,43,0,95,39,0.706621485,1.000000000,0.872581109,0.410526316,0.000000000,0.000000000,0.000000000,0.000000000,383,0.030259823,0.000000000,-6.785283403,6.675647537,-1.801722066,1.378728258,7.081497616,5.097374452,-1.130039079,10.999117839,7.313798904,2.868551254,0.998628358,-0.041522907,0.031898764,0.148572676,0.988578473,0.025284247,6.675647537,-1.801722066,1.378728258,0.000000000,0.000000000,0.000000000,1.000000000,2.868551254,10.999117839,7.313798904,10.999117839,0.260798302
2026-06-03T01:48:04,1773928473.989398003,r1,body,odom,68,structure_anchor_68,plane,wall_like,general_plane,unknown,confirmed,true,true,true,false,3,0,4,3,0.453425000,0.375000000,0.673375000,0.750000000,0.000000000,0.000000000,0.000000000,0.025656731,159,0.025190114,0.000000000,-6.891196960,7.099351406,7.462658882,1.717941523,-2.082181930,6.514791700,-0.754177434,0.277631760,4.991909504,2.844427347,0.997471326,-0.039142851,0.059319391,0.146217135,0.987846763,0.052721634,7.099351406,7.462658882,1.717941523,0.000000000,0.000000000,0.000000000,1.000000000,2.844427347,0.277631760,4.991909504,4.991909504,0.569807474
2026-06-03T01:48:04,1773928473.989398003,r1,body,odom,72,structure_anchor_72,plane,wall_like,general_plane,unknown,weak_tracked,false,true,true,false,2,0,3,2,0.350933333,0.250000000,0.525500000,0.666666667,0.000000000,0.000000000,0.000000000,0.009265237,61,0.009664132,0.000000000,-6.896016428,6.438069344,-9.915154457,1.039408207,15.120851849,3.988510962,-1.502313727,0.224536419,2.474802971,2.996850014,0.997962414,-0.042522937,0.047569100,0.149572559,0.987902352,0.040954156,6.438069344,-9.915154457,1.039408207,0.000000000,0.000000000,0.000000000,1.000000000,2.996850014,0.224536419,2.474802971,2.474802971,1.210944891
2026-06-03T01:48:04,1773928473.989398003,r1,body,odom,2,structure_anchor_2,plane,wall_like,general_plane,unknown,confirmed,true,true,true,false,145,0,181,144,0.724616022,1.000000000,0.577500000,0.795580110,0.000000000,0.000000000,0.000000000,0.010850912,557,0.088244613,0.000000000,-10.616596073,-0.823430538,10.668837547,1.456216455,-6.121063207,-1.019609157,-0.951193726,12.399977684,0.594320297,4.436291218,0.042157119,0.999096314,-0.005415911,-0.988822348,0.149092395,-0.001439603,-0.823430538,10.668837547,1.456216455,0.000000000,0.000000000,0.000000000,1.000000000,4.436291218,12.399977684,0.594320297,12.399977684,0.357766065
2026-06-03T01:48:04,1773928473.989398003,r1,body,odom,39,structure_anchor_39,plane,wall_like,general_plane,unknown,stale,false,false,true,false,10,16,70,10,0.422571429,1.000000000,0.000000000,0.142857143,0.800000000,0.000000000,0.000000000,0.236786505,399,0.069609211,0.000000000,-7.633301169,5.482572640,4.063527601,1.061013230,1.120611890,4.538710660,-1.415116788,6.627472878,0.545841694,2.785300255,0.999281243,-0.027088650,0.026523230,0.134265496,0.990744500,0.019966035,5.482572640,4.063527601,1.061013230,0.000000000,0.000000000,0.000000000,1.000000000,2.785300255,6.627472878,0.545841694,6.627472878,0.420265810
2026-06-03T01:48:04,1773928473.989398003,r1,body,odom,36,structure_anchor_36,cylinder,pipe_like,pipe_candidate,unknown,stale,false,false,true,false,8,31,89,8,0.397977528,1.000000000,0.000000000,0.089887640,1.000000000,0.000000000,0.000000000,0.156795186,24,0.002936858,0.051238090,0.000000000,2.164923250,4.968737607,0.348108046,-0.138787661,1.333170222,-2.102766895,0.102476180,0.102476180,1.421108603,-0.005830712,0.000704436,0.999982893,0.003592834,0.000231007,0.999993659,2.164923250,4.968737607,0.348108046,0.000000000,0.000000000,0.000000000,1.000000000,1.421108603,0.102476180,0.102476180,0.102476180,13.867696952
2026-06-03T01:48:04,1773928473.989398003,r1,body,odom,20,structure_anchor_20,plane,wall_like,general_plane,unknown,stale,false,false,true,false,10,54,116,10,0.397241202,1.000000000,0.000000000,0.086206897,1.000000000,0.000005903,0.000000000,0.361794317,302,0.049209712,0.000000000,2.520599236,1.002505222,9.016721977,0.593371809,-4.286859664,0.613328544,-1.832806726,4.355621815,5.514767647,1.646147132,0.023919013,0.970004072,-0.241909613,-0.963018204,0.126430355,-0.237932386,1.002505222,9.016721977,0.593371809,0.000000000,0.000000000,0.000000000,1.000000000,1.646147132,4.355621815,5.514767647,5.514767647,0.298498003
2026-06-03T01:48:04,1773928473.989398003,r1,body,odom,18,structure_anchor_18,plane,wall_like,general_plane,unknown,stale,false,false,true,false,59,49,170,58,0.448235294,1.000000000,0.000000000,0.341176471,1.000000000,0.000000000,0.000000000,0.473616642,362,0.027704651,0.000000000,3.424455157,2.701803289,8.877388885,0.500967371,-3.966485931,2.287282700,-1.936754259,3.787658453,4.473103046,2.191109657,0.044867430,0.997241622,-0.059129871,-0.986951827,0.151268253,-0.055177317,2.701803289,8.877388885,0.500967371,0.000000000,0.000000000,0.000000000,1.000000000,2.191109657,3.787658453,4.473103046,4.473103046,0.489841087
2026-06-03T01:48:05,1773928474.169393063,r1,body,odom,49,structure_anchor_49,plane,wall_like,general_plane,unknown,confirmed,true,true,true,false,44,0,96,40,0.716768878,1.000000000,0.917177721,0.416666667,0.000000000,0.000000000,0.000000000,0.028043866,254,0.040432983,0.000000000,-6.707085467,6.479424953,-4.544170380,0.858793974,9.813842978,4.781991332,-1.664255695,0.325007439,5.470149994,5.047128201,0.998695221,-0.049971131,0.010523357,0.156693538,0.987644821,0.002216274,6.479424953,-4.544170380,0.858793974,0.000000000,0.000000000,0.000000000,1.000000000,5.047128201,0.325007439,5.470149994,5.470149994,0.922667241
2026-06-03T01:48:05,1773928474.169393063,r1,body,odom,77,structure_anchor_77,plane,wall_like,general_plane,unknown,candidate,false,true,true,false,1,0,1,1,0.326250000,0.125000000,0.350000000,1.000000000,0.000000000,0.000000000,0.000000000,0.000000000,62,0.009869468,0.000000000,-6.689838834,6.808781624,3.202041149,1.154020786,2.147985401,5.941797199,-1.366078129,0.107195854,2.274527550,1.360541940,0.999379375,-0.035180283,-0.001792321,0.142041212,0.989809314,-0.010093782,6.808781624,3.202041149,1.154020786,0.000000000,0.000000000,0.000000000,1.000000000,1.360541940,0.107195854,2.274527550,2.274527550,0.598164634
2026-06-03T01:48:05,1773928474.169393063,r1,body,odom,44,structure_anchor_44,cylinder,pipe_like,pipe_candidate,unknown,confirmed,true,true,true,false,11,0,57,11,0.623271491,1.000000000,0.673375000,0.192982456,0.000000000,0.000000000,0.000000000,0.008951830,12,0.001910220,0.041409373,0.000000000,-0.441235334,5.099506855,1.135032535,-0.515302995,-1.063099662,-1.323636208,0.082818747,0.082818747,0.738431156,-0.009400438,-0.008315515,0.999921239,0.008877734,-0.002083112,0.999958422,-0.441235334,5.099506855,1.135032535,0.000000000,0.000000000,0.000000000,1.000000000,0.738431156,0.082818747,0.082818747,0.082818747,8.916231968
2026-06-03T01:48:05,1773928474.169393063,r1,body,odom,39,structure_anchor_39,plane,wall_like,general_plane,unknown,stale,false,false,true,false,10,17,71,10,0.418669014,1.000000000,0.000000000,0.140845070,0.850000000,0.000000000,0.000000000,0.236786505,399,0.069609211,0.000000000,-7.633301169,5.304158676,4.073132876,1.091880680,1.120613150,4.538709863,-1.415116893,6.627472878,0.545841694,2.785300255,0.999226997,-0.027327152,0.028261504,0.134265570,0.990744296,0.019966033,5.304158676,4.073132876,1.091880680,0.000000000,0.000000000,0.000000000,1.000000000,2.785300255,6.627472878,0.545841694,6.627472878,0.420265810
2026-06-03T01:48:05,1773928474.169393063,r1,body,odom,36,structure_anchor_36,cylinder,pipe_like,pipe_candidate,unknown,stale,false,false,true,false,8,32,90,8,0.397777778,1.000000000,0.000000000,0.088888889,1.000000000,0.000000000,0.000000000,0.156795186,24,0.002936858,0.051238090,0.000000000,1.987949691,4.981328050,0.376078030,-0.138786483,1.333170167,-2.102766932,0.102476180,0.102476180,1.421108603,-0.007666194,-0.002813071,0.999966696,0.003592833,0.000231007,0.999993558,1.987949691,4.981328050,0.376078030,0.000000000,0.000000000,0.000000000,1.000000000,1.421108603,0.102476180,0.102476180,0.102476180,13.867696952
2026-06-03T01:48:05,1773928474.169393063,r1,body,odom,20,structure_anchor_20,plane,wall_like,general_plane,unknown,stale,false,false,true,false,10,55,117,10,0.397093858,1.000000000,0.000000000,0.085470085,1.000000000,0.000005312,0.000000000,0.361794317,302,0.049209712,0.000000000,2.520599236,0.825646212,9.028593056,0.633450185,-4.286857763,0.613329045,-1.832806794,4.355621815,5.514767647,1.646147132,0.024497856,0.970845618,-0.238450664,-0.963018006,0.126430427,-0.237932363,0.825646212,9.028593056,0.633450185,0.000000000,0.000000000,0.000000000,1.000000000,1.646147132,4.355621815,5.514767647,5.514767647,0.298498003
2026-06-03T01:48:05,1773928474.169393063,r1,body,odom,18,structure_anchor_18,plane,wall_like,general_plane,unknown,stale,false,false,true,false,59,50,171,58,0.447836257,1.000000000,0.000000000,0.339181287,1.000000000,0.000000000,0.000000000,0.473616642,362,0.027704651,0.000000000,3.424455157,2.525091479,8.889338782,0.543674635,-3.966483922,2.287282847,-1.936754315,3.787658453,4.473103046,2.191109657,0.045114507,0.997436854,-0.055538097,-0.986951622,0.151268324,-0.055177312,2.525091479,8.889338782,0.543674635,0.000000000,0.000000000,0.000000000,1.000000000,2.191109657,3.787658453,4.473103046,4.473103046,0.489841087
2026-06-03T01:48:05,1773928474.370393038,r1,body,odom,2,structure_anchor_2,plane,wall_like,general_plane,unknown,confirmed,true,true,true,false,146,0,183,145,0.743144945,1.000000000,0.673375000,0.792349727,0.000000000,0.000000000,0.000000000,0.018284833,568,0.085632444,0.000000000,-10.630254896,-1.652938366,10.714281082,1.457782984,-6.200989664,-1.598417144,-1.019568664,13.165151596,0.601584435,4.002651691,0.043855065,0.999037551,-0.000839984,-0.989950064,0.141374705,-0.003497941,-1.652938366,10.714281082,1.457782984,0.000000000,0.000000000,0.000000000,1.000000000,4.002651691,13.165151596,0.601584435,13.165151596,0.304033847
2026-06-03T01:48:05,1773928474.370393038,r1,body,odom,49,structure_anchor_49,plane,wall_like,general_plane,unknown,confirmed,true,true,true,false,45,0,97,41,0.723769186,1.000000000,0.946165519,0.422680412,0.000000000,0.000000000,0.000000000,0.063350833,175,0.026383235,0.000000000,-6.566596527,6.275363445,-4.563455105,1.844709992,9.778497175,4.799667960,-0.648808091,0.357367039,5.412742138,2.489654303,0.997297794,-0.043646623,0.059093841,0.140916143,0.988622897,0.052607792,6.275363445,-4.563455105,1.844709992,0.000000000,0.000000000,0.000000000,1.000000000,2.489654303,0.357367039,5.412742138,5.412742138,0.459961742
2026-06-03T01:48:05,1773928474.370393038,r1,body,odom,68,structure_anchor_68,plane,wall_like,general_plane,unknown,confirmed,true,true,true,false,4,0,6,4,0.505472083,0.500000000,0.735693750,0.666666667,0.000000000,0.000000000,0.000000000,0.048879622,128,0.019297452,0.000000000,-6.576365675,6.761087418,7.306858063,1.968134522,-1.987528158,6.445174160,-0.556734508,0.264371395,4.510775566,3.409579277,0.997594205,-0.038570204,0.057603306,0.135895645,0.989404365,0.051103302,6.761087418,7.306858063,1.968134522,0.000000000,0.000000000,0.000000000,1.000000000,3.409579277,0.264371395,4.510775566,4.510775566,0.755874290
2026-06-03T01:48:05,1773928474.370393038,r1,body,odom,77,structure_anchor_77,plane,wall_like,general_plane,unknown,weak_tracked,false,true,true,false,2,0,2,2,0.428000000,0.250000000,0.577500000,1.000000000,0.000000000,0.000000000,0.000000000,0.063234821,73,0.011005578,0.000000000,-6.549132275,6.629904747,3.179837465,1.344762564,2.107916275,5.906630899,-1.169441193,0.207767963,2.473705769,2.108729601,0.997763457,-0.042542344,0.051558046,0.139875634,0.989143058,0.045066489,6.629904747,3.179837465,1.344762564,0.000000000,0.000000000,0.000000000,1.000000000,2.108729601,0.207767963,2.473705769,2.473705769,0.852457729
2026-06-03T01:48:05,1773928474.370393038,r1,body,odom,78,structure_anchor_78,compact_cluster,pillar_like,pillar_compact_cluster,unknown,candidate,false,true,true,false,1,0,1,1,0.326250000,0.125000000,0.350000000,1.000000000,0.000000000,0.000000000,0.000000000,0.000000000,162,0.024423338,0.000000000,0.000000000,-3.797330141,1.187176943,0.419317365,3.072348920,-4.671585799,-2.021258499,0.894393921,0.750369668,1.664964437,0.000000000,0.000000000,1.000000000,-0.001712868,0.006806150,0.999975371,-3.797330141,1.187176943,0.419317365,0.000000000,0.000000000,0.000000000,1.000000000,1.664964437,0.894393921,0.750369668,0.894393921,1.861556076
2026-06-03T01:48:05,1773928474.370393038,r1,body,odom,39,structure_anchor_39,plane,wall_like,general_plane,unknown,stale,false,false,true,false,10,18,72,10,0.414777778,1.000000000,0.000000000,0.138888889,0.900000000,0.000000000,0.000000000,0.236786505,399,0.069609211,0.000000000,-7.633301169,5.173598452,4.029159861,1.091473820,1.120612464,4.538710251,-1.415116836,6.627472878,0.545841694,2.785300255,0.998973984,-0.036743002,0.026478718,0.134265528,0.990744411,0.019966034,5.173598452,4.029159861,1.091473820,0.000000000,0.000000000,0.000000000,1.000000000,2.785300255,6.627472878,0.545841694,6.627472878,0.420265810
2026-06-03T01:48:05,1773928474.370393038,r1,body,odom,36,structure_anchor_36,cylinder,pipe_like,pipe_candidate,unknown,stale,false,false,true,false,8,33,91,8,0.397582418,1.000000000,0.000000000,0.087912088,1.000000000,0.000000000,0.000000000,0.156795186,24,0.002936858,0.051238090,0.000000000,1.864827119,4.970543801,0.384180479,-0.138787124,1.333170139,-2.102766914,0.102476180,0.102476180,1.421108603,-0.006024434,-0.005923530,0.999964404,0.003592834,0.000231008,0.999993614,1.864827119,4.970543801,0.384180479,0.000000000,0.000000000,0.000000000,1.000000000,1.421108603,0.102476180,0.102476180,0.102476180,13.867696952
2026-06-03T01:48:05,1773928474.370393038,r1,body,odom,20,structure_anchor_20,plane,wall_like,general_plane,unknown,stale,false,false,true,false,10,56,118,10,0.396949009,1.000000000,0.000000000,0.084745763,1.000000000,0.000004781,0.000000000,0.361794317,302,0.049209712,0.000000000,2.520599236,0.740805755,9.027642661,0.656339736,-4.286858810,0.613328706,-1.832806761,4.355621815,5.514767647,1.646147132,0.033166582,0.971328598,-0.235416489,-0.963018117,0.126430387,-0.237932376,0.740805755,9.027642661,0.656339736,0.000000000,0.000000000,0.000000000,1.000000000,1.646147132,4.355621815,5.514767647,5.514767647,0.298498003
2026-06-03T01:48:05,1773928474.370393038,r1,body,odom,18,structure_anchor_18,plane,wall_like,general_plane,unknown,stale,false,false,true,false,59,51,172,58,0.447441860,1.000000000,0.000000000,0.337209302,1.000000000,0.000000000,0.000000000,0.473616642,362,0.027704651,0.000000000,3.424455157,2.438724300,8.872817442,0.563239191,-3.966485029,2.287282706,-1.936754289,3.787658453,4.473103046,2.191109657,0.054335714,0.997144022,-0.052455883,-0.986951737,0.151268284,-0.055177315,2.438724300,8.872817442,0.563239191,0.000000000,0.000000000,0.000000000,1.000000000,2.191109657,3.787658453,4.473103046,4.473103046,0.489841087
2026-06-03T01:48:05,1773928474.568392992,r1,body,odom,49,structure_anchor_49,plane,wall_like,general_plane,unknown,confirmed,true,true,true,false,46,0,98,42,0.728715803,1.000000000,0.965007587,0.428571429,0.000000000,0.000000000,0.000000000,0.063988517,217,0.033139890,0.000000000,-6.343393623,5.902083874,-4.820347786,1.364135742,9.778316813,4.806963416,-1.113193583,0.615943432,5.572810173,3.293240786,0.995509496,-0.085630026,0.040352708,0.142671011,0.989342919,0.029075153,5.902083874,-4.820347786,1.364135742,0.000000000,0.000000000,0.000000000,1.000000000,3.293240786,0.615943432,5.572810173,5.572810173,0.590947957
2026-06-03T01:48:05,1773928474.568392992,r1,body,odom,68,structure_anchor_68,plane,wall_like,general_plane,unknown,confirmed,true,true,true,false,5,0,16,5,0.509390187,0.625000000,0.828200937,0.312500000,0.000000000,0.000000000,0.000000000,0.064462038,183,0.027947465,0.000000000,-6.355947911,6.875264168,6.846482277,1.701744318,-1.815819278,6.457165727,-0.943501037,0.399195671,4.944204807,3.964768887,0.995725061,-0.082085294,0.042351010,0.139119829,0.989789388,0.031023119,6.875264168,6.846482277,1.701744318,0.000000000,0.000000000,0.000000000,1.000000000,3.964768887,0.399195671,4.944204807,4.944204807,0.801902235
2026-06-03T01:48:05,1773928474.568392992,r1,body,odom,77,structure_anchor_77,plane,wall_like,general_plane,unknown,confirmed,true,true,true,false,3,0,3,3,0.513825000,0.375000000,0.725375000,1.000000000,0.000000000,0.000000000,0.000000000,0.073468010,109,0.016646304,0.000000000,-6.343944486,6.566284657,2.891132832,1.235070944,2.120538671,5.913965027,-1.353449161,0.248050690,2.629534721,2.830771208,0.996455097,-0.079987129,0.026063347,0.137272953,0.990424055,0.014701065,6.566284657,2.891132832,1.235070944,0.000000000,0.000000000,0.000000000,1.000000000,2.830771208,0.248050690,2.629534721,2.629534721,1.076529313
2026-06-03T01:48:05,1773928474.568392992,r1,body,odom,39,structure_anchor_39,plane,wall_like,general_plane,unknown,confirmed,true,true,true,true,11,0,73,11,0.508136986,1.000000000,0.350000000,0.150684932,0.600000000,0.000000000,0.000000000,0.233074876,278,0.042455712,0.000000000,-5.017686605,5.261694908,3.810171366,1.340244174,1.126177999,4.666175461,-1.244292511,0.392756939,5.507715702,2.091176033,0.997614644,-0.066828856,0.017289466,0.124315639,0.992226025,0.005738557,5.261694908,3.810171366,1.340244174,0.000000000,0.000000000,0.000000000,1.000000000,2.091176033,0.392756939,5.507715702,5.507715702,0.379681187
2026-06-03T01:48:05,1773928474.568392992,r1,body,odom,36,structure_anchor_36,cylinder,pipe_like,pipe_candidate,unknown,stale,false,false,true,false,8,34,92,8,0.397391304,1.000000000,0.000000000,0.086956522,1.000000000,0.000000000,0.000000000,0.156795186,24,0.002936858,0.051238090,0.000000000,1.871939072,4.891738636,0.453788662,-0.138784789,1.333170229,-2.102766976,0.102476180,0.102476180,1.421108603,-0.012030851,-0.016920684,0.999784342,0.003592830,0.000231005,0.999993410,1.871939072,4.891738636,0.453788662,0.000000000,0.000000000,0.000000000,1.000000000,1.421108603,0.102476180,0.102476180,0.102476180,13.867696952
2026-06-03T01:48:05,1773928474.568392992,r1,body,odom,20,structure_anchor_20,plane,wall_like,general_plane,unknown,stale,false,false,true,false,10,57,119,10,0.396806594,1.000000000,0.000000000,0.084033613,1.000000000,0.000004303,0.000000000,0.361794317,302,0.049209712,0.000000000,2.520599236,0.909573796,8.987300166,0.766466435,-4.286854991,0.613329924,-1.832806874,4.355621815,5.514767647,1.646147132,0.073358003,0.971804966,-0.224083675,-0.963017712,0.126430534,-0.237932326,0.909573796,8.987300166,0.766466435,0.000000000,0.000000000,0.000000000,1.000000000,1.646147132,4.355621815,5.514767647,5.514767647,0.298498003
2026-06-03T01:48:05,1773928474.568392992,r1,body,odom,18,structure_anchor_18,plane,wall_like,general_plane,unknown,stale,false,false,true,false,59,52,173,58,0.447052023,1.000000000,0.000000000,0.335260116,1.000000000,0.000000000,0.000000000,0.473616642,362,0.027704651,0.000000000,3.424455157,2.600448022,8.765621785,0.680630554,-3.966480995,2.287283201,-1.936754377,3.787658453,4.473103046,2.191109657,0.094486087,0.994692566,-0.040729103,-0.986951318,0.151268426,-0.055177302,2.600448022,8.765621785,0.680630554,0.000000000,0.000000000,0.000000000,1.000000000,2.191109657,3.787658453,4.473103046,4.473103046,0.489841087
2026-06-03T01:48:05,1773928474.772392988,r1,body,odom,49,structure_anchor_49,plane,wall_like,general_plane,unknown,confirmed,true,true,true,false,47,0,99,43,0.732319673,1.000000000,0.977254932,0.434343434,0.000000000,0.000000000,0.000000000,0.110886972,265,0.031887945,0.000000000,-6.099788057,5.726241843,-4.931326818,0.482146571,9.907876796,4.775514492,-1.978982231,0.525028229,5.527721405,2.431430817,0.996593979,-0.081142897,-0.014709698,0.141585555,0.989749557,-0.018696175,5.726241843,-4.931326818,0.482146571,0.000000000,0.000000000,0.000000000,1.000000000,2.431430817,0.525028229,5.527721405,5.527721405,0.439861317
2026-06-03T01:48:05,1773928474.772392988,r1,body,odom,68,structure_anchor_68,plane,wall_like,general_plane,unknown,confirmed,true,true,true,false,6,0,17,6,0.585754357,0.750000000,0.888330609,0.352941176,0.000000000,0.000000000,0.000000000,0.109833110,83,0.012367754,0.000000000,-6.157350401,6.726989746,6.697695732,1.469367862,-1.646716455,6.484718082,-1.095648261,0.300035477,3.468556881,1.604697704,0.996654525,-0.081729582,0.000180692,0.142052341,0.989851896,-0.003801772,6.726989746,6.697695732,1.469367862,0.000000000,0.000000000,0.000000000,1.000000000,1.604697704,0.300035477,3.468556881,3.468556881,0.462641311
2026-06-03T01:48:05,1773928474.772392988,r1,body,odom,77,structure_anchor_77,plane,wall_like,general_plane,unknown,confirmed,false,true,true,false,4,0,4,4,0.589298750,0.500000000,0.821493750,1.000000000,0.000000000,0.000000000,0.000000000,0.078851101,74,0.011026673,0.000000000,-6.133365150,6.396327019,2.791457891,1.278740048,2.233693992,5.916805516,-1.251412350,0.216312885,2.556309223,1.688884258,0.996397151,-0.084771046,-0.002566638,0.145095076,0.989396272,-0.006521835,6.396327019,2.791457891,1.278740048,0.000000000,0.000000000,0.000000000,1.000000000,1.688884258,0.216312885,2.556309223,2.556309223,0.660672912
2026-06-03T01:48:05,1773928474.772392988,r1,body,odom,79,structure_anchor_79,plane,wall_like,general_plane,unknown,candidate,false,true,true,false,1,0,1,1,0.326250000,0.125000000,0.350000000,1.000000000,0.000000000,0.000000000,0.000000000,0.000000000,62,0.009238564,0.000000000,-6.091710255,5.223001003,-10.531566620,-0.547191858,15.475536395,3.928256723,-2.958164917,0.276366234,2.283679962,4.027710438,0.996102704,-0.082846680,-0.030262705,0.143384251,0.989074947,-0.034231614,5.223001003,-10.531566620,-0.547191858,0.000000000,0.000000000,0.000000000,1.000000000,4.027710438,0.276366234,2.283679962,2.283679962,1.763693033
2026-06-03T01:48:05,1773928474.772392988,r1,body,odom,78,structure_anchor_78,compact_cluster,pillar_like,pillar_compact_cluster,unknown,weak_tracked,false,true,true,false,2,0,3,2,0.350933333,0.250000000,0.525500000,0.666666667,0.000000000,0.000000000,0.000000000,0.007266854,130,0.019371182,0.000000000,0.000000000,-4.119103432,1.223075747,0.599168956,3.166639419,-4.677773308,-1.868210842,0.683283329,1.050187588,1.749172091,0.000000000,0.000000000,1.000000000,-0.008224902,0.005203457,0.999952636,-4.119103432,1.223075747,0.599168956,0.000000000,0.000000000,0.000000000,1.000000000,1.749172091,0.683283329,1.050187588,1.050187588,1.665580618
2026-06-03T01:48:05,1773928474.772392988,r1,body,odom,36,structure_anchor_36,cylinder,pipe_like,pipe_candidate,unknown,stale,false,false,true,false,8,35,93,8,0.397204301,1.000000000,0.000000000,0.086021505,1.000000000,0.000000000,0.000000000,0.156795186,24,0.002936858,0.051238090,0.000000000,1.681222493,4.888796546,0.423088465,-0.138786623,1.333170117,-2.102766929,0.102476180,0.102476180,1.421108603,-0.004246316,-0.012097430,0.999917859,0.003592833,0.000231008,0.999993571,1.681222493,4.888796546,0.423088465,0.000000000,0.000000000,0.000000000,1.000000000,1.421108603,0.102476180,0.102476180,0.102476180,13.867696952
2026-06-03T01:48:05,1773928474.772392988,r1,body,odom,20,structure_anchor_20,plane,wall_like,general_plane,unknown,stale,false,false,true,false,10,58,120,10,0.396666550,1.000000000,0.000000000,0.083333333,1.000000000,0.000003873,0.000000000,0.361794317,302,0.049209712,0.000000000,2.520599236,0.709740794,8.983131169,0.723407635,-4.286858006,0.613328920,-1.832806789,4.355621815,5.514767647,1.646147132,0.068876582,0.970905835,-0.229342493,-0.963018034,0.126430418,-0.237932366,0.709740794,8.983131169,0.723407635,0.000000000,0.000000000,0.000000000,1.000000000,1.646147132,4.355621815,5.514767647,5.514767647,0.298498003
2026-06-03T01:48:05,1773928474.772392988,r1,body,odom,18,structure_anchor_18,plane,wall_like,general_plane,unknown,stale,false,false,true,false,59,53,174,58,0.446666667,1.000000000,0.000000000,0.333333333,1.000000000,0.000000000,0.000000000,0.473616642,362,0.027704651,0.000000000,3.424455157,2.400519884,8.765751887,0.625540339,-3.966484179,2.287282772,-1.936754312,3.787658453,4.473103046,2.191109657,0.091358102,0.994742624,-0.046270001,-0.986951651,0.151268315,-0.055177313,2.400519884,8.765751887,0.625540339,0.000000000,0.000000000,0.000000000,1.000000000,2.191109657,3.787658453,4.473103046,4.473103046,0.489841087
2026-06-03T01:48:05,1773928474.949393034,r1,body,odom,80,structure_anchor_80,compact_cluster,pillar_like,pillar_compact_cluster,unknown,candidate,false,true,true,false,1,0,1,1,0.326250000,0.125000000,0.350000000,1.000000000,0.000000000,0.000000000,0.000000000,0.000000000,32,0.004727434,0.000000000,0.000000000,4.901855469,-1.727398157,1.057809114,6.666281976,4.348448635,-1.470019690,0.276827335,0.281153202,1.654620051,0.000000000,0.000000000,1.000000000,0.000630058,0.011228624,0.999936759,4.901855469,-1.727398157,1.057809114,0.000000000,0.000000000,0.000000000,1.000000000,1.654620051,0.276827335,0.281153202,0.281153202,5.885119000
2026-06-03T01:48:05,1773928474.949393034,r1,body,odom,44,structure_anchor_44,cylinder,pipe_like,pipe_candidate,unknown,stale,false,false,true,false,11,4,61,11,0.542740574,1.000000000,0.353375000,0.180327869,0.200000000,0.000000000,0.000000000,0.008951830,12,0.001910220,0.041409373,0.000000000,-0.989611970,5.115009750,0.895405927,-0.517949201,-1.122551909,-1.566470706,0.082818747,0.082818747,0.738431156,-0.010623291,-0.003171732,0.999938658,0.003157533,0.000433882,0.999995038,-0.989611970,5.115009750,0.895405927,0.000000000,0.000000000,0.000000000,1.000000000,0.738431156,0.082818747,0.082818747,0.082818747,8.916231968
2026-06-03T01:48:05,1773928474.949393034,r1,body,odom,36,structure_anchor_36,cylinder,pipe_like,pipe_candidate,unknown,stale,false,false,true,false,8,36,94,8,0.397021277,1.000000000,0.000000000,0.085106383,1.000000000,0.000000000,0.000000000,0.156795186,24,0.002936858,0.051238090,0.000000000,1.490334500,4.884160838,0.386956912,-0.138787338,1.333170011,-2.102766904,0.102476180,0.102476180,1.421108603,-0.010799606,-0.003618441,0.999935253,0.003592834,0.000231008,0.999993637,1.490334500,4.884160838,0.386956912,0.000000000,0.000000000,0.000000000,1.000000000,1.421108603,0.102476180,0.102476180,0.102476180,13.867696952
2026-06-03T01:48:05,1773928474.949393034,r1,body,odom,20,structure_anchor_20,plane,wall_like,general_plane,unknown,stale,false,false,true,false,10,59,121,10,0.396528821,1.000000000,0.000000000,0.082644628,1.000000000,0.000003485,0.000000000,0.361794317,302,0.049209712,0.000000000,2.520599236,0.519495043,8.981453665,0.646203650,-4.286859202,0.613328451,-1.832806744,4.355621815,5.514767647,1.646147132,0.070989965,0.968887062,-0.237104451,-0.963018165,0.126430371,-0.237932381,0.519495043,8.981453665,0.646203650,0.000000000,0.000000000,0.000000000,1.000000000,1.646147132,4.355621815,5.514767647,5.514767647,0.298498003
2026-06-03T01:48:05,1773928474.949393034,r1,body,odom,18,structure_anchor_18,plane,wall_like,general_plane,unknown,stale,false,false,true,false,59,54,175,58,0.446285714,1.000000000,0.000000000,0.331428571,1.000000000,0.000000000,0.000000000,0.473616642,362,0.027704651,0.000000000,3.424455157,2.210740979,8.762278028,0.561260745,-3.966485444,2.287282537,-1.936754275,3.787658453,4.473103046,2.191109657,0.092287620,0.994261902,-0.054097128,-0.986951787,0.151268269,-0.055177316,2.210740979,8.762278028,0.561260745,0.000000000,0.000000000,0.000000000,1.000000000,2.191109657,3.787658453,4.473103046,4.473103046,0.489841087
2026-06-03T01:48:06,1773928475.168382883,r1,body,odom,49,structure_anchor_49,plane,wall_like,general_plane,unknown,confirmed,true,true,true,false,48,0,101,44,0.723771854,1.000000000,0.933215706,0.435643564,0.000000000,0.000000000,0.000000000,0.121796239,254,0.036790267,0.000000000,-5.816675841,5.340810299,-4.795586586,1.574344993,9.775298862,4.797801821,-0.997002860,0.622730255,6.251128197,2.473370552,0.994821894,-0.088720302,0.049579307,0.148886251,0.988154076,0.037208522,5.340810299,-4.795586586,1.574344993,0.000000000,0.000000000,0.000000000,1.000000000,2.473370552,0.622730255,6.251128197,6.251128197,0.395667866
2026-06-03T01:48:06,1773928475.168382883,r1,body,odom,68,structure_anchor_68,plane,wall_like,general_plane,unknown,confirmed,true,true,true,false,7,0,19,7,0.642517190,0.875000000,0.875414896,0.368421053,0.000000000,0.000000000,0.000000000,0.114787396,154,0.022305910,0.000000000,-5.863025474,6.354799271,6.882665634,1.658452272,-1.819784176,6.516449447,-0.866115455,0.338214874,3.594735622,3.170512199,0.995174612,-0.080510199,0.056085637,0.140750023,0.989078007,0.043751510,6.354799271,6.882665634,1.658452272,0.000000000,0.000000000,0.000000000,1.000000000,3.170512199,0.338214874,3.594735622,3.594735622,0.881987588
2026-06-03T01:48:06,1773928475.168382883,r1,body,odom,77,structure_anchor_77,plane,wall_like,general_plane,unknown,confirmed,true,true,true,false,5,0,6,5,0.614310854,0.625000000,0.831970937,0.833333333,0.000000000,0.000000000,0.000000000,0.093449108,95,0.013760139,0.000000000,-5.810337013,6.047787189,3.079869032,1.281316280,1.955313792,5.975858958,-1.258732575,0.272776127,2.348934412,1.682478786,0.995972531,-0.083145930,0.033548061,0.143299227,0.989452503,0.021192977,6.047787189,3.079869032,1.281316280,0.000000000,0.000000000,0.000000000,1.000000000,1.682478786,0.272776127,2.348934412,2.348934412,0.716273208
2026-06-03T01:48:06,1773928475.168382883,r1,body,odom,79,structure_anchor_79,plane,wall_like,general_plane,unknown,weak_tracked,false,true,true,false,2,0,3,2,0.350933333,0.250000000,0.525500000,0.666666667,0.000000000,0.000000000,0.000000000,0.072959907,74,0.010718424,0.000000000,-5.784813368,4.859444618,-10.416018486,1.427598000,15.355492219,3.976051627,-1.166334458,0.299038887,2.968517303,3.320757627,0.995485206,-0.085218630,0.041796997,0.145386223,0.988937005,0.029436594,4.859444618,-10.416018486,1.427598000,0.000000000,0.000000000,0.000000000,1.000000000,3.320757627,0.299038887,2.968517303,2.968517303,1.118658673
2026-06-03T01:48:06,1773928475.168382883,r1,body,odom,44,structure_anchor_44,cylinder,pipe_like,pipe_candidate,unknown,stale,false,false,true,false,11,5,62,11,0.522658871,1.000000000,0.273375000,0.177419355,0.250000000,0.000000000,0.000000000,0.008951830,12,0.001910220,0.041409373,0.000000000,-1.182760885,5.118142165,0.876629042,-0.517948432,-1.122551396,-1.566470779,0.082818747,0.082818747,0.738431156,-0.011357199,0.001921090,0.999933695,0.003157532,0.000433881,0.999994957,-1.182760885,5.118142165,0.876629042,0.000000000,0.000000000,0.000000000,1.000000000,0.738431156,0.082818747,0.082818747,0.082818747,8.916231968
2026-06-03T01:48:06,1773928475.168382883,r1,body,odom,36,structure_anchor_36,cylinder,pipe_like,pipe_candidate,unknown,stale,false,false,true,false,8,37,95,8,0.396842105,1.000000000,0.000000000,0.084210526,1.000000000,0.000000000,0.000000000,0.156795186,24,0.002936858,0.051238090,0.000000000,1.297616991,4.885345906,0.371182157,-0.138786429,1.333170105,-2.102766932,0.102476180,0.102476180,1.421108603,-0.011533399,0.001474324,0.999932437,0.003592833,0.000231007,0.999993555,1.297616991,4.885345906,0.371182157,0.000000000,0.000000000,0.000000000,1.000000000,1.421108603,0.102476180,0.102476180,0.102476180,13.867696952
2026-06-03T01:48:06,1773928475.168382883,r1,body,odom,20,structure_anchor_20,plane,wall_like,general_plane,unknown,stale,false,false,true,false,10,60,122,10,0.396393349,1.000000000,0.000000000,0.081967213,1.000000000,0.000003137,0.000000000,0.361794317,302,0.049209712,0.000000000,2.520599236,0.325544366,8.983655362,0.608833458,-4.286857695,0.613328997,-1.832806794,4.355621815,5.514767647,1.646147132,0.070917503,0.967684463,-0.241986695,-0.963018002,0.126430430,-0.237932362,0.325544366,8.983655362,0.608833458,0.000000000,0.000000000,0.000000000,1.000000000,1.646147132,4.355621815,5.514767647,5.514767647,0.298498003
2026-06-03T01:48:06,1773928475.168382883,r1,body,odom,18,structure_anchor_18,plane,wall_like,general_plane,unknown,stale,false,false,true,false,59,55,176,58,0.445909091,1.000000000,0.000000000,0.329545455,1.000000000,0.000000000,0.000000000,0.473616642,362,0.027704651,0.000000000,3.424455157,2.016907863,8.764486611,0.526249069,-3.966483851,2.287282792,-1.936754315,3.787658453,4.473103046,2.191109657,0.092074223,0.993997048,-0.059095502,-0.986951618,0.151268326,-0.055177311,2.016907863,8.764486611,0.526249069,0.000000000,0.000000000,0.000000000,1.000000000,2.191109657,3.787658453,4.473103046,4.473103046,0.489841087
2026-06-03T01:48:06,1773928475.168382883,r1,body,odom,2,structure_anchor_2,plane,wall_like,general_plane,unknown,stale,false,false,true,false,146,4,187,145,0.661755214,1.000000000,0.353375000,0.775401070,0.200000000,0.000000000,0.000000000,0.018284833,568,0.085632444,0.000000000,-10.630254896,0.812029595,10.550811784,1.450183894,-5.816921738,1.203385251,-0.989447141,13.165151596,0.601584435,4.002651691,-0.085741092,-0.996249985,0.011597567,0.989309021,-0.145636872,0.007596144,0.812029595,10.550811784,1.450183894,0.000000000,0.000000000,0.000000000,1.000000000,4.002651691,13.165151596,0.601584435,13.165151596,0.304033847
2026-06-03T01:48:06,1773928475.369383097,r1,body,odom,2,structure_anchor_2,plane,wall_like,general_plane,unknown,confirmed,true,true,true,true,147,0,188,146,0.721257899,1.000000000,0.579693750,0.776595745,0.000000000,0.000000000,0.000000000,0.023649939,526,0.075153593,0.000000000,-10.534411815,-2.049813747,10.759938240,1.544823527,-6.197436236,-1.464842957,-0.920779795,12.587751389,1.139450073,3.901632786,0.089191606,0.996014479,0.000118921,-0.988967428,0.148121778,-0.001841413,-2.049813747,10.759938240,1.544823527,0.000000000,0.000000000,0.000000000,1.000000000,3.901632786,12.587751389,1.139450073,12.587751389,0.309954706
2026-06-03T01:48:06,1773928475.369383097,r1,body,odom,49,structure_anchor_49,plane,wall_like,general_plane,unknown,confirmed,true,true,true,false,49,0,102,45,0.729553336,1.000000000,0.956590209,0.441176471,0.000000000,0.000000000,0.000000000,0.119999851,277,0.039577082,0.000000000,-5.583967914,5.142546177,-4.831558704,1.028499126,9.793400930,4.782745893,-1.514224649,0.627547264,5.542301178,3.208924055,0.995243812,-0.087165318,0.043496687,0.146060550,0.988787661,0.031069327,5.142546177,-4.831558704,1.028499126,0.000000000,0.000000000,0.000000000,1.000000000,3.208924055,0.627547264,5.542301178,5.542301178,0.578987672
2026-06-03T01:48:06,1773928475.369383097,r1,body,odom,68,structure_anchor_68,plane,wall_like,general_plane,unknown,confirmed,true,true,true,false,8,0,20,8,0.713803936,1.000000000,0.919019682,0.400000000,0.000000000,0.000000000,0.000000000,0.114038732,173,0.024717817,0.000000000,-5.594647525,6.147541523,7.005832672,1.852819920,-1.963582810,6.498569770,-0.712576154,0.433911324,4.805659771,3.751219511,0.994472219,-0.088861402,0.055934404,0.147706655,0.988073390,0.043517179,6.147541523,7.005832672,1.852819920,0.000000000,0.000000000,0.000000000,1.000000000,3.751219511,0.433911324,4.805659771,4.805659771,0.780583664
2026-06-03T01:48:06,1773928475.369383097,r1,body,odom,77,structure_anchor_77,plane,wall_like,general_plane,unknown,confirmed,true,true,true,false,6,0,7,6,0.687084793,0.750000000,0.890781109,0.857142857,0.000000000,0.000000000,0.000000000,0.103488800,87,0.012430347,0.000000000,-5.588241095,5.850227356,2.934929371,0.672527909,2.082621482,5.945424869,-1.885606671,0.222953320,2.667030573,2.710901260,0.995523396,-0.088153348,0.034090389,0.147064343,0.988889731,0.021661097,5.850227356,2.934929371,0.672527909,0.000000000,0.000000000,0.000000000,1.000000000,2.710901260,0.222953320,2.667030573,2.667030573,1.016449263
2026-06-03T01:48:06,1773928475.369383097,r1,body,odom,44,structure_anchor_44,cylinder,pipe_like,pipe_candidate,unknown,stale,false,false,true,false,11,6,63,11,0.502595635,1.000000000,0.193375000,0.174603175,0.300000000,0.000000000,0.000000000,0.008951830,12,0.001910220,0.041409373,0.000000000,-1.363050313,5.111309643,0.902939797,-0.517948224,-1.122551247,-1.566470801,0.082818747,0.082818747,0.738431156,-0.011936681,-0.003969913,0.999920888,0.003157531,0.000433881,0.999994934,-1.363050313,5.111309643,0.902939797,0.000000000,0.000000000,0.000000000,1.000000000,0.738431156,0.082818747,0.082818747,0.082818747,8.916231968
2026-06-03T01:48:06,1773928475.369383097,r1,body,odom,39,structure_anchor_39,plane,wall_like,general_plane,unknown,stale,false,false,true,false,11,4,77,11,0.428571429,1.000000000,0.030000000,0.142857143,0.800000000,0.000000000,0.000000000,0.233074876,278,0.042455712,0.000000000,-5.017686605,4.414466705,3.811852088,1.168473758,1.122004421,4.570576018,-1.372410849,0.392756939,5.507715702,2.091176033,0.996874071,-0.073260977,0.029579414,0.132278791,0.991064703,0.017120954,4.414466705,3.811852088,1.168473758,0.000000000,0.000000000,0.000000000,1.000000000,2.091176033,0.392756939,5.507715702,5.507715702,0.379681187
2026-06-03T01:48:06,1773928475.369383097,r1,body,odom,36,structure_anchor_36,cylinder,pipe_like,pipe_candidate,unknown,stale,false,false,true,false,8,38,96,8,0.396666667,1.000000000,0.000000000,0.083333333,1.000000000,0.000000000,0.000000000,0.156795186,24,0.002936858,0.051238090,0.000000000,1.117382412,4.878964400,0.397554842,-0.138786182,1.333170138,-2.102766941,0.102476180,0.102476180,1.421108603,-0.012113335,-0.004416483,0.999916891,0.003592833,0.000231007,0.999993532,1.117382412,4.878964400,0.397554842,0.000000000,0.000000000,0.000000000,1.000000000,1.421108603,0.102476180,0.102476180,0.102476180,13.867696952
2026-06-03T01:48:06,1773928475.369383097,r1,body,odom,20,structure_anchor_20,plane,wall_like,general_plane,unknown,stale,false,false,true,false,10,61,123,10,0.396260078,1.000000000,0.000000000,0.081300813,1.000000000,0.000002823,0.000000000,0.361794317,302,0.049209712,0.000000000,2.520599236,0.149349839,8.976791555,0.658837209,-4.286857283,0.613329155,-1.832806810,4.355621815,5.514767647,1.646147132,0.072044559,0.969022985,-0.236228833,-0.963017957,0.126430446,-0.237932357,0.149349839,8.976791555,0.658837209,0.000000000,0.000000000,0.000000000,1.000000000,1.646147132,4.355621815,5.514767647,5.514767647,0.298498003
2026-06-03T01:48:06,1773928475.369383097,r1,body,odom,18,structure_anchor_18,plane,wall_like,general_plane,unknown,stale,false,false,true,false,59,56,177,58,0.445536723,1.000000000,0.000000000,0.327683616,1.000000000,0.000000000,0.000000000,0.473616642,362,0.027704651,0.000000000,3.424455157,1.840536748,8.756384392,0.575933707,-3.966483415,2.287282869,-1.936754328,3.787658453,4.473103046,2.191109657,0.093121737,0.994233858,-0.053173349,-0.986951572,0.151268341,-0.055177310,1.840536748,8.756384392,0.575933707,0.000000000,0.000000000,0.000000000,1.000000000,2.191109657,3.787658453,4.473103046,4.473103046,0.489841087
2026-06-03T01:48:06,1773928475.549382925,r1,body,odom,49,structure_anchor_49,plane,wall_like,general_plane,unknown,confirmed,true,true,true,false,50,0,103,46,0.733677115,1.000000000,0.971783636,0.446601942,0.000000000,0.000000000,0.000000000,0.115994387,291,0.041223969,0.000000000,-5.428309730,4.977226257,-5.082343578,0.880043030,10.012646097,4.797796441,-1.644918112,0.545407295,5.468358517,3.204240322,0.995597922,-0.087050099,0.034742727,0.140941103,0.989820141,0.019796781,4.977226257,-5.082343578,0.880043030,0.000000000,0.000000000,0.000000000,1.000000000,3.204240322,0.545407295,5.468358517,5.468358517,0.585960177
2026-06-03T01:48:06,1773928475.549382925,r1,body,odom,68,structure_anchor_68,plane,wall_like,general_plane,unknown,confirmed,true,true,true,false,9,0,21,9,0.725186844,1.000000000,0.947362794,0.428571429,0.000000000,0.000000000,0.000000000,0.131746825,114,0.016149596,0.000000000,-5.358551490,5.969774723,7.100767612,2.302060843,-2.110063059,6.474975131,-0.355533560,0.443604946,4.868432999,2.696823597,0.995549005,-0.090671105,0.025708554,0.144632490,0.989426617,0.010799606,5.969774723,7.100767612,2.302060843,0.000000000,0.000000000,0.000000000,1.000000000,2.696823597,0.443604946,4.868432999,4.868432999,0.553940785
2026-06-03T01:48:06,1773928475.549382925,r1,body,odom,79,structure_anchor_79,plane,wall_like,general_plane,unknown,weak_tracked,false,true,true,false,3,0,5,3,0.416665000,0.375000000,0.639575000,0.600000000,0.000000000,0.000000000,0.000000000,0.110840004,82,0.011616376,0.000000000,-5.465378510,4.478847027,-10.628334045,1.399336576,15.518452628,4.006899890,-1.064709700,0.304258823,2.847156525,3.919730186,0.995359428,-0.090454445,0.032826871,0.144343899,0.989365462,0.017917632,4.478847027,-10.628334045,1.399336576,0.000000000,0.000000000,0.000000000,1.000000000,3.919730186,0.304258823,2.847156525,2.847156525,1.376717491
2026-06-03T01:48:06,1773928475.549382925,r1,body,odom,44,structure_anchor_44,cylinder,pipe_like,pipe_candidate,unknown,stale,false,false,true,false,11,7,64,11,0.482550000,1.000000000,0.113375000,0.171875000,0.350000000,0.000000000,0.000000000,0.008951830,12,0.001910220,0.041409373,0.000000000,-1.509416221,5.109230526,0.953326590,-0.517949133,-1.122552025,-1.566470709,0.082818747,0.082818747,0.738431156,-0.015237762,-0.012704952,0.999803294,0.003157533,0.000433883,0.999995037,-1.509416221,5.109230526,0.953326590,0.000000000,0.000000000,0.000000000,1.000000000,0.738431156,0.082818747,0.082818747,0.082818747,8.916231968
2026-06-03T01:48:06,1773928475.549382925,r1,body,odom,39,structure_anchor_39,plane,wall_like,general_plane,unknown,stale,false,false,true,false,11,5,78,11,0.418705128,1.000000000,0.000000000,0.141025641,0.850000000,0.000000000,0.000000000,0.233074876,278,0.042455712,0.000000000,-5.017686605,4.260925870,3.779741048,1.226123605,1.122003256,4.570576545,-1.372410745,0.392756939,5.507715702,2.091176033,0.996410404,-0.078307584,0.032163047,0.132278715,0.991064915,0.017120954,4.260925870,3.779741048,1.226123605,0.000000000,0.000000000,0.000000000,1.000000000,2.091176033,0.392756939,5.507715702,5.507715702,0.379681187
2026-06-03T01:48:06,1773928475.549382925,r1,body,odom,36,structure_anchor_36,cylinder,pipe_like,pipe_candidate,unknown,stale,false,false,true,false,8,39,97,8,0.396494845,1.000000000,0.000000000,0.082474227,1.000000000,0.000000000,0.000000000,0.156795186,24,0.002936858,0.051238090,0.000000000,0.971524270,4.869421951,0.453954760,-0.138787268,1.333169889,-2.102766908,0.102476180,0.102476180,1.421108603,-0.015416533,-0.013150615,0.999794791,0.003592835,0.000231009,0.999993635,0.971524270,4.869421951,0.453954760,0.000000000,0.000000000,0.000000000,1.000000000,1.421108603,0.102476180,0.102476180,0.102476180,13.867696952
2026-06-03T01:48:06,1773928475.549382925,r1,body,odom,18,structure_anchor_18,plane,wall_like,general_plane,unknown,stale,false,false,true,false,59,57,178,58,0.445168539,1.000000000,0.000000000,0.325842697,1.000000000,0.000000000,0.000000000,0.473616642,362,0.027704651,0.000000000,3.424455157,1.712601459,8.741604230,0.668824976,-3.966485364,2.287282419,-1.936754283,3.787658453,4.473103046,2.191109657,0.098043679,0.994204142,-0.044111135,-0.986951785,0.151268270,-0.055177317,1.712601459,8.741604230,0.668824976,0.000000000,0.000000000,0.000000000,1.000000000,2.191109657,3.787658453,4.473103046,4.473103046,0.489841087
2026-06-03T01:48:06,1773928475.768383026,r1,body,odom,44,structure_anchor_44,cylinder,pipe_like,pipe_candidate,unknown,stale,false,false,true,false,11,8,65,11,0.462521154,1.000000000,0.033375000,0.169230769,0.400000000,0.000000000,0.000000000,0.008951830,12,0.001910220,0.041409373,0.000000000,-1.656714859,5.122074228,0.933534557,-0.517949288,-1.122552221,-1.566470690,0.082818747,0.082818747,0.738431156,-0.013165160,-0.009698796,0.999866432,0.003157534,0.000433883,0.999995056,-1.656714859,5.122074228,0.933534557,0.000000000,0.000000000,0.000000000,1.000000000,0.738431156,0.082818747,0.082818747,0.082818747,8.916231968
2026-06-03T01:48:06,1773928475.768383026,r1,body,odom,39,structure_anchor_39,plane,wall_like,general_plane,unknown,stale,false,false,true,false,11,6,79,11,0.414848101,1.000000000,0.000000000,0.139240506,0.900000000,0.000000000,0.000000000,0.233074876,278,0.042455712,0.000000000,-5.017686605,4.106568598,3.760656144,1.197947669,1.122003054,4.570576600,-1.372410723,0.392756939,5.507715702,2.091176033,0.996017118,-0.083867659,0.030271903,0.132278701,0.991064956,0.017120954,4.106568598,3.760656144,1.197947669,0.000000000,0.000000000,0.000000000,1.000000000,2.091176033,0.392756939,5.507715702,5.507715702,0.379681187
2026-06-03T01:48:06,1773928475.768383026,r1,body,odom,36,structure_anchor_36,cylinder,pipe_like,pipe_candidate,unknown,stale,false,false,true,false,8,40,98,8,0.396326531,1.000000000,0.000000000,0.081632653,1.000000000,0.000000000,0.000000000,0.156795186,24,0.002936858,0.051238090,0.000000000,0.821749412,4.866730660,0.429589254,-0.138787456,1.333169795,-2.102766899,0.102476180,0.102476180,1.421108603,-0.013346473,-0.010143461,0.999859616,0.003592835,0.000231009,0.999993654,0.821749412,4.866730660,0.429589254,0.000000000,0.000000000,0.000000000,1.000000000,1.421108603,0.102476180,0.102476180,0.102476180,13.867696952
2026-06-03T01:48:06,1773928475.768383026,r1,body,odom,18,structure_anchor_18,plane,wall_like,general_plane,unknown,stale,false,false,true,false,59,58,179,58,0.444804469,1.000000000,0.000000000,0.324022346,1.000000000,0.000000000,0.000000000,0.473616642,362,0.027704651,0.000000000,3.424455157,1.585227991,8.735255225,0.631527286,-3.966485718,2.287282287,-1.936754271,3.787658453,4.473103046,2.191109657,0.103584118,0.993498613,-0.047234609,-0.986951826,0.151268257,-0.055177318,1.585227991,8.735255225,0.631527286,0.000000000,0.000000000,0.000000000,1.000000000,2.191109657,3.787658453,4.473103046,4.473103046,0.489841087
2026-06-03T01:48:06,1773928475.966382980,r1,body,odom,44,structure_anchor_44,cylinder,pipe_like,pipe_candidate,unknown,stale,false,false,true,false,11,9,66,11,0.451833333,1.000000000,0.000000000,0.166666667,0.450000000,0.000000000,0.000000000,0.008951830,12,0.001910220,0.041409373,0.000000000,-1.787168455,5.137547842,0.939251763,-0.517947982,-1.122551034,-1.566470826,0.082818747,0.082818747,0.738431156,-0.018237089,-0.010731936,0.999776078,0.003157531,0.000433881,0.999994907,-1.787168455,5.137547842,0.939251763,0.000000000,0.000000000,0.000000000,1.000000000,0.738431156,0.082818747,0.082818747,0.082818747,8.916231968
2026-06-03T01:48:06,1773928475.966382980,r1,body,odom,39,structure_anchor_39,plane,wall_like,general_plane,unknown,stale,false,false,true,false,11,7,80,11,0.411000000,1.000000000,0.000000000,0.137500000,0.950000000,0.000000000,0.000000000,0.233074876,278,0.042455712,0.000000000,-5.017686605,3.955379653,3.696284291,1.230284045,1.122004730,4.570575881,-1.372410878,0.392756939,5.507715702,2.091176033,0.994601590,-0.097662481,0.035066927,0.132278811,0.991064647,0.017120954,3.955379653,3.696284291,1.230284045,0.000000000,0.000000000,0.000000000,1.000000000,2.091176033,0.392756939,5.507715702,5.507715702,0.379681187
2026-06-03T01:48:06,1773928475.966382980,r1,body,odom,36,structure_anchor_36,cylinder,pipe_like,pipe_candidate,unknown,stale,false,false,true,false,8,41,99,8,0.396161616,1.000000000,0.000000000,0.080808081,1.000000000,0.000000000,0.000000000,0.156795186,24,0.002936858,0.051238090,0.000000000,0.689990612,4.848586589,0.447185949,-0.138785893,1.333170209,-2.102766951,0.102476180,0.102476180,1.421108603,-0.018424492,-0.011174044,0.999767798,0.003592832,0.000231007,0.999993505,0.689990612,4.848586589,0.447185949,0.000000000,0.000000000,0.000000000,1.000000000,1.421108603,0.102476180,0.102476180,0.102476180,13.867696952
2026-06-03T01:48:06,1773928475.966382980,r1,body,odom,18,structure_anchor_18,plane,wall_like,general_plane,unknown,stale,false,false,true,false,59,59,180,58,0.444444444,1.000000000,0.000000000,0.322222222,1.000000000,0.000000000,0.000000000,0.473616642,362,0.027704651,0.000000000,3.424455157,1.505832882,8.705940467,0.657848248,-3.966482896,2.287282994,-1.936754342,3.787658453,4.473103046,2.191109657,0.117531449,0.992028630,-0.045448082,-0.986951515,0.151268360,-0.055177309,1.505832882,8.705940467,0.657848248,0.000000000,0.000000000,0.000000000,1.000000000,2.191109657,3.787658453,4.473103046,4.473103046,0.489841087
2026-06-03T01:48:07,1773928476.146378040,r1,body,odom,49,structure_anchor_49,plane,wall_like,general_plane,unknown,confirmed,true,true,true,false,51,0,106,47,0.714211118,1.000000000,0.877659363,0.443396226,0.000000000,0.000000000,0.000000000,0.143261487,349,0.050100488,0.000000000,-4.891272758,4.293690205,-4.803860188,0.726264298,9.467360538,4.947035129,-1.786814333,0.749511957,5.492507458,2.513534546,0.991361248,-0.130920476,0.007918626,0.128415504,0.991701216,-0.006195385,4.293690205,-4.803860188,0.726264298,0.000000000,0.000000000,0.000000000,1.000000000,2.513534546,0.749511957,5.492507458,5.492507458,0.457629701
2026-06-03T01:48:07,1773928476.146378040,r1,body,odom,77,structure_anchor_77,plane,wall_like,general_plane,unknown,confirmed,true,true,true,false,7,0,11,7,0.675624271,0.875000000,0.773007721,0.636363636,0.000000000,0.000000000,0.000000000,0.116095512,129,0.018518519,0.000000000,-4.885353671,5.266831398,2.523871422,1.212355971,2.132031264,5.908596200,-1.403021976,0.361870766,2.361806631,1.432028413,0.990844722,-0.134877383,0.005901526,0.132397352,0.991163271,-0.008157044,5.266831398,2.523871422,1.212355971,0.000000000,0.000000000,0.000000000,1.000000000,1.432028413,0.361870766,2.361806631,2.361806631,0.606327543
2026-06-03T01:48:07,1773928476.146378040,r1,body,odom,68,structure_anchor_68,plane,wall_like,general_plane,unknown,confirmed,true,true,true,false,10,0,24,10,0.705690497,1.000000000,0.861785816,0.416666667,0.000000000,0.000000000,0.000000000,0.162256780,127,0.018231410,0.000000000,-4.910090113,5.784488201,6.411756992,1.093318224,-1.755407146,6.414164183,-1.576284410,0.430857658,3.193316460,2.426657438,0.991364041,-0.130602678,0.011843894,0.128051055,0.991765083,-0.002274692,5.784488201,6.411756992,1.093318224,0.000000000,0.000000000,0.000000000,1.000000000,2.426657438,0.430857658,3.193316460,3.193316460,0.759917618
2026-06-03T01:48:07,1773928476.146378040,r1,body,odom,79,structure_anchor_79,plane,wall_like,general_plane,unknown,confirmed,true,true,true,false,4,0,8,4,0.457344750,0.500000000,0.661723750,0.500000000,0.000000000,0.000000000,0.000000000,0.115587615,103,0.014786104,0.000000000,-4.907595605,3.445957899,-11.245706558,0.011802305,15.919281028,4.104953718,-2.411411095,0.378115892,2.777421951,4.898735523,0.991158610,-0.132681745,0.000406191,0.130266450,0.991384725,-0.013682283,3.445957899,-11.245706558,0.011802305,0.000000000,0.000000000,0.000000000,1.000000000,4.898735523,0.378115892,2.777421951,2.777421951,1.763770723
2026-06-03T01:48:07,1773928476.146378040,r1,body,odom,44,structure_anchor_44,cylinder,pipe_like,pipe_candidate,unknown,stale,false,false,true,false,11,10,67,11,0.447835821,1.000000000,0.000000000,0.164179104,0.500000000,0.000000000,0.000000000,0.008951830,12,0.001910220,0.041409373,0.000000000,-1.754416669,5.193940982,0.969560696,-0.517949081,-1.122552134,-1.566470711,0.082818747,0.082818747,0.738431156,-0.015374021,-0.015007686,0.999769291,0.003157533,0.000433883,0.999995034,-1.754416669,5.193940982,0.969560696,0.000000000,0.000000000,0.000000000,1.000000000,0.738431156,0.082818747,0.082818747,0.082818747,8.916231968
2026-06-03T01:48:07,1773928476.146378040,r1,body,odom,39,structure_anchor_39,plane,wall_like,general_plane,unknown,stale,false,false,true,false,11,8,81,11,0.407160494,1.000000000,0.000000000,0.135802469,1.000000000,0.000000000,0.000000000,0.233074876,278,0.042455712,0.000000000,-5.017686605,3.930945491,3.536953747,1.233868358,1.122003325,4.570576436,-1.372410747,0.392756939,5.507715702,2.091176033,0.990347267,-0.135058028,0.031174453,0.132278718,0.991064915,0.017120954,3.930945491,3.536953747,1.233868358,0.000000000,0.000000000,0.000000000,1.000000000,2.091176033,0.392756939,5.507715702,5.507715702,0.379681187
2026-06-03T01:48:07,1773928476.146378040,r1,body,odom,36,structure_anchor_36,cylinder,pipe_like,pipe_candidate,unknown,stale,false,false,true,false,8,42,100,8,0.396000000,1.000000000,0.000000000,0.080000000,1.000000000,0.000000000,0.000000000,0.156795186,24,0.002936858,0.051238090,0.000000000,0.708546460,4.814753582,0.467588985,-0.138787209,1.333169780,-2.102766909,0.102476180,0.102476180,1.421108603,-0.015577901,-0.015442410,0.999759515,0.003592835,0.000231009,0.999993632,0.708546460,4.814753582,0.467588985,0.000000000,0.000000000,0.000000000,1.000000000,1.421108603,0.102476180,0.102476180,0.102476180,13.867696952
2026-06-03T01:48:07,1773928476.146378040,r1,body,odom,18,structure_anchor_18,plane,wall_like,general_plane,unknown,stale,false,false,true,false,59,60,181,58,0.444088398,1.000000000,0.000000000,0.320441989,1.000000000,0.000000000,0.000000000,0.473616642,362,0.027704651,0.000000000,3.424455157,1.669185122,8.637712587,0.694123599,-3.966485305,2.287282321,-1.936754286,3.787658453,4.473103046,2.191109657,0.154511270,0.987138101,-0.041047091,-0.986951785,0.151268273,-0.055177317,1.669185122,8.637712587,0.694123599,0.000000000,0.000000000,0.000000000,1.000000000,2.191109657,3.787658453,4.473103046,4.473103046,0.489841087
2026-06-03T01:48:07,1773928476.146378040,r1,body,odom,2,structure_anchor_2,plane,wall_like,general_plane,unknown,stale,false,false,true,false,147,4,192,146,0.640022083,1.000000000,0.259693750,0.760416667,0.200000000,0.000000000,0.000000000,0.023649939,526,0.075153593,0.000000000,-10.534411815,-0.092072612,10.576276790,1.653927205,-5.912052170,0.536327223,-0.972280182,12.587751389,1.139450073,3.901632786,-0.148613483,-0.988866102,-0.007621787,0.989244000,-0.146134258,0.006445220,-0.092072612,10.576276790,1.653927205,0.000000000,0.000000000,0.000000000,1.000000000,3.901632786,12.587751389,1.139450073,12.587751389,0.309954706
2026-06-03T01:48:07,1773928476.368377924,r1,body,odom,49,structure_anchor_49,plane,wall_like,general_plane,unknown,confirmed,true,true,true,false,52,0,107,48,0.723815343,1.000000000,0.920478586,0.448598131,0.000000000,0.000000000,0.000000000,0.141891800,327,0.046976009,0.000000000,-4.703359547,3.746210337,-5.253345013,0.881961346,9.684365705,4.881360652,-1.570710223,1.122864246,5.448456764,2.974580288,0.981179303,-0.191634924,0.023732472,0.133740696,0.990969697,0.009614670,3.746210337,-5.253345013,0.881961346,0.000000000,0.000000000,0.000000000,1.000000000,2.974580288,1.122864246,5.448456764,5.448456764,0.545949141
2026-06-03T01:48:07,1773928476.368377924,r1,body,odom,77,structure_anchor_77,plane,wall_like,general_plane,unknown,confirmed,true,true,true,false,8,0,12,8,0.753824337,1.000000000,0.852455019,0.666666667,0.000000000,0.000000000,0.000000000,0.113525609,103,0.014796725,0.000000000,-4.697504000,5.180822849,2.176503897,1.386123657,2.173604776,5.887810181,-1.269920199,0.481260300,2.439590931,1.262809515,0.981362821,-0.191021949,0.020919554,0.133187882,0.991067560,0.006785051,5.180822849,2.176503897,1.386123657,0.000000000,0.000000000,0.000000000,1.000000000,1.262809515,0.481260300,2.439590931,2.439590931,0.517631665
2026-06-03T01:48:07,1773928476.368377924,r1,body,odom,79,structure_anchor_79,plane,wall_like,general_plane,unknown,confirmed,true,true,true,false,5,0,9,5,0.548385199,0.625000000,0.780120437,0.555555556,0.000000000,0.000000000,0.000000000,0.152998962,83,0.011923574,0.000000000,-4.656825277,2.564009190,-11.288783073,0.955235243,15.774562695,4.055490176,-1.332134974,0.592735529,2.802322388,3.581523418,0.981674424,-0.186068813,0.041154856,0.127725930,0.991444949,0.026887856,2.564009190,-11.288783073,0.955235243,0.000000000,0.000000000,0.000000000,1.000000000,3.581523418,0.592735529,2.802322388,2.802322388,1.278055456
2026-06-03T01:48:07,1773928476.368377924,r1,body,odom,68,structure_anchor_68,plane,wall_like,general_plane,unknown,confirmed,false,true,true,false,11,0,25,11,0.720032156,1.000000000,0.910160780,0.440000000,0.000000000,0.000000000,0.000000000,0.180218132,71,0.010199684,0.000000000,-4.727113174,5.968690395,6.251613617,1.336387038,-1.937870974,6.435099018,-1.431070994,0.677960396,3.291543007,1.202294588,0.982667601,-0.184897996,0.013308516,0.127188710,0.991878019,-0.000992239,5.968690395,6.251613617,1.336387038,0.000000000,0.000000000,0.000000000,1.000000000,1.202294588,0.677960396,3.291543007,3.291543007,0.365267774
2026-06-03T01:48:07,1773928476.368377924,r1,body,odom,44,structure_anchor_44,cylinder,pipe_like,pipe_candidate,unknown,stale,false,false,true,false,11,11,68,11,0.443852941,1.000000000,0.000000000,0.161764706,0.550000000,0.000000000,0.000000000,0.008951830,12,0.001910220,0.041409373,0.000000000,-1.654670341,5.279549255,1.032985749,-0.517947925,-1.122550964,-1.566470831,0.082818747,0.082818747,0.738431156,-0.018750924,-0.026848711,0.999463610,0.003157530,0.000433881,0.999994900,-1.654670341,5.279549255,1.032985749,0.000000000,0.000000000,0.000000000,1.000000000,0.738431156,0.082818747,0.082818747,0.082818747,8.916231968
2026-06-03T01:48:07,1773928476.368377924,r1,body,odom,39,structure_anchor_39,plane,wall_like,general_plane,unknown,stale,false,false,true,false,11,9,82,11,0.406829268,1.000000000,0.000000000,0.134146341,1.000000000,0.000000000,0.000000000,0.233074876,278,0.042455712,0.000000000,-5.017686605,3.929004111,3.305442940,1.286525890,1.122004800,4.570575859,-1.372410883,0.392756939,5.507715702,2.091176033,0.981216249,-0.190359195,0.031273132,0.132278815,0.991064632,0.017120954,3.929004111,3.305442940,1.286525890,0.000000000,0.000000000,0.000000000,1.000000000,2.091176033,0.392756939,5.507715702,5.507715702,0.379681187
2026-06-03T01:48:07,1773928476.368377924,r1,body,odom,36,structure_anchor_36,cylinder,pipe_like,pipe_candidate,unknown,stale,false,false,true,false,8,43,101,8,0.395841584,1.000000000,0.000000000,0.079207921,1.000000000,0.000000000,0.000000000,0.156795186,24,0.002936858,0.051238090,0.000000000,0.784662404,4.770273901,0.530752033,-0.138785826,1.333170242,-2.102766952,0.102476180,0.102476180,1.421108603,-0.018978648,-0.027271253,0.999447872,0.003592832,0.000231007,0.999993499,0.784662404,4.770273901,0.530752033,0.000000000,0.000000000,0.000000000,1.000000000,1.421108603,0.102476180,0.102476180,0.102476180,13.867696952
2026-06-03T01:48:07,1773928476.368377924,r1,body,odom,18,structure_anchor_18,plane,wall_like,general_plane,unknown,stale,false,false,true,false,59,61,182,58,0.443736264,1.000000000,0.000000000,0.318681319,1.000000000,0.000000000,0.000000000,0.473616642,362,0.027704651,0.000000000,3.424455157,1.955914544,8.530641864,0.808163588,-3.966482767,2.287283037,-1.936754342,3.787658453,4.473103046,2.191109657,0.209295085,0.977449394,-0.028075051,-0.986951500,0.151268364,-0.055177308,1.955914544,8.530641864,0.808163588,0.000000000,0.000000000,0.000000000,1.000000000,2.191109657,3.787658453,4.473103046,4.473103046,0.489841087
2026-06-03T01:48:07,1773928476.368377924,r1,body,odom,2,structure_anchor_2,plane,wall_like,general_plane,unknown,stale,false,false,true,false,147,5,193,146,0.619734087,1.000000000,0.179693750,0.756476684,0.250000000,0.000000000,0.000000000,0.023649939,526,0.075153593,0.000000000,-10.534411815,0.302777169,10.551865844,1.789525550,-5.912049346,0.536328667,-0.972280366,12.587751389,1.139450073,3.901632786,-0.203377682,-0.978883587,-0.020600985,0.989243714,-0.146134350,0.006445217,0.302777169,10.551865844,1.789525550,0.000000000,0.000000000,0.000000000,1.000000000,3.901632786,12.587751389,1.139450073,12.587751389,0.309954706
2026-06-03T01:48:07,1773928476.548377991,r1,body,odom,49,structure_anchor_49,plane,wall_like,general_plane,unknown,confirmed,true,true,true,false,53,0,108,49,0.730402957,1.000000000,0.948311081,0.453703704,0.000000000,0.000000000,0.000000000,0.145516554,187,0.027027027,0.000000000,-4.572602930,3.237313747,-5.267385960,1.222967148,9.344086126,4.971603417,-1.083047873,1.519870996,5.263563633,2.343381643,0.962057840,-0.272080888,0.020413311,0.126664091,0.991684055,0.022779808,3.237313747,-5.267385960,1.222967148,0.000000000,0.000000000,0.000000000,1.000000000,2.343381643,1.519870996,5.263563633,5.263563633,0.445208191
2026-06-03T01:48:07,1773928476.548377991,r1,body,odom,68,structure_anchor_68,plane,wall_like,general_plane,unknown,confirmed,true,true,true,false,12,0,26,12,0.730628594,1.000000000,0.941604507,0.461538462,0.000000000,0.000000000,0.000000000,0.203426349,112,0.016187310,0.000000000,-4.599428506,6.310046673,5.826633930,1.815566659,-2.096216039,6.380734277,-1.020018191,0.918594360,3.305958748,2.481723547,0.962305115,-0.267709324,0.047964390,0.121044613,0.991381791,0.050103127,6.310046673,5.826633930,1.815566659,0.000000000,0.000000000,0.000000000,1.000000000,2.481723547,0.918594360,3.305958748,3.305958748,0.750681946
2026-06-03T01:48:07,1773928476.548377991,r1,body,odom,77,structure_anchor_77,plane,wall_like,general_plane,unknown,confirmed,true,true,true,false,9,0,13,9,0.769280691,1.000000000,0.904095762,0.692307692,0.000000000,0.000000000,0.000000000,0.120070750,103,0.014886544,0.000000000,-4.542182651,5.213179588,1.798613191,1.280415535,2.069451914,5.886565195,-1.362745832,0.647072315,2.331983566,1.267107368,0.963242762,-0.268616360,0.002938166,0.123868325,0.992285259,0.005155678,5.213179588,1.798613191,1.280415535,0.000000000,0.000000000,0.000000000,1.000000000,1.267107368,0.647072315,2.331983566,2.331983566,0.543360333
2026-06-03T01:48:07,1773928476.548377991,r1,body,odom,81,structure_anchor_81,plane,wall_like,general_plane,unknown,candidate,false,true,true,false,1,0,1,1,0.326250000,0.125000000,0.350000000,1.000000000,0.000000000,0.000000000,0.000000000,0.000000000,201,0.029050441,0.000000000,-8.496493179,1.080819845,9.037055016,1.452317595,-4.484053773,0.734839595,-1.473526718,4.815866470,1.620995522,3.185873747,0.309105548,0.932907737,-0.184761776,-0.958713121,0.167839117,-0.229562976,1.080819845,9.037055016,1.452317595,0.000000000,0.000000000,0.000000000,1.000000000,3.185873747,4.815866470,1.620995522,4.815866470,0.661536977
2026-06-03T01:48:07,1773928476.548377991,r1,body,odom,36,structure_anchor_36,cylinder,pipe_like,pipe_candidate,unknown,confirmed,true,true,true,true,9,0,102,9,0.488647059,1.000000000,0.350000000,0.088235294,0.700000000,0.000000000,0.000000000,0.153647633,20,0.002890591,0.045672223,0.000000000,1.082391024,4.701374054,0.567506313,-0.159614797,1.371190835,-2.162951908,0.091344446,0.091344446,1.385943890,-0.013509018,-0.037929908,0.999189085,-0.006365999,-0.004288149,0.999970542,1.082391024,4.701374054,0.567506313,0.000000000,0.000000000,0.000000000,1.000000000,1.385943890,0.091344446,0.091344446,0.091344446,15.172722055
2026-06-03T01:48:07,1773928476.548377991,r1,body,odom,44,structure_anchor_44,cylinder,pipe_like,pipe_candidate,unknown,stale,false,false,true,false,11,12,69,11,0.439884058,1.000000000,0.000000000,0.159420290,0.600000000,0.000000000,0.000000000,0.008951830,12,0.001910220,0.041409373,0.000000000,-1.337675561,5.395583454,1.171072533,-0.517948015,-1.122551057,-1.566470820,0.082818747,0.082818747,0.738431156,-0.010236832,-0.048035936,0.998793140,0.003157531,0.000433881,0.999994911,-1.337675561,5.395583454,1.171072533,0.000000000,0.000000000,0.000000000,1.000000000,0.738431156,0.082818747,0.082818747,0.082818747,8.916231968
2026-06-03T01:48:07,1773928476.548377991,r1,body,odom,39,structure_anchor_39,plane,wall_like,general_plane,unknown,stale,false,false,true,false,11,10,83,11,0.406506024,1.000000000,0.000000000,0.132530120,1.000000000,0.000000000,0.000000000,0.233074876,278,0.042455712,0.000000000,-5.017686605,4.050715733,2.928835623,1.309614551,1.122004683,4.570575903,-1.372410873,0.392756939,5.507715702,2.091176033,0.960678602,-0.277283848,0.014500762,0.132278807,0.991064654,0.017120953,4.050715733,2.928835623,1.309614551,0.000000000,0.000000000,0.000000000,1.000000000,2.091176033,0.392756939,5.507715702,5.507715702,0.379681187
2026-06-03T01:48:07,1773928476.548377991,r1,body,odom,2,structure_anchor_2,plane,wall_like,general_plane,unknown,stale,false,false,true,false,147,6,194,146,0.599454214,1.000000000,0.099693750,0.752577320,0.300000000,0.000000000,0.000000000,0.023649939,526,0.075153593,0.000000000,-10.534411815,1.089005058,10.454782155,2.017834481,-5.912049567,0.536328551,-0.972280351,12.587751389,1.139450073,3.901632786,-0.289843051,-0.956261021,-0.039444224,0.989243737,-0.146134343,0.006445217,1.089005058,10.454782155,2.017834481,0.000000000,0.000000000,0.000000000,1.000000000,3.901632786,12.587751389,1.139450073,12.587751389,0.309954706
2026-06-03T01:48:07,1773928476.770377874,r1,body,odom,44,structure_anchor_44,cylinder,pipe_like,pipe_candidate,unknown,stale,false,false,true,false,11,13,70,11,0.435928571,1.000000000,0.000000000,0.157142857,0.650000000,0.000000000,0.000000000,0.008951830,12,0.001910220,0.041409373,0.000000000,-0.920730265,5.521617294,1.204469147,-0.517948963,-1.122552078,-1.566470751,0.082818747,0.082818747,0.738431156,-0.012539653,-0.052376924,0.998548746,0.003157533,0.000433886,0.999995012,-0.920730265,5.521617294,1.204469147,0.000000000,0.000000000,0.000000000,1.000000000,0.738431156,0.082818747,0.082818747,0.082818747,8.916231968
2026-06-03T01:48:07,1773928476.770377874,r1,body,odom,39,structure_anchor_39,plane,wall_like,general_plane,unknown,stale,false,false,true,false,11,11,84,11,0.406190476,1.000000000,0.000000000,0.130952381,1.000000000,0.000000000,0.000000000,0.233074876,278,0.042455712,0.000000000,-5.017686605,4.159835218,2.469489059,1.310177338,1.122003551,4.570576338,-1.372410775,0.392756939,5.507715702,2.091176033,0.923863594,-0.382603536,0.009527708,0.132278740,0.991064892,0.017120956,4.159835218,2.469489059,1.310177338,0.000000000,0.000000000,0.000000000,1.000000000,2.091176033,0.392756939,5.507715702,5.507715702,0.379681187
2026-06-03T01:48:07,1773928476.770377874,r1,body,odom,2,structure_anchor_2,plane,wall_like,general_plane,unknown,stale,false,false,true,false,147,7,195,146,0.579182340,1.000000000,0.019693750,0.748717949,0.350000000,0.000000000,0.000000000,0.023649939,526,0.075153593,0.000000000,-10.534411815,2.056773150,10.274179931,2.069861796,-5.912051903,0.536327381,-0.972280249,12.587751389,1.139450073,3.901632786,-0.394647162,-0.917798861,-0.043578113,0.989243976,-0.146134279,0.006445223,2.056773150,10.274179931,2.069861796,0.000000000,0.000000000,0.000000000,1.000000000,3.901632786,12.587751389,1.139450073,12.587751389,0.309954706
2026-06-03T01:48:07,1773928476.968378067,r1,body,odom,49,structure_anchor_49,plane,wall_like,general_plane,unknown,confirmed,true,true,true,false,54,0,110,50,0.723789531,1.000000000,0.914402203,0.454545455,0.000000000,0.000000000,0.000000000,0.152318232,316,0.047030808,0.000000000,-4.196342845,1.578158736,-6.007321358,0.667979419,9.593890045,4.930728074,-1.538611288,2.542268038,4.729238987,3.068746328,0.883369664,-0.468366882,-0.017044063,0.126938090,0.991908660,0.001922434,1.578158736,-6.007321358,0.667979419,0.000000000,0.000000000,0.000000000,1.000000000,3.068746328,2.542268038,4.729238987,4.729238987,0.648887979
2026-06-03T01:48:07,1773928476.968378067,r1,body,odom,79,structure_anchor_79,plane,wall_like,general_plane,unknown,confirmed,false,true,true,false,6,0,12,6,0.588115657,0.750000000,0.753078284,0.500000000,0.000000000,0.000000000,0.000000000,0.151106802,71,0.010567049,0.000000000,-4.210127267,-1.431193948,-11.692781448,0.018984225,16.001529366,4.127025427,-1.851765196,1.152857065,2.234097481,3.556022644,0.883176821,-0.468208080,-0.027926635,0.127445606,0.991805055,-0.008950675,-1.431193948,-11.692781448,0.018984225,0.000000000,0.000000000,0.000000000,1.000000000,3.556022644,1.152857065,2.234097481,2.234097481,1.591704335
2026-06-03T01:48:07,1773928476.968378067,r1,body,odom,44,structure_anchor_44,cylinder,pipe_like,pipe_candidate,unknown,stale,false,false,true,false,11,14,71,11,0.431985915,1.000000000,0.000000000,0.154929577,0.700000000,0.000000000,0.000000000,0.008951830,12,0.001910220,0.041409373,0.000000000,-0.519791785,5.574562549,1.260271285,-0.517947263,-1.122550237,-1.566470870,0.082818747,0.082818747,0.738431156,-0.008348525,-0.057952991,0.998284318,0.003157530,0.000433876,0.999994834,-0.519791785,5.574562549,1.260271285,0.000000000,0.000000000,0.000000000,1.000000000,0.738431156,0.082818747,0.082818747,0.082818747,8.916231968
2026-06-03T01:48:07,1773928476.968378067,r1,body,odom,39,structure_anchor_39,plane,wall_like,general_plane,unknown,stale,false,false,true,false,11,12,85,11,0.405882353,1.000000000,0.000000000,0.129411765,1.000000000,0.000000000,0.000000000,0.233074876,278,0.042455712,0.000000000,-5.017686605,4.227562344,2.024893663,1.295959265,1.122005543,4.570575559,-1.372410951,0.392756939,5.507715702,2.091176033,0.880580136,-0.473892224,-0.002147067,0.132278854,0.991064462,0.017120950,4.227562344,2.024893663,1.295959265,0.000000000,0.000000000,0.000000000,1.000000000,2.091176033,0.392756939,5.507715702,5.507715702,0.379681187
2026-06-03T01:48:07,1773928476.968378067,r1,body,odom,2,structure_anchor_2,plane,wall_like,general_plane,unknown,stale,false,false,true,false,147,8,196,146,0.570979592,1.000000000,0.000000000,0.744897959,0.400000000,0.000000000,0.000000000,0.023649939,526,0.075153593,0.000000000,-10.534411815,2.930188495,9.996292712,2.124684146,-5.912047706,0.536329450,-0.972280425,12.587751389,1.139450073,3.901632786,-0.485654732,-0.872980292,-0.045218554,0.989243545,-0.146134387,0.006445213,2.930188495,9.996292712,2.124684146,0.000000000,0.000000000,0.000000000,1.000000000,3.901632786,12.587751389,1.139450073,12.587751389,0.309954706
2026-06-03T01:48:08,1773928477.169372797,r1,body,odom,49,structure_anchor_49,plane,wall_like,general_plane,unknown,confirmed,true,true,true,false,55,0,111,51,0.730764178,1.000000000,0.944361432,0.459459459,0.000000000,0.000000000,0.000000000,0.139389940,589,0.068873386,0.000000000,-4.052098123,1.183094207,-5.505133414,0.566227366,8.876303640,4.994194625,-1.677372284,2.999213696,4.509582043,3.389312983,0.829258748,-0.558789319,-0.009188624,0.134132350,0.990883243,0.012606539,1.183094207,-5.505133414,0.566227366,0.000000000,0.000000000,0.000000000,1.000000000,3.389312983,2.999213696,4.509582043,4.509582043,0.751580291
2026-06-03T01:48:08,1773928477.169372797,r1,body,odom,44,structure_anchor_44,cylinder,pipe_like,pipe_candidate,unknown,stale,false,false,true,false,11,15,72,11,0.428055556,1.000000000,0.000000000,0.152777778,0.750000000,0.000000000,0.000000000,0.008951830,12,0.001910220,0.041409373,0.000000000,-0.149013073,5.606167301,1.232057923,-0.517948131,-1.122551181,-1.566470811,0.082818747,0.082818747,0.738431156,-0.008983660,-0.053838955,0.998509222,0.003157531,0.000433881,0.999994924,-0.149013073,5.606167301,1.232057923,0.000000000,0.000000000,0.000000000,1.000000000,0.738431156,0.082818747,0.082818747,0.082818747,8.916231968
2026-06-03T01:48:08,1773928477.169372797,r1,body,odom,39,structure_anchor_39,plane,wall_like,general_plane,unknown,stale,false,false,true,false,11,13,86,11,0.405581395,1.000000000,0.000000000,0.127906977,1.000000000,0.000000000,0.000000000,0.233074876,278,0.042455712,0.000000000,-5.017686605,4.230082944,1.610964800,1.258046757,1.122004544,4.570575957,-1.372410860,0.392756939,5.507715702,2.091176033,0.830205200,-0.557439007,-0.004591952,0.132278799,0.991064683,0.017120954,4.230082944,1.610964800,1.258046757,0.000000000,0.000000000,0.000000000,1.000000000,2.091176033,0.392756939,5.507715702,5.507715702,0.379681187
2026-06-03T01:48:08,1773928477.169372797,r1,body,odom,2,structure_anchor_2,plane,wall_like,general_plane,unknown,stale,false,false,true,false,147,9,197,146,0.566723350,1.000000000,0.000000000,0.741116751,0.450000000,0.000000000,0.000000000,0.023649939,526,0.075153593,0.000000000,-10.534411815,3.719569932,9.673318240,2.064899870,-5.912049853,0.536328407,-0.972280338,12.587751389,1.139450073,3.901632786,-0.568606841,-0.821641264,-0.039898610,0.989243766,-0.146134335,0.006445218,3.719569932,9.673318240,2.064899870,0.000000000,0.000000000,0.000000000,1.000000000,3.901632786,12.587751389,1.139450073,12.587751389,0.309954706
2026-06-03T01:48:08,1773928477.370373011,r1,body,odom,49,structure_anchor_49,plane,wall_like,general_plane,unknown,confirmed,true,true,true,false,56,0,112,52,0.735624129,1.000000000,0.963834931,0.464285714,0.000000000,0.000000000,0.000000000,0.135603854,352,0.053124057,0.000000000,-3.901993196,0.099511556,-6.179400921,0.902840853,9.652450901,4.871884687,-1.426365487,3.295647383,4.180540085,3.421505928,0.785346902,-0.619053584,-0.001703717,0.140553884,0.990050315,0.006718347,0.099511556,-6.179400921,0.902840853,0.000000000,0.000000000,0.000000000,1.000000000,3.421505928,3.295647383,4.180540085,4.180540085,0.818436340
2026-06-03T01:48:08,1773928477.370373011,r1,body,odom,77,structure_anchor_77,plane,wall_like,general_plane,unknown,confirmed,false,true,true,false,10,0,17,10,0.723979508,1.000000000,0.781662245,0.588235294,0.000000000,0.000000000,0.000000000,0.112215377,68,0.010262602,0.000000000,-3.894220619,3.201366425,-2.233726978,0.921621680,4.684697323,5.571499469,-1.575250257,0.706073284,0.866330266,1.914499760,0.785832370,-0.618431421,-0.003172338,0.139822780,0.990162842,0.005224212,3.201366425,-2.233726978,0.921621680,0.000000000,0.000000000,0.000000000,1.000000000,1.914499760,0.706073284,0.866330266,0.866330266,2.209895966
2026-06-03T01:48:08,1773928477.370373011,r1,body,odom,44,structure_anchor_44,cylinder,pipe_like,pipe_candidate,unknown,stale,false,false,true,false,11,16,73,11,0.424136986,1.000000000,0.000000000,0.150684932,0.800000000,0.000000000,0.000000000,0.008951830,12,0.001910220,0.041409373,0.000000000,0.026172242,5.624478913,1.132937119,-0.517948614,-1.122551733,-1.566470773,0.082818747,0.082818747,0.738431156,-0.015269348,-0.034384627,0.999292073,0.003157532,0.000433883,0.999994973,0.026172242,5.624478913,1.132937119,0.000000000,0.000000000,0.000000000,1.000000000,0.738431156,0.082818747,0.082818747,0.082818747,8.916231968
2026-06-03T01:48:08,1773928477.370373011,r1,body,odom,68,structure_anchor_68,plane,wall_like,general_plane,unknown,stale,false,false,true,false,12,4,30,12,0.640320901,1.000000000,0.621604507,0.400000000,0.200000000,0.000000000,0.000000000,0.203426349,112,0.016187310,0.000000000,-4.599428506,7.278655644,3.040079616,1.681445549,-1.945902774,6.444563103,-1.038999507,0.918594360,3.305958748,2.481723547,0.787714501,-0.615800558,0.017194252,0.135906842,0.990394311,0.025469550,7.278655644,3.040079616,1.681445549,0.000000000,0.000000000,0.000000000,1.000000000,2.481723547,0.918594360,3.305958748,3.305958748,0.750681946
2026-06-03T01:48:08,1773928477.370373011,r1,body,odom,39,structure_anchor_39,plane,wall_like,general_plane,unknown,stale,false,false,true,false,11,14,87,11,0.405287356,1.000000000,0.000000000,0.126436782,1.000000000,0.000000000,0.000000000,0.233074876,278,0.042455712,0.000000000,-5.017686605,4.122302912,1.341160638,1.249992259,1.122004022,4.570576174,-1.372410809,0.392756939,5.507715702,2.091176033,0.790233658,-0.612740047,0.008972414,0.132278773,0.991064810,0.017120955,4.122302912,1.341160638,1.249992259,0.000000000,0.000000000,0.000000000,1.000000000,2.091176033,0.392756939,5.507715702,5.507715702,0.379681187
2026-06-03T01:48:08,1773928477.370373011,r1,body,odom,36,structure_anchor_36,cylinder,pipe_like,pipe_candidate,unknown,stale,false,false,true,false,9,4,106,9,0.409981132,1.000000000,0.030000000,0.084905660,0.900000000,0.000000000,0.000000000,0.153647633,20,0.002890591,0.045672223,0.000000000,1.977632967,4.080177443,0.560139683,-0.143993804,1.342675075,-2.117813175,0.091344446,0.091344446,1.385943890,-0.015444633,-0.032483857,0.999352974,0.001601082,-0.000672829,0.999998544,1.977632967,4.080177443,0.560139683,0.000000000,0.000000000,0.000000000,1.000000000,1.385943890,0.091344446,0.091344446,0.091344446,15.172722055
2026-06-03T01:48:08,1773928477.370373011,r1,body,odom,2,structure_anchor_2,plane,wall_like,general_plane,unknown,stale,false,false,true,false,147,10,198,146,0.562474747,1.000000000,0.000000000,0.737373737,0.500000000,0.000000000,0.000000000,0.023649939,526,0.075153593,0.000000000,-10.534411815,4.161107460,9.433258053,1.905460454,-5.912051068,0.536327832,-0.972280279,12.587751389,1.139450073,3.901632786,-0.623250564,-0.781559348,-0.026903954,0.989243894,-0.146134311,0.006445220,4.161107460,9.433258053,1.905460454,0.000000000,0.000000000,0.000000000,1.000000000,3.901632786,12.587751389,1.139450073,12.587751389,0.309954706
2026-06-03T01:48:08,1773928477.550373077,r1,body,odom,49,structure_anchor_49,plane,wall_like,general_plane,unknown,confirmed,true,true,true,false,57,0,113,53,0.739103851,1.000000000,0.976492705,0.469026549,0.000000000,0.000000000,0.000000000,0.162880530,198,0.028808381,0.000000000,-3.761007692,-0.148947388,-5.817504883,0.332219601,9.206956105,4.933518450,-2.022269707,3.510719299,4.078425407,2.761532307,0.747241289,-0.663617672,0.035242608,0.133631181,0.989873163,0.047891123,-0.148947388,-5.817504883,0.332219601,0.000000000,0.000000000,0.000000000,1.000000000,2.761532307,3.510719299,4.078425407,4.078425407,0.677107469
2026-06-03T01:48:08,1773928477.550373077,r1,body,odom,77,structure_anchor_77,plane,wall_like,general_plane,unknown,confirmed,true,true,true,false,11,0,18,11,0.743838314,1.000000000,0.858080460,0.611111111,0.000000000,0.000000000,0.000000000,0.124465214,105,0.015277172,0.000000000,-3.761978660,3.015194178,-2.265048027,0.737028062,4.484519075,5.578947834,-1.743675451,1.089963436,1.213198423,1.855043650,0.739416018,-0.673166885,0.010502264,0.146608311,0.988915432,0.023494735,3.015194178,-2.265048027,0.737028062,0.000000000,0.000000000,0.000000000,1.000000000,1.855043650,1.089963436,1.213198423,1.213198423,1.529052143
2026-06-03T01:48:08,1773928477.550373077,r1,body,odom,68,structure_anchor_68,plane,wall_like,general_plane,unknown,confirmed,false,true,true,true,13,0,31,13,0.684679554,1.000000000,0.754042930,0.419354839,0.000000000,0.000000000,0.000000000,0.206667440,75,0.010912265,0.000000000,-3.787472935,7.188092232,2.484715462,1.531260729,-1.804504454,6.391741935,-1.117836086,2.151619911,2.383074284,1.669631004,0.748732586,-0.662050569,0.032993293,0.131562704,0.990258989,0.045586403,7.188092232,2.484715462,1.531260729,0.000000000,0.000000000,0.000000000,1.000000000,1.669631004,2.151619911,2.383074284,2.383074284,0.700620629
2026-06-03T01:48:08,1773928477.550373077,r1,body,odom,44,structure_anchor_44,cylinder,pipe_like,pipe_candidate,unknown,stale,false,false,true,false,11,17,74,11,0.420229730,1.000000000,0.000000000,0.148648649,0.850000000,0.000000000,0.000000000,0.008951830,12,0.001910220,0.041409373,0.000000000,0.234709773,5.614846467,1.114300075,-0.517947251,-1.122550158,-1.566470882,0.082818747,0.082818747,0.738431156,-0.009528787,-0.031100219,0.999470763,0.003157530,0.000433878,0.999994834,0.234709773,5.614846467,1.114300075,0.000000000,0.000000000,0.000000000,1.000000000,0.738431156,0.082818747,0.082818747,0.082818747,8.916231968
2026-06-03T01:48:08,1773928477.550373077,r1,body,odom,39,structure_anchor_39,plane,wall_like,general_plane,unknown,stale,false,false,true,false,11,15,88,11,0.405000000,1.000000000,0.000000000,0.125000000,1.000000000,0.000000000,0.000000000,0.233074876,278,0.042455712,0.000000000,-5.017686605,4.047667699,1.077144054,1.211267988,1.122005473,4.570575563,-1.372410957,0.392756939,5.507715702,2.091176033,0.749234046,-0.662289821,0.004512863,0.132278842,0.991064448,0.017120951,4.047667699,1.077144054,1.211267988,0.000000000,0.000000000,0.000000000,1.000000000,2.091176033,0.392756939,5.507715702,5.507715702,0.379681187
2026-06-03T01:48:08,1773928477.550373077,r1,body,odom,36,structure_anchor_36,cylinder,pipe_like,pipe_candidate,unknown,stale,false,false,true,false,9,5,107,9,0.400322430,1.000000000,0.000000000,0.084112150,0.950000000,0.000000000,0.000000000,0.153647633,20,0.002890591,0.045672223,0.000000000,2.078203808,3.946919689,0.530595440,-0.143992284,1.342675745,-2.117813211,0.091344446,0.091344446,1.385943890,-0.009580968,-0.029191980,0.999527819,0.001601080,-0.000672833,0.999998406,2.078203808,3.946919689,0.530595440,0.000000000,0.000000000,0.000000000,1.000000000,1.385943890,0.091344446,0.091344446,0.091344446,15.172722055
2026-06-03T01:48:08,1773928477.550373077,r1,body,odom,2,structure_anchor_2,plane,wall_like,general_plane,unknown,stale,false,false,true,false,147,11,199,146,0.558233668,1.000000000,0.000000000,0.733668342,0.550000000,0.000000000,0.000000000,0.023649939,526,0.075153593,0.000000000,-10.534411815,4.612044801,9.151422088,1.844260436,-5.912047622,0.536329451,-0.972280448,12.587751389,1.139450073,3.901632786,-0.672421190,-0.739900412,-0.019923621,0.989243530,-0.146134375,0.006445215,4.612044801,9.151422088,1.844260436,0.000000000,0.000000000,0.000000000,1.000000000,3.901632786,12.587751389,1.139450073,12.587751389,0.309954706
2026-06-03T01:48:08,1773928477.787373066,r1,body,odom,79,structure_anchor_79,plane,wall_like,general_plane,unknown,stale,false,false,true,false,6,4,16,6,0.485115657,0.750000000,0.433078284,0.375000000,0.200000000,0.000000000,0.000000000,0.151106802,71,0.010567049,0.000000000,-4.210127267,-5.401901562,-10.400092682,0.156163402,15.720535495,4.038728568,-1.958360127,1.152857065,2.234097481,3.556022644,0.701999581,-0.711906771,-0.019631782,0.136321752,0.990645213,-0.006214788,-5.401901562,-10.400092682,0.156163402,0.000000000,0.000000000,0.000000000,1.000000000,3.556022644,1.152857065,2.234097481,2.234097481,1.591704335
2026-06-03T01:48:08,1773928477.787373066,r1,body,odom,44,structure_anchor_44,cylinder,pipe_like,pipe_candidate,unknown,stale,false,false,true,false,11,18,75,11,0.416333333,1.000000000,0.000000000,0.146666667,0.900000000,0.000000000,0.000000000,0.008951830,12,0.001910220,0.041409373,0.000000000,0.404231237,5.592657654,1.156901464,-0.517948446,-1.122551561,-1.566470786,0.082818747,0.082818747,0.738431156,-0.015813802,-0.035627769,0.999240039,0.003157532,0.000433882,0.999994956,0.404231237,5.592657654,1.156901464,0.000000000,0.000000000,0.000000000,1.000000000,0.738431156,0.082818747,0.082818747,0.082818747,8.916231968
2026-06-03T01:48:08,1773928477.787373066,r1,body,odom,39,structure_anchor_39,plane,wall_like,general_plane,unknown,stale,false,false,true,false,11,16,89,11,0.404719101,1.000000000,0.000000000,0.123595506,1.000000000,0.000000000,0.000000000,0.233074876,278,0.042455712,0.000000000,-5.017686605,3.912988814,0.815645785,1.243967471,1.122004225,4.570576096,-1.372410826,0.392756939,5.507715702,2.091176033,0.704465223,-0.709728246,0.003825693,0.132278785,0.991064769,0.017120955,3.912988814,0.815645785,1.243967471,0.000000000,0.000000000,0.000000000,1.000000000,2.091176033,0.392756939,5.507715702,5.507715702,0.379681187
2026-06-03T01:48:08,1773928477.787373066,r1,body,odom,36,structure_anchor_36,cylinder,pipe_like,pipe_candidate,unknown,stale,false,false,true,false,9,6,108,9,0.396666667,1.000000000,0.000000000,0.083333333,1.000000000,0.000000000,0.000000000,0.153647633,20,0.002890591,0.045672223,0.000000000,2.137618660,3.811194131,0.571309087,-0.143993607,1.342675145,-2.117813179,0.091344446,0.091344446,1.385943890,-0.015741787,-0.033720509,0.999307357,0.001601082,-0.000672829,0.999998527,2.137618660,3.811194131,0.571309087,0.000000000,0.000000000,0.000000000,1.000000000,1.385943890,0.091344446,0.091344446,0.091344446,15.172722055
2026-06-03T01:48:08,1773928477.787373066,r1,body,odom,2,structure_anchor_2,plane,wall_like,general_plane,unknown,stale,false,false,true,false,147,12,200,146,0.554000000,1.000000000,0.000000000,0.730000000,0.600000000,0.000000000,0.000000000,0.023649939,526,0.075153593,0.000000000,-10.534411815,4.999522233,8.832560366,1.923458753,-5.912050661,0.536328032,-0.972280299,12.587751389,1.139450073,3.901632786,-0.719108447,-0.694387612,-0.026626206,0.989243853,-0.146134322,0.006445219,4.999522233,8.832560366,1.923458753,0.000000000,0.000000000,0.000000000,1.000000000,3.901632786,12.587751389,1.139450073,12.587751389,0.309954706
2026-06-03T01:48:08,1773928477.949372768,r1,body,odom,49,structure_anchor_49,plane,wall_like,general_plane,unknown,confirmed,true,true,true,false,58,0,115,54,0.730457095,1.000000000,0.932720258,0.469565217,0.000000000,0.000000000,0.000000000,0.169972105,424,0.035281806,0.000000000,3.491114156,0.626480528,-4.081628809,0.735974221,6.727338743,5.263848383,-1.662118297,3.901450634,3.323764324,3.204656839,-0.650843381,0.758959341,0.019588811,-0.138641143,-0.990342560,0.000732123,0.626480528,-4.081628809,0.735974221,0.000000000,0.000000000,0.000000000,1.000000000,3.204656839,3.901450634,3.323764324,3.901450634,0.821401356
2026-06-03T01:48:08,1773928477.949372768,r1,body,odom,79,structure_anchor_79,plane,wall_like,general_plane,unknown,stale,false,false,true,false,6,5,17,6,0.461203892,0.750000000,0.353078284,0.352941176,0.250000000,0.000000000,0.000000000,0.151106802,71,0.010567049,0.000000000,-4.210127267,-6.239181075,-9.999383329,0.179976640,15.720536108,4.038728817,-1.958360110,1.152857065,2.234097481,3.556022644,0.652656505,-0.757241404,-0.025001030,0.136321747,0.990645268,-0.006214787,-6.239181075,-9.999383329,0.179976640,0.000000000,0.000000000,0.000000000,1.000000000,3.556022644,1.152857065,2.234097481,2.234097481,1.591704335
2026-06-03T01:48:08,1773928477.949372768,r1,body,odom,44,structure_anchor_44,cylinder,pipe_like,pipe_candidate,unknown,stale,false,false,true,false,11,19,76,11,0.412447368,1.000000000,0.000000000,0.144736842,0.950000000,0.000000000,0.000000000,0.008951830,12,0.001910220,0.041409373,0.000000000,0.630490841,5.568160522,1.149469108,-0.517948641,-1.122551804,-1.566470771,0.082818747,0.082818747,0.738431156,-0.011184592,-0.035561784,0.999304945,0.003157532,0.000433883,0.999994975,0.630490841,5.568160522,1.149469108,0.000000000,0.000000000,0.000000000,1.000000000,0.738431156,0.082818747,0.082818747,0.082818747,8.916231968
2026-06-03T01:48:08,1773928477.949372768,r1,body,odom,39,structure_anchor_39,plane,wall_like,general_plane,unknown,stale,false,false,true,false,11,17,90,11,0.404444444,1.000000000,0.000000000,0.122222222,1.000000000,0.000000000,0.000000000,0.233074876,278,0.042455712,0.000000000,-5.017686605,3.812396410,0.567086448,1.208958984,1.122004043,4.570576182,-1.372410804,0.392756939,5.507715702,2.091176033,0.655426052,-0.755257814,-0.001560179,0.132278779,0.991064825,0.017120956,3.812396410,0.567086448,1.208958984,0.000000000,0.000000000,0.000000000,1.000000000,2.091176033,0.392756939,5.507715702,5.507715702,0.379681187
2026-06-03T01:48:08,1773928477.949372768,r1,body,odom,36,structure_anchor_36,cylinder,pipe_like,pipe_candidate,unknown,stale,false,false,true,false,9,7,109,9,0.396513761,1.000000000,0.000000000,0.082568807,1.000000000,0.000000000,0.000000000,0.153647633,20,0.002890591,0.045672223,0.000000000,2.236710231,3.675384883,0.550618059,-0.143993815,1.342675039,-2.117813173,0.091344446,0.091344446,1.385943890,-0.010984701,-0.033663684,0.999372904,0.001601082,-0.000672829,0.999998546,2.236710231,3.675384883,0.550618059,0.000000000,0.000000000,0.000000000,1.000000000,1.385943890,0.091344446,0.091344446,0.091344446,15.172722055
2026-06-03T01:48:08,1773928477.949372768,r1,body,odom,2,structure_anchor_2,plane,wall_like,general_plane,unknown,stale,false,false,true,false,147,13,201,146,0.549773632,1.000000000,0.000000000,0.726368159,0.650000000,0.000000000,0.000000000,0.023649939,526,0.075153593,0.000000000,-10.534411815,5.437436051,8.492650249,1.885619799,-5.912051169,0.536327807,-0.972280274,12.587751389,1.139450073,3.901632786,-0.764111454,-0.644709650,-0.021983231,0.989243908,-0.146134317,0.006445220,5.437436051,8.492650249,1.885619799,0.000000000,0.000000000,0.000000000,1.000000000,3.901632786,12.587751389,1.139450073,12.587751389,0.309954706
2026-06-03T01:48:09,1773928478.168368101,r1,body,odom,79,structure_anchor_79,plane,wall_like,general_plane,unknown,stale,false,false,true,false,6,6,18,6,0.437782324,0.750000000,0.273078284,0.333333333,0.300000000,0.000000000,0.000000000,0.151106802,71,0.010567049,0.000000000,-4.210127267,-7.263916540,-9.434405692,0.149700997,15.720536195,4.038728775,-1.958360107,1.152857065,2.234097481,3.556022644,0.588381260,-0.808138333,-0.026833514,0.136321750,0.990645272,-0.006214787,-7.263916540,-9.434405692,0.149700997,0.000000000,0.000000000,0.000000000,1.000000000,3.556022644,1.152857065,2.234097481,2.234097481,1.591704335
2026-06-03T01:48:09,1773928478.168368101,r1,body,odom,44,structure_anchor_44,cylinder,pipe_like,pipe_candidate,unknown,stale,false,false,true,false,11,20,77,11,0.408571429,1.000000000,0.000000000,0.142857143,1.000000000,0.000000000,0.000000000,0.008951830,12,0.001910220,0.041409373,0.000000000,0.858234433,5.514121798,1.175819507,-0.517948642,-1.122551826,-1.566470771,0.082818747,0.082818747,0.738431156,-0.015258489,-0.037660221,0.999174157,0.003157532,0.000433883,0.999994976,0.858234433,5.514121798,1.175819507,0.000000000,0.000000000,0.000000000,1.000000000,0.738431156,0.082818747,0.082818747,0.082818747,8.916231968
2026-06-03T01:48:09,1773928478.168368101,r1,body,odom,39,structure_anchor_39,plane,wall_like,general_plane,unknown,stale,false,false,true,false,11,18,91,11,0.404175824,1.000000000,0.000000000,0.120879121,1.000000000,0.000000000,0.000000000,0.233074876,278,0.042455712,0.000000000,-5.017686605,3.619178889,0.268757836,1.222151374,1.122004065,4.570576182,-1.372410803,0.392756939,5.507715702,2.091176033,0.591276131,-0.806462149,-0.003383810,0.132278782,0.991064829,0.017120956,3.619178889,0.268757836,1.222151374,0.000000000,0.000000000,0.000000000,1.000000000,2.091176033,0.392756939,5.507715702,5.507715702,0.379681187
2026-06-03T01:48:09,1773928478.168368101,r1,body,odom,36,structure_anchor_36,cylinder,pipe_like,pipe_candidate,unknown,stale,false,false,true,false,9,8,110,9,0.396363636,1.000000000,0.000000000,0.081818182,1.000000000,0.000000000,0.000000000,0.153647633,20,0.002890591,0.045672223,0.000000000,2.304519623,3.497870858,0.572367577,-0.143993808,1.342675027,-2.117813173,0.091344446,0.091344446,1.385943890,-0.014903678,-0.035785134,0.999248425,0.001601082,-0.000672828,0.999998547,2.304519623,3.497870858,0.572367577,0.000000000,0.000000000,0.000000000,1.000000000,1.385943890,0.091344446,0.091344446,0.091344446,15.172722055
2026-06-03T01:48:09,1773928478.168368101,r1,body,odom,2,structure_anchor_2,plane,wall_like,general_plane,unknown,stale,false,false,true,false,147,14,202,146,0.545554455,1.000000000,0.000000000,0.722772277,0.700000000,0.000000000,0.000000000,0.023649939,526,0.075153593,0.000000000,-10.534411815,5.887956240,8.032171132,1.925890428,-5.912051191,0.536327808,-0.972280274,12.587751389,1.139450073,3.901632786,-0.814386822,-0.579793356,-0.024776570,0.989243912,-0.146134321,0.006445220,5.887956240,8.032171132,1.925890428,0.000000000,0.000000000,0.000000000,1.000000000,3.901632786,12.587751389,1.139450073,12.587751389,0.309954706
2026-06-03T01:48:09,1773928478.369368076,r1,body,odom,49,structure_anchor_49,plane,wall_like,general_plane,unknown,confirmed,true,true,true,false,59,0,117,55,0.724870728,1.000000000,0.904268168,0.470085470,0.000000000,0.000000000,0.000000000,0.182179600,521,0.045103678,0.000000000,3.242277814,-0.115767164,-3.936517830,0.637427140,6.390278906,5.346742307,-1.764304483,4.385058403,2.791720390,2.310358524,-0.534622001,0.844496634,0.031700201,-0.122476773,-0.992454273,0.005862895,-0.115767164,-3.936517830,0.637427140,0.000000000,0.000000000,0.000000000,1.000000000,2.310358524,4.385058403,2.791720390,4.385058403,0.526870639
2026-06-03T01:48:09,1773928478.369368076,r1,body,odom,77,structure_anchor_77,plane,wall_like,general_plane,unknown,stale,false,false,true,false,11,4,22,11,0.643616092,1.000000000,0.538080460,0.500000000,0.200000000,0.000000000,0.000000000,0.124465214,105,0.015277172,0.000000000,-3.761978660,2.624514163,-2.239601900,0.970825917,3.187118764,5.765107656,-1.510220845,1.089963436,1.213198423,1.855043650,0.520429294,-0.853732514,-0.017155043,0.138898278,0.990265069,0.009098312,2.624514163,-2.239601900,0.970825917,0.000000000,0.000000000,0.000000000,1.000000000,1.855043650,1.089963436,1.213198423,1.213198423,1.529052143
2026-06-03T01:48:09,1773928478.369368076,r1,body,odom,79,structure_anchor_79,plane,wall_like,general_plane,unknown,stale,false,false,false,false,6,7,18,6,0.427782324,0.750000000,0.223078284,0.333333333,0.300000000,0.000000000,0.000000000,0.151106802,71,0.010567049,0.000000000,-4.210127267,-8.158312807,-8.829413252,0.214011032,15.720536912,4.038728977,-1.958360090,1.152857065,2.234097481,3.556022644,0.522771984,-0.851856879,-0.032395380,0.136321748,0.990645332,-0.006214787,-8.158312807,-8.829413252,0.214011032,0.000000000,0.000000000,0.000000000,1.000000000,3.556022644,1.152857065,2.234097481,2.234097481,1.591704335
2026-06-03T01:48:09,1773928478.369368076,r1,body,odom,44,structure_anchor_44,cylinder,pipe_like,pipe_candidate,unknown,stale,false,false,true,false,11,21,78,11,0.408205128,1.000000000,0.000000000,0.141025641,1.000000000,0.000000000,0.000000000,0.008951830,12,0.001910220,0.041409373,0.000000000,1.122582857,5.433322466,1.173222756,-0.517948842,-1.122552089,-1.566470755,0.082818747,0.082818747,0.738431156,-0.009303601,-0.037424658,0.999256218,0.003157532,0.000433884,0.999994996,1.122582857,5.433322466,1.173222756,0.000000000,0.000000000,0.000000000,1.000000000,0.738431156,0.082818747,0.082818747,0.082818747,8.916231968
2026-06-03T01:48:09,1773928478.369368076,r1,body,odom,68,structure_anchor_68,plane,wall_like,general_plane,unknown,stale,false,false,true,false,13,4,35,13,0.597094300,1.000000000,0.434042930,0.371428571,0.200000000,0.000000000,0.000000000,0.206667440,75,0.010912265,0.000000000,-3.787472935,6.985481900,0.458960376,1.548524057,-1.910553964,6.431358079,-1.058708628,2.151619911,2.383074284,1.669631004,0.523351270,-0.852110615,0.003331472,0.135042583,0.990400943,0.029493923,6.985481900,0.458960376,1.548524057,0.000000000,0.000000000,0.000000000,1.000000000,1.669631004,2.151619911,2.383074284,2.383074284,0.700620629
2026-06-03T01:48:09,1773928478.369368076,r1,body,odom,39,structure_anchor_39,plane,wall_like,general_plane,unknown,stale,false,false,true,false,11,19,92,11,0.403913043,1.000000000,0.000000000,0.119565217,1.000000000,0.000000000,0.000000000,0.233074876,278,0.042455712,0.000000000,-5.017686605,3.462951567,-0.012877376,1.192896417,1.122003907,4.570576274,-1.372410777,0.392756939,5.507715702,2.091176033,0.525997658,-0.850438781,-0.008971833,0.132278781,0.991064889,0.017120957,3.462951567,-0.012877376,1.192896417,0.000000000,0.000000000,0.000000000,1.000000000,2.091176033,0.392756939,5.507715702,5.507715702,0.379681187
2026-06-03T01:48:09,1773928478.369368076,r1,body,odom,36,structure_anchor_36,cylinder,pipe_like,pipe_candidate,unknown,stale,false,false,true,false,9,9,111,9,0.396216216,1.000000000,0.000000000,0.081081081,1.000000000,0.000000000,0.000000000,0.153647633,20,0.002890591,0.045672223,0.000000000,2.400483881,3.310281395,0.556109486,-0.143994009,1.342674914,-2.117813166,0.091344446,0.091344446,1.385943890,-0.008801844,-0.035583343,0.999328026,0.001601082,-0.000672828,0.999998567,2.400483881,3.310281395,0.556109486,0.000000000,0.000000000,0.000000000,1.000000000,1.385943890,0.091344446,0.091344446,0.091344446,15.172722055
2026-06-03T01:48:09,1773928478.369368076,r1,body,odom,2,structure_anchor_2,plane,wall_like,general_plane,unknown,stale,false,false,true,false,147,15,203,146,0.541342365,1.000000000,0.000000000,0.719211823,0.750000000,0.000000000,0.000000000,0.023649939,526,0.075153593,0.000000000,-10.534411815,6.341140376,7.547418632,1.879293881,-5.912051728,0.536327592,-0.972280246,12.587751389,1.139450073,3.901632786,-0.857631566,-0.513959328,-0.017721646,0.989243973,-0.146134320,0.006445220,6.341140376,7.547418632,1.879293881,0.000000000,0.000000000,0.000000000,1.000000000,3.901632786,12.587751389,1.139450073,12.587751389,0.309954706
2026-06-03T01:48:09,1773928478.603367805,r1,body,odom,77,structure_anchor_77,plane,wall_like,general_plane,unknown,stale,false,false,true,false,11,5,23,11,0.619768266,1.000000000,0.458080460,0.478260870,0.250000000,0.000000000,0.000000000,0.124465214,105,0.015277172,0.000000000,-3.761978660,2.228303503,-2.437741370,0.956952214,3.187118911,5.765107392,-1.510220877,1.089963436,1.213198423,1.855043650,0.450328794,-0.892623427,-0.020675788,0.138898288,0.990264988,0.009098311,2.228303503,-2.437741370,0.956952214,0.000000000,0.000000000,0.000000000,1.000000000,1.855043650,1.089963436,1.213198423,1.213198423,1.529052143
2026-06-03T01:48:09,1773928478.603367805,r1,body,odom,79,structure_anchor_79,plane,wall_like,general_plane,unknown,stale,false,false,false,false,6,8,18,6,0.417782324,0.750000000,0.173078284,0.333333333,0.300000000,0.000000000,0.000000000,0.151106802,71,0.010567049,0.000000000,-4.210127267,-9.048470869,-8.139560123,0.187957275,15.720536038,4.038728580,-1.958360117,1.152857065,2.234097481,3.556022644,0.452803148,-0.890887054,-0.035911819,0.136321759,0.990645252,-0.006214787,-9.048470869,-8.139560123,0.187957275,0.000000000,0.000000000,0.000000000,1.000000000,3.556022644,1.152857065,2.234097481,2.234097481,1.591704335
2026-06-03T01:48:09,1773928478.603367805,r1,body,odom,44,structure_anchor_44,cylinder,pipe_like,pipe_candidate,unknown,stale,false,false,true,false,11,22,79,11,0.407848101,1.000000000,0.000000000,0.139240506,1.000000000,0.000000000,0.000000000,0.008951830,12,0.001910220,0.041409373,0.000000000,1.346222719,5.330088526,1.187774850,-0.517948552,-1.122551733,-1.566470778,0.082818747,0.082818747,0.738431156,-0.011544549,-0.040132369,0.999127724,0.003157532,0.000433883,0.999994967,1.346222719,5.330088526,1.187774850,0.000000000,0.000000000,0.000000000,1.000000000,0.738431156,0.082818747,0.082818747,0.082818747,8.916231968
2026-06-03T01:48:09,1773928478.603367805,r1,body,odom,68,structure_anchor_68,plane,wall_like,general_plane,unknown,stale,false,false,true,false,13,5,36,13,0.575530808,1.000000000,0.354042930,0.361111111,0.250000000,0.000000000,0.000000000,0.206667440,75,0.010912265,0.000000000,-3.787472935,6.791916213,-0.099394680,1.539691725,-1.910553402,6.431357872,-1.058708669,2.151619911,2.383074284,1.669631004,0.453386272,-0.891314168,-0.000186683,0.135042593,0.990400862,0.029493921,6.791916213,-0.099394680,1.539691725,0.000000000,0.000000000,0.000000000,1.000000000,1.669631004,2.151619911,2.383074284,2.383074284,0.700620629
2026-06-03T01:48:09,1773928478.603367805,r1,body,odom,39,structure_anchor_39,plane,wall_like,general_plane,unknown,stale,false,false,true,false,11,20,93,11,0.403655914,1.000000000,0.000000000,0.118279570,1.000000000,0.000000000,0.000000000,0.233074876,278,0.042455712,0.000000000,-5.017686605,3.242645380,-0.286171911,1.185980118,1.122004190,4.570576147,-1.372410810,0.392756939,5.507715702,2.091176033,0.456149155,-0.889815780,-0.012486724,0.132278791,0.991064809,0.017120956,3.242645380,-0.286171911,1.185980118,0.000000000,0.000000000,0.000000000,1.000000000,2.091176033,0.392756939,5.507715702,5.507715702,0.379681187
2026-06-03T01:48:09,1773928478.603367805,r1,body,odom,36,structure_anchor_36,cylinder,pipe_like,pipe_candidate,unknown,stale,false,false,true,false,9,10,112,9,0.396071429,1.000000000,0.000000000,0.080357143,1.000000000,0.000000000,0.000000000,0.153647633,20,0.002890591,0.045672223,0.000000000,2.449433322,3.113694341,0.561926622,-0.143993695,1.342675069,-2.117813175,0.091344446,0.091344446,1.385943890,-0.010896799,-0.038337451,0.999205480,0.001601082,-0.000672829,0.999998538,2.449433322,3.113694341,0.561926622,0.000000000,0.000000000,0.000000000,1.000000000,1.385943890,0.091344446,0.091344446,0.091344446,15.172722055
2026-06-03T01:48:09,1773928478.603367805,r1,body,odom,2,structure_anchor_2,plane,wall_like,general_plane,unknown,stale,false,false,true,false,147,16,204,146,0.537137255,1.000000000,0.000000000,0.715686275,0.800000000,0.000000000,0.000000000,0.023649939,526,0.075153593,0.000000000,-10.534411815,6.717924101,7.016672657,1.895968300,-5.912050979,0.536327932,-0.972280283,12.587751389,1.139450073,3.901632786,-0.896072380,-0.443515921,-0.018655020,0.989243892,-0.146134329,0.006445219,6.717924101,7.016672657,1.895968300,0.000000000,0.000000000,0.000000000,1.000000000,3.901632786,12.587751389,1.139450073,12.587751389,0.309954706
2026-06-03T01:48:09,1773928478.768368006,r1,body,odom,77,structure_anchor_77,plane,wall_like,general_plane,unknown,stale,false,false,true,false,11,6,24,11,0.596282759,1.000000000,0.378080460,0.458333333,0.300000000,0.000000000,0.000000000,0.124465214,105,0.015277172,0.000000000,-3.761978660,1.924482434,-2.566048586,0.949950251,3.187119029,5.765107075,-1.510220915,1.089963436,1.213198423,1.855043650,0.393625655,-0.919008638,-0.021954234,0.138898295,0.990264887,0.009098309,1.924482434,-2.566048586,0.949950251,0.000000000,0.000000000,0.000000000,1.000000000,1.855043650,1.089963436,1.213198423,1.213198423,1.529052143
2026-06-03T01:48:09,1773928478.768368006,r1,body,odom,79,structure_anchor_79,plane,wall_like,general_plane,unknown,stale,false,false,false,false,6,9,18,6,0.407782324,0.750000000,0.123078284,0.333333333,0.300000000,0.000000000,0.000000000,0.151106802,71,0.010567049,0.000000000,-4.210127267,-9.691508586,-7.555009957,0.281566941,15.720534871,4.038728175,-1.958360152,1.152857065,2.234097481,3.556022644,0.396084205,-0.917459817,-0.037213026,0.136321766,0.990645150,-0.006214788,-9.691508586,-7.555009957,0.281566941,0.000000000,0.000000000,0.000000000,1.000000000,3.556022644,1.152857065,2.234097481,2.234097481,1.591704335
2026-06-03T01:48:09,1773928478.768368006,r1,body,odom,44,structure_anchor_44,cylinder,pipe_like,pipe_candidate,unknown,stale,false,false,true,false,11,23,80,11,0.407500000,1.000000000,0.000000000,0.137500000,1.000000000,0.000000000,0.000000000,0.008951830,12,0.001910220,0.041409373,0.000000000,1.530243513,5.242107884,1.168561244,-0.517948207,-1.122551287,-1.566470805,0.082818747,0.082818747,0.738431156,-0.006209020,-0.037376141,0.999281989,0.003157531,0.000433882,0.999994932,1.530243513,5.242107884,1.168561244,0.000000000,0.000000000,0.000000000,1.000000000,0.738431156,0.082818747,0.082818747,0.082818747,8.916231968
2026-06-03T01:48:09,1773928478.768368006,r1,body,odom,68,structure_anchor_68,plane,wall_like,general_plane,unknown,stale,false,false,true,false,13,6,37,13,0.554078856,1.000000000,0.274042930,0.351351351,0.300000000,0.000000000,0.000000000,0.206667440,75,0.010912265,0.000000000,-3.787472935,6.629421646,-0.515717091,1.491888834,-1.910552761,6.431357593,-1.058708719,2.151619911,2.383074284,1.669631004,0.396918976,-0.917852450,-0.001492490,0.135042600,0.990400760,0.029493919,6.629421646,-0.515717091,1.491888834,0.000000000,0.000000000,0.000000000,1.000000000,1.669631004,2.151619911,2.383074284,2.383074284,0.700620629
2026-06-03T01:48:09,1773928478.768368006,r1,body,odom,39,structure_anchor_39,plane,wall_like,general_plane,unknown,stale,false,false,true,false,11,21,94,11,0.403404255,1.000000000,0.000000000,0.117021277,1.000000000,0.000000000,0.000000000,0.233074876,278,0.042455712,0.000000000,-5.017686605,3.072753072,-0.481479995,1.165918503,1.122004490,4.570575992,-1.372410851,0.392756939,5.507715702,2.091176033,0.399673612,-0.916553389,-0.013817022,0.132278799,0.991064707,0.017120954,3.072753072,-0.481479995,1.165918503,0.000000000,0.000000000,0.000000000,1.000000000,2.091176033,0.392756939,5.507715702,5.507715702,0.379681187
2026-06-03T01:48:09,1773928478.768368006,r1,body,odom,36,structure_anchor_36,cylinder,pipe_like,pipe_candidate,unknown,stale,false,false,true,false,9,11,113,9,0.395929204,1.000000000,0.000000000,0.079646018,1.000000000,0.000000000,0.000000000,0.153647633,20,0.002890591,0.045672223,0.000000000,2.488195531,2.960006010,0.539672280,-0.143993336,1.342675263,-2.117813184,0.091344446,0.091344446,1.385943890,-0.005450035,-0.035624963,0.999350379,0.001601082,-0.000672830,0.999998503,2.488195531,2.960006010,0.539672280,0.000000000,0.000000000,0.000000000,1.000000000,1.385943890,0.091344446,0.091344446,0.091344446,15.172722055
2026-06-03T01:48:09,1773928478.768368006,r1,body,odom,2,structure_anchor_2,plane,wall_like,general_plane,unknown,stale,false,false,true,false,147,17,205,146,0.532939024,1.000000000,0.000000000,0.712195122,0.850000000,0.000000000,0.000000000,0.023649939,526,0.075153593,0.000000000,-10.534411815,7.002020985,6.591797668,1.831332872,-5.912050062,0.536328325,-0.972280326,12.587751389,1.139450073,3.901632786,-0.922099031,-0.386806450,-0.010684987,0.989243790,-0.146134335,0.006445218,7.002020985,6.591797668,1.831332872,0.000000000,0.000000000,0.000000000,1.000000000,3.901632786,12.587751389,1.139450073,12.587751389,0.309954706
2026-06-03T01:48:09,1773928478.966367960,r1,body,odom,77,structure_anchor_77,plane,wall_like,general_plane,unknown,stale,false,false,true,false,11,7,25,11,0.573116092,1.000000000,0.298080460,0.440000000,0.350000000,0.000000000,0.000000000,0.124465214,105,0.015277172,0.000000000,-3.761978660,1.555770718,-2.692941779,0.951577883,3.187119011,5.765107194,-1.510220900,1.089963436,1.213198423,1.855043650,0.327592682,-0.944572202,-0.021597200,0.138898295,0.990264926,0.009098310,1.555770718,-2.692941779,0.951577883,0.000000000,0.000000000,0.000000000,1.000000000,1.855043650,1.089963436,1.213198423,1.213198423,1.529052143
2026-06-03T01:48:09,1773928478.966367960,r1,body,odom,79,structure_anchor_79,plane,wall_like,general_plane,unknown,stale,false,false,false,false,6,10,18,6,0.397782324,0.750000000,0.073078284,0.333333333,0.300000000,0.000000000,0.000000000,0.151106802,71,0.010567049,0.000000000,-4.210127267,-10.383662338,-6.847014956,0.272359318,15.720535356,4.038728295,-1.958360140,1.152857065,2.234097481,3.556022644,0.330168864,-0.943202192,-0.036853688,0.136321766,0.990645190,-0.006214787,-10.383662338,-6.847014956,0.272359318,0.000000000,0.000000000,0.000000000,1.000000000,3.556022644,1.152857065,2.234097481,2.234097481,1.591704335
2026-06-03T01:48:09,1773928478.966367960,r1,body,odom,44,structure_anchor_44,cylinder,pipe_like,pipe_candidate,unknown,stale,false,false,true,false,11,24,81,11,0.407160494,1.000000000,0.000000000,0.135802469,1.000000000,0.000000000,0.000000000,0.008951830,12,0.001910220,0.041409373,0.000000000,1.715132448,5.123544995,1.169895478,-0.517948334,-1.122551460,-1.566470794,0.082818747,0.082818747,0.738431156,-0.009766117,-0.036786343,0.999275456,0.003157531,0.000433882,0.999994945,1.715132448,5.123544995,1.169895478,0.000000000,0.000000000,0.000000000,1.000000000,0.738431156,0.082818747,0.082818747,0.082818747,8.916231968
2026-06-03T01:48:09,1773928478.966367960,r1,body,odom,68,structure_anchor_68,plane,wall_like,general_plane,unknown,stale,false,false,true,false,13,7,38,13,0.532729639,1.000000000,0.194042930,0.342105263,0.350000000,0.000000000,0.000000000,0.206667440,75,0.010912265,0.000000000,-3.787472935,6.393561291,-0.980832245,1.497905339,-1.910552985,6.431357711,-1.058708699,2.151619911,2.383074284,1.669631004,0.330940624,-0.943650926,-0.001132394,0.135042600,0.990400800,0.029493920,6.393561291,-0.980832245,1.497905339,0.000000000,0.000000000,0.000000000,1.000000000,1.669631004,2.151619911,2.383074284,2.383074284,0.700620629
2026-06-03T01:48:09,1773928478.966367960,r1,body,odom,39,structure_anchor_39,plane,wall_like,general_plane,unknown,stale,false,false,true,false,11,22,95,11,0.403157895,1.000000000,0.000000000,0.115789474,1.000000000,0.000000000,0.000000000,0.233074876,278,0.042455712,0.000000000,-5.017686605,2.848545622,-0.694889061,1.168632015,1.122004397,4.570576053,-1.372410835,0.392756939,5.507715702,2.091176033,0.333791747,-0.942550847,-0.013454351,0.132278799,0.991064747,0.017120955,2.848545622,-0.694889061,1.168632015,0.000000000,0.000000000,0.000000000,1.000000000,2.091176033,0.392756939,5.507715702,5.507715702,0.379681187
2026-06-03T01:48:09,1773928478.966367960,r1,body,odom,36,structure_anchor_36,cylinder,pipe_like,pipe_candidate,unknown,stale,false,false,true,false,9,12,114,9,0.395789474,1.000000000,0.000000000,0.078947368,1.000000000,0.000000000,0.000000000,0.153647633,20,0.002890591,0.045672223,0.000000000,2.509691459,2.779311840,0.541875231,-0.143993462,1.342675189,-2.117813180,0.091344446,0.091344446,1.385943890,-0.008885119,-0.035093291,0.999344567,0.001601082,-0.000672830,0.999998516,2.509691459,2.779311840,0.541875231,0.000000000,0.000000000,0.000000000,1.000000000,1.385943890,0.091344446,0.091344446,0.091344446,15.172722055
2026-06-03T01:48:09,1773928478.966367960,r1,body,odom,2,structure_anchor_2,plane,wall_like,general_plane,unknown,stale,false,false,true,false,147,18,206,146,0.528747573,1.000000000,0.000000000,0.708737864,0.900000000,0.000000000,0.000000000,0.023649939,526,0.075153593,0.000000000,-10.534411815,7.268119494,6.082486068,1.837761633,-5.912050410,0.536328188,-0.972280309,12.587751389,1.139450073,3.901632786,-0.947160508,-0.320552230,-0.011545041,0.989243830,-0.146134336,0.006445219,7.268119494,6.082486068,1.837761633,0.000000000,0.000000000,0.000000000,1.000000000,3.901632786,12.587751389,1.139450073,12.587751389,0.309954706
2026-06-03T01:48:10,1773928479.167357922,r1,body,odom,49,structure_anchor_49,plane,wall_like,general_plane,unknown,confirmed,true,true,true,false,60,0,121,56,0.698916845,1.000000000,0.781774309,0.462809917,0.000000000,0.000000000,0.000000000,0.174664392,720,0.081474297,0.000000000,2.956835207,-1.244952415,-3.435582369,0.615848291,5.676901289,5.411192181,-1.797155360,5.682874203,1.637626410,2.428927422,-0.266146607,0.963308960,0.034671217,-0.131642861,-0.991295495,-0.002040621,-1.244952415,-3.435582369,0.615848291,0.000000000,0.000000000,0.000000000,1.000000000,2.428927422,5.682874203,1.637626410,5.682874203,0.427411788
2026-06-03T01:48:10,1773928479.167357922,r1,body,odom,77,structure_anchor_77,plane,wall_like,general_plane,unknown,stale,false,false,true,false,11,8,26,11,0.550231477,1.000000000,0.218080460,0.423076923,0.400000000,0.000000000,0.000000000,0.124465214,105,0.015277172,0.000000000,-3.761978660,1.183710957,-2.800819764,0.940304440,3.187118898,5.765108134,-1.510220777,1.089963436,1.213198423,1.855043650,0.259030015,-0.965471288,-0.027729153,0.138898298,0.990265241,0.009098315,1.183710957,-2.800819764,0.940304440,0.000000000,0.000000000,0.000000000,1.000000000,1.855043650,1.089963436,1.213198423,1.213198423,1.529052143
2026-06-03T01:48:10,1773928479.167357922,r1,body,odom,79,structure_anchor_79,plane,wall_like,general_plane,unknown,stale,false,false,false,false,6,11,18,6,0.387782324,0.750000000,0.023078284,0.333333333,0.300000000,0.000000000,0.000000000,0.151106802,71,0.010567049,0.000000000,-4.210127267,-11.025474770,-6.086290225,0.300597111,15.720539229,4.038729196,-1.958360045,1.152857065,2.234097481,3.556022644,0.261627253,-0.964211165,-0.042991544,0.136321769,0.990645505,-0.006214784,-11.025474770,-6.086290225,0.300597111,0.000000000,0.000000000,0.000000000,1.000000000,3.556022644,1.152857065,2.234097481,2.234097481,1.591704335
2026-06-03T01:48:10,1773928479.167357922,r1,body,odom,44,structure_anchor_44,cylinder,pipe_like,pipe_candidate,unknown,stale,false,false,true,false,11,25,82,11,0.406829268,1.000000000,0.000000000,0.134146341,1.000000000,0.000000000,0.000000000,0.008951830,12,0.001910220,0.041409373,0.000000000,1.903228121,4.983003740,1.195106287,-0.517949328,-1.122552820,-1.566470711,0.082818747,0.082818747,0.738431156,-0.007764427,-0.041101799,0.999124926,0.003157533,0.000433887,0.999995052,1.903228121,4.983003740,1.195106287,0.000000000,0.000000000,0.000000000,1.000000000,0.738431156,0.082818747,0.082818747,0.082818747,8.916231968
2026-06-03T01:48:10,1773928479.167357922,r1,body,odom,68,structure_anchor_68,plane,wall_like,general_plane,unknown,stale,false,false,true,false,13,8,39,13,0.511475253,1.000000000,0.114042930,0.333333333,0.400000000,0.000000000,0.000000000,0.206667440,75,0.010912265,0.000000000,-3.787472935,6.134123556,-1.442123762,1.470753620,-1.910554717,6.431358656,-1.058708536,2.151619911,2.383074284,1.669631004,0.262529694,-0.964896609,-0.007277067,0.135042603,0.990401115,0.029493927,6.134123556,-1.442123762,1.470753620,0.000000000,0.000000000,0.000000000,1.000000000,1.669631004,2.151619911,2.383074284,2.383074284,0.700620629
2026-06-03T01:48:10,1773928479.167357922,r1,body,odom,39,structure_anchor_39,plane,wall_like,general_plane,unknown,stale,false,false,true,false,11,23,96,11,0.402916667,1.000000000,0.000000000,0.114583333,1.000000000,0.000000000,0.000000000,0.233074876,278,0.042455712,0.000000000,-5.017686605,2.617191342,-0.901540902,1.160461476,1.122003687,4.570576537,-1.372410706,0.392756939,5.507715702,2.091176033,0.265395378,-0.963940400,-0.019607649,0.132278800,0.991065062,0.017120961,2.617191342,-0.901540902,1.160461476,0.000000000,0.000000000,0.000000000,1.000000000,2.091176033,0.392756939,5.507715702,5.507715702,0.379681187
2026-06-03T01:48:10,1773928479.167357922,r1,body,odom,36,structure_anchor_36,cylinder,pipe_like,pipe_candidate,unknown,stale,false,false,true,false,9,13,115,9,0.395652174,1.000000000,0.000000000,0.078260870,1.000000000,0.000000000,0.000000000,0.153647633,20,0.002890591,0.045672223,0.000000000,2.525026330,2.591161238,0.551973047,-0.143994438,1.342674611,-2.117813146,0.091344446,0.091344446,1.385943890,-0.006764179,-0.039476511,0.999197735,0.001601083,-0.000672825,0.999998623,2.525026330,2.591161238,0.551973047,0.000000000,0.000000000,0.000000000,1.000000000,1.385943890,0.091344446,0.091344446,0.091344446,15.172722055
2026-06-03T01:48:10,1773928479.167357922,r1,body,odom,2,structure_anchor_2,plane,wall_like,general_plane,unknown,stale,false,false,true,false,147,19,207,146,0.524562802,1.000000000,0.000000000,0.705314010,0.950000000,0.000000000,0.000000000,0.023649939,526,0.075153593,0.000000000,-10.534411815,7.513638328,5.538668923,1.839946349,-5.912053156,0.536327132,-0.972280167,12.587751389,1.139450073,3.901632786,-0.967721064,-0.251885231,-0.008368708,0.989244145,-0.146134342,0.006445221,7.513638328,5.538668923,1.839946349,0.000000000,0.000000000,0.000000000,1.000000000,3.901632786,12.587751389,1.139450073,12.587751389,0.309954706
2026-06-03T01:48:10,1773928479.368357897,r1,body,odom,49,structure_anchor_49,plane,wall_like,general_plane,unknown,confirmed,true,true,true,false,61,0,122,57,0.715073283,1.000000000,0.858153301,0.467213115,0.000000000,0.000000000,0.000000000,0.127053525,508,0.081423305,0.000000000,2.906073894,0.401490033,-2.909142256,0.597086668,3.575095385,5.688561001,-1.844175824,5.812445641,1.170631647,2.001260519,-0.195215292,0.979988504,0.038904011,-0.131035262,-0.991371522,0.003592175,0.401490033,-2.909142256,0.597086668,0.000000000,0.000000000,0.000000000,1.000000000,2.001260519,5.812445641,1.170631647,5.812445641,0.344306105
2026-06-03T01:48:10,1773928479.368357897,r1,body,odom,82,structure_anchor_82,plane,wall_like,general_plane,unknown,candidate,false,true,true,false,1,0,1,1,0.326250000,0.125000000,0.350000000,1.000000000,0.000000000,0.000000000,0.000000000,0.000000000,135,0.021638083,0.000000000,2.892688467,-6.421662331,-4.256955624,0.396567613,10.471624513,4.773234964,-1.955135431,4.016481876,0.892943621,2.532017231,-0.196841244,0.979784658,0.035714819,-0.129374837,-0.991595992,0.000422186,-6.421662331,-4.256955624,0.396567613,0.000000000,0.000000000,0.000000000,1.000000000,2.532017231,4.016481876,0.892943621,4.016481876,0.630406736
2026-06-03T01:48:10,1773928479.368357897,r1,body,odom,44,structure_anchor_44,cylinder,pipe_like,pipe_candidate,unknown,confirmed,true,true,true,true,12,0,83,12,0.499915663,1.000000000,0.350000000,0.144578313,0.700000000,0.000000000,0.000000000,0.058669097,15,0.002404231,0.057959180,0.000000000,2.077834606,4.872977257,0.716478586,-0.516781558,-1.138600657,-2.023666367,0.115918361,0.115918361,0.974539399,-0.026885435,0.001634071,0.999637186,0.007513829,-0.043511070,0.999024689,2.077834606,4.872977257,0.716478586,0.000000000,0.000000000,0.000000000,1.000000000,0.974539399,0.115918361,0.115918361,0.115918361,8.407118542
2026-06-03T01:48:10,1773928479.368357897,r1,body,odom,79,structure_anchor_79,plane,wall_like,general_plane,unknown,stale,false,false,false,false,6,12,18,6,0.383166667,0.750000000,0.000000000,0.333333333,0.300000000,0.000000000,0.000000000,0.151106802,71,0.010567049,0.000000000,-4.210127267,-11.627390399,-5.249971359,0.326383623,15.720540567,4.038729321,-1.958360023,1.152857065,2.234097481,3.556022644,0.189991833,-0.980904420,-0.041592668,0.136321781,0.990645604,-0.006214783,-11.627390399,-5.249971359,0.326383623,0.000000000,0.000000000,0.000000000,1.000000000,3.556022644,1.152857065,2.234097481,2.234097481,1.591704335
2026-06-03T01:48:10,1773928479.368357897,r1,body,odom,68,structure_anchor_68,plane,wall_like,general_plane,unknown,stale,false,false,true,false,13,9,40,13,0.490308586,1.000000000,0.034042930,0.325000000,0.450000000,0.000000000,0.000000000,0.206667440,75,0.010912265,0.000000000,-3.787472935,5.829497695,-1.876899999,1.452807875,-1.910555147,6.431358994,-1.058708485,2.151619911,2.383074284,1.669631004,0.190918242,-0.981588505,-0.005878778,0.135042615,0.990401214,0.029493929,5.829497695,-1.876899999,1.452807875,0.000000000,0.000000000,0.000000000,1.000000000,1.669631004,2.151619911,2.383074284,2.383074284,0.700620629
2026-06-03T01:48:10,1773928479.368357897,r1,body,odom,39,structure_anchor_39,plane,wall_like,general_plane,unknown,stale,false,false,true,false,11,24,97,11,0.402680412,1.000000000,0.000000000,0.113402062,1.000000000,0.000000000,0.000000000,0.233074876,278,0.042455712,0.000000000,-5.017686605,2.361123695,-1.079966389,1.148500953,1.122003563,4.570576693,-1.372410667,0.392756939,5.507715702,2.091176033,0.193819920,-0.980868140,-0.018216974,0.132278812,0.991065161,0.017120962,2.361123695,-1.079966389,1.148500953,0.000000000,0.000000000,0.000000000,1.000000000,2.091176033,0.392756939,5.507715702,5.507715702,0.379681187
2026-06-03T01:48:10,1773928479.368357897,r1,body,odom,36,structure_anchor_36,cylinder,pipe_like,pipe_candidate,unknown,stale,false,false,true,false,9,14,116,9,0.395517241,1.000000000,0.000000000,0.077586207,1.000000000,0.000000000,0.000000000,0.153647633,20,0.002890591,0.045672223,0.000000000,2.524490265,2.408941027,0.533230258,-0.143994684,1.342674441,-2.117813135,0.091344446,0.091344446,1.385943890,-0.007498351,-0.037031689,0.999286123,0.001601083,-0.000672825,0.999998656,2.524490265,2.408941027,0.533230258,0.000000000,0.000000000,0.000000000,1.000000000,1.385943890,0.091344446,0.091344446,0.091344446,15.172722055
2026-06-03T01:48:10,1773928479.368357897,r1,body,odom,2,structure_anchor_2,plane,wall_like,general_plane,unknown,stale,false,false,true,false,147,20,208,146,0.520384615,1.000000000,0.000000000,0.701923077,1.000000000,0.000000000,0.000000000,0.023649939,526,0.075153593,0.000000000,-10.534411815,7.718916772,4.984344791,1.805298441,-5.912053978,0.536326873,-0.972280120,12.587751389,1.139450073,3.901632786,-0.983626550,-0.180122345,-0.005922646,0.989244244,-0.146134355,0.006445221,7.718916772,4.984344791,1.805298441,0.000000000,0.000000000,0.000000000,1.000000000,3.901632786,12.587751389,1.139450073,12.587751389,0.309954706
2026-06-03T01:48:10,1773928479.548357964,r1,body,odom,49,structure_anchor_49,plane,wall_like,general_plane,unknown,confirmed,true,true,true,false,62,0,123,58,0.725868872,1.000000000,0.907799646,0.471544715,0.000000000,0.000000000,0.000000000,0.005132106,528,0.085937500,0.000000000,2.879936930,0.107730269,-2.909466028,0.660157025,3.454850396,5.703931177,-1.791657485,5.883183479,0.783054590,1.839311838,-0.127967792,0.991392087,0.027676251,-0.128350134,-0.991708843,-0.006305934,0.107730269,-2.909466028,0.660157025,0.000000000,0.000000000,0.000000000,1.000000000,1.839311838,5.883183479,0.783054590,5.883183479,0.312638871
2026-06-03T01:48:10,1773928479.548357964,r1,body,odom,83,structure_anchor_83,plane,wall_like,general_plane,unknown,candidate,false,true,true,false,1,0,1,1,0.326250000,0.125000000,0.350000000,1.000000000,0.000000000,0.000000000,0.000000000,0.000000000,85,0.013834635,0.000000000,2.862803145,-7.487930298,-3.899675369,0.885509253,11.046375767,4.722587392,-1.429633059,3.264967918,0.458611488,2.542660713,-0.130569283,0.991058978,0.027454765,-0.125745010,-0.992041403,-0.006480608,-7.487930298,-3.899675369,0.885509253,0.000000000,0.000000000,0.000000000,1.000000000,2.542660713,3.264967918,0.458611488,3.264967918,0.778770505
2026-06-03T01:48:10,1773928479.548357964,r1,body,odom,79,structure_anchor_79,plane,wall_like,general_plane,unknown,stale,false,false,false,false,6,13,18,6,0.383166667,0.750000000,0.000000000,0.333333333,0.300000000,0.000000000,0.000000000,0.151106802,71,0.010567049,0.000000000,-4.210127267,-12.174869572,-4.405332991,0.275686916,15.720534036,4.038727981,-1.958360173,1.152857065,2.234097481,3.556022644,0.120155262,-0.991935574,-0.040329946,0.136321765,0.990645082,-0.006214788,-12.174869572,-4.405332991,0.275686916,0.000000000,0.000000000,0.000000000,1.000000000,3.556022644,1.152857065,2.234097481,2.234097481,1.591704335
2026-06-03T01:48:10,1773928479.548357964,r1,body,odom,68,structure_anchor_68,plane,wall_like,general_plane,unknown,stale,false,false,true,false,13,10,41,13,0.478414634,1.000000000,0.000000000,0.317073171,0.500000000,0.000000000,0.000000000,0.206667440,75,0.010912265,0.000000000,-3.787472935,5.471486775,-2.277917487,1.487909281,-1.910552389,6.431357390,-1.058708753,2.151619911,2.383074284,1.669631004,0.120854296,-0.992659532,-0.004611674,0.135042600,0.990400692,0.029493918,5.471486775,-2.277917487,1.487909281,0.000000000,0.000000000,0.000000000,1.000000000,1.669631004,2.151619911,2.383074284,2.383074284,0.700620629
2026-06-03T01:48:10,1773928479.548357964,r1,body,odom,39,structure_anchor_39,plane,wall_like,general_plane,unknown,stale,false,false,true,false,11,25,98,11,0.402448980,1.000000000,0.000000000,0.112244898,1.000000000,0.000000000,0.000000000,0.233074876,278,0.042455712,0.000000000,-5.017686605,2.069907232,-1.237242514,1.166083557,1.122004642,4.570575888,-1.372410878,0.392756939,5.507715702,2.091176033,0.123860700,-0.992155074,-0.016935502,0.132278799,0.991064639,0.017120953,2.069907232,-1.237242514,1.166083557,0.000000000,0.000000000,0.000000000,1.000000000,2.091176033,0.392756939,5.507715702,5.507715702,0.379681187
2026-06-03T01:48:10,1773928479.548357964,r1,body,odom,36,structure_anchor_36,cylinder,pipe_like,pipe_candidate,unknown,stale,false,false,true,false,9,15,117,9,0.395384615,1.000000000,0.000000000,0.076923077,1.000000000,0.000000000,0.000000000,0.153647633,20,0.002890591,0.045672223,0.000000000,2.483319541,2.230880134,0.550508420,-0.143993127,1.342675387,-2.117813192,0.091344446,0.091344446,1.385943890,-0.015044569,-0.035732416,0.999248133,0.001601081,-0.000672831,0.999998480,2.483319541,2.230880134,0.550508420,0.000000000,0.000000000,0.000000000,1.000000000,1.385943890,0.091344446,0.091344446,0.091344446,15.172722055
2026-06-03T01:48:10,1773928479.548357964,r1,body,odom,2,structure_anchor_2,plane,wall_like,general_plane,unknown,stale,false,false,true,false,147,21,209,146,0.519712919,1.000000000,0.000000000,0.698564593,1.000000000,0.000000000,0.000000000,0.023649939,526,0.075153593,0.000000000,-10.534411815,7.840952654,4.432304503,1.847587643,-5.912049471,0.536328552,-0.972280357,12.587751389,1.139450073,3.901632786,-0.993882088,-0.109920756,-0.010760961,0.989243722,-0.146134334,0.006445218,7.840952654,4.432304503,1.847587643,0.000000000,0.000000000,0.000000000,1.000000000,3.901632786,12.587751389,1.139450073,12.587751389,0.309954706
2026-06-03T01:48:10,1773928479.767357826,r1,body,odom,2,structure_anchor_2,plane,wall_like,general_plane,unknown,confirmed,true,true,true,true,148,0,210,147,0.611000000,1.000000000,0.350000000,0.700000000,0.700000000,0.000000000,0.000000000,0.036545594,409,0.067236561,0.000000000,-8.165062917,7.727587223,7.175375938,1.449205637,-6.315636442,-2.652064479,-1.363441580,0.627126694,9.529618263,3.916384697,0.998031481,0.062682646,0.002012168,-0.991103119,0.132948083,-0.006296505,7.727587223,7.175375938,1.449205637,0.000000000,0.000000000,0.000000000,1.000000000,3.916384697,0.627126694,9.529618263,9.529618263,0.410969735
2026-06-03T01:48:10,1773928479.767357826,r1,body,odom,79,structure_anchor_79,plane,wall_like,general_plane,unknown,stale,false,false,false,false,6,14,18,6,0.383166667,0.750000000,0.000000000,0.333333333,0.300000000,0.000000000,0.000000000,0.151106802,71,0.010567049,0.000000000,-4.210127267,-12.578221854,-3.655636214,0.411545787,15.720536762,4.038728408,-1.958360116,1.152857065,2.234097481,3.556022644,0.059355619,-0.997645026,-0.034371914,0.136321780,0.990645293,-0.006214787,-12.578221854,-3.655636214,0.411545787,0.000000000,0.000000000,0.000000000,1.000000000,3.556022644,1.152857065,2.234097481,2.234097481,1.591704335
2026-06-03T01:48:10,1773928479.767357826,r1,body,odom,68,structure_anchor_68,plane,wall_like,general_plane,unknown,stale,false,false,true,false,13,11,42,13,0.473404762,1.000000000,0.000000000,0.309523810,0.550000000,0.000000000,0.000000000,0.206667440,75,0.010912265,0.000000000,-3.787472935,5.174886726,-2.596512623,1.457829685,-1.910553412,6.431358067,-1.058708645,2.151619911,2.383074284,1.669631004,0.060329512,-0.998177671,0.001343289,0.135042614,0.990400903,0.029493922,5.174886726,-2.596512623,1.457829685,0.000000000,0.000000000,0.000000000,1.000000000,1.669631004,2.151619911,2.383074284,2.383074284,0.700620629
2026-06-03T01:48:10,1773928479.767357826,r1,body,odom,39,structure_anchor_39,plane,wall_like,general_plane,unknown,stale,false,false,true,false,11,26,99,11,0.402222222,1.000000000,0.000000000,0.111111111,1.000000000,0.000000000,0.000000000,0.233074876,278,0.042455712,0.000000000,-5.017686605,1.840002417,-1.353194398,1.157783302,1.122004285,4.570576217,-1.372410793,0.392756939,5.507715702,2.091176033,0.063250421,-0.997937023,-0.011009042,0.132278812,0.991064850,0.017120956,1.840002417,-1.353194398,1.157783302,0.000000000,0.000000000,0.000000000,1.000000000,2.091176033,0.392756939,5.507715702,5.507715702,0.379681187
2026-06-03T01:48:10,1773928479.767357826,r1,body,odom,36,structure_anchor_36,cylinder,pipe_like,pipe_candidate,unknown,stale,false,false,true,false,9,16,118,9,0.395254237,1.000000000,0.000000000,0.076271186,1.000000000,0.000000000,0.000000000,0.153647633,20,0.002890591,0.045672223,0.000000000,2.457638352,2.079322062,0.514296263,-0.143993704,1.342675016,-2.117813167,0.091344446,0.091344446,1.385943890,-0.008229560,-0.028248977,0.999567099,0.001601082,-0.000672829,0.999998550,2.457638352,2.079322062,0.514296263,0.000000000,0.000000000,0.000000000,1.000000000,1.385943890,0.091344446,0.091344446,0.091344446,15.172722055
2026-06-03T01:48:10,1773928479.968358040,r1,body,odom,2,structure_anchor_2,plane,wall_like,general_plane,unknown,confirmed,true,true,true,false,149,0,211,148,0.677784360,1.000000000,0.577500000,0.701421801,0.400000000,0.000000000,0.000000000,0.036270858,438,0.072229551,0.000000000,-7.969578683,7.786569118,6.841933250,1.395313263,-6.372468055,-2.486732324,-1.351674713,0.276835918,9.099547386,3.746764660,0.999644714,0.025744864,0.006902666,-0.989424151,0.144999664,-0.003884678,7.786569118,6.841933250,1.395313263,0.000000000,0.000000000,0.000000000,1.000000000,3.746764660,0.276835918,9.099547386,9.099547386,0.411752860
2026-06-03T01:48:10,1773928479.968358040,r1,body,odom,49,structure_anchor_49,plane,wall_like,general_plane,unknown,confirmed,true,true,true,false,63,0,125,59,0.722013954,1.000000000,0.888069770,0.472000000,0.000000000,0.000000000,0.000000000,0.020171545,564,0.079980211,0.000000000,2.864027682,0.022475915,-2.879137224,0.772040100,2.941464131,5.775083897,-1.754050285,5.946526527,0.214185238,2.022463322,-0.025395852,0.999506848,0.018471170,-0.145483934,-0.989351168,0.004348374,0.022475915,-2.879137224,0.772040100,0.000000000,0.000000000,0.000000000,1.000000000,2.022463322,5.946526527,0.214185238,5.946526527,0.340108349
2026-06-03T01:48:10,1773928479.968358040,r1,body,odom,69,structure_anchor_69,plane,wall_like,general_plane,unknown,weak_tracked,false,true,true,false,2,0,34,2,0.145264706,0.250000000,0.350000000,0.058823529,0.700000000,0.000000000,0.000000000,0.028488391,193,0.031827177,0.000000000,3.420258664,-3.706743479,3.330680847,0.815129757,5.557441339,-0.979721065,-1.761480177,0.401110888,4.522086620,1.666141987,0.996752120,0.075626684,0.027673393,-0.995335923,0.095101339,0.016195031,-3.706743479,3.330680847,0.815129757,0.000000000,0.000000000,0.000000000,1.000000000,1.666141987,0.401110888,4.522086620,4.522086620,0.368445394
2026-06-03T01:48:10,1773928479.968358040,r1,body,odom,79,structure_anchor_79,plane,wall_like,general_plane,unknown,stale,false,false,false,false,6,15,18,6,0.383166667,0.750000000,0.000000000,0.333333333,0.300000000,0.000000000,0.000000000,0.151106802,71,0.010567049,0.000000000,-4.210127267,-12.862689926,-3.342390139,0.426752505,15.720535931,4.038728264,-1.958360133,1.152857065,2.234097481,3.556022644,0.034663430,-0.999194171,-0.020236800,0.136321776,0.990645227,-0.006214788,-12.862689926,-3.342390139,0.426752505,0.000000000,0.000000000,0.000000000,1.000000000,3.556022644,1.152857065,2.234097481,2.234097481,1.591704335
2026-06-03T01:48:10,1773928479.968358040,r1,body,odom,68,structure_anchor_68,plane,wall_like,general_plane,unknown,stale,false,false,true,false,13,12,43,13,0.468465116,1.000000000,0.000000000,0.302325581,0.600000000,0.000000000,0.000000000,0.206667440,75,0.010912265,0.000000000,-3.787472935,4.907828148,-2.709188356,1.520848407,-1.910553070,6.431357856,-1.058708681,2.151619911,2.383074284,1.669631004,0.035510056,-0.999249371,0.015485573,0.135042610,0.990400837,0.029493920,4.907828148,-2.709188356,1.520848407,0.000000000,0.000000000,0.000000000,1.000000000,1.669631004,2.151619911,2.383074284,2.383074284,0.700620629
2026-06-03T01:48:10,1773928479.968358040,r1,body,odom,39,structure_anchor_39,plane,wall_like,general_plane,unknown,stale,false,false,true,false,11,27,100,11,0.402000000,1.000000000,0.000000000,0.110000000,1.000000000,0.000000000,0.000000000,0.233074876,278,0.042455712,0.000000000,-5.017686605,1.605831338,-1.387900213,1.191704768,1.122004418,4.570576113,-1.372410820,0.392756939,5.507715702,2.091176033,0.038475362,-0.999254647,0.003141480,0.132278808,0.991064784,0.017120955,1.605831338,-1.387900213,1.191704768,0.000000000,0.000000000,0.000000000,1.000000000,2.091176033,0.392756939,5.507715702,5.507715702,0.379681187
2026-06-03T01:48:10,1773928479.968358040,r1,body,odom,36,structure_anchor_36,cylinder,pipe_like,pipe_candidate,unknown,stale,false,false,true,false,9,17,119,9,0.395126050,1.000000000,0.000000000,0.075630252,1.000000000,0.000000000,0.000000000,0.153647633,20,0.002890591,0.045672223,0.000000000,2.310591552,2.018875224,0.502565755,-0.143993505,1.342675132,-2.117813173,0.091344446,0.091344446,1.385943890,-0.012111703,-0.014001396,0.999828655,0.001601082,-0.000672830,0.999998528,2.310591552,2.018875224,0.502565755,0.000000000,0.000000000,0.000000000,1.000000000,1.385943890,0.091344446,0.091344446,0.091344446,15.172722055
2026-06-03T01:48:11,1773928480.161047459,r1,body,odom,49,structure_anchor_49,plane,wall_like,general_plane,unknown,confirmed,true,true,true,false,64,0,126,60,0.730687165,1.000000000,0.927245350,0.476190476,0.000000000,0.000000000,0.000000000,0.098781225,383,0.048086201,0.000000000,2.903935660,0.444891145,-2.840891540,0.888896298,2.349912653,5.846469257,-1.673842645,5.790332794,0.234981060,1.613724113,-0.017745244,0.997354076,-0.070498888,-0.152037058,-0.985716161,-0.072448597,0.444891145,-2.840891540,0.888896298,0.000000000,0.000000000,0.000000000,1.000000000,1.613724113,5.790332794,0.234981060,5.790332794,0.278692809
2026-06-03T01:48:11,1773928480.161047459,r1,body,odom,2,structure_anchor_2,plane,wall_like,general_plane,unknown,confirmed,true,true,true,false,150,0,212,149,0.728641038,1.000000000,0.725375000,0.702830189,0.100000000,0.000000000,0.000000000,0.034363850,497,0.079929238,0.000000000,-7.795882440,7.610696316,7.119268417,1.283327341,-6.413798121,-2.744934178,-1.366713531,0.293087006,8.699132919,3.892595291,0.999662673,0.025712494,0.003661787,-0.989378116,0.145257119,-0.005620602,7.610696316,7.119268417,1.283327341,0.000000000,0.000000000,0.000000000,1.000000000,3.892595291,0.293087006,8.699132919,8.699132919,0.447469343
2026-06-03T01:48:11,1773928480.161047459,r1,body,odom,79,structure_anchor_79,plane,wall_like,general_plane,unknown,stale,false,false,false,false,6,16,18,6,0.383166667,0.750000000,0.000000000,0.333333333,0.300000000,0.000000000,0.000000000,0.151106802,71,0.010567049,0.000000000,-4.210127267,-13.034892987,-3.340620310,0.478871096,15.720537293,4.038728447,-1.958360110,1.152857065,2.234097481,3.556022644,0.034796611,-0.999362345,-0.008014885,0.136321784,0.990645328,-0.006214788,-13.034892987,-3.340620310,0.478871096,0.000000000,0.000000000,0.000000000,1.000000000,3.556022644,1.152857065,2.234097481,2.234097481,1.591704335
2026-06-03T01:48:11,1773928480.161047459,r1,body,odom,44,structure_anchor_44,cylinder,pipe_like,pipe_candidate,unknown,stale,false,false,true,false,12,4,87,12,0.420586207,1.000000000,0.030000000,0.137931034,0.900000000,0.000000000,0.000000000,0.058669097,15,0.002404231,0.057959180,0.000000000,2.080375911,4.519190447,0.912687405,-0.517656924,-1.126564217,-1.680769613,0.115918361,0.115918361,0.974539399,-0.014626548,0.005424059,0.999878384,0.004029420,-0.008356415,0.999957036,2.080375911,4.519190447,0.912687405,0.000000000,0.000000000,0.000000000,1.000000000,0.974539399,0.115918361,0.115918361,0.115918361,8.407118542
2026-06-03T01:48:11,1773928480.161047459,r1,body,odom,68,structure_anchor_68,plane,wall_like,general_plane,unknown,stale,false,false,true,false,13,13,44,13,0.463590909,1.000000000,0.000000000,0.295454545,0.650000000,0.000000000,0.000000000,0.206667440,75,0.010912265,0.000000000,-3.787472935,4.736811572,-2.691502738,1.543994470,-1.910553496,6.431358178,-1.058708632,2.151619911,2.383074284,1.669631004,0.035685633,-0.998979048,0.027704447,0.135042618,0.990400938,0.029493921,4.736811572,-2.691502738,1.543994470,0.000000000,0.000000000,0.000000000,1.000000000,1.669631004,2.151619911,2.383074284,2.383074284,0.700620629
2026-06-03T01:48:11,1773928480.161047459,r1,body,odom,39,structure_anchor_39,plane,wall_like,general_plane,unknown,stale,false,false,true,false,11,28,101,11,0.401782178,1.000000000,0.000000000,0.108910891,1.000000000,0.000000000,0.000000000,0.233074876,278,0.042455712,0.000000000,-5.017686605,1.434218561,-1.374824616,1.202585906,1.122004308,4.570576264,-1.372410781,0.392756939,5.507715702,2.091176033,0.038636289,-0.999135383,0.015357832,0.132278816,0.991064884,0.017120955,1.434218561,-1.374824616,1.202585906,0.000000000,0.000000000,0.000000000,1.000000000,2.091176033,0.392756939,5.507715702,5.507715702,0.379681187
2026-06-03T01:48:11,1773928480.161047459,r1,body,odom,36,structure_anchor_36,cylinder,pipe_like,pipe_candidate,unknown,stale,false,false,true,false,9,18,120,9,0.395000000,1.000000000,0.000000000,0.075000000,1.000000000,0.000000000,0.000000000,0.153647633,20,0.002890591,0.045672223,0.000000000,2.137624532,2.023338125,0.470855568,-0.143993724,1.342674952,-2.117813158,0.091344446,0.091344446,1.385943890,-0.010923102,-0.001732533,0.999938910,0.001601082,-0.000672830,0.999998562,2.137624532,2.023338125,0.470855568,0.000000000,0.000000000,0.000000000,1.000000000,1.385943890,0.091344446,0.091344446,0.091344446,15.172722055
2026-06-03T01:48:11,1773928480.362047434,r1,body,odom,2,structure_anchor_2,plane,wall_like,general_plane,unknown,confirmed,true,true,true,false,151,0,213,150,0.755143820,1.000000000,0.821493750,0.704225352,0.000000000,0.000000000,0.000000000,0.032779352,478,0.077346278,0.000000000,-7.598325304,7.413084507,7.239934921,1.326736331,-6.413251267,-2.872136517,-1.329423261,0.244088650,8.502869606,3.886989355,0.999662092,0.024186651,0.009524093,-0.989335628,0.145559856,-0.005211961,7.413084507,7.239934921,1.326736331,0.000000000,0.000000000,0.000000000,1.000000000,3.886989355,0.244088650,8.502869606,8.502869606,0.457138535
2026-06-03T01:48:11,1773928480.362047434,r1,body,odom,49,structure_anchor_49,plane,wall_like,general_plane,unknown,confirmed,true,true,true,false,65,0,127,61,0.736604888,1.000000000,0.952709478,0.480314961,0.000000000,0.000000000,0.000000000,0.115968438,490,0.061003236,0.000000000,2.855536105,-0.002621022,-2.857219666,0.838160088,2.612431232,5.820020964,-1.738509551,5.928640366,0.177018166,2.445834637,-0.024124256,0.999708481,0.000939435,-0.145654361,-0.989326023,0.004307875,-0.002621022,-2.857219666,0.838160088,0.000000000,0.000000000,0.000000000,1.000000000,2.445834637,5.928640366,0.177018166,5.928640366,0.412545624
2026-06-03T01:48:11,1773928480.362047434,r1,body,odom,69,structure_anchor_69,plane,wall_like,general_plane,unknown,weak_tracked,false,true,true,false,3,0,36,3,0.259016667,0.375000000,0.525500000,0.083333333,0.450000000,0.000000000,0.000000000,0.140617068,239,0.038673139,0.000000000,3.526307703,-3.953710794,2.613745451,0.509374082,5.583479586,-0.242911337,-1.992252230,0.965289116,6.845120907,1.880906940,0.986425739,0.121450079,0.110517596,-0.994197471,0.048014684,0.096259036,-3.953710794,2.613745451,0.509374082,0.000000000,0.000000000,0.000000000,1.000000000,1.880906940,0.965289116,6.845120907,6.845120907,0.274780674
2026-06-03T01:48:11,1773928480.362047434,r1,body,odom,79,structure_anchor_79,plane,wall_like,general_plane,unknown,stale,false,false,false,false,6,17,18,6,0.383166667,0.750000000,0.000000000,0.333333333,0.300000000,0.000000000,0.000000000,0.151106802,71,0.010567049,0.000000000,-4.210127267,-13.218311672,-3.323704797,0.423905508,15.720532681,4.038727820,-1.958360198,1.152857065,2.234097481,3.556022644,0.033572621,-0.999432568,-0.002707424,0.136321756,0.990644985,-0.006214788,-13.218311672,-3.323704797,0.423905508,0.000000000,0.000000000,0.000000000,1.000000000,3.556022644,1.152857065,2.234097481,2.234097481,1.591704335
2026-06-03T01:48:11,1773928480.362047434,r1,body,odom,44,structure_anchor_44,cylinder,pipe_like,pipe_candidate,unknown,stale,false,false,true,false,12,5,88,12,0.410772727,1.000000000,0.000000000,0.136363636,0.950000000,0.000000000,0.000000000,0.058669097,15,0.002404231,0.057959180,0.000000000,1.904261102,4.519469934,0.901934366,-0.517656056,-1.126562751,-1.680769712,0.115918361,0.115918361,0.974539399,-0.020198509,0.010564619,0.999740126,0.004029417,-0.008356412,0.999956921,1.904261102,4.519469934,0.901934366,0.000000000,0.000000000,0.000000000,1.000000000,0.974539399,0.115918361,0.115918361,0.115918361,8.407118542
2026-06-03T01:48:11,1773928480.362047434,r1,body,odom,68,structure_anchor_68,plane,wall_like,general_plane,unknown,stale,false,false,true,false,13,14,45,13,0.458777778,1.000000000,0.000000000,0.288888889,0.700000000,0.000000000,0.000000000,0.206667440,75,0.010912265,0.000000000,-3.787472935,4.547980440,-2.691182932,1.584953303,-1.910552003,6.431357074,-1.058708800,2.151619911,2.383074284,1.669631004,0.034262809,-0.998867385,0.033013884,0.135042591,0.990400595,0.029493917,4.547980440,-2.691182932,1.584953303,0.000000000,0.000000000,0.000000000,1.000000000,1.669631004,2.151619911,2.383074284,2.383074284,0.700620629
2026-06-03T01:48:11,1773928480.362047434,r1,body,odom,39,structure_anchor_39,plane,wall_like,general_plane,unknown,stale,false,false,true,false,11,29,102,11,0.401568627,1.000000000,0.000000000,0.107843137,1.000000000,0.000000000,0.000000000,0.233074876,278,0.042455712,0.000000000,-5.017686605,1.249017652,-1.372175915,1.218369400,1.122004723,4.570575741,-1.372410916,0.392756939,5.507715702,2.091176033,0.037282110,-0.999090631,0.020684907,0.132278790,0.991064541,0.017120953,1.249017652,-1.372175915,1.218369400,0.000000000,0.000000000,0.000000000,1.000000000,2.091176033,0.392756939,5.507715702,5.507715702,0.379681187
2026-06-03T01:48:11,1773928480.362047434,r1,body,odom,36,structure_anchor_36,cylinder,pipe_like,pipe_candidate,unknown,stale,false,false,true,false,9,19,121,9,0.394876033,1.000000000,0.000000000,0.074380165,1.000000000,0.000000000,0.000000000,0.153647633,20,0.002890591,0.045672223,0.000000000,1.960806994,2.021318008,0.473204117,-0.143992936,1.342675562,-2.117813207,0.091344446,0.091344446,1.385943890,-0.016504543,0.003403843,0.999857952,0.001601081,-0.000672830,0.999998447,1.960806994,2.021318008,0.473204117,0.000000000,0.000000000,0.000000000,1.000000000,1.385943890,0.091344446,0.091344446,0.091344446,15.172722055
2026-06-03T01:48:11,1773928480.542047739,r1,body,odom,49,structure_anchor_49,plane,wall_like,general_plane,unknown,confirmed,true,true,true,false,66,0,128,62,0.740727232,1.000000000,0.969261160,0.484375000,0.000000000,0.000000000,0.000000000,0.118917142,493,0.057915672,0.000000000,2.857542396,0.233869130,-2.851374830,0.905298222,2.218072780,5.872058168,-1.666468690,5.901544571,0.190266609,1.873041272,-0.025742840,0.999667781,-0.001208876,-0.146191973,-0.989252167,-0.002746015,0.233869130,-2.851374830,0.905298222,0.000000000,0.000000000,0.000000000,1.000000000,1.873041272,5.901544571,0.190266609,5.901544571,0.317381535
2026-06-03T01:48:11,1773928480.542047739,r1,body,odom,79,structure_anchor_79,plane,wall_like,general_plane,unknown,stale,false,false,false,false,6,18,18,6,0.383166667,0.750000000,0.000000000,0.333333333,0.300000000,0.000000000,0.000000000,0.151106802,71,0.010567049,0.000000000,-4.210127267,-13.378765266,-3.362033752,0.460152429,15.720530963,4.038727596,-1.958360229,1.152857065,2.234097481,3.556022644,0.035805259,-0.999329501,-0.007639303,0.136321747,0.990644861,-0.006214788,-13.378765266,-3.362033752,0.460152429,0.000000000,0.000000000,0.000000000,1.000000000,3.556022644,1.152857065,2.234097481,2.234097481,1.591704335
2026-06-03T01:48:11,1773928480.542047739,r1,body,odom,44,structure_anchor_44,cylinder,pipe_like,pipe_candidate,unknown,stale,false,false,true,false,12,6,89,12,0.406966292,1.000000000,0.000000000,0.134831461,1.000000000,0.000000000,0.000000000,0.058669097,15,0.002404231,0.057959180,0.000000000,1.727804854,4.512932785,0.921157738,-0.517655801,-1.126562217,-1.680769747,0.115918361,0.115918361,0.974539399,-0.016590755,0.005715130,0.999845944,0.004029416,-0.008356411,0.999956879,1.727804854,4.512932785,0.921157738,0.000000000,0.000000000,0.000000000,1.000000000,0.974539399,0.115918361,0.115918361,0.115918361,8.407118542
2026-06-03T01:48:11,1773928480.542047739,r1,body,odom,39,structure_anchor_39,plane,wall_like,general_plane,unknown,stale,false,false,true,false,11,30,103,11,0.401359223,1.000000000,0.000000000,0.106796117,1.000000000,0.000000000,0.000000000,0.233074876,278,0.042455712,0.000000000,-5.017686605,1.086937930,-1.381632013,1.211602946,1.122004815,4.570575557,-1.372410967,0.392756939,5.507715702,2.091176033,0.039598913,-0.999091577,0.015740815,0.132278781,0.991064418,0.017120952,1.086937930,-1.381632013,1.211602946,0.000000000,0.000000000,0.000000000,1.000000000,2.091176033,0.392756939,5.507715702,5.507715702,0.379681187
2026-06-03T01:48:11,1773928480.542047739,r1,body,odom,36,structure_anchor_36,cylinder,pipe_like,pipe_candidate,unknown,stale,false,false,true,false,9,20,122,9,0.394754098,1.000000000,0.000000000,0.073770492,1.000000000,0.000000000,0.000000000,0.153647633,20,0.002890591,0.045672223,0.000000000,1.788398970,2.017004077,0.480206705,-0.143992710,1.342675787,-2.117813225,0.091344446,0.091344446,1.385943890,-0.012880325,-0.001437757,0.999915925,0.001601080,-0.000672830,0.999998405,1.788398970,2.017004077,0.480206705,0.000000000,0.000000000,0.000000000,1.000000000,1.385943890,0.091344446,0.091344446,0.091344446,15.172722055
2026-06-03T01:48:11,1773928480.740047455,r1,body,odom,79,structure_anchor_79,plane,wall_like,general_plane,unknown,stale,false,false,false,false,6,19,18,6,0.383166667,0.750000000,0.000000000,0.333333333,0.300000000,0.000000000,0.000000000,0.151106802,71,0.010567049,0.000000000,-4.210127267,-13.582575807,-3.352258371,0.431825641,15.720536095,4.038728268,-1.958360131,1.152857065,2.234097481,3.556022644,0.035179302,-0.999376551,-0.003000355,0.136321776,0.990645233,-0.006214788,-13.582575807,-3.352258371,0.431825641,0.000000000,0.000000000,0.000000000,1.000000000,3.556022644,1.152857065,2.234097481,2.234097481,1.591704335
2026-06-03T01:48:11,1773928480.740047455,r1,body,odom,44,structure_anchor_44,cylinder,pipe_like,pipe_candidate,unknown,stale,false,false,true,false,12,7,90,12,0.406666667,1.000000000,0.000000000,0.133333333,1.000000000,0.000000000,0.000000000,0.058669097,15,0.002404231,0.057959180,0.000000000,1.527594016,4.515108753,0.904540875,-0.517656616,-1.126563821,-1.680769638,0.115918361,0.115918361,0.974539399,-0.019720404,0.010256494,0.999752963,0.004029419,-0.008356414,0.999957004,1.527594016,4.515108753,0.904540875,0.000000000,0.000000000,0.000000000,1.000000000,0.974539399,0.115918361,0.115918361,0.115918361,8.407118542
2026-06-03T01:48:11,1773928480.740047455,r1,body,odom,39,structure_anchor_39,plane,wall_like,general_plane,unknown,stale,false,false,true,false,11,31,104,11,0.401153846,1.000000000,0.000000000,0.105769231,1.000000000,0.000000000,0.000000000,0.233074876,278,0.042455712,0.000000000,-5.017686605,0.881987677,-1.377671334,1.219671162,1.122004491,4.570576113,-1.372410818,0.392756939,5.507715702,2.091176033,0.038899820,-0.999035094,0.020390234,0.132278809,0.991064790,0.017120954,0.881987677,-1.377671334,1.219671162,0.000000000,0.000000000,0.000000000,1.000000000,2.091176033,0.392756939,5.507715702,5.507715702,0.379681187
2026-06-03T01:48:11,1773928480.740047455,r1,body,odom,36,structure_anchor_36,cylinder,pipe_like,pipe_candidate,unknown,stale,false,false,true,false,9,21,123,9,0.394634146,1.000000000,0.000000000,0.073170732,1.000000000,0.000000000,0.000000000,0.153647633,20,0.002890591,0.045672223,0.000000000,1.587946998,2.017169129,0.475091998,-0.143993439,1.342675113,-2.117813171,0.091344446,0.091344446,1.385943890,-0.016014863,0.003101639,0.999866981,0.001601082,-0.000672831,0.999998530,1.587946998,2.017169129,0.475091998,0.000000000,0.000000000,0.000000000,1.000000000,1.385943890,0.091344446,0.091344446,0.091344446,15.172722055
2026-06-03T01:48:11,1773928480.941047430,r1,body,odom,79,structure_anchor_79,plane,wall_like,general_plane,unknown,stale,false,false,false,false,6,20,18,6,0.383166667,0.750000000,0.000000000,0.333333333,0.300000000,0.000000000,0.000000000,0.151106802,71,0.010567049,0.000000000,-4.210127267,-13.748740505,-3.343093361,0.499325535,15.720537055,4.038728382,-1.958360117,1.152857065,2.234097481,3.556022644,0.034749866,-0.999388229,-0.003966800,0.136321782,0.990645300,-0.006214789,-13.748740505,-3.343093361,0.499325535,0.000000000,0.000000000,0.000000000,1.000000000,3.556022644,1.152857065,2.234097481,2.234097481,1.591704335
2026-06-03T01:48:11,1773928480.941047430,r1,body,odom,44,structure_anchor_44,cylinder,pipe_like,pipe_candidate,unknown,stale,false,false,true,false,12,8,91,12,0.406373626,1.000000000,0.000000000,0.131868132,1.000000000,0.000000000,0.000000000,0.058669097,15,0.002404231,0.057959180,0.000000000,1.366845526,4.517693033,0.903388015,-0.517656724,-1.126564114,-1.680769618,0.115918361,0.115918361,0.974539399,-0.014761676,0.009470102,0.999846254,0.004029420,-0.008356415,0.999957027,1.366845526,4.517693033,0.903388015,0.000000000,0.000000000,0.000000000,1.000000000,0.974539399,0.115918361,0.115918361,0.115918361,8.407118542
2026-06-03T01:48:11,1773928480.941047430,r1,body,odom,39,structure_anchor_39,plane,wall_like,general_plane,unknown,stale,false,false,true,false,11,32,105,11,0.400952381,1.000000000,0.000000000,0.104761905,1.000000000,0.000000000,0.000000000,0.233074876,278,0.042455712,0.000000000,-5.017686605,0.720366849,-1.375070262,1.217043002,1.122004472,4.570576208,-1.372410790,0.392756939,5.507715702,2.091176033,0.038586391,-0.999066887,0.019405328,0.132278814,0.991064857,0.017120954,0.720366849,-1.375070262,1.217043002,0.000000000,0.000000000,0.000000000,1.000000000,2.091176033,0.392756939,5.507715702,5.507715702,0.379681187
2026-06-03T01:48:11,1773928480.941047430,r1,body,odom,36,structure_anchor_36,cylinder,pipe_like,pipe_candidate,unknown,stale,false,false,true,false,9,22,124,9,0.394516129,1.000000000,0.000000000,0.072580645,1.000000000,0.000000000,0.000000000,0.153647633,20,0.002890591,0.045672223,0.000000000,1.424034521,2.020070854,0.471665486,-0.143993530,1.342674987,-2.117813160,0.091344446,0.091344446,1.385943890,-0.011058581,0.002313638,0.999936236,0.001601082,-0.000672831,0.999998553,1.424034521,2.020070854,0.471665486,0.000000000,0.000000000,0.000000000,1.000000000,1.385943890,0.091344446,0.091344446,0.091344446,15.172722055
2026-06-03T01:48:12,1773928481.160042524,r1,body,odom,49,structure_anchor_49,plane,wall_like,general_plane,unknown,confirmed,true,true,true,false,67,0,131,63,0.721387157,1.000000000,0.876019754,0.480916031,0.000000000,0.000000000,0.000000000,0.120719225,350,0.042471042,0.000000000,2.842711581,-0.875367978,-2.853151726,0.947578258,2.661127143,5.821958872,-1.596107384,5.974823952,0.065670252,1.377144933,-0.003442947,0.999964143,0.007729171,-0.134381348,-0.990928379,-0.001499194,-0.875367978,-2.853151726,0.947578258,0.000000000,0.000000000,0.000000000,1.000000000,1.377144933,5.974823952,0.065670252,5.974823952,0.230491299
2026-06-03T01:48:12,1773928481.160042524,r1,body,odom,79,structure_anchor_79,plane,wall_like,general_plane,unknown,stale,false,false,false,false,6,21,18,6,0.383166667,0.750000000,0.000000000,0.333333333,0.300000000,0.000000000,0.000000000,0.151106802,71,0.010567049,0.000000000,-4.210127267,-14.051206570,-2.881951257,0.441926363,15.720531979,4.038727785,-1.958360209,1.152857065,2.234097481,3.556022644,0.001565882,-0.999879147,-0.015463537,0.136321751,0.990644943,-0.006214788,-14.051206570,-2.881951257,0.441926363,0.000000000,0.000000000,0.000000000,1.000000000,3.556022644,1.152857065,2.234097481,2.234097481,1.591704335
2026-06-03T01:48:12,1773928481.160042524,r1,body,odom,44,structure_anchor_44,cylinder,pipe_like,pipe_candidate,unknown,stale,false,false,true,false,12,9,92,12,0.406086957,1.000000000,0.000000000,0.130434783,1.000000000,0.000000000,0.000000000,0.058669097,15,0.002404231,0.057959180,0.000000000,1.316309219,4.467387658,0.954543738,-0.517656076,-1.126562560,-1.680769722,0.115918361,0.115918361,0.974539399,-0.016001114,-0.001543319,0.999870724,0.004029417,-0.008356412,0.999956907,1.316309219,4.467387658,0.954543738,0.000000000,0.000000000,0.000000000,1.000000000,0.974539399,0.115918361,0.115918361,0.115918361,8.407118542
2026-06-03T01:48:12,1773928481.160042524,r1,body,odom,39,structure_anchor_39,plane,wall_like,general_plane,unknown,stale,false,false,true,false,11,33,106,11,0.400754717,1.000000000,0.000000000,0.103773585,1.000000000,0.000000000,0.000000000,0.233074876,278,0.042455712,0.000000000,-5.017686605,0.474109198,-1.403874379,1.199382760,1.122004637,4.570575690,-1.372410935,0.392756939,5.507715702,2.091176033,0.005374443,-0.999954172,0.007915249,0.132278785,0.991064499,0.017120952,0.474109198,-1.403874379,1.199382760,0.000000000,0.000000000,0.000000000,1.000000000,2.091176033,0.392756939,5.507715702,5.507715702,0.379681187
2026-06-03T01:48:12,1773928481.160042524,r1,body,odom,36,structure_anchor_36,cylinder,pipe_like,pipe_candidate,unknown,stale,false,false,true,false,9,23,125,9,0.394400000,1.000000000,0.000000000,0.072000000,1.000000000,0.000000000,0.000000000,0.153647633,20,0.002890591,0.045672223,0.000000000,1.291241737,1.974374001,0.494082602,-0.143992970,1.342675649,-2.117813213,0.091344446,0.091344446,1.385943890,-0.012537737,-0.008819366,0.999882446,0.001601080,-0.000672831,0.999998433,1.291241737,1.974374001,0.494082602,0.000000000,0.000000000,0.000000000,1.000000000,1.385943890,0.091344446,0.091344446,0.091344446,15.172722055
2026-06-03T01:48:12,1773928481.160042524,r1,body,odom,2,structure_anchor_2,plane,wall_like,general_plane,unknown,stale,false,false,true,false,151,4,217,150,0.674547598,1.000000000,0.501493750,0.691244240,0.200000000,0.000000000,0.000000000,0.032779352,478,0.077346278,0.000000000,-7.598325304,6.899603855,5.811463476,1.478320932,-6.238738650,-1.692417271,-1.230129969,0.244088650,8.502869606,3.886989355,-0.999964677,0.006691960,-0.005073754,0.989504896,-0.144384714,0.005723701,6.899603855,5.811463476,1.478320932,0.000000000,0.000000000,0.000000000,1.000000000,3.886989355,0.244088650,8.502869606,8.502869606,0.457138535
2026-06-03T01:48:12,1773928481.361042500,r1,body,odom,69,structure_anchor_69,plane,wall_like,general_plane,unknown,weak_tracked,false,true,true,false,4,0,41,4,0.316727195,0.500000000,0.483575000,0.097560976,0.350000000,0.000000000,0.000000000,0.241080266,169,0.027078994,0.000000000,4.879644390,-4.761233807,3.880667210,1.382442474,5.479110263,-1.273355570,-1.208044230,0.150851250,3.768166304,1.223803997,0.998607171,-0.014111047,-0.050838927,-0.989327265,0.132416945,-0.060803127,-4.761233807,3.880667210,1.382442474,0.000000000,0.000000000,0.000000000,1.000000000,1.223803997,0.150851250,3.768166304,3.768166304,0.324774412
2026-06-03T01:48:12,1773928481.361042500,r1,body,odom,79,structure_anchor_79,plane,wall_like,general_plane,unknown,stale,false,false,false,false,6,22,18,6,0.383166667,0.750000000,0.000000000,0.333333333,0.300000000,0.000000000,0.000000000,0.151106802,71,0.010567049,0.000000000,-4.210127267,-14.296021849,-2.592212179,0.456377308,15.720531298,4.038727741,-1.958360222,1.152857065,2.234097481,3.556022644,-0.018386810,-0.999658362,-0.018572448,0.136321746,0.990644898,-0.006214789,-14.296021849,-2.592212179,0.456377308,0.000000000,0.000000000,0.000000000,1.000000000,3.556022644,1.152857065,2.234097481,2.234097481,1.591704335
2026-06-03T01:48:12,1773928481.361042500,r1,body,odom,44,structure_anchor_44,cylinder,pipe_like,pipe_candidate,unknown,stale,false,false,true,false,12,10,93,12,0.405806452,1.000000000,0.000000000,0.129032258,1.000000000,0.000000000,0.000000000,0.058669097,15,0.002404231,0.057959180,0.000000000,1.215439765,4.447626012,0.977269607,-0.517656034,-1.126562363,-1.680769735,0.115918361,0.115918361,0.974539399,-0.015143309,-0.004349730,0.999875798,0.004029417,-0.008356412,0.999956892,1.215439765,4.447626012,0.977269607,0.000000000,0.000000000,0.000000000,1.000000000,0.974539399,0.115918361,0.115918361,0.115918361,8.407118542
2026-06-03T01:48:12,1773928481.361042500,r1,body,odom,39,structure_anchor_39,plane,wall_like,general_plane,unknown,stale,false,false,true,false,11,34,107,11,0.400560748,1.000000000,0.000000000,0.102803738,1.000000000,0.000000000,0.000000000,0.233074876,278,0.042455712,0.000000000,-5.017686605,0.256544951,-1.406413535,1.204658250,1.122004609,4.570575631,-1.372410955,0.392756939,5.507715702,2.091176033,-0.014559802,-0.999882394,0.004802371,0.132278780,0.991064455,0.017120951,0.256544951,-1.406413535,1.204658250,0.000000000,0.000000000,0.000000000,1.000000000,2.091176033,0.392756939,5.507715702,5.507715702,0.379681187
2026-06-03T01:48:12,1773928481.361042500,r1,body,odom,36,structure_anchor_36,cylinder,pipe_like,pipe_candidate,unknown,stale,false,false,true,false,9,24,126,9,0.394285714,1.000000000,0.000000000,0.071428571,1.000000000,0.000000000,0.000000000,0.153647633,20,0.002890591,0.045672223,0.000000000,1.140256107,1.957059432,0.509086664,-0.143992944,1.342675735,-2.117813220,0.091344446,0.091344446,1.385943890,-0.011825704,-0.011693385,0.999861625,0.001601080,-0.000672831,0.999998418,1.140256107,1.957059432,0.509086664,0.000000000,0.000000000,0.000000000,1.000000000,1.385943890,0.091344446,0.091344446,0.091344446,15.172722055
2026-06-03T01:48:12,1773928481.361042500,r1,body,odom,2,structure_anchor_2,plane,wall_like,general_plane,unknown,stale,false,false,true,false,151,5,218,150,0.654413429,1.000000000,0.421493750,0.688073394,0.250000000,0.000000000,0.000000000,0.032779352,478,0.077346278,0.000000000,-7.598325304,6.824888081,5.678469575,1.499930167,-6.238738352,-1.692417045,-1.230129987,0.244088650,8.502869606,3.886989355,-0.999636482,0.026643994,-0.004105298,0.989504852,-0.144384708,0.005723701,6.824888081,5.678469575,1.499930167,0.000000000,0.000000000,0.000000000,1.000000000,3.886989355,0.244088650,8.502869606,8.502869606,0.457138535
2026-06-03T01:48:12,1773928481.580042362,r1,body,odom,49,structure_anchor_49,plane,wall_like,general_plane,unknown,confirmed,true,true,true,false,68,0,133,64,0.719723170,1.000000000,0.867412840,0.481203008,0.000000000,0.000000000,0.000000000,0.114320637,287,0.045239596,0.000000000,2.840971046,-2.120125055,-2.775865555,0.879836142,3.453145466,5.700488757,-1.687020103,5.870315075,0.229352474,1.165581465,0.027104148,0.999582577,-0.010001884,-0.144492536,-0.989453630,-0.010190591,-2.120125055,-2.775865555,0.879836142,0.000000000,0.000000000,0.000000000,1.000000000,1.165581465,5.870315075,0.229352474,5.870315075,0.198555180
2026-06-03T01:48:12,1773928481.580042362,r1,body,odom,79,structure_anchor_79,plane,wall_like,general_plane,unknown,stale,false,false,false,false,6,23,18,6,0.383166667,0.750000000,0.000000000,0.333333333,0.300000000,0.000000000,0.000000000,0.151106802,71,0.010567049,0.000000000,-4.210127267,-14.494913731,-2.569741059,0.497639686,15.720539204,4.038728520,-1.958360081,1.152857065,2.234097481,3.556022644,-0.018703328,-0.999805153,-0.006328901,0.136321798,0.990645438,-0.006214789,-14.494913731,-2.569741059,0.497639686,0.000000000,0.000000000,0.000000000,1.000000000,3.556022644,1.152857065,2.234097481,2.234097481,1.591704335
2026-06-03T01:48:12,1773928481.580042362,r1,body,odom,44,structure_anchor_44,cylinder,pipe_like,pipe_candidate,unknown,stale,false,false,true,false,12,11,94,12,0.405531915,1.000000000,0.000000000,0.127659574,1.000000000,0.000000000,0.000000000,0.058669097,15,0.002404231,0.057959180,0.000000000,1.019237576,4.471146952,0.913815652,-0.517656823,-1.126564731,-1.680769576,0.115918361,0.115918361,0.974539399,-0.013940617,0.007877647,0.999871900,0.004029421,-0.008356416,0.999957073,1.019237576,4.471146952,0.913815652,0.000000000,0.000000000,0.000000000,1.000000000,0.974539399,0.115918361,0.115918361,0.115918361,8.407118542
2026-06-03T01:48:12,1773928481.580042362,r1,body,odom,39,structure_anchor_39,plane,wall_like,general_plane,unknown,stale,false,false,true,false,11,35,108,11,0.400370370,1.000000000,0.000000000,0.101851852,1.000000000,0.000000000,0.000000000,0.233074876,278,0.042455712,0.000000000,-5.017686605,0.058894480,-1.379380157,1.213899532,1.122004588,4.570576387,-1.372410733,0.392756939,5.507715702,2.091176033,-0.014848243,-0.999744619,0.017042304,0.132278830,0.991064995,0.017120955,0.058894480,-1.379380157,1.213899532,0.000000000,0.000000000,0.000000000,1.000000000,2.091176033,0.392756939,5.507715702,5.507715702,0.379681187
2026-06-03T01:48:12,1773928481.580042362,r1,body,odom,36,structure_anchor_36,cylinder,pipe_like,pipe_candidate,unknown,stale,false,false,true,false,9,25,127,9,0.394173228,1.000000000,0.000000000,0.070866142,1.000000000,0.000000000,0.000000000,0.153647633,20,0.002890591,0.045672223,0.000000000,0.942757328,1.975066333,0.476203515,-0.143993583,1.342674714,-2.117813139,0.091344446,0.091344446,1.385943890,-0.010625192,0.000533341,0.999943516,0.001601083,-0.000672831,0.999998599,0.942757328,1.975066333,0.476203515,0.000000000,0.000000000,0.000000000,1.000000000,1.385943890,0.091344446,0.091344446,0.091344446,15.172722055
2026-06-03T01:48:12,1773928481.580042362,r1,body,odom,2,structure_anchor_2,plane,wall_like,general_plane,unknown,stale,false,false,true,false,151,6,219,150,0.634285051,1.000000000,0.341493750,0.684931507,0.300000000,0.000000000,0.000000000,0.032779352,478,0.077346278,0.000000000,-7.598325304,6.629674137,5.706554549,1.414657005,-6.238742230,-1.692419842,-1.230129758,0.244088650,8.502869606,3.886989355,-0.999632998,0.026900675,-0.003230702,0.989505391,-0.144384765,0.005723704,6.629674137,5.706554549,1.414657005,0.000000000,0.000000000,0.000000000,1.000000000,3.886989355,0.244088650,8.502869606,8.502869606,0.457138535
2026-06-03T01:48:12,1773928481.760042429,r1,body,odom,79,structure_anchor_79,plane,wall_like,general_plane,unknown,stale,false,false,false,false,6,24,18,6,0.383166667,0.750000000,0.000000000,0.333333333,0.300000000,0.000000000,0.000000000,0.151106802,71,0.010567049,0.000000000,-4.210127267,-14.684606906,-2.585377201,0.435223818,15.720536116,4.038728217,-1.958360132,1.152857065,2.234097481,3.556022644,-0.017514628,-0.999831110,-0.005573230,0.136321778,0.990645227,-0.006214788,-14.684606906,-2.585377201,0.435223818,0.000000000,0.000000000,0.000000000,1.000000000,3.556022644,1.152857065,2.234097481,2.234097481,1.591704335
2026-06-03T01:48:12,1773928481.760042429,r1,body,odom,44,structure_anchor_44,cylinder,pipe_like,pipe_candidate,unknown,stale,false,false,true,false,12,12,95,12,0.405263158,1.000000000,0.000000000,0.126315789,1.000000000,0.000000000,0.000000000,0.058669097,15,0.002404231,0.057959180,0.000000000,0.819217159,4.473888553,0.919333707,-0.517656510,-1.126563804,-1.680769640,0.115918361,0.115918361,0.974539399,-0.018712512,0.008700633,0.999787084,0.004029419,-0.008356414,0.999957002,0.819217159,4.473888553,0.919333707,0.000000000,0.000000000,0.000000000,1.000000000,0.974539399,0.115918361,0.115918361,0.115918361,8.407118542
2026-06-03T01:48:12,1773928481.760042429,r1,body,odom,39,structure_anchor_39,plane,wall_like,general_plane,unknown,stale,false,false,true,false,11,36,109,11,0.400183486,1.000000000,0.000000000,0.100917431,1.000000000,0.000000000,0.000000000,0.233074876,278,0.042455712,0.000000000,-5.017686605,-0.135765650,-1.377496724,1.219783095,1.122004600,4.570576093,-1.372410819,0.392756939,5.507715702,2.091176033,-0.013770989,-0.999746479,0.017816009,0.132278810,0.991064784,0.017120954,-0.135765650,-1.377496724,1.219783095,0.000000000,0.000000000,0.000000000,1.000000000,2.091176033,0.392756939,5.507715702,5.507715702,0.379681187
2026-06-03T01:48:12,1773928481.760042429,r1,body,odom,36,structure_anchor_36,cylinder,pipe_like,pipe_candidate,unknown,stale,false,false,true,false,9,26,128,9,0.394062500,1.000000000,0.000000000,0.070312500,1.000000000,0.000000000,0.000000000,0.153647633,20,0.002890591,0.045672223,0.000000000,0.747714262,1.977354471,0.483471259,-0.143993330,1.342675114,-2.117813171,0.091344446,0.091344446,1.385943890,-0.015388959,0.001360250,0.999880694,0.001601082,-0.000672830,0.999998528,0.747714262,1.977354471,0.483471259,0.000000000,0.000000000,0.000000000,1.000000000,1.385943890,0.091344446,0.091344446,0.091344446,15.172722055
2026-06-03T01:48:12,1773928481.760042429,r1,body,odom,2,structure_anchor_2,plane,wall_like,general_plane,unknown,stale,false,false,true,false,151,7,220,150,0.614162386,1.000000000,0.261493750,0.681818182,0.350000000,0.000000000,0.000000000,0.032779352,478,0.077346278,0.000000000,-7.598325304,6.425768838,5.716237640,1.445845542,-6.238740710,-1.692418748,-1.230129850,0.244088650,8.502869606,3.886989355,-0.999636691,0.025735798,-0.008014212,0.989505180,-0.144384743,0.005723703,6.425768838,5.716237640,1.445845542,0.000000000,0.000000000,0.000000000,1.000000000,3.886989355,0.244088650,8.502869606,8.502869606,0.457138535
2026-06-03T01:48:12,1773928481.961042404,r1,body,odom,36,structure_anchor_36,cylinder,pipe_like,pipe_candidate,unknown,confirmed,true,true,true,true,10,0,129,10,0.581003876,1.000000000,0.577500000,0.077519380,0.000000000,0.000000000,0.000000000,0.000000000,20,0.002890591,0.046873578,0.000000000,1.082391024,4.701374054,0.567506313,-0.970400605,-1.304451026,-2.031713344,0.093747156,0.093747156,1.648269873,-0.013509018,-0.037929908,0.999189085,0.008097400,0.038557366,0.999223580,1.082391024,4.701374054,0.567506313,0.000000000,0.000000000,0.000000000,1.000000000,1.648269873,0.093747156,0.093747156,0.093747156,17.582078699
2026-06-03T01:48:12,1773928481.961042404,r1,body,odom,79,structure_anchor_79,plane,wall_like,general_plane,unknown,stale,false,false,false,false,6,25,18,6,0.383166667,0.750000000,0.000000000,0.333333333,0.300000000,0.000000000,0.000000000,0.151106802,71,0.010567049,0.000000000,-4.210127267,-14.850832303,-2.597163892,0.489836551,15.720539534,4.038728535,-1.958360074,1.152857065,2.234097481,3.556022644,-0.016963794,-0.999843379,-0.005066690,0.136321800,0.990645453,-0.006214789,-14.850832303,-2.597163892,0.489836551,0.000000000,0.000000000,0.000000000,1.000000000,3.556022644,1.152857065,2.234097481,2.234097481,1.591704335
2026-06-03T01:48:12,1773928481.961042404,r1,body,odom,44,structure_anchor_44,cylinder,pipe_like,pipe_candidate,unknown,stale,false,false,true,false,12,13,96,12,0.405000000,1.000000000,0.000000000,0.125000000,1.000000000,0.000000000,0.000000000,0.058669097,15,0.002404231,0.057959180,0.000000000,0.650617327,4.471144928,0.914418382,-0.517656721,-1.126564803,-1.680769570,0.115918361,0.115918361,0.974539399,-0.015080664,0.009134820,0.999844664,0.004029421,-0.008356416,0.999957078,0.650617327,4.471144928,0.914418382,0.000000000,0.000000000,0.000000000,1.000000000,0.974539399,0.115918361,0.115918361,0.115918361,8.407118542
2026-06-03T01:48:12,1773928481.961042404,r1,body,odom,39,structure_anchor_39,plane,wall_like,general_plane,unknown,stale,false,false,true,false,11,37,110,11,0.400000000,1.000000000,0.000000000,0.100000000,1.000000000,0.000000000,0.000000000,0.233074876,278,0.042455712,0.000000000,-5.017686605,-0.299924564,-1.380649416,1.220931107,1.122004709,4.570576398,-1.372410726,0.392756939,5.507715702,2.091176033,-0.013135150,-0.999746209,0.018308738,0.132278831,0.991065010,0.017120955,-0.299924564,-1.380649416,1.220931107,0.000000000,0.000000000,0.000000000,1.000000000,2.091176033,0.392756939,5.507715702,5.507715702,0.379681187
2026-06-03T01:48:12,1773928481.961042404,r1,body,odom,2,structure_anchor_2,plane,wall_like,general_plane,unknown,stale,false,false,true,false,151,8,221,150,0.594045356,1.000000000,0.181493750,0.678733032,0.400000000,0.000000000,0.000000000,0.032779352,478,0.077346278,0.000000000,-7.598325304,6.258337106,5.716920818,1.419981474,-6.238742211,-1.692419927,-1.230129750,0.244088650,8.502869606,3.886989355,-0.999673839,0.025162963,-0.004389160,0.989505406,-0.144384766,0.005723704,6.258337106,5.716920818,1.419981474,0.000000000,0.000000000,0.000000000,1.000000000,3.886989355,0.244088650,8.502869606,8.502869606,0.457138535
2026-06-03T01:48:13,1773928482.162032366,r1,body,odom,36,structure_anchor_36,cylinder,pipe_like,pipe_candidate,unknown,confirmed,true,true,true,false,11,0,130,11,0.611998077,1.000000000,0.725375000,0.084615385,0.000000000,0.000000000,0.000000000,0.016099950,19,0.002982732,0.048711438,0.000000000,0.473807693,1.889544487,0.095237620,-0.196890997,1.428191986,-2.506645882,0.097422875,0.097422875,1.020494938,-0.017296811,0.014761474,0.999741426,0.003446466,-0.012504345,0.999915878,0.473807693,1.889544487,0.095237620,0.000000000,0.000000000,0.000000000,1.000000000,1.020494938,0.097422875,0.097422875,0.097422875,10.474900613
2026-06-03T01:48:13,1773928482.162032366,r1,body,odom,79,structure_anchor_79,plane,wall_like,general_plane,unknown,stale,false,false,false,false,6,26,18,6,0.383166667,0.750000000,0.000000000,0.333333333,0.300000000,0.000000000,0.000000000,0.151106802,71,0.010567049,0.000000000,-4.210127267,-15.029802781,-2.580614966,0.463611421,15.720535769,4.038728179,-1.958360139,1.152857065,2.234097481,3.556022644,-0.018355909,-0.999824730,-0.003691372,0.136321775,0.990645202,-0.006214788,-15.029802781,-2.580614966,0.463611421,0.000000000,0.000000000,0.000000000,1.000000000,3.556022644,1.152857065,2.234097481,2.234097481,1.591704335
2026-06-03T01:48:13,1773928482.162032366,r1,body,odom,44,structure_anchor_44,cylinder,pipe_like,pipe_candidate,unknown,stale,false,false,true,false,12,14,97,12,0.404742268,1.000000000,0.000000000,0.123711340,1.000000000,0.000000000,0.000000000,0.058669097,15,0.002404231,0.057959180,0.000000000,0.480528867,4.466565933,0.914171793,-0.517656452,-1.126563695,-1.680769647,0.115918361,0.115918361,0.974539399,-0.017386576,0.010573856,0.999792957,0.004029419,-0.008356414,0.999956994,0.480528867,4.466565933,0.914171793,0.000000000,0.000000000,0.000000000,1.000000000,0.974539399,0.115918361,0.115918361,0.115918361,8.407118542
2026-06-03T01:48:13,1773928482.162032366,r1,body,odom,39,structure_anchor_39,plane,wall_like,general_plane,unknown,stale,false,false,true,false,11,38,111,11,0.399819820,1.000000000,0.000000000,0.099099099,1.000000000,0.000000000,0.000000000,0.233074876,278,0.042455712,0.000000000,-5.017686605,-0.478937095,-1.383450033,1.226756694,1.122004622,4.570576056,-1.372410829,0.392756939,5.507715702,2.091176033,-0.014581355,-0.999699773,0.019692717,0.132278808,0.991064759,0.017120954,-0.478937095,-1.383450033,1.226756694,0.000000000,0.000000000,0.000000000,1.000000000,2.091176033,0.392756939,5.507715702,5.507715702,0.379681187
2026-06-03T01:48:13,1773928482.162032366,r1,body,odom,2,structure_anchor_2,plane,wall_like,general_plane,unknown,stale,false,false,true,false,151,9,222,150,0.573933885,1.000000000,0.101493750,0.675675676,0.450000000,0.000000000,0.000000000,0.032779352,478,0.077346278,0.000000000,-7.598325304,6.088804341,5.705200562,1.430986644,-6.238740508,-1.692418618,-1.230129860,0.244088650,8.502869606,3.886989355,-0.999624569,0.026557092,-0.006745131,0.989505155,-0.144384740,0.005723703,6.088804341,5.705200562,1.430986644,0.000000000,0.000000000,0.000000000,1.000000000,3.886989355,0.244088650,8.502869606,8.502869606,0.457138535
2026-06-03T01:48:13,1773928482.360032558,r1,body,odom,2,structure_anchor_2,plane,wall_like,general_plane,unknown,confirmed,true,true,true,true,152,0,223,151,0.658120196,1.000000000,0.415970937,0.677130045,0.150000000,0.000000000,0.000000000,0.030413078,591,0.092401501,0.000000000,-5.879537373,6.054442883,6.702347755,1.343797684,-6.373097308,-2.659701250,-1.330934770,0.281876564,9.167742729,4.177847862,0.999584943,-0.027464808,0.008696341,-0.989452630,0.144769506,-0.005029341,6.054442883,6.702347755,1.343797684,0.000000000,0.000000000,0.000000000,1.000000000,4.177847862,0.281876564,9.167742729,9.167742729,0.455711726
2026-06-03T01:48:13,1773928482.360032558,r1,body,odom,79,structure_anchor_79,plane,wall_like,general_plane,unknown,stale,false,false,false,false,6,27,18,6,0.383166667,0.750000000,0.000000000,0.333333333,0.300000000,0.000000000,0.000000000,0.151106802,71,0.010567049,0.000000000,-4.210127267,-15.088170583,-2.547122527,0.433643942,15.720534639,4.038728076,-1.958360159,1.152857065,2.234097481,3.556022644,-0.018855250,-0.999806007,-0.005695013,0.136321768,0.990645128,-0.006214788,-15.088170583,-2.547122527,0.433643942,0.000000000,0.000000000,0.000000000,1.000000000,3.556022644,1.152857065,2.234097481,2.234097481,1.591704335
2026-06-03T01:48:13,1773928482.360032558,r1,body,odom,44,structure_anchor_44,cylinder,pipe_like,pipe_candidate,unknown,stale,false,false,true,false,12,15,98,12,0.404489796,1.000000000,0.000000000,0.122448980,1.000000000,0.000000000,0.000000000,0.058669097,15,0.002404231,0.057959180,0.000000000,0.425108586,4.491289813,0.918471557,-0.517656389,-1.126563367,-1.680769670,0.115918361,0.115918361,0.974539399,-0.018691755,0.008603763,0.999788277,0.004029418,-0.008356413,0.999956969,0.425108586,4.491289813,0.918471557,0.000000000,0.000000000,0.000000000,1.000000000,0.974539399,0.115918361,0.115918361,0.115918361,8.407118542
2026-06-03T01:48:13,1773928482.360032558,r1,body,odom,39,structure_anchor_39,plane,wall_like,general_plane,unknown,stale,false,false,true,false,11,39,112,11,0.399642857,1.000000000,0.000000000,0.098214286,1.000000000,0.000000000,0.000000000,0.233074876,278,0.042455712,0.000000000,-5.017686605,-0.537716226,-1.358846160,1.218216089,1.122004580,4.570575956,-1.372410860,0.392756939,5.507715702,2.091176033,-0.015111288,-0.999729248,0.017694201,0.132278801,0.991064685,0.017120954,-0.537716226,-1.358846160,1.218216089,0.000000000,0.000000000,0.000000000,1.000000000,2.091176033,0.392756939,5.507715702,5.507715702,0.379681187
2026-06-03T01:48:13,1773928482.360032558,r1,body,odom,49,structure_anchor_49,plane,wall_like,general_plane,unknown,stale,false,false,true,false,68,4,137,64,0.638913225,1.000000000,0.547412840,0.467153285,0.200000000,0.000000000,0.000000000,0.114320637,287,0.045239596,0.000000000,2.840971046,-2.596231726,-2.763362420,0.877270611,3.335764060,5.722618768,-1.686197730,5.870315075,0.229352474,1.165581465,-0.023412214,-0.999675400,0.010048274,0.140618480,0.990017424,0.009589588,-2.596231726,-2.763362420,0.877270611,0.000000000,0.000000000,0.000000000,1.000000000,1.165581465,5.870315075,0.229352474,5.870315075,0.198555180
2026-06-03T01:48:13,1773928482.540032387,r1,body,odom,79,structure_anchor_79,plane,wall_like,general_plane,unknown,stale,false,false,false,false,6,28,18,6,0.383166667,0.750000000,0.000000000,0.333333333,0.300000000,0.000000000,0.000000000,0.151106802,71,0.010567049,0.000000000,-4.210127267,-15.096297626,-2.488412672,0.450355842,15.720536085,4.038728200,-1.958360133,1.152857065,2.234097481,3.556022644,-0.020212186,-0.999795639,-0.000466692,0.136321777,0.990645222,-0.006214789,-15.096297626,-2.488412672,0.450355842,0.000000000,0.000000000,0.000000000,1.000000000,3.556022644,1.152857065,2.234097481,2.234097481,1.591704335
2026-06-03T01:48:13,1773928482.540032387,r1,body,odom,44,structure_anchor_44,cylinder,pipe_like,pipe_candidate,unknown,stale,false,false,true,false,12,16,99,12,0.404242424,1.000000000,0.000000000,0.121212121,1.000000000,0.000000000,0.000000000,0.058669097,15,0.002404231,0.057959180,0.000000000,0.426596182,4.531377633,0.895852136,-0.517656464,-1.126563792,-1.680769640,0.115918361,0.115918361,0.974539399,-0.018509234,0.013853840,0.999732739,0.004029419,-0.008356414,0.999957001,0.426596182,4.531377633,0.895852136,0.000000000,0.000000000,0.000000000,1.000000000,0.974539399,0.115918361,0.115918361,0.115918361,8.407118542
2026-06-03T01:48:13,1773928482.540032387,r1,body,odom,39,structure_anchor_39,plane,wall_like,general_plane,unknown,stale,false,false,true,false,11,40,113,11,0.399469027,1.000000000,0.000000000,0.097345133,1.000000000,0.000000000,0.000000000,0.233074876,278,0.042455712,0.000000000,-5.017686605,-0.544110751,-1.315800138,1.226324070,1.122004640,4.570576077,-1.372410821,0.392756939,5.507715702,2.091176033,-0.016464127,-0.999601731,0.022921188,0.132278810,0.991064779,0.017120954,-0.544110751,-1.315800138,1.226324070,0.000000000,0.000000000,0.000000000,1.000000000,2.091176033,0.392756939,5.507715702,5.507715702,0.379681187
2026-06-03T01:48:13,1773928482.540032387,r1,body,odom,49,structure_anchor_49,plane,wall_like,general_plane,unknown,stale,false,false,true,false,68,5,138,64,0.618736191,1.000000000,0.467412840,0.463768116,0.250000000,0.000000000,0.000000000,0.114320637,287,0.045239596,0.000000000,2.840971046,-2.604587515,-2.719284083,0.893060626,3.335764326,5.722619006,-1.686197700,5.870315075,0.229352474,1.165581465,-0.024766279,-0.999576576,0.015276444,0.140618490,0.990017519,0.009589588,-2.604587515,-2.719284083,0.893060626,0.000000000,0.000000000,0.000000000,1.000000000,1.165581465,5.870315075,0.229352474,5.870315075,0.198555180
2026-06-03T01:48:13,1773928482.732032537,r1,body,odom,36,structure_anchor_36,cylinder,pipe_like,pipe_candidate,unknown,confirmed,true,true,true,false,12,0,133,12,0.611543863,1.000000000,0.717493750,0.090225564,0.000000000,0.000000000,0.000000000,0.111117867,10,0.001577536,0.037638407,0.000000000,0.377839565,1.983886003,0.123261832,-0.167497765,1.410913234,-2.476773769,0.080000000,0.080000000,0.907544196,0.056207658,-0.012440371,0.998341593,-0.078313692,0.023279554,0.996656926,0.377839565,1.983886003,0.123261832,0.000000000,0.000000000,0.000000000,1.000000000,0.907544196,0.080000000,0.080000000,0.080000000,11.344302446
2026-06-03T01:48:13,1773928482.732032537,r1,body,odom,79,structure_anchor_79,plane,wall_like,general_plane,unknown,stale,false,false,false,false,6,29,18,6,0.383166667,0.750000000,0.000000000,0.333333333,0.300000000,0.000000000,0.000000000,0.151106802,71,0.010567049,0.000000000,-4.210127267,-15.068214833,-2.598918948,0.268281475,15.720534038,4.038728023,-1.958360172,1.152857065,2.234097481,3.556022644,-0.011931695,-0.999913202,-0.005585998,0.136321764,0.990645089,-0.006214788,-15.068214833,-2.598918948,0.268281475,0.000000000,0.000000000,0.000000000,1.000000000,3.556022644,1.152857065,2.234097481,2.234097481,1.591704335
2026-06-03T01:48:13,1773928482.732032537,r1,body,odom,44,structure_anchor_44,cylinder,pipe_like,pipe_candidate,unknown,stale,false,false,true,false,12,17,100,12,0.404000000,1.000000000,0.000000000,0.120000000,1.000000000,0.000000000,0.000000000,0.058669097,15,0.002404231,0.057959180,0.000000000,0.390299279,4.545943308,0.917445400,-0.517656358,-1.126563190,-1.680769682,0.115918361,0.115918361,0.974539399,-0.029485141,0.008712670,0.999527236,0.004029418,-0.008356413,0.999956956,0.390299279,4.545943308,0.917445400,0.000000000,0.000000000,0.000000000,1.000000000,0.974539399,0.115918361,0.115918361,0.115918361,8.407118542
2026-06-03T01:48:13,1773928482.732032537,r1,body,odom,39,structure_anchor_39,plane,wall_like,general_plane,unknown,stale,false,false,true,false,11,41,114,11,0.399298246,1.000000000,0.000000000,0.096491228,1.000000000,0.000000000,0.000000000,0.233074876,278,0.042455712,0.000000000,-5.017686605,-0.535521228,-1.310593311,1.208655960,1.122004555,4.570575906,-1.372410876,0.392756939,5.507715702,2.091176033,-0.008439721,-0.999805187,0.017842039,0.132278797,0.991064645,0.017120953,-0.535521228,-1.310593311,1.208655960,0.000000000,0.000000000,0.000000000,1.000000000,2.091176033,0.392756939,5.507715702,5.507715702,0.379681187
2026-06-03T01:48:13,1773928482.732032537,r1,body,odom,49,structure_anchor_49,plane,wall_like,general_plane,unknown,stale,false,false,true,false,68,6,139,64,0.598568899,1.000000000,0.387412840,0.460431655,0.300000000,0.000000000,0.000000000,0.114320637,287,0.045239596,0.000000000,2.840971046,-2.580570353,-2.729289394,0.846066468,3.335763950,5.722618668,-1.686197742,5.870315075,0.229352474,1.165581465,-0.016658239,-0.999810143,0.010107415,0.140618476,0.990017385,0.009589588,-2.580570353,-2.729289394,0.846066468,0.000000000,0.000000000,0.000000000,1.000000000,1.165581465,5.870315075,0.229352474,5.870315075,0.198555180
2026-06-03T01:48:13,1773928482.960032463,r1,body,odom,2,structure_anchor_2,plane,wall_like,general_plane,unknown,confirmed,true,true,true,false,153,0,226,152,0.687789496,1.000000000,0.516381109,0.672566372,0.000000000,0.000000000,0.000000000,0.028303203,612,0.094502779,0.000000000,-5.889078921,6.056670189,6.827440262,1.389632702,-6.374457999,-2.712025867,-1.252746088,0.265448570,9.116025925,4.205491066,0.999647839,-0.025632354,0.006868734,-0.989481085,0.144584540,-0.004781455,6.056670189,6.827440262,1.389632702,0.000000000,0.000000000,0.000000000,1.000000000,4.205491066,0.265448570,9.116025925,9.116025925,0.461329432
2026-06-03T01:48:13,1773928482.960032463,r1,body,odom,36,structure_anchor_36,cylinder,pipe_like,pipe_candidate,unknown,confirmed,true,true,true,false,13,0,134,13,0.632677173,1.000000000,0.816370938,0.097014925,0.000000000,0.000000000,0.000000000,0.160718995,11,0.001698579,0.047590323,0.000000000,0.395453244,1.975260615,0.580448389,-0.166732855,1.426443942,-2.017625562,0.095180646,0.095180646,0.409598470,-0.050310131,0.000352594,0.998733581,0.038978478,-0.000658063,0.999239834,0.395453244,1.975260615,0.580448389,0.000000000,0.000000000,0.000000000,1.000000000,0.409598470,0.095180646,0.095180646,0.095180646,4.303379823
2026-06-03T01:48:13,1773928482.960032463,r1,body,odom,79,structure_anchor_79,plane,wall_like,general_plane,unknown,stale,false,false,false,false,6,30,18,6,0.383166667,0.750000000,0.000000000,0.333333333,0.300000000,0.000000000,0.000000000,0.151106802,71,0.010567049,0.000000000,-4.210127267,-15.067057492,-2.511794823,0.480746080,15.720538734,4.038728427,-1.958360087,1.152857065,2.234097481,3.556022644,-0.017246486,-0.999849226,-0.002066105,0.136321794,0.990645396,-0.006214789,-15.067057492,-2.511794823,0.480746080,0.000000000,0.000000000,0.000000000,1.000000000,3.556022644,1.152857065,2.234097481,2.234097481,1.591704335
2026-06-03T01:48:13,1773928482.960032463,r1,body,odom,44,structure_anchor_44,cylinder,pipe_like,pipe_candidate,unknown,stale,false,false,true,false,12,18,101,12,0.403762376,1.000000000,0.000000000,0.118811881,1.000000000,0.000000000,0.000000000,0.058669097,15,0.002404231,0.057959180,0.000000000,0.435805675,4.553336780,0.906584014,-0.517656606,-1.126564579,-1.680769585,0.115918361,0.115918361,0.974539399,-0.016537787,0.012164848,0.999789330,0.004029421,-0.008356416,0.999957059,0.435805675,4.553336780,0.906584014,0.000000000,0.000000000,0.000000000,1.000000000,0.974539399,0.115918361,0.115918361,0.115918361,8.407118542
2026-06-03T01:48:13,1773928482.960032463,r1,body,odom,39,structure_anchor_39,plane,wall_like,general_plane,unknown,stale,false,false,true,false,11,42,115,11,0.399130435,1.000000000,0.000000000,0.095652174,1.000000000,0.000000000,0.000000000,0.233074876,278,0.042455712,0.000000000,-5.017686605,-0.516880585,-1.297231235,1.229412796,1.122004744,4.570576294,-1.372410749,0.392756939,5.507715702,2.091176033,-0.013451948,-0.999682411,0.021314489,0.132278826,0.991064953,0.017120955,-0.516880585,-1.297231235,1.229412796,0.000000000,0.000000000,0.000000000,1.000000000,2.091176033,0.392756939,5.507715702,5.507715702,0.379681187
2026-06-03T01:48:13,1773928482.960032463,r1,body,odom,49,structure_anchor_49,plane,wall_like,general_plane,unknown,stale,false,false,true,false,68,7,140,64,0.578411139,1.000000000,0.307412840,0.457142857,0.350000000,0.000000000,0.000000000,0.114320637,287,0.045239596,0.000000000,2.840971046,-2.573850774,-2.706282979,0.897985934,3.335764807,5.722619439,-1.686197646,5.870315075,0.229352474,1.165581465,-0.021769510,-0.999669422,0.013686483,0.140618507,0.990017692,0.009589589,-2.573850774,-2.706282979,0.897985934,0.000000000,0.000000000,0.000000000,1.000000000,1.165581465,5.870315075,0.229352474,5.870315075,0.198555180
2026-06-03T01:48:14,1773928483.140027523,r1,body,odom,79,structure_anchor_79,plane,wall_like,general_plane,unknown,stale,false,false,false,false,6,31,18,6,0.383166667,0.750000000,0.000000000,0.333333333,0.300000000,0.000000000,0.000000000,0.151106802,71,0.010567049,0.000000000,-4.210127267,-15.065656327,-2.492828460,0.457964711,15.720535847,4.038728179,-1.958360137,1.152857065,2.234097481,3.556022644,-0.018854225,-0.999805517,-0.005788316,0.136321776,0.990645207,-0.006214788,-15.065656327,-2.492828460,0.457964711,0.000000000,0.000000000,0.000000000,1.000000000,3.556022644,1.152857065,2.234097481,2.234097481,1.591704335
2026-06-03T01:48:14,1773928483.140027523,r1,body,odom,44,structure_anchor_44,cylinder,pipe_like,pipe_candidate,unknown,stale,false,false,true,false,12,19,102,12,0.403529412,1.000000000,0.000000000,0.117647059,1.000000000,0.000000000,0.000000000,0.058669097,15,0.002404231,0.057959180,0.000000000,0.448193178,4.545662092,0.923019936,-0.517656454,-1.126563724,-1.680769645,0.115918361,0.115918361,0.974539399,-0.017363866,0.008485261,0.999813260,0.004029419,-0.008356414,0.999956996,0.448193178,4.545662092,0.923019936,0.000000000,0.000000000,0.000000000,1.000000000,0.974539399,0.115918361,0.115918361,0.115918361,8.407118542
2026-06-03T01:48:14,1773928483.140027523,r1,body,odom,39,structure_anchor_39,plane,wall_like,general_plane,unknown,stale,false,false,true,false,11,43,116,11,0.398965517,1.000000000,0.000000000,0.094827586,1.000000000,0.000000000,0.000000000,0.233074876,278,0.042455712,0.000000000,-5.017686605,-0.514182519,-1.304517880,1.223350549,1.122004628,4.570576056,-1.372410827,0.392756939,5.507715702,2.091176033,-0.015079201,-0.999731494,0.017595914,0.132278809,0.991064764,0.017120954,-0.514182519,-1.304517880,1.223350549,0.000000000,0.000000000,0.000000000,1.000000000,2.091176033,0.392756939,5.507715702,5.507715702,0.379681187
2026-06-03T01:48:14,1773928483.140027523,r1,body,odom,49,structure_anchor_49,plane,wall_like,general_plane,unknown,stale,false,false,true,false,68,8,141,64,0.558262710,1.000000000,0.227412840,0.453900709,0.400000000,0.000000000,0.000000000,0.114320637,287,0.045239596,0.000000000,2.840971046,-2.573137066,-2.709011787,0.884973279,3.335764280,5.722618966,-1.686197705,5.870315075,0.229352474,1.165581465,-0.023390276,-0.999676814,0.009961025,0.140618488,0.990017503,0.009589589,-2.573137066,-2.709011787,0.884973279,0.000000000,0.000000000,0.000000000,1.000000000,1.165581465,5.870315075,0.229352474,5.870315075,0.198555180
2026-06-03T01:48:14,1773928483.362027407,r1,body,odom,36,structure_anchor_36,cylinder,pipe_like,pipe_candidate,unknown,confirmed,true,true,true,false,14,0,136,14,0.636316457,1.000000000,0.828641109,0.102941176,0.000000000,0.000000000,0.000000000,0.145100473,14,0.002201950,0.043184295,0.000000000,0.416910172,1.989127517,0.119781546,-0.165461348,1.406281885,-2.480842479,0.086368591,0.086368591,0.813532591,-0.004708487,0.001430931,0.999987891,-0.003182473,0.003133607,0.999990026,0.416910172,1.989127517,0.119781546,0.000000000,0.000000000,0.000000000,1.000000000,0.813532591,0.086368591,0.086368591,0.086368591,9.419310716
2026-06-03T01:48:14,1773928483.362027407,r1,body,odom,79,structure_anchor_79,plane,wall_like,general_plane,unknown,stale,false,false,false,false,6,32,18,6,0.383166667,0.750000000,0.000000000,0.333333333,0.300000000,0.000000000,0.000000000,0.151106802,71,0.010567049,0.000000000,-4.210127267,-15.053731980,-2.489235132,0.533520940,15.720540370,4.038728567,-1.958360064,1.152857065,2.234097481,3.556022644,-0.018974368,-0.999817672,-0.002202972,0.136321805,0.990645503,-0.006214789,-15.053731980,-2.489235132,0.533520940,0.000000000,0.000000000,0.000000000,1.000000000,3.556022644,1.152857065,2.234097481,2.234097481,1.591704335
2026-06-03T01:48:14,1773928483.362027407,r1,body,odom,44,structure_anchor_44,cylinder,pipe_like,pipe_candidate,unknown,stale,false,false,true,false,12,20,103,12,0.403300971,1.000000000,0.000000000,0.116504854,1.000000000,0.000000000,0.000000000,0.058669097,15,0.002404231,0.057959180,0.000000000,0.462591125,4.549123893,0.909591876,-0.517656700,-1.126565062,-1.680769551,0.115918361,0.115918361,0.974539399,-0.013219416,0.011993862,0.999840813,0.004029421,-0.008356417,0.999957095,0.462591125,4.549123893,0.909591876,0.000000000,0.000000000,0.000000000,1.000000000,0.974539399,0.115918361,0.115918361,0.115918361,8.407118542
2026-06-03T01:48:14,1773928483.362027407,r1,body,odom,39,structure_anchor_39,plane,wall_like,general_plane,unknown,stale,false,false,true,false,11,44,117,11,0.398803419,1.000000000,0.000000000,0.094017094,1.000000000,0.000000000,0.000000000,0.233074876,278,0.042455712,0.000000000,-5.017686605,-0.499095321,-1.299860569,1.234427403,1.122004803,4.570576431,-1.372410705,0.392756939,5.507715702,2.091176033,-0.015102459,-0.999662051,0.021165012,0.132278836,0.991065060,0.017120955,-0.499095321,-1.299860569,1.234427403,0.000000000,0.000000000,0.000000000,1.000000000,2.091176033,0.392756939,5.507715702,5.507715702,0.379681187
2026-06-03T01:48:14,1773928483.362027407,r1,body,odom,49,structure_anchor_49,plane,wall_like,general_plane,unknown,stale,false,false,true,false,68,9,142,64,0.538123413,1.000000000,0.147412840,0.450704225,0.450000000,0.000000000,0.000000000,0.114320637,287,0.045239596,0.000000000,2.840971046,-2.559570006,-2.705304511,0.909513881,3.335765100,5.722619710,-1.686197613,5.870315075,0.229352474,1.165581465,-0.023445099,-0.999633228,0.013564484,0.140618518,0.990017799,0.009589589,-2.559570006,-2.705304511,0.909513881,0.000000000,0.000000000,0.000000000,1.000000000,1.165581465,5.870315075,0.229352474,5.870315075,0.198555180
2026-06-03T01:48:14,1773928483.539027691,r1,body,odom,79,structure_anchor_79,plane,wall_like,general_plane,unknown,stale,false,false,false,false,6,33,18,6,0.383166667,0.750000000,0.000000000,0.333333333,0.300000000,0.000000000,0.000000000,0.151106802,71,0.010567049,0.000000000,-4.210127267,-15.040673688,-2.514337806,0.540887983,15.720537242,4.038728300,-1.958360117,1.152857065,2.234097481,3.556022644,-0.017265414,-0.999833061,-0.005989644,0.136321785,0.990645298,-0.006214788,-15.040673688,-2.514337806,0.540887983,0.000000000,0.000000000,0.000000000,1.000000000,3.556022644,1.152857065,2.234097481,2.234097481,1.591704335
2026-06-03T01:48:14,1773928483.539027691,r1,body,odom,44,structure_anchor_44,cylinder,pipe_like,pipe_candidate,unknown,stale,false,false,true,false,12,21,104,12,0.403076923,1.000000000,0.000000000,0.115384615,1.000000000,0.000000000,0.000000000,0.058669097,15,0.002404231,0.057959180,0.000000000,0.464053867,4.549169208,0.923591532,-0.517656532,-1.126564138,-1.680769617,0.115918361,0.115918361,0.974539399,-0.011932054,0.008161821,0.999895560,0.004029420,-0.008356415,0.999957026,0.464053867,4.549169208,0.923591532,0.000000000,0.000000000,0.000000000,1.000000000,0.974539399,0.115918361,0.115918361,0.115918361,8.407118542
2026-06-03T01:48:14,1773928483.539027691,r1,body,odom,39,structure_anchor_39,plane,wall_like,general_plane,unknown,stale,false,false,true,false,11,45,118,11,0.398644068,1.000000000,0.000000000,0.093220339,1.000000000,0.000000000,0.000000000,0.233074876,278,0.042455712,0.000000000,-5.017686605,-0.487191307,-1.302652641,1.227379276,1.122004679,4.570576172,-1.372410789,0.392756939,5.507715702,2.091176033,-0.013363213,-0.999759821,0.017373703,0.132278817,0.991064855,0.017120955,-0.487191307,-1.302652641,1.227379276,0.000000000,0.000000000,0.000000000,1.000000000,2.091176033,0.392756939,5.507715702,5.507715702,0.379681187
2026-06-03T01:48:14,1773928483.539027691,r1,body,odom,49,structure_anchor_49,plane,wall_like,general_plane,unknown,stale,false,false,true,false,68,10,143,64,0.517993058,1.000000000,0.067412840,0.447552448,0.500000000,0.000000000,0.000000000,0.114320637,287,0.045239596,0.000000000,2.840971046,-2.545679814,-2.710384336,0.899792536,3.335764531,5.722619196,-1.686197676,5.870315075,0.229352474,1.165581465,-0.021715824,-0.999716366,0.009784206,0.140618497,0.990017595,0.009589589,-2.545679814,-2.710384336,0.899792536,0.000000000,0.000000000,0.000000000,1.000000000,1.165581465,5.870315075,0.229352474,5.870315075,0.198555180
2026-06-03T01:48:14,1773928483.743027687,r1,body,odom,85,structure_anchor_85,plane,wall_like,general_plane,unknown,candidate,false,true,true,false,1,0,1,1,0.326250000,0.125000000,0.350000000,1.000000000,0.000000000,0.000000000,0.000000000,0.000000000,91,0.014453621,0.000000000,2.779814638,3.393403530,-2.845109463,1.109695315,-2.550165566,6.560765882,-1.513499675,2.453552723,0.075210810,1.180552721,0.021570226,0.999736947,-0.007794996,-0.140618739,-0.990014451,-0.009896454,3.393403530,-2.845109463,1.109695315,0.000000000,0.000000000,0.000000000,1.000000000,1.180552721,2.453552723,0.075210810,2.453552723,0.481160527
2026-06-03T01:48:14,1773928483.743027687,r1,body,odom,49,structure_anchor_49,plane,wall_like,general_plane,unknown,confirmed,false,true,true,true,69,0,144,65,0.605041447,1.000000000,0.393818346,0.451388889,0.200000000,0.000000000,0.000000000,0.162957082,60,0.009529860,0.000000000,2.796122233,-1.427767038,-2.715257406,0.675136328,2.224358822,5.857075372,-1.911154679,2.667695284,0.126042366,0.662824392,0.033267658,0.997729918,-0.058551461,-0.151592889,-0.986575252,-0.060737547,-1.427767038,-2.715257406,0.675136328,0.000000000,0.000000000,0.000000000,1.000000000,0.662824392,2.667695284,0.126042366,2.667695284,0.248463307
2026-06-03T01:48:14,1773928483.743027687,r1,body,odom,79,structure_anchor_79,plane,wall_like,general_plane,unknown,stale,false,false,false,false,6,34,18,6,0.383166667,0.750000000,0.000000000,0.333333333,0.300000000,0.000000000,0.000000000,0.151106802,71,0.010567049,0.000000000,-4.210127267,-15.043720514,-2.519847905,0.523408874,15.720536590,4.038728244,-1.958360127,1.152857065,2.234097481,3.556022644,-0.017104709,-0.999819444,-0.008282511,0.136321780,0.990645256,-0.006214788,-15.043720514,-2.519847905,0.523408874,0.000000000,0.000000000,0.000000000,1.000000000,3.556022644,1.152857065,2.234097481,2.234097481,1.591704335
2026-06-03T01:48:14,1773928483.743027687,r1,body,odom,44,structure_anchor_44,cylinder,pipe_like,pipe_candidate,unknown,stale,false,false,true,false,12,22,105,12,0.402857143,1.000000000,0.000000000,0.114285714,1.000000000,0.000000000,0.000000000,0.058669097,15,0.002404231,0.057959180,0.000000000,0.459605425,4.545161493,0.934126073,-0.517656496,-1.126563944,-1.680769631,0.115918361,0.115918361,0.974539399,-0.012701039,0.005880073,0.999902095,0.004029419,-0.008356414,0.999957012,0.459605425,4.545161493,0.934126073,0.000000000,0.000000000,0.000000000,1.000000000,0.974539399,0.115918361,0.115918361,0.115918361,8.407118542
2026-06-03T01:48:14,1773928483.743027687,r1,body,odom,39,structure_anchor_39,plane,wall_like,general_plane,unknown,stale,false,false,true,false,11,46,119,11,0.398487395,1.000000000,0.000000000,0.092436975,1.000000000,0.000000000,0.000000000,0.233074876,278,0.042455712,0.000000000,-5.017686605,-0.490959070,-1.307484513,1.223840061,1.122004655,4.570576118,-1.372410807,0.392756939,5.507715702,2.091176033,-0.013220460,-0.999798873,0.015083932,0.132278813,0.991064813,0.017120954,-0.490959070,-1.307484513,1.223840061,0.000000000,0.000000000,0.000000000,1.000000000,2.091176033,0.392756939,5.507715702,5.507715702,0.379681187
2026-06-03T01:48:14,1773928483.743027687,r1,body,odom,2,structure_anchor_2,plane,wall_like,general_plane,unknown,stale,false,false,true,false,153,4,230,152,0.607450135,1.000000000,0.196381109,0.660869565,0.200000000,0.000000000,0.000000000,0.028303203,612,0.094502779,0.000000000,-5.889078921,6.075508675,6.228855991,1.406749736,-6.297862231,-2.128686304,-1.254684766,0.265448570,9.116025925,4.205491066,-0.999674900,0.025401226,-0.002228103,0.989492075,-0.144486282,0.005424156,6.075508675,6.228855991,1.406749736,0.000000000,0.000000000,0.000000000,1.000000000,4.205491066,0.265448570,9.116025925,9.116025925,0.461329432
2026-06-03T01:48:14,1773928483.941027403,r1,body,odom,85,structure_anchor_85,plane,wall_like,general_plane,unknown,weak_tracked,false,true,true,false,2,0,2,2,0.428000000,0.250000000,0.577500000,1.000000000,0.000000000,0.000000000,0.000000000,0.029303977,281,0.024029281,0.000000000,2.778635447,0.658815887,-2.774948983,0.853550856,0.154886618,6.162755437,-1.742795600,4.172439098,0.206321955,1.226435900,0.029437768,0.999119142,-0.029904332,-0.148641288,-0.988300679,-0.034165355,0.658815887,-2.774948983,0.853550856,0.000000000,0.000000000,0.000000000,1.000000000,1.226435900,4.172439098,0.206321955,4.172439098,0.293937400
2026-06-03T01:48:14,1773928483.941027403,r1,body,odom,2,structure_anchor_2,plane,wall_like,general_plane,unknown,confirmed,true,true,true,true,154,0,231,153,0.677997077,1.000000000,0.477647721,0.662337662,0.000000000,0.000000000,0.000000000,0.027223362,496,0.078930617,0.000000000,-5.914341061,6.081198692,6.816040993,1.473974824,-6.381965472,-2.711482647,-1.202710701,0.278469563,9.229730606,4.233916283,0.999681032,-0.024988071,0.003664781,-0.989489642,0.144550609,-0.003897931,6.081198692,6.816040993,1.473974824,0.000000000,0.000000000,0.000000000,1.000000000,4.233916283,0.278469563,9.229730606,9.229730606,0.458725879
2026-06-03T01:48:14,1773928483.941027403,r1,body,odom,36,structure_anchor_36,cylinder,pipe_like,pipe_candidate,unknown,confirmed,true,true,true,false,15,0,139,15,0.628506078,1.000000000,0.784616721,0.107913669,0.000000000,0.000000000,0.000000000,0.183960268,13,0.002068746,0.043949984,0.000000000,0.412032932,1.998911500,0.133774221,-0.166024791,1.395958378,-2.479939944,0.087899968,0.087899968,1.005497456,-0.025206002,0.035054786,0.999067475,0.012738297,-0.040911497,0.999081571,0.412032932,1.998911500,0.133774221,0.000000000,0.000000000,0.000000000,1.000000000,1.005497456,0.087899968,0.087899968,0.087899968,11.439110595
2026-06-03T01:48:14,1773928483.941027403,r1,body,odom,79,structure_anchor_79,plane,wall_like,general_plane,unknown,stale,false,false,false,false,6,35,18,6,0.383166667,0.750000000,0.000000000,0.333333333,0.300000000,0.000000000,0.000000000,0.151106802,71,0.010567049,0.000000000,-4.210127267,-15.047071668,-2.529559091,0.518564163,15.720532495,4.038727890,-1.958360196,1.152857065,2.234097481,3.556022644,-0.016616928,-0.999807985,-0.010381822,0.136321754,0.990644987,-0.006214788,-15.047071668,-2.529559091,0.518564163,0.000000000,0.000000000,0.000000000,1.000000000,3.556022644,1.152857065,2.234097481,2.234097481,1.591704335
2026-06-03T01:48:14,1773928483.941027403,r1,body,odom,44,structure_anchor_44,cylinder,pipe_like,pipe_candidate,unknown,stale,false,false,true,false,12,23,106,12,0.402641509,1.000000000,0.000000000,0.113207547,1.000000000,0.000000000,0.000000000,0.058669097,15,0.002404231,0.057959180,0.000000000,0.452817256,4.542140090,0.943562241,-0.517656274,-1.126562733,-1.680769712,0.115918361,0.115918361,0.974539399,-0.012666958,0.003773757,0.999912605,0.004029417,-0.008356412,0.999956922,0.452817256,4.542140090,0.943562241,0.000000000,0.000000000,0.000000000,1.000000000,0.974539399,0.115918361,0.115918361,0.115918361,8.407118542
2026-06-03T01:48:14,1773928483.941027403,r1,body,odom,39,structure_anchor_39,plane,wall_like,general_plane,unknown,stale,false,false,true,false,11,47,120,11,0.398333333,1.000000000,0.000000000,0.091666667,1.000000000,0.000000000,0.000000000,0.233074876,278,0.042455712,0.000000000,-5.017686605,-0.494879236,-1.311564383,1.221017265,1.122004496,4.570575777,-1.372410918,0.392756939,5.507715702,2.091176033,-0.012731826,-0.999834594,0.012984471,0.132278788,0.991064544,0.017120953,-0.494879236,-1.311564383,1.221017265,0.000000000,0.000000000,0.000000000,1.000000000,2.091176033,0.392756939,5.507715702,5.507715702,0.379681187
2026-06-03T01:48:15,1773928484.139022589,r1,body,odom,36,structure_anchor_36,cylinder,pipe_like,pipe_candidate,unknown,confirmed,true,true,true,false,16,0,140,16,0.644857317,1.000000000,0.860000869,0.114285714,0.000000000,0.000000000,0.000000000,0.168281497,12,0.001892744,0.035710819,0.000000000,0.412531406,1.978312612,0.320481211,-0.169629527,1.412521710,-2.301442505,0.080000000,0.080000000,1.123414993,-0.009018398,-0.004524352,0.999949098,0.000713161,-0.003679952,0.999992975,0.412531406,1.978312612,0.320481211,0.000000000,0.000000000,0.000000000,1.000000000,1.123414993,0.080000000,0.080000000,0.080000000,14.042687416
2026-06-03T01:48:15,1773928484.139022589,r1,body,odom,44,structure_anchor_44,cylinder,pipe_like,pipe_candidate,unknown,confirmed,true,true,true,true,13,0,107,13,0.495299065,1.000000000,0.350000000,0.121495327,0.700000000,0.000000000,0.000000000,0.081225817,11,0.001735016,0.035805166,0.000000000,0.512144864,4.499107361,0.969615400,-0.574756240,-1.082935529,-1.673534504,0.080000000,0.080000000,0.653632879,-0.000499846,-0.021777094,0.999762726,-0.005685804,0.014466613,0.999879187,0.512144864,4.499107361,0.969615400,0.000000000,0.000000000,0.000000000,1.000000000,0.653632879,0.080000000,0.080000000,0.080000000,8.170410991
2026-06-03T01:48:15,1773928484.139022589,r1,body,odom,79,structure_anchor_79,plane,wall_like,general_plane,unknown,stale,false,false,false,false,6,36,18,6,0.383166667,0.750000000,0.000000000,0.333333333,0.300000000,0.000000000,0.000000000,0.151106802,71,0.010567049,0.000000000,-4.210127267,-15.053123879,-2.526271149,0.505382711,15.720532254,4.038727869,-1.958360201,1.152857065,2.234097481,3.556022644,-0.017128194,-0.999748953,-0.014441471,0.136321753,0.990644972,-0.006214788,-15.053123879,-2.526271149,0.505382711,0.000000000,0.000000000,0.000000000,1.000000000,3.556022644,1.152857065,2.234097481,2.234097481,1.591704335
2026-06-03T01:48:15,1773928484.139022589,r1,body,odom,39,structure_anchor_39,plane,wall_like,general_plane,unknown,stale,false,false,true,false,11,48,121,11,0.398181818,1.000000000,0.000000000,0.090909091,1.000000000,0.000000000,0.000000000,0.233074876,278,0.042455712,0.000000000,-5.017686605,-0.500451217,-1.318620716,1.215701364,1.122004486,4.570575757,-1.372410925,0.392756939,5.507715702,2.091176033,-0.013247859,-0.999872359,0.008925304,0.132278787,0.991064528,0.017120952,-0.500451217,-1.318620716,1.215701364,0.000000000,0.000000000,0.000000000,1.000000000,2.091176033,0.392756939,5.507715702,5.507715702,0.379681187
2026-06-03T01:48:15,1773928484.340022326,r1,body,odom,79,structure_anchor_79,plane,wall_like,general_plane,unknown,stale,false,false,false,false,6,37,18,6,0.383166667,0.750000000,0.000000000,0.333333333,0.300000000,0.000000000,0.000000000,0.151106802,71,0.010567049,0.000000000,-4.210127267,-15.057044895,-2.525004457,0.500819600,15.720533743,4.038727998,-1.958360175,1.152857065,2.234097481,3.556022644,-0.017392544,-0.999706194,-0.016881699,0.136321762,0.990645069,-0.006214788,-15.057044895,-2.525004457,0.500819600,0.000000000,0.000000000,0.000000000,1.000000000,3.556022644,1.152857065,2.234097481,2.234097481,1.591704335
2026-06-03T01:48:15,1773928484.340022326,r1,body,odom,39,structure_anchor_39,plane,wall_like,general_plane,unknown,stale,false,false,true,false,11,49,122,11,0.398032787,1.000000000,0.000000000,0.090163934,1.000000000,0.000000000,0.000000000,0.233074876,278,0.042455712,0.000000000,-5.017686605,-0.503980717,-1.322915042,1.212558208,1.122004544,4.570575881,-1.372410884,0.392756939,5.507715702,2.091176033,-0.013509803,-0.999887696,0.006484298,0.132278796,0.991064626,0.017120953,-0.503980717,-1.322915042,1.212558208,0.000000000,0.000000000,0.000000000,1.000000000,2.091176033,0.392756939,5.507715702,5.507715702,0.379681187
2026-06-03T01:48:15,1773928484.541022539,r1,body,odom,39,structure_anchor_39,plane,wall_like,general_plane,unknown,confirmed,true,true,true,true,12,0,123,12,0.490512195,1.000000000,0.350000000,0.097560976,0.700000000,0.000000000,0.000000000,0.243723515,204,0.022615847,0.000000000,1.396426864,0.836643677,-1.392796587,0.400994719,-0.194637429,4.807273526,-2.194366600,2.054866076,0.108668208,1.518347263,-0.010035874,0.999883842,0.011482416,-0.109467222,-0.993989566,0.001566230,0.836643677,-1.392796587,0.400994719,0.000000000,0.000000000,0.000000000,1.000000000,1.518347263,2.054866076,0.108668208,2.054866076,0.738903270
2026-06-03T01:48:15,1773928484.541022539,r1,body,odom,36,structure_anchor_36,cylinder,pipe_like,pipe_candidate,unknown,confirmed,true,true,true,false,17,0,142,17,0.645343775,1.000000000,0.857000565,0.119718310,0.000000000,0.000000000,0.000000000,0.167483149,18,0.002846750,0.039790284,0.000000000,0.405331701,1.981737733,0.305239737,-0.168283835,1.406377143,-2.320446809,0.080000000,0.080000000,1.005038261,-0.004443178,-0.017919805,0.999829555,-0.002461705,0.008278084,0.999962706,0.405331701,1.981737733,0.305239737,0.000000000,0.000000000,0.000000000,1.000000000,1.005038261,0.080000000,0.080000000,0.080000000,12.562978268
2026-06-03T01:48:15,1773928484.541022539,r1,body,odom,79,structure_anchor_79,plane,wall_like,general_plane,unknown,stale,false,false,false,false,6,38,18,6,0.383166667,0.750000000,0.000000000,0.333333333,0.300000000,0.000000000,0.000000000,0.151106802,71,0.010567049,0.000000000,-4.210127267,-15.057777560,-2.531479661,0.500442131,15.720540460,4.038728581,-1.958360059,1.152857065,2.234097481,3.556022644,-0.016988422,-0.999722249,-0.016342597,0.136321805,0.990645509,-0.006214788,-15.057777560,-2.531479661,0.500442131,0.000000000,0.000000000,0.000000000,1.000000000,3.556022644,1.152857065,2.234097481,2.234097481,1.591704335
2026-06-03T01:48:15,1773928484.763022423,r1,body,odom,2,structure_anchor_2,plane,wall_like,general_plane,unknown,confirmed,true,true,true,false,155,0,235,154,0.681958034,1.000000000,0.504471019,0.655319149,0.000000000,0.000000000,0.000000000,0.030088669,462,0.073193916,0.000000000,-5.901530071,6.068553925,6.584005356,1.616482019,-6.351440641,-2.499369446,-1.094615128,0.349933624,9.740448952,4.096011162,0.999617113,-0.026751243,0.007070939,-0.989333810,0.145666374,-0.000387162,6.068553925,6.584005356,1.616482019,0.000000000,0.000000000,0.000000000,1.000000000,4.096011162,0.349933624,9.740448952,9.740448952,0.420515644
2026-06-03T01:48:15,1773928484.763022423,r1,body,odom,36,structure_anchor_36,cylinder,pipe_like,pipe_candidate,unknown,confirmed,true,true,true,false,18,0,143,18,0.656584899,1.000000000,0.907050367,0.125874126,0.000000000,0.000000000,0.000000000,0.159176125,32,0.005069708,0.050426528,0.000000000,0.410188138,1.985509038,0.167539224,-0.173032277,1.403730605,-2.456892362,0.100853056,0.100853056,1.137234330,-0.013931812,-0.002777754,0.999899089,0.005395874,-0.007252731,0.999959140,0.410188138,1.985509038,0.167539224,0.000000000,0.000000000,0.000000000,1.000000000,1.137234330,0.100853056,0.100853056,0.100853056,11.276151447
2026-06-03T01:48:15,1773928484.763022423,r1,body,odom,79,structure_anchor_79,plane,wall_like,general_plane,unknown,stale,false,false,false,false,6,39,18,6,0.383166667,0.750000000,0.000000000,0.333333333,0.300000000,0.000000000,0.000000000,0.151106802,71,0.010567049,0.000000000,-4.210127267,-15.059286512,-2.528793632,0.504676426,15.720537124,4.038728291,-1.958360117,1.152857065,2.234097481,3.556022644,-0.017201335,-0.999729114,-0.015682072,0.136321784,0.990645290,-0.006214788,-15.059286512,-2.528793632,0.504676426,0.000000000,0.000000000,0.000000000,1.000000000,3.556022644,1.152857065,2.234097481,2.234097481,1.591704335
2026-06-03T01:48:15,1773928484.763022423,r1,body,odom,49,structure_anchor_49,plane,wall_like,general_plane,unknown,stale,false,false,true,false,69,4,149,65,0.574748322,1.000000000,0.257500000,0.436241611,0.200000000,0.000000000,0.000000000,0.029303977,281,0.024029281,0.000000000,2.796122233,-2.284260226,-2.727401867,0.817267435,3.057913144,5.756233307,-1.742436909,4.172439098,0.206321955,1.226435900,-0.024009351,-0.999658665,0.010306329,0.142844788,0.989546733,0.019823541,-2.284260226,-2.727401867,0.817267435,0.000000000,0.000000000,0.000000000,1.000000000,1.226435900,4.172439098,0.206321955,4.172439098,0.293937400
2026-06-03T01:48:15,1773928484.961022377,r1,body,odom,39,structure_anchor_39,plane,wall_like,general_plane,unknown,confirmed,true,true,true,false,13,0,125,13,0.544400000,1.000000000,0.525500000,0.104000000,0.450000000,0.000000000,0.000000000,0.290006641,332,0.028535393,0.000000000,1.421093087,-0.154450035,-1.388649538,0.501190442,0.786078165,4.684232793,-2.091056574,3.089722157,0.203532696,1.386996508,0.010118259,0.997619730,-0.068209890,-0.128277568,-0.988899586,-0.074985018,-0.154450035,-1.388649538,0.501190442,0.000000000,0.000000000,0.000000000,1.000000000,1.386996508,3.089722157,0.203532696,3.089722157,0.448906548
2026-06-03T01:48:15,1773928484.961022377,r1,body,odom,44,structure_anchor_44,cylinder,pipe_like,pipe_candidate,unknown,confirmed,true,true,true,false,14,0,111,14,0.521025225,1.000000000,0.421500000,0.126126126,0.550000000,0.000000000,0.000000000,0.084646785,16,0.002522466,0.039475150,0.000000000,0.496131331,4.501122952,1.076412320,-0.566175980,-1.089279439,-1.560464377,0.080000000,0.080000000,0.663519025,-0.013718830,-0.012665211,0.999825678,0.006635587,0.005196002,0.999964485,0.496131331,4.501122952,1.076412320,0.000000000,0.000000000,0.000000000,1.000000000,0.663519025,0.080000000,0.080000000,0.080000000,8.293987811
2026-06-03T01:48:15,1773928484.961022377,r1,body,odom,79,structure_anchor_79,plane,wall_like,general_plane,unknown,stale,false,false,false,false,6,40,18,6,0.383166667,0.750000000,0.000000000,0.333333333,0.300000000,0.000000000,0.000000000,0.151106802,71,0.010567049,0.000000000,-4.210127267,-15.060011823,-2.527258158,0.510721087,15.720536637,4.038728249,-1.958360125,1.152857065,2.234097481,3.556022644,-0.017267635,-0.999765600,-0.013064010,0.136321781,0.990645259,-0.006214788,-15.060011823,-2.527258158,0.510721087,0.000000000,0.000000000,0.000000000,1.000000000,3.556022644,1.152857065,2.234097481,2.234097481,1.591704335
2026-06-03T01:48:15,1773928484.961022377,r1,body,odom,49,structure_anchor_49,plane,wall_like,general_plane,unknown,stale,false,false,true,false,69,5,150,65,0.554666667,1.000000000,0.177500000,0.433333333,0.250000000,0.000000000,0.000000000,0.029303977,281,0.024029281,0.000000000,2.796122233,-2.285011247,-2.725900657,0.824333741,3.057913065,5.756233226,-1.742436919,4.172439098,0.206321955,1.226435900,-0.024076663,-0.999626621,0.012923848,0.142844785,0.989546702,0.019823541,-2.285011247,-2.725900657,0.824333741,0.000000000,0.000000000,0.000000000,1.000000000,1.226435900,4.172439098,0.206321955,4.172439098,0.293937400
2026-06-03T01:48:16,1773928485.141017437,r1,body,odom,36,structure_anchor_36,cylinder,pipe_like,pipe_candidate,unknown,confirmed,true,true,true,false,19,0,145,19,0.653723444,1.000000000,0.887582739,0.131034483,0.000000000,0.000000000,0.000000000,0.172405901,19,0.003007757,0.052988138,0.000000000,0.410029233,1.971198440,0.377953261,-0.173228943,1.415961987,-2.240591959,0.105976276,0.105976276,0.889259994,-0.021149430,0.019469749,0.999586730,0.010190889,-0.027244928,0.999576840,0.410029233,1.971198440,0.377953261,0.000000000,0.000000000,0.000000000,1.000000000,0.889259994,0.105976276,0.105976276,0.105976276,8.391123247
2026-06-03T01:48:16,1773928485.141017437,r1,body,odom,79,structure_anchor_79,plane,wall_like,general_plane,unknown,stale,false,false,false,false,6,41,18,6,0.383166667,0.750000000,0.000000000,0.333333333,0.300000000,0.000000000,0.000000000,0.151106802,71,0.010567049,0.000000000,-4.210127267,-15.061037294,-2.523098386,0.510933705,15.720535967,4.038728190,-1.958360137,1.152857065,2.234097481,3.556022644,-0.017554965,-0.999764962,-0.012724336,0.136321776,0.990645215,-0.006214788,-15.061037294,-2.523098386,0.510933705,0.000000000,0.000000000,0.000000000,1.000000000,3.556022644,1.152857065,2.234097481,2.234097481,1.591704335
2026-06-03T01:48:16,1773928485.141017437,r1,body,odom,49,structure_anchor_49,plane,wall_like,general_plane,unknown,stale,false,false,true,false,69,6,151,65,0.534592715,1.000000000,0.097500000,0.430463576,0.300000000,0.000000000,0.000000000,0.029303977,281,0.024029281,0.000000000,2.796122233,-2.286108473,-2.725312751,0.825178273,3.057912955,5.756233114,-1.742436933,4.172439098,0.206321955,1.226435900,-0.024365098,-0.999615173,0.013263172,0.142844780,0.989546658,0.019823540,-2.286108473,-2.725312751,0.825178273,0.000000000,0.000000000,0.000000000,1.000000000,1.226435900,4.172439098,0.206321955,4.172439098,0.293937400
2026-06-03T01:48:16,1773928485.342017412,r1,body,odom,79,structure_anchor_79,plane,wall_like,general_plane,unknown,stale,false,false,false,false,6,42,18,6,0.383166667,0.750000000,0.000000000,0.333333333,0.300000000,0.000000000,0.000000000,0.151106802,71,0.010567049,0.000000000,-4.210127267,-15.061132280,-2.522944907,0.511846325,15.720538028,4.038728369,-1.958360102,1.152857065,2.234097481,3.556022644,-0.017559517,-0.999767269,-0.012538939,0.136321790,0.990645350,-0.006214788,-15.061132280,-2.522944907,0.511846325,0.000000000,0.000000000,0.000000000,1.000000000,3.556022644,1.152857065,2.234097481,2.234097481,1.591704335
2026-06-03T01:48:16,1773928485.342017412,r1,body,odom,49,structure_anchor_49,plane,wall_like,general_plane,unknown,stale,false,false,true,false,69,7,152,65,0.514526316,1.000000000,0.017500000,0.427631579,0.350000000,0.000000000,0.000000000,0.029303977,281,0.024029281,0.000000000,2.796122233,-2.286194196,-2.725154466,0.825740729,3.057913292,5.756233457,-1.742436892,4.172439098,0.206321955,1.226435900,-0.024368862,-0.999612647,0.013448749,0.142844794,0.989546792,0.019823541,-2.286194196,-2.725154466,0.825740729,0.000000000,0.000000000,0.000000000,1.000000000,1.226435900,4.172439098,0.206321955,4.172439098,0.293937400
2026-06-03T01:48:16,1773928485.561017513,r1,body,odom,2,structure_anchor_2,plane,wall_like,general_plane,unknown,confirmed,true,true,true,false,156,0,239,155,0.684088345,1.000000000,0.521906162,0.648535565,0.000000000,0.000000000,0.000000000,0.029539466,582,0.092307692,0.000000000,-5.891153434,6.075275898,6.817300320,1.386842489,-6.382092351,-2.728245048,-1.305630335,0.344964504,9.694565773,4.174317360,0.999604612,-0.027671289,0.004992000,-0.989255403,0.146174844,-0.002596067,6.075275898,6.817300320,1.386842489,0.000000000,0.000000000,0.000000000,1.000000000,4.174317360,0.344964504,9.694565773,9.694565773,0.430583221
2026-06-03T01:48:16,1773928485.561017513,r1,body,odom,69,structure_anchor_69,plane,wall_like,general_plane,unknown,weak_tracked,false,true,true,false,5,0,62,5,0.318379032,0.625000000,0.350000000,0.080645161,0.700000000,0.000000000,0.000000000,0.251834836,252,0.039968279,0.000000000,5.317484903,-5.548318386,3.351353884,0.796833456,5.575354684,-0.664344656,-1.783779296,0.445792198,7.098763466,2.469001293,0.997893603,0.058954340,0.027069226,-0.998027811,0.059844165,0.018953653,-5.548318386,3.351353884,0.796833456,0.000000000,0.000000000,0.000000000,1.000000000,2.469001293,0.445792198,7.098763466,7.098763466,0.347807235
2026-06-03T01:48:16,1773928485.561017513,r1,body,odom,79,structure_anchor_79,plane,wall_like,general_plane,unknown,stale,false,false,false,false,6,43,18,6,0.383166667,0.750000000,0.000000000,0.333333333,0.300000000,0.000000000,0.000000000,0.151106802,71,0.010567049,0.000000000,-4.210127267,-15.061423816,-2.521774084,0.511794741,15.720535391,4.038728141,-1.958360147,1.152857065,2.234097481,3.556022644,-0.017642476,-0.999765221,-0.012581115,0.136321773,0.990645177,-0.006214788,-15.061423816,-2.521774084,0.511794741,0.000000000,0.000000000,0.000000000,1.000000000,3.556022644,1.152857065,2.234097481,2.234097481,1.591704335
2026-06-03T01:48:16,1773928485.561017513,r1,body,odom,49,structure_anchor_49,plane,wall_like,general_plane,unknown,stale,false,false,true,false,69,8,153,65,0.506967320,1.000000000,0.000000000,0.424836601,0.400000000,0.000000000,0.000000000,0.029303977,281,0.024029281,0.000000000,2.796122233,-2.286502349,-2.725056463,0.825642377,3.057912861,5.756233018,-1.742436944,4.172439098,0.206321955,1.226435900,-0.024451730,-0.999611132,0.013406598,0.142844776,0.989546620,0.019823540,-2.286502349,-2.725056463,0.825642377,0.000000000,0.000000000,0.000000000,1.000000000,1.226435900,4.172439098,0.206321955,4.172439098,0.293937400
2026-06-03T01:48:16,1773928485.762017488,r1,body,odom,2,structure_anchor_2,plane,wall_like,general_plane,unknown,confirmed,true,true,true,false,157,0,240,156,0.717847801,1.000000000,0.689239005,0.650000000,0.000000000,0.000000000,0.000000000,0.026823906,536,0.084917617,0.000000000,-5.896191190,6.069254875,6.670799255,1.497362494,-6.359103398,-2.584434815,-1.192809584,0.290307045,9.175989151,4.176151752,0.999644552,-0.026420630,0.003566498,-0.989444619,0.144856894,-0.003982502,6.069254875,6.670799255,1.497362494,0.000000000,0.000000000,0.000000000,1.000000000,4.176151752,0.290307045,9.175989151,9.175989151,0.455117338
2026-06-03T01:48:16,1773928485.762017488,r1,body,odom,79,structure_anchor_79,plane,wall_like,general_plane,unknown,stale,false,false,false,false,6,44,18,6,0.383166667,0.750000000,0.000000000,0.333333333,0.300000000,0.000000000,0.000000000,0.151106802,71,0.010567049,0.000000000,-4.210127267,-15.061699004,-2.520309195,0.512945233,15.720534887,4.038728097,-1.958360155,1.152857065,2.234097481,3.556022644,-0.017732727,-0.999765532,-0.012427747,0.136321770,0.990645144,-0.006214788,-15.061699004,-2.520309195,0.512945233,0.000000000,0.000000000,0.000000000,1.000000000,3.556022644,1.152857065,2.234097481,2.234097481,1.591704335
2026-06-03T01:48:16,1773928485.762017488,r1,body,odom,44,structure_anchor_44,cylinder,pipe_like,pipe_candidate,unknown,stale,false,false,true,false,14,4,115,14,0.442147826,1.000000000,0.101500000,0.121739130,0.750000000,0.000000000,0.000000000,0.084646785,16,0.002522466,0.039475150,0.000000000,0.470567324,4.518336498,0.984552245,-0.540492525,-1.109062245,-1.649336743,0.080000000,0.080000000,0.663519025,-0.010923838,-0.004452179,0.999930430,0.002996323,-0.001994411,0.999993531,0.470567324,4.518336498,0.984552245,0.000000000,0.000000000,0.000000000,1.000000000,0.663519025,0.080000000,0.080000000,0.080000000,8.293987811
2026-06-03T01:48:16,1773928485.762017488,r1,body,odom,39,structure_anchor_39,plane,wall_like,general_plane,unknown,stale,false,false,true,false,13,4,129,13,0.465755039,1.000000000,0.205500000,0.100775194,0.650000000,0.000000000,0.000000000,0.290006641,332,0.028535393,0.000000000,1.421093087,-0.168467002,-1.351001977,0.887098846,0.791152647,4.643370832,-1.706189000,3.089722157,0.203532696,1.386996508,-0.009495571,-0.999763512,0.019564514,0.127874784,0.991456990,0.025712392,-0.168467002,-1.351001977,0.887098846,0.000000000,0.000000000,0.000000000,1.000000000,1.386996508,3.089722157,0.203532696,3.089722157,0.448906548
2026-06-03T01:48:16,1773928485.762017488,r1,body,odom,49,structure_anchor_49,plane,wall_like,general_plane,unknown,stale,false,false,true,false,69,9,154,65,0.502915584,1.000000000,0.000000000,0.422077922,0.450000000,0.000000000,0.000000000,0.029303977,281,0.024029281,0.000000000,2.796122233,-2.286779734,-2.724688727,0.826163324,3.057912778,5.756232934,-1.742436954,4.172439098,0.206321955,1.226435900,-0.024540623,-0.999606869,0.013560295,0.142844773,0.989546587,0.019823540,-2.286779734,-2.724688727,0.826163324,0.000000000,0.000000000,0.000000000,1.000000000,1.226435900,4.172439098,0.206321955,4.172439098,0.293937400
