wall_time_iso,ros_time_sec,robot_id,phase,anchor_class,decision,reason,candidate_kind,candidate_id,track_id,track_lifecycle,track_age,track_missed_updates,score,centroid_distance,normal_angle_deg,plane_offset,projected_gap,axis_angle_deg,axis_distance,radius_diff,axial_overlap_ratio,axial_gap,xy_distance,vertical_overlap_ratio,height_diff,footprint_diff,threshold_normal_angle,threshold_plane_offset,threshold_projected_gap,threshold_centroid_distance,threshold_axis_angle,threshold_axis_distance,threshold_radius_diff,threshold_axial_overlap,threshold_axial_gap,threshold_xy_distance,threshold_vertical_overlap,threshold_height_diff,threshold_footprint_diff,debug_margin_scale,debug_centroid_margin_scale,candidate_inlier_count,track_inlier_count,candidate_age
2026-06-02T23:31:57,1780327182.862073421,r1,track_association,wall_like,accepted,selected_best_match,detection,0,1,candidate,1,0,0.243121944,0.517806174,0.463063776,0.003791074,0.000000000,nan,nan,nan,nan,nan,nan,nan,nan,nan,8.000000000,0.300000000,1.800000000,3.000000000,nan,nan,nan,nan,nan,nan,nan,nan,nan,1.500000000,2.000000000,881,1150,0
2026-06-02T23:31:57,1780327182.862073421,r1,track_association,wall_like,accepted,selected_best_match,detection,2,2,candidate,1,0,0.411015758,0.537543785,1.782463156,0.002707980,0.000000000,nan,nan,nan,nan,nan,nan,nan,nan,nan,8.000000000,0.300000000,1.800000000,3.000000000,nan,nan,nan,nan,nan,nan,nan,nan,nan,1.500000000,2.000000000,805,1014,0
2026-06-02T23:31:57,1780327183.066073418,r1,track_association,wall_like,accepted,selected_best_match,detection,0,1,weak_tracked,2,0,0.101391099,0.248745015,0.105520384,0.001585814,0.000000000,nan,nan,nan,nan,nan,nan,nan,nan,nan,8.000000000,0.300000000,1.800000000,3.000000000,nan,nan,nan,nan,nan,nan,nan,nan,nan,1.500000000,2.000000000,1071,881,0
2026-06-02T23:31:57,1780327183.066073418,r1,track_association,wall_like,accepted,selected_best_match,detection,2,2,weak_tracked,2,0,0.398573045,0.448166990,1.694409879,0.011214844,0.000000000,nan,nan,nan,nan,nan,nan,nan,nan,nan,8.000000000,0.300000000,1.800000000,3.000000000,nan,nan,nan,nan,nan,nan,nan,nan,nan,1.500000000,2.000000000,694,805,0
2026-06-02T23:31:57,1780327183.066073418,r1,track_association,wall_like,accepted,selected_best_match,detection,4,3,candidate,1,1,0.283246397,0.434696931,0.820088674,0.010750901,0.000000000,nan,nan,nan,nan,nan,nan,nan,nan,nan,8.000000000,0.300000000,1.800000000,3.000000000,nan,nan,nan,nan,nan,nan,nan,nan,nan,1.500000000,2.000000000,51,75,0
2026-06-02T23:31:57,1780327183.066073418,r1,track_association,pipe_like,accepted,selected_best_match,detection,6,5,candidate,1,0,0.519806555,0.024142699,nan,nan,nan,2.900444563,0.010246932,0.006817225,1.000000000,0.000000000,nan,nan,nan,nan,nan,nan,nan,nan,14.000000000,0.120000000,0.030000000,0.200000000,0.250000000,nan,nan,nan,nan,1.500000000,2.000000000,12,16,0
2026-06-02T23:31:58,1780327183.285073280,r1,track_association,wall_like,accepted,selected_best_match,detection,0,1,confirmed,3,0,0.138990306,0.312849900,0.235846433,0.001567860,0.000000000,nan,nan,nan,nan,nan,nan,nan,nan,nan,8.000000000,0.300000000,1.800000000,3.000000000,nan,nan,nan,nan,nan,nan,nan,nan,nan,1.500000000,2.000000000,1058,1071,0
2026-06-02T23:31:58,1780327183.285073280,r1,track_association,wall_like,accepted,selected_best_match,detection,2,2,confirmed,3,0,0.133382915,0.233429562,0.351341370,0.003496617,0.000000000,nan,nan,nan,nan,nan,nan,nan,nan,nan,8.000000000,0.300000000,1.800000000,3.000000000,nan,nan,nan,nan,nan,nan,nan,nan,nan,1.500000000,2.000000000,1097,694,0
2026-06-02T23:31:58,1780327183.285073280,r1,track_association,wall_like,accepted,selected_best_match,detection,4,3,weak_tracked,2,0,0.148575186,0.268711519,0.364927658,0.004016617,0.000000000,nan,nan,nan,nan,nan,nan,nan,nan,nan,8.000000000,0.300000000,1.800000000,3.000000000,nan,nan,nan,nan,nan,nan,nan,nan,nan,1.500000000,2.000000000,88,51,0
2026-06-02T23:31:58,1780327183.465068340,r1,track_association,wall_like,accepted,selected_best_match,detection,0,2,confirmed,4,0,0.099166461,0.156084259,0.311929031,0.002444174,0.000000000,nan,nan,nan,nan,nan,nan,nan,nan,nan,8.000000000,0.300000000,1.800000000,3.000000000,nan,nan,nan,nan,nan,nan,nan,nan,nan,1.500000000,2.000000000,1107,1097,0
2026-06-02T23:31:58,1780327183.465068340,r1,track_association,wall_like,accepted,selected_best_match,detection,2,3,weak_tracked,3,0,0.087606815,0.191828891,0.179316536,0.000374785,0.000000000,nan,nan,nan,nan,nan,nan,nan,nan,nan,8.000000000,0.300000000,1.800000000,3.000000000,nan,nan,nan,nan,nan,nan,nan,nan,nan,1.500000000,2.000000000,87,88,0
2026-06-02T23:31:58,1780327183.465068340,r1,track_association,wall_like,accepted,selected_best_match,detection,3,1,confirmed,4,0,0.017953681,0.012724851,0.066137153,0.001633476,0.000000000,nan,nan,nan,nan,nan,nan,nan,nan,nan,8.000000000,0.300000000,1.800000000,3.000000000,nan,nan,nan,nan,nan,nan,nan,nan,nan,1.500000000,2.000000000,1138,1058,0
2026-06-02T23:31:58,1780327183.465068340,r1,track_association,pillar_like,accepted,selected_best_match,detection,5,6,candidate,1,1,0.477659989,0.047723686,nan,nan,nan,nan,nan,nan,nan,nan,0.011450762,1.000000000,0.315037966,0.253952801,nan,nan,nan,nan,nan,nan,nan,nan,nan,0.500000000,0.300000000,0.800000000,0.600000000,1.500000000,2.000000000,140,131,0
2026-06-02T23:31:58,1780327183.717068195,r1,track_association,wall_like,accepted,selected_best_match,detection,0,2,confirmed,5,0,0.078432739,0.112819287,0.271497100,0.002066752,0.000000000,nan,nan,nan,nan,nan,nan,nan,nan,nan,8.000000000,0.300000000,1.800000000,3.000000000,nan,nan,nan,nan,nan,nan,nan,nan,nan,1.500000000,2.000000000,1077,1107,0
2026-06-02T23:31:58,1780327183.717068195,r1,track_association,wall_like,accepted,selected_best_match,detection,2,3,confirmed,4,0,0.072486536,0.013126603,0.444839853,0.003751806,0.000000000,nan,nan,nan,nan,nan,nan,nan,nan,nan,8.000000000,0.300000000,1.800000000,3.000000000,nan,nan,nan,nan,nan,nan,nan,nan,nan,1.500000000,2.000000000,78,87,0
2026-06-02T23:31:58,1780327183.717068195,r1,track_association,wall_like,accepted,selected_best_match,detection,3,1,confirmed,5,0,0.084399315,0.170926227,0.204527424,0.000557393,0.000000000,nan,nan,nan,nan,nan,nan,nan,nan,nan,8.000000000,0.300000000,1.800000000,3.000000000,nan,nan,nan,nan,nan,nan,nan,nan,nan,1.500000000,2.000000000,1082,1138,0
2026-06-02T23:31:58,1780327183.717068195,r1,track_association,pillar_like,accepted,selected_best_match,detection,5,6,weak_tracked,2,0,0.101121776,0.081117141,nan,nan,nan,nan,nan,nan,nan,nan,0.016051843,1.000000000,0.265378594,0.025488138,nan,nan,nan,nan,nan,nan,nan,nan,nan,0.500000000,0.300000000,0.800000000,0.600000000,1.500000000,2.000000000,126,140,0
2026-06-02T23:31:58,1780327183.864068270,r1,track_association,wall_like,accepted,selected_best_match,detection,0,1,confirmed,6,0,0.064683133,0.179412646,0.035127826,0.000146382,0.000000000,nan,nan,nan,nan,nan,nan,nan,nan,nan,8.000000000,0.300000000,1.800000000,3.000000000,nan,nan,nan,nan,nan,nan,nan,nan,nan,1.500000000,2.000000000,1154,1082,0
2026-06-02T23:31:58,1780327183.864068270,r1,track_association,wall_like,accepted,selected_best_match,detection,2,2,confirmed,6,0,0.065776236,0.132060689,0.140961214,0.001240756,0.000000000,nan,nan,nan,nan,nan,nan,nan,nan,nan,8.000000000,0.300000000,1.800000000,3.000000000,nan,nan,nan,nan,nan,nan,nan,nan,nan,1.500000000,2.000000000,1126,1077,0
2026-06-02T23:31:58,1780327183.864068270,r1,track_association,wall_like,accepted,selected_best_match,detection,4,3,confirmed,5,0,0.074271338,0.177310005,0.100345211,0.000787456,0.000000000,nan,nan,nan,nan,nan,nan,nan,nan,nan,8.000000000,0.300000000,1.800000000,3.000000000,nan,nan,nan,nan,nan,nan,nan,nan,nan,1.500000000,2.000000000,90,78,0
2026-06-02T23:31:58,1780327184.062068462,r1,track_association,wall_like,accepted,selected_best_match,detection,0,1,confirmed,7,0,0.136399944,0.284859501,0.280971761,0.001897592,0.000000000,nan,nan,nan,nan,nan,nan,nan,nan,nan,8.000000000,0.300000000,1.800000000,3.000000000,nan,nan,nan,nan,nan,nan,nan,nan,nan,1.500000000,2.000000000,1059,1154,0
2026-06-02T23:31:58,1780327184.062068462,r1,track_association,wall_like,accepted,selected_best_match,detection,2,2,confirmed,7,0,0.038118709,0.039564601,0.189262934,0.000381793,0.000000000,nan,nan,nan,nan,nan,nan,nan,nan,nan,8.000000000,0.300000000,1.800000000,3.000000000,nan,nan,nan,nan,nan,nan,nan,nan,nan,1.500000000,2.000000000,1044,1126,0
2026-06-02T23:31:58,1780327184.062068462,r1,track_association,wall_like,accepted,selected_best_match,detection,4,3,confirmed,6,0,0.076450526,0.134449582,0.157670375,0.003577561,0.000000000,nan,nan,nan,nan,nan,nan,nan,nan,nan,8.000000000,0.300000000,1.800000000,3.000000000,nan,nan,nan,nan,nan,nan,nan,nan,nan,1.500000000,2.000000000,71,90,0
2026-06-02T23:31:59,1780327184.269068241,r1,track_association,wall_like,accepted,selected_best_match,detection,0,2,confirmed,8,0,0.041815817,0.068158842,0.139507759,0.000497320,0.000000000,nan,nan,nan,nan,nan,nan,nan,nan,nan,8.000000000,0.300000000,1.800000000,3.000000000,nan,nan,nan,nan,nan,nan,nan,nan,nan,1.500000000,2.000000000,1116,1044,0
2026-06-02T23:31:59,1780327184.269068241,r1,track_association,wall_like,accepted,selected_best_match,detection,2,3,confirmed,7,0,0.123202547,0.104690093,0.532004888,0.006541571,0.000000000,nan,nan,nan,nan,nan,nan,nan,nan,nan,8.000000000,0.300000000,1.800000000,3.000000000,nan,nan,nan,nan,nan,nan,nan,nan,nan,1.500000000,2.000000000,64,71,0
2026-06-02T23:31:59,1780327184.269068241,r1,track_association,wall_like,accepted,selected_best_match,detection,3,1,confirmed,8,0,0.066759338,0.159041216,0.096811897,0.000493234,0.000000000,nan,nan,nan,nan,nan,nan,nan,nan,nan,8.000000000,0.300000000,1.800000000,3.000000000,nan,nan,nan,nan,nan,nan,nan,nan,nan,1.500000000,2.000000000,1137,1059,0
2026-06-02T23:31:59,1780327184.464063168,r1,track_association,wall_like,accepted,selected_best_match,detection,0,1,confirmed,9,0,0.101803379,0.247014257,0.140327623,0.000577302,0.000000000,nan,nan,nan,nan,nan,nan,nan,nan,nan,8.000000000,0.300000000,1.800000000,3.000000000,nan,nan,nan,nan,nan,nan,nan,nan,nan,1.500000000,2.000000000,1055,1137,0
2026-06-02T23:31:59,1780327184.464063168,r1,track_association,wall_like,accepted,selected_best_match,detection,2,2,confirmed,9,0,0.028995807,0.066110071,0.043674423,0.000449944,0.000000000,nan,nan,nan,nan,nan,nan,nan,nan,nan,8.000000000,0.300000000,1.800000000,3.000000000,nan,nan,nan,nan,nan,nan,nan,nan,nan,1.500000000,2.000000000,1062,1116,0
2026-06-02T23:31:59,1780327184.464063168,r1,track_association,wall_like,accepted,selected_best_match,detection,4,3,confirmed,8,0,0.021105720,0.034995310,0.036720747,0.001455157,0.000000000,nan,nan,nan,nan,nan,nan,nan,nan,nan,8.000000000,0.300000000,1.800000000,3.000000000,nan,nan,nan,nan,nan,nan,nan,nan,nan,1.500000000,2.000000000,75,64,0
2026-06-02T23:31:59,1780327184.665063381,r1,track_association,wall_like,accepted,selected_best_match,detection,0,1,confirmed,10,0,0.028577709,0.062563967,0.021915208,0.001495096,0.000000000,nan,nan,nan,nan,nan,nan,nan,nan,nan,8.000000000,0.300000000,1.800000000,3.000000000,nan,nan,nan,nan,nan,nan,nan,nan,nan,1.500000000,2.000000000,988,1055,0
2026-06-02T23:31:59,1780327184.665063381,r1,track_association,wall_like,accepted,selected_best_match,detection,2,2,confirmed,10,0,0.139516021,0.184309828,0.560687053,0.002398059,0.000000000,nan,nan,nan,nan,nan,nan,nan,nan,nan,8.000000000,0.300000000,1.800000000,3.000000000,nan,nan,nan,nan,nan,nan,nan,nan,nan,1.500000000,2.000000000,893,1062,0
2026-06-02T23:31:59,1780327184.665063381,r1,track_association,wall_like,accepted,selected_best_match,detection,4,3,confirmed,9,0,0.252950422,0.333662373,0.988466411,0.005451399,0.000000000,nan,nan,nan,nan,nan,nan,nan,nan,nan,8.000000000,0.300000000,1.800000000,3.000000000,nan,nan,nan,nan,nan,nan,nan,nan,nan,1.500000000,2.000000000,55,75,0
2026-06-02T23:31:59,1780327184.665063381,r1,track_association,pillar_like,accepted,selected_best_match,detection,5,6,stale,3,4,0.090714587,0.062764008,nan,nan,nan,nan,nan,nan,nan,nan,0.010911749,0.965373254,0.002998233,0.025288999,nan,nan,nan,nan,nan,nan,nan,nan,nan,0.800000000,0.300000000,0.800000000,0.600000000,1.500000000,2.000000000,118,126,0
2026-06-02T23:31:59,1780327184.665063381,r1,track_association,pipe_like,accepted,selected_best_match,detection,6,5,weak_tracked,2,7,1.163451138,0.173066698,nan,nan,nan,5.100309863,0.046007303,0.012472473,0.847400289,0.000000000,nan,nan,nan,nan,nan,nan,nan,nan,14.000000000,0.120000000,0.030000000,0.200000000,0.250000000,nan,nan,nan,nan,1.500000000,2.000000000,11,12,0
2026-06-02T23:31:59,1780327184.863063335,r1,track_association,wall_like,accepted,selected_best_match,detection,0,1,confirmed,11,0,0.283959643,0.691097205,0.304225493,0.004669716,0.000000000,nan,nan,nan,nan,nan,nan,nan,nan,nan,8.000000000,0.300000000,1.800000000,3.000000000,nan,nan,nan,nan,nan,nan,nan,nan,nan,1.500000000,2.000000000,1058,988,0
2026-06-02T23:31:59,1780327184.863063335,r1,track_association,wall_like,accepted,selected_best_match,detection,2,2,confirmed,11,0,0.016204712,0.032037765,0.006616790,0.001409507,0.000000000,nan,nan,nan,nan,nan,nan,nan,nan,nan,8.000000000,0.300000000,1.800000000,3.000000000,nan,nan,nan,nan,nan,nan,nan,nan,nan,1.500000000,2.000000000,1125,893,0
2026-06-02T23:31:59,1780327184.863063335,r1,track_association,wall_like,accepted,selected_best_match,detection,4,3,confirmed,10,0,0.047829327,0.109500094,0.065372708,0.000947312,0.000000000,nan,nan,nan,nan,nan,nan,nan,nan,nan,8.000000000,0.300000000,1.800000000,3.000000000,nan,nan,nan,nan,nan,nan,nan,nan,nan,1.500000000,2.000000000,79,55,0
2026-06-02T23:31:59,1780327184.863063335,r1,track_association,pillar_like,accepted,selected_best_match,detection,5,6,confirmed,4,0,0.097799537,0.021727967,nan,nan,nan,nan,nan,nan,nan,nan,0.005429910,0.989972600,0.007087708,0.045722127,nan,nan,nan,nan,nan,nan,nan,nan,nan,0.500000000,0.300000000,0.800000000,0.600000000,1.500000000,2.000000000,122,118,0
2026-06-02T23:31:59,1780327185.085063457,r1,track_association,wall_like,accepted,selected_best_match,detection,0,1,confirmed,12,0,0.290336130,0.374569793,1.210626896,0.004245351,0.000000000,nan,nan,nan,nan,nan,nan,nan,nan,nan,8.000000000,0.300000000,1.800000000,3.000000000,nan,nan,nan,nan,nan,nan,nan,nan,nan,1.500000000,2.000000000,1004,1058,0
2026-06-02T23:31:59,1780327185.085063457,r1,track_association,wall_like,accepted,selected_best_match,detection,2,2,confirmed,12,0,0.024878525,0.043209235,0.066260722,0.000657857,0.000000000,nan,nan,nan,nan,nan,nan,nan,nan,nan,8.000000000,0.300000000,1.800000000,3.000000000,nan,nan,nan,nan,nan,nan,nan,nan,nan,1.500000000,2.000000000,1134,1125,0
2026-06-02T23:31:59,1780327185.085063457,r1,track_association,wall_like,accepted,selected_best_match,detection,4,3,confirmed,11,0,0.041425938,0.077456835,0.117060468,0.000292330,0.000000000,nan,nan,nan,nan,nan,nan,nan,nan,nan,8.000000000,0.300000000,1.800000000,3.000000000,nan,nan,nan,nan,nan,nan,nan,nan,nan,1.500000000,2.000000000,86,79,0
2026-06-02T23:32:00,1780327185.265063524,r1,track_association,wall_like,accepted,selected_best_match,detection,0,1,confirmed,13,0,0.977475473,0.444267211,5.669380333,0.036214158,0.000000000,nan,nan,nan,nan,nan,nan,nan,nan,nan,8.000000000,0.300000000,1.800000000,3.000000000,nan,nan,nan,nan,nan,nan,nan,nan,nan,1.500000000,2.000000000,491,1004,0
2026-06-02T23:32:00,1780327185.265063524,r1,track_association,wall_like,accepted,selected_best_match,detection,2,2,confirmed,13,0,0.198165147,0.434383461,0.291773203,0.005069703,0.000000000,nan,nan,nan,nan,nan,nan,nan,nan,nan,8.000000000,0.300000000,1.800000000,3.000000000,nan,nan,nan,nan,nan,nan,nan,nan,nan,1.500000000,2.000000000,611,1134,0
2026-06-02T23:32:00,1780327185.265063524,r1,track_association,wall_like,accepted,selected_best_match,detection,4,3,confirmed,12,0,0.077019812,0.136381065,0.186147279,0.002487314,0.000000000,nan,nan,nan,nan,nan,nan,nan,nan,nan,8.000000000,0.300000000,1.800000000,3.000000000,nan,nan,nan,nan,nan,nan,nan,nan,nan,1.500000000,2.000000000,72,86,0
2026-06-02T23:32:00,1780327185.265063524,r1,track_association,pillar_like,accepted,selected_best_match,detection,5,6,confirmed,5,1,0.165789792,0.072715936,nan,nan,nan,nan,nan,nan,nan,nan,0.029450898,0.972954647,0.040400386,0.045481563,nan,nan,nan,nan,nan,nan,nan,nan,nan,0.500000000,0.300000000,0.800000000,0.600000000,1.500000000,2.000000000,94,122,0
2026-06-02T23:32:00,1780327185.265063524,r1,track_association,pillar_like,accepted,selected_best_match,detection,6,8,candidate,1,5,0.216328920,0.435620242,nan,nan,nan,nan,nan,nan,nan,nan,0.008289245,0.832020658,0.190884113,0.007609606,nan,nan,nan,nan,nan,nan,nan,nan,nan,0.500000000,0.300000000,0.800000000,0.600000000,1.500000000,2.000000000,67,72,0
2026-06-02T23:32:00,1780327185.484063148,r1,track_association,wall_like,accepted,selected_best_match,detection,2,2,confirmed,14,0,0.025723774,0.034353463,0.088123586,0.000977151,0.000000000,nan,nan,nan,nan,nan,nan,nan,nan,nan,8.000000000,0.300000000,1.800000000,3.000000000,nan,nan,nan,nan,nan,nan,nan,nan,nan,1.500000000,2.000000000,1092,611,0
2026-06-02T23:32:00,1780327185.484063148,r1,track_association,wall_like,accepted,selected_best_match,detection,4,3,confirmed,13,0,0.048609916,0.052344823,0.220161810,0.001092425,0.000000000,nan,nan,nan,nan,nan,nan,nan,nan,nan,8.000000000,0.300000000,1.800000000,3.000000000,nan,nan,nan,nan,nan,nan,nan,nan,nan,1.500000000,2.000000000,83,72,0
2026-06-02T23:32:00,1780327185.484063148,r1,track_association,pillar_like,accepted,selected_best_match,detection,7,8,weak_tracked,2,0,0.130299565,0.022779632,nan,nan,nan,nan,nan,nan,nan,nan,0.020943374,1.000000000,0.679294825,0.012290001,nan,nan,nan,nan,nan,nan,nan,nan,nan,0.500000000,0.300000000,0.800000000,0.600000000,1.500000000,2.000000000,97,67,0
2026-06-02T23:32:00,1780327185.664063454,r1,track_association,wall_like,accepted,selected_best_match,detection,0,1,confirmed,14,1,0.219186608,0.139125937,1.332530961,0.001873478,0.000000000,nan,nan,nan,nan,nan,nan,nan,nan,nan,8.000000000,0.300000000,1.800000000,3.000000000,nan,nan,nan,nan,nan,nan,nan,nan,nan,1.500000000,2.000000000,1119,491,0
2026-06-02T23:32:00,1780327185.664063454,r1,track_association,wall_like,rejected,normal_angle,detection,0,10,candidate,1,0,nan,0.465389032,11.176324963,0.023383941,0.000000000,nan,nan,nan,nan,nan,nan,nan,nan,nan,8.000000000,0.300000000,1.800000000,3.000000000,nan,nan,nan,nan,nan,nan,nan,nan,nan,1.500000000,2.000000000,1119,661,0
2026-06-02T23:32:00,1780327185.664063454,r1,track_association,wall_like,accepted,selected_best_match,detection,2,2,confirmed,15,0,0.298153198,0.440046760,1.017874888,0.007270975,0.000000000,nan,nan,nan,nan,nan,nan,nan,nan,nan,8.000000000,0.300000000,1.800000000,3.000000000,nan,nan,nan,nan,nan,nan,nan,nan,nan,1.500000000,2.000000000,837,1092,0
2026-06-02T23:32:00,1780327185.664063454,r1,track_association,pillar_like,accepted,selected_best_match,detection,4,8,weak_tracked,3,0,0.091858858,0.019294059,nan,nan,nan,nan,nan,nan,nan,nan,0.019232187,1.000000000,0.429958582,0.006239176,nan,nan,nan,nan,nan,nan,nan,nan,nan,0.500000000,0.300000000,0.800000000,0.600000000,1.500000000,2.000000000,70,97,0
2026-06-02T23:32:00,1780327185.862063408,r1,track_association,wall_like,accepted,selected_best_match,detection,0,1,confirmed,15,0,0.336591763,0.169979038,2.169325902,0.002629904,0.000000000,nan,nan,nan,nan,nan,nan,nan,nan,nan,8.000000000,0.300000000,1.800000000,3.000000000,nan,nan,nan,nan,nan,nan,nan,nan,nan,1.500000000,2.000000000,1005,1119,0
2026-06-02T23:32:00,1780327185.862063408,r1,track_association,wall_like,rejected,normal_angle,detection,0,10,candidate,1,1,nan,0.279007633,10.081002630,0.018608182,0.000000000,nan,nan,nan,nan,nan,nan,nan,nan,nan,8.000000000,0.300000000,1.800000000,3.000000000,nan,nan,nan,nan,nan,nan,nan,nan,nan,1.500000000,2.000000000,1005,661,0
2026-06-02T23:32:00,1780327185.862063408,r1,track_association,wall_like,rejected,normal_angle,detection,1,10,candidate,1,1,nan,2.585349315,8.896894735,0.070055608,0.000000000,nan,nan,nan,nan,nan,nan,nan,nan,nan,8.000000000,0.300000000,1.800000000,3.000000000,nan,nan,nan,nan,nan,nan,nan,nan,nan,1.500000000,2.000000000,175,661,0
2026-06-02T23:32:00,1780327185.862063408,r1,track_association,wall_like,accepted,selected_best_match,detection,3,2,confirmed,16,0,0.086144894,0.173642092,0.162740856,0.002376477,0.000000000,nan,nan,nan,nan,nan,nan,nan,nan,nan,8.000000000,0.300000000,1.800000000,3.000000000,nan,nan,nan,nan,nan,nan,nan,nan,nan,1.500000000,2.000000000,1109,837,0
2026-06-02T23:32:00,1780327185.862063408,r1,track_association,wall_like,accepted,selected_best_match,detection,5,3,confirmed,14,1,0.030079042,0.024120964,0.140852975,0.001329630,0.000000000,nan,nan,nan,nan,nan,nan,nan,nan,nan,8.000000000,0.300000000,1.800000000,3.000000000,nan,nan,nan,nan,nan,nan,nan,nan,nan,1.500000000,2.000000000,86,83,0
2026-06-02T23:32:00,1780327185.862063408,r1,track_association,pipe_like,accepted,selected_best_match,detection,8,5,weak_tracked,3,5,0.850735955,0.028972507,nan,nan,nan,7.505822478,0.017148172,0.005151130,1.000000000,0.000000000,nan,nan,nan,nan,nan,nan,nan,nan,14.000000000,0.120000000,0.030000000,0.200000000,0.250000000,nan,nan,nan,nan,1.500000000,2.000000000,14,11,0
2026-06-02T23:32:00,1780327186.063063383,r1,track_association,wall_like,accepted,selected_best_match,detection,0,2,confirmed,17,0,0.491523645,0.807957701,1.516417383,0.009795671,0.000000000,nan,nan,nan,nan,nan,nan,nan,nan,nan,8.000000000,0.300000000,1.800000000,3.000000000,nan,nan,nan,nan,nan,nan,nan,nan,nan,1.500000000,2.000000000,774,1109,0
2026-06-02T23:32:00,1780327186.063063383,r1,track_association,wall_like,accepted,selected_best_match,detection,2,1,confirmed,16,0,0.114579488,0.136315048,0.547962544,0.000193746,0.000000000,nan,nan,nan,nan,nan,nan,nan,nan,nan,8.000000000,0.300000000,1.800000000,3.000000000,nan,nan,nan,nan,nan,nan,nan,nan,nan,1.500000000,2.000000000,993,1005,0
2026-06-02T23:32:00,1780327186.063063383,r1,track_association,wall_like,rejected,normal_angle,detection,2,10,candidate,1,2,nan,0.531313415,11.264123044,0.021907143,0.000000000,nan,nan,nan,nan,nan,nan,nan,nan,nan,8.000000000,0.300000000,1.800000000,3.000000000,nan,nan,nan,nan,nan,nan,nan,nan,nan,1.500000000,2.000000000,993,661,0
2026-06-02T23:32:01,1780327186.264063120,r1,track_association,wall_like,accepted,selected_best_match,detection,0,1,confirmed,17,0,0.121102269,0.129710440,0.600830859,0.000828480,0.000000000,nan,nan,nan,nan,nan,nan,nan,nan,nan,8.000000000,0.300000000,1.800000000,3.000000000,nan,nan,nan,nan,nan,nan,nan,nan,nan,1.500000000,2.000000000,1139,993,0
2026-06-02T23:32:01,1780327186.264063120,r1,track_association,wall_like,rejected,normal_angle,detection,0,10,candidate,1,3,nan,0.326132339,11.100021848,0.022496781,0.000000000,nan,nan,nan,nan,nan,nan,nan,nan,nan,8.000000000,0.300000000,1.800000000,3.000000000,nan,nan,nan,nan,nan,nan,nan,nan,nan,1.500000000,2.000000000,1139,661,0
2026-06-02T23:32:01,1780327186.264063120,r1,track_association,wall_like,accepted,selected_best_match,detection,2,2,confirmed,18,0,0.314193345,0.795841190,0.235876523,0.005828515,0.000000000,nan,nan,nan,nan,nan,nan,nan,nan,nan,8.000000000,0.300000000,1.800000000,3.000000000,nan,nan,nan,nan,nan,nan,nan,nan,nan,1.500000000,2.000000000,917,774,0
2026-06-02T23:32:01,1780327186.264063120,r1,track_association,pillar_like,accepted,selected_best_match,detection,4,4,candidate,1,17,0.514910446,0.173933662,nan,nan,nan,nan,nan,nan,nan,nan,0.041774552,0.948016719,0.158182383,0.218135893,nan,nan,nan,nan,nan,nan,nan,nan,nan,0.500000000,0.300000000,0.800000000,0.600000000,1.500000000,2.000000000,91,111,0
2026-06-02T23:32:01,1780327186.264063120,r1,track_association,pillar_like,accepted,selected_best_match,detection,5,8,confirmed,4,2,0.284537894,0.632151862,nan,nan,nan,nan,nan,nan,nan,nan,0.013312633,0.801766193,0.475172877,0.007296920,nan,nan,nan,nan,nan,nan,nan,nan,nan,0.500000000,0.300000000,0.800000000,0.600000000,1.500000000,2.000000000,64,70,0
2026-06-02T23:32:01,1780327186.264063120,r1,track_association,pipe_like,accepted,selected_best_match,detection,6,5,weak_tracked,4,1,1.073781558,0.009933980,nan,nan,nan,4.075508360,0.009356515,0.021141086,1.000000000,0.000000000,nan,nan,nan,nan,nan,nan,nan,nan,14.000000000,0.120000000,0.030000000,0.200000000,0.250000000,nan,nan,nan,nan,1.500000000,2.000000000,11,14,0
2026-06-02T23:32:01,1780327186.462058544,r1,track_association,wall_like,accepted,selected_best_match,detection,0,1,confirmed,18,0,0.100208253,0.094154966,0.535462068,0.000567152,0.000000000,nan,nan,nan,nan,nan,nan,nan,nan,nan,8.000000000,0.300000000,1.800000000,3.000000000,nan,nan,nan,nan,nan,nan,nan,nan,nan,1.500000000,2.000000000,1139,1139,0
2026-06-02T23:32:01,1780327186.462058544,r1,track_association,wall_like,rejected,normal_angle,detection,0,10,candidate,1,4,nan,0.323030424,11.046550049,0.022167579,0.000000000,nan,nan,nan,nan,nan,nan,nan,nan,nan,8.000000000,0.300000000,1.800000000,3.000000000,nan,nan,nan,nan,nan,nan,nan,nan,nan,1.500000000,2.000000000,1139,661,0
2026-06-02T23:32:01,1780327186.462058544,r1,track_association,wall_like,accepted,selected_best_match,detection,2,2,confirmed,19,0,0.066547118,0.124553024,0.169572887,0.001149850,0.000000000,nan,nan,nan,nan,nan,nan,nan,nan,nan,8.000000000,0.300000000,1.800000000,3.000000000,nan,nan,nan,nan,nan,nan,nan,nan,nan,1.500000000,2.000000000,1015,917,0
2026-06-02T23:32:01,1780327186.462058544,r1,track_association,wall_like,accepted,selected_best_match,detection,4,3,confirmed,15,2,0.028066519,0.036728835,0.081449422,0.001692719,0.000000000,nan,nan,nan,nan,nan,nan,nan,nan,nan,8.000000000,0.300000000,1.800000000,3.000000000,nan,nan,nan,nan,nan,nan,nan,nan,nan,1.500000000,2.000000000,77,86,0
2026-06-02T23:32:01,1780327186.462058544,r1,track_association,pillar_like,accepted,selected_best_match,detection,5,4,weak_tracked,2,0,0.226959004,0.116300491,nan,nan,nan,nan,nan,nan,nan,nan,0.037654301,0.937329277,0.003664970,0.053167909,nan,nan,nan,nan,nan,nan,nan,nan,nan,0.500000000,0.300000000,0.800000000,0.600000000,1.500000000,2.000000000,92,91,0
2026-06-02T23:32:01,1780327186.684058428,r1,track_association,wall_like,accepted,selected_best_match,detection,0,1,confirmed,19,0,0.339503982,0.657320189,0.740259358,0.008359450,0.000000000,nan,nan,nan,nan,nan,nan,nan,nan,nan,8.000000000,0.300000000,1.800000000,3.000000000,nan,nan,nan,nan,nan,nan,nan,nan,nan,1.500000000,2.000000000,873,1139,0
2026-06-02T23:32:01,1780327186.684058428,r1,track_association,wall_like,accepted,selected_best_match,detection,2,2,confirmed,20,0,0.081441829,0.222038948,0.050191101,0.000346488,0.000000000,nan,nan,nan,nan,nan,nan,nan,nan,nan,8.000000000,0.300000000,1.800000000,3.000000000,nan,nan,nan,nan,nan,nan,nan,nan,nan,1.500000000,2.000000000,1114,1015,0
2026-06-02T23:32:01,1780327186.684058428,r1,track_association,wall_like,accepted,selected_best_match,detection,4,3,confirmed,16,0,0.128068327,0.261799191,0.263797302,0.002348180,0.000000000,nan,nan,nan,nan,nan,nan,nan,nan,nan,8.000000000,0.300000000,1.800000000,3.000000000,nan,nan,nan,nan,nan,nan,nan,nan,nan,1.500000000,2.000000000,66,77,0
2026-06-02T23:32:01,1780327186.864058256,r1,track_association,wall_like,accepted,selected_best_match,detection,0,10,candidate,1,6,0.743390392,0.811516630,2.841892155,0.035294499,0.000000000,nan,nan,nan,nan,nan,nan,nan,nan,nan,8.000000000,0.300000000,1.800000000,3.000000000,nan,nan,nan,nan,nan,nan,nan,nan,nan,1.500000000,2.000000000,519,661,0
2026-06-02T23:32:01,1780327186.864058256,r1,track_association,wall_like,rejected,normal_angle,detection,0,1,confirmed,20,0,nan,1.361704894,8.894660601,0.033784721,0.000000000,nan,nan,nan,nan,nan,nan,nan,nan,nan,8.000000000,0.300000000,1.800000000,3.000000000,nan,nan,nan,nan,nan,nan,nan,nan,nan,1.500000000,2.000000000,519,873,0
2026-06-02T23:32:01,1780327186.864058256,r1,track_association,wall_like,accepted,selected_best_match,detection,2,2,confirmed,21,0,0.081638372,0.206968947,0.088289189,0.000483772,0.000000000,nan,nan,nan,nan,nan,nan,nan,nan,nan,8.000000000,0.300000000,1.800000000,3.000000000,nan,nan,nan,nan,nan,nan,nan,nan,nan,1.500000000,2.000000000,1132,1114,0
2026-06-02T23:32:01,1780327186.864058256,r1,track_association,wall_like,accepted,selected_best_match,detection,4,3,confirmed,17,0,0.065642998,0.124245377,0.175602854,0.000683255,0.000000000,nan,nan,nan,nan,nan,nan,nan,nan,nan,8.000000000,0.300000000,1.800000000,3.000000000,nan,nan,nan,nan,nan,nan,nan,nan,nan,1.500000000,2.000000000,85,66,0
2026-06-02T23:32:01,1780327186.864058256,r1,track_association,wall_like,accepted,selected_best_match,detection,5,1,confirmed,20,0,0.203588296,0.213285450,0.909978310,0.005623757,0.000000000,nan,nan,nan,nan,nan,nan,nan,nan,nan,8.000000000,0.300000000,1.800000000,3.000000000,nan,nan,nan,nan,nan,nan,nan,nan,nan,1.500000000,2.000000000,662,873,0
2026-06-02T23:32:01,1780327186.864058256,r1,track_association,pillar_like,accepted,selected_best_match,detection,8,8,confirmed,5,2,0.183646467,0.098710008,nan,nan,nan,nan,nan,nan,nan,nan,0.005356673,1.000000000,0.896694064,0.049958229,nan,nan,nan,nan,nan,nan,nan,nan,nan,0.500000000,0.300000000,0.800000000,0.600000000,1.500000000,2.000000000,99,64,0
2026-06-02T23:32:01,1780327186.864058256,r1,track_association,pipe_like,accepted,selected_best_match,detection,10,5,weak_tracked,5,2,1.441653937,0.030965344,nan,nan,nan,6.157448569,0.019535967,0.025171094,1.000000000,0.000000000,nan,nan,nan,nan,nan,nan,nan,nan,14.000000000,0.120000000,0.030000000,0.200000000,0.250000000,nan,nan,nan,nan,1.500000000,2.000000000,10,11,0
2026-06-02T23:32:01,1780327187.065058231,r1,track_association,wall_like,accepted,selected_best_match,detection,0,1,confirmed,21,0,0.222671660,0.367901969,0.750310956,0.001874640,0.000000000,nan,nan,nan,nan,nan,nan,nan,nan,nan,8.000000000,0.300000000,1.800000000,3.000000000,nan,nan,nan,nan,nan,nan,nan,nan,nan,1.500000000,2.000000000,1142,662,0
2026-06-02T23:32:01,1780327187.065058231,r1,track_association,wall_like,rejected,normal_angle,detection,0,10,weak_tracked,2,0,nan,0.443406346,10.501466744,0.022601229,0.000000000,nan,nan,nan,nan,nan,nan,nan,nan,nan,8.000000000,0.300000000,1.800000000,3.000000000,nan,nan,nan,nan,nan,nan,nan,nan,nan,1.500000000,2.000000000,1142,519,0
2026-06-02T23:32:01,1780327187.065058231,r1,track_association,wall_like,accepted,selected_best_match,detection,2,2,confirmed,22,0,0.075092053,0.177700729,0.113778237,0.000490859,0.000000000,nan,nan,nan,nan,nan,nan,nan,nan,nan,8.000000000,0.300000000,1.800000000,3.000000000,nan,nan,nan,nan,nan,nan,nan,nan,nan,1.500000000,2.000000000,1111,1132,0
2026-06-02T23:32:01,1780327187.065058231,r1,track_association,wall_like,accepted,selected_best_match,detection,4,3,confirmed,18,0,0.023894812,0.049397676,0.055186572,0.000159179,0.000000000,nan,nan,nan,nan,nan,nan,nan,nan,nan,8.000000000,0.300000000,1.800000000,3.000000000,nan,nan,nan,nan,nan,nan,nan,nan,nan,1.500000000,2.000000000,79,85,0
2026-06-02T23:32:01,1780327187.065058231,r1,track_association,pillar_like,accepted,selected_best_match,detection,5,4,weak_tracked,3,2,0.080698807,0.082805579,nan,nan,nan,nan,nan,nan,nan,nan,0.027478794,1.000000000,0.162640810,0.005686283,nan,nan,nan,nan,nan,nan,nan,nan,nan,0.500000000,0.300000000,0.800000000,0.600000000,1.500000000,2.000000000,88,92,0
2026-06-02T23:32:02,1780327187.266058207,r1,track_association,wall_like,accepted,selected_best_match,detection,0,1,confirmed,22,0,0.115322340,0.151365153,0.502544311,0.000614775,0.000000000,nan,nan,nan,nan,nan,nan,nan,nan,nan,8.000000000,0.300000000,1.800000000,3.000000000,nan,nan,nan,nan,nan,nan,nan,nan,nan,1.500000000,2.000000000,1160,1142,0
2026-06-02T23:32:02,1780327187.266058207,r1,track_association,wall_like,rejected,normal_angle,detection,0,10,weak_tracked,2,1,nan,0.574074648,10.598895364,0.022142288,0.000000000,nan,nan,nan,nan,nan,nan,nan,nan,nan,8.000000000,0.300000000,1.800000000,3.000000000,nan,nan,nan,nan,nan,nan,nan,nan,nan,1.500000000,2.000000000,1160,519,0
2026-06-02T23:32:02,1780327187.266058207,r1,track_association,wall_like,accepted,selected_best_match,detection,2,2,confirmed,23,0,0.022460513,0.049608395,0.018871701,0.001069626,0.000000000,nan,nan,nan,nan,nan,nan,nan,nan,nan,8.000000000,0.300000000,1.800000000,3.000000000,nan,nan,nan,nan,nan,nan,nan,nan,nan,1.500000000,2.000000000,923,1111,0
2026-06-02T23:32:02,1780327187.266058207,r1,track_association,wall_like,accepted,selected_best_match,detection,4,3,confirmed,19,0,0.071902987,0.095679283,0.255169283,0.002434120,0.000000000,nan,nan,nan,nan,nan,nan,nan,nan,nan,8.000000000,0.300000000,1.800000000,3.000000000,nan,nan,nan,nan,nan,nan,nan,nan,nan,1.500000000,2.000000000,85,79,0
2026-06-02T23:32:02,1780327187.266058207,r1,track_association,pillar_like,accepted,selected_best_match,detection,5,7,candidate,1,19,0.454622942,0.092712857,nan,nan,nan,nan,nan,nan,nan,nan,0.054286805,1.000000000,0.167208552,0.197597086,nan,nan,nan,nan,nan,nan,nan,nan,nan,0.500000000,0.300000000,0.800000000,0.600000000,1.500000000,2.000000000,113,105,0
2026-06-02T23:32:02,1780327187.266058207,r1,track_association,pillar_like,accepted,selected_best_match,detection,6,8,confirmed,6,1,0.272737361,0.491363491,nan,nan,nan,nan,nan,nan,nan,nan,0.003078107,1.000000000,1.081259727,0.095073104,nan,nan,nan,nan,nan,nan,nan,nan,nan,0.500000000,0.300000000,0.800000000,0.600000000,1.500000000,2.000000000,70,99,0
2026-06-02T23:32:02,1780327187.484944105,r1,track_association,wall_like,accepted,selected_best_match,detection,0,2,confirmed,24,0,0.031940298,0.061319637,0.083858084,0.000305447,0.000000000,nan,nan,nan,nan,nan,nan,nan,nan,nan,8.000000000,0.300000000,1.800000000,3.000000000,nan,nan,nan,nan,nan,nan,nan,nan,nan,1.500000000,2.000000000,1116,923,0
2026-06-02T23:32:02,1780327187.484944105,r1,track_association,wall_like,accepted,selected_best_match,detection,2,3,confirmed,20,0,0.024862162,0.054428555,0.034268197,0.000730736,0.000000000,nan,nan,nan,nan,nan,nan,nan,nan,nan,8.000000000,0.300000000,1.800000000,3.000000000,nan,nan,nan,nan,nan,nan,nan,nan,nan,1.500000000,2.000000000,85,85,0
2026-06-02T23:32:02,1780327187.484944105,r1,track_association,wall_like,accepted,selected_best_match,detection,3,10,weak_tracked,2,2,0.482015600,0.285602227,2.265333407,0.031094455,0.000000000,nan,nan,nan,nan,nan,nan,nan,nan,nan,8.000000000,0.300000000,1.800000000,3.000000000,nan,nan,nan,nan,nan,nan,nan,nan,nan,1.500000000,2.000000000,311,519,0
2026-06-02T23:32:02,1780327187.484944105,r1,track_association,wall_like,accepted,selected_best_match,detection,5,1,confirmed,23,0,0.349281517,0.889418404,0.337091147,0.003201697,0.000000000,nan,nan,nan,nan,nan,nan,nan,nan,nan,8.000000000,0.300000000,1.800000000,3.000000000,nan,nan,nan,nan,nan,nan,nan,nan,nan,1.500000000,2.000000000,566,1160,0
2026-06-02T23:32:02,1780327187.484944105,r1,track_association,pillar_like,accepted,selected_best_match,detection,7,8,confirmed,7,0,0.138804452,0.154178681,nan,nan,nan,nan,nan,nan,nan,nan,0.008204766,1.000000000,0.442991257,0.046857476,nan,nan,nan,nan,nan,nan,nan,nan,nan,0.500000000,0.300000000,0.800000000,0.600000000,1.500000000,2.000000000,89,70,0
2026-06-02T23:32:02,1780327187.661943913,r1,track_association,wall_like,accepted,selected_best_match,detection,0,1,confirmed,24,0,0.219831154,0.377457580,0.562712661,0.007101864,0.000000000,nan,nan,nan,nan,nan,nan,nan,nan,nan,8.000000000,0.300000000,1.800000000,3.000000000,nan,nan,nan,nan,nan,nan,nan,nan,nan,1.500000000,2.000000000,856,566,0
2026-06-02T23:32:02,1780327187.661943913,r1,track_association,wall_like,rejected,normal_angle,detection,0,10,weak_tracked,3,0,nan,1.325405298,11.823284098,0.033753288,0.000000000,nan,nan,nan,nan,nan,nan,nan,nan,nan,8.000000000,0.300000000,1.800000000,3.000000000,nan,nan,nan,nan,nan,nan,nan,nan,nan,1.500000000,2.000000000,856,311,0
2026-06-02T23:32:02,1780327187.661943913,r1,track_association,wall_like,accepted,selected_best_match,detection,2,2,confirmed,25,0,0.014559962,0.017614015,0.038253257,0.001172090,0.000000000,nan,nan,nan,nan,nan,nan,nan,nan,nan,8.000000000,0.300000000,1.800000000,3.000000000,nan,nan,nan,nan,nan,nan,nan,nan,nan,1.500000000,2.000000000,1109,1116,0
2026-06-02T23:32:02,1780327187.661943913,r1,track_association,wall_like,accepted,selected_best_match,detection,4,3,confirmed,21,0,0.045195167,0.086747228,0.107600337,0.000848815,0.000000000,nan,nan,nan,nan,nan,nan,nan,nan,nan,8.000000000,0.300000000,1.800000000,3.000000000,nan,nan,nan,nan,nan,nan,nan,nan,nan,1.500000000,2.000000000,87,85,0
2026-06-02T23:32:02,1780327187.862944126,r1,track_association,wall_like,accepted,selected_best_match,detection,0,1,confirmed,25,0,0.174844007,0.304863584,0.496743441,0.003338965,0.000000000,nan,nan,nan,nan,nan,nan,nan,nan,nan,8.000000000,0.300000000,1.800000000,3.000000000,nan,nan,nan,nan,nan,nan,nan,nan,nan,1.500000000,2.000000000,1130,856,0
2026-06-02T23:32:02,1780327187.862944126,r1,track_association,wall_like,rejected,normal_angle,detection,0,10,weak_tracked,3,1,nan,0.752224289,10.879730342,0.022097486,0.000000000,nan,nan,nan,nan,nan,nan,nan,nan,nan,8.000000000,0.300000000,1.800000000,3.000000000,nan,nan,nan,nan,nan,nan,nan,nan,nan,1.500000000,2.000000000,1130,311,0
2026-06-02T23:32:02,1780327187.862944126,r1,track_association,wall_like,accepted,selected_best_match,detection,2,2,confirmed,26,0,0.231119376,0.521720608,0.371057821,0.003249084,0.000000000,nan,nan,nan,nan,nan,nan,nan,nan,nan,8.000000000,0.300000000,1.800000000,3.000000000,nan,nan,nan,nan,nan,nan,nan,nan,nan,1.500000000,2.000000000,949,1109,0
2026-06-02T23:32:02,1780327188.081943989,r1,track_association,wall_like,accepted,selected_best_match,detection,0,2,confirmed,27,0,0.115381716,0.191482732,0.158187528,0.009534209,0.000000000,nan,nan,nan,nan,nan,nan,nan,nan,nan,8.000000000,0.300000000,1.800000000,3.000000000,nan,nan,nan,nan,nan,nan,nan,nan,nan,1.500000000,2.000000000,1132,949,0
2026-06-02T23:32:02,1780327188.081943989,r1,track_association,wall_like,accepted,selected_best_match,detection,2,3,confirmed,22,1,0.039718125,0.056553167,0.162339015,0.000172408,0.000000000,nan,nan,nan,nan,nan,nan,nan,nan,nan,8.000000000,0.300000000,1.800000000,3.000000000,nan,nan,nan,nan,nan,nan,nan,nan,nan,1.500000000,2.000000000,87,87,0
2026-06-02T23:32:02,1780327188.081943989,r1,track_association,wall_like,accepted,selected_best_match,detection,3,1,confirmed,26,0,0.139407182,0.216660605,0.083363969,0.017029945,0.000000000,nan,nan,nan,nan,nan,nan,nan,nan,nan,8.000000000,0.300000000,1.800000000,3.000000000,nan,nan,nan,nan,nan,nan,nan,nan,nan,1.500000000,2.000000000,944,1130,0
2026-06-02T23:32:02,1780327188.081943989,r1,track_association,wall_like,rejected,normal_angle,detection,3,10,weak_tracked,3,2,nan,1.147663303,11.217685148,0.006852952,0.000000000,nan,nan,nan,nan,nan,nan,nan,nan,nan,8.000000000,0.300000000,1.800000000,3.000000000,nan,nan,nan,nan,nan,nan,nan,nan,nan,1.500000000,2.000000000,944,311,0
2026-06-02T23:32:03,1780327188.282943964,r1,track_association,wall_like,accepted,selected_best_match,detection,0,1,confirmed,27,0,0.079404272,0.103809765,0.134532754,0.008395327,0.000000000,nan,nan,nan,nan,nan,nan,nan,nan,nan,8.000000000,0.300000000,1.800000000,3.000000000,nan,nan,nan,nan,nan,nan,nan,nan,nan,1.500000000,2.000000000,968,944,0
2026-06-02T23:32:03,1780327188.282943964,r1,track_association,wall_like,rejected,normal_angle,detection,0,10,weak_tracked,3,3,nan,0.925852310,11.388676232,0.017568881,0.000000000,nan,nan,nan,nan,nan,nan,nan,nan,nan,8.000000000,0.300000000,1.800000000,3.000000000,nan,nan,nan,nan,nan,nan,nan,nan,nan,1.500000000,2.000000000,968,311,0
2026-06-02T23:32:03,1780327188.282943964,r1,track_association,wall_like,accepted,selected_best_match,detection,2,2,confirmed,28,0,0.150574637,0.328859163,0.107017346,0.008273324,0.000000000,nan,nan,nan,nan,nan,nan,nan,nan,nan,8.000000000,0.300000000,1.800000000,3.000000000,nan,nan,nan,nan,nan,nan,nan,nan,nan,1.500000000,2.000000000,1121,1132,0
2026-06-02T23:32:03,1780327188.282943964,r1,track_association,wall_like,accepted,selected_best_match,detection,4,3,confirmed,23,0,0.285966638,0.418509357,0.399334529,0.028964011,0.000000000,nan,nan,nan,nan,nan,nan,nan,nan,nan,8.000000000,0.300000000,1.800000000,3.000000000,nan,nan,nan,nan,nan,nan,nan,nan,nan,1.500000000,2.000000000,58,87,0
2026-06-02T23:32:03,1780327188.465939045,r1,track_association,wall_like,accepted,selected_best_match,detection,0,2,confirmed,29,0,0.077250459,0.058376772,0.154239739,0.011553470,0.000000000,nan,nan,nan,nan,nan,nan,nan,nan,nan,8.000000000,0.300000000,1.800000000,3.000000000,nan,nan,nan,nan,nan,nan,nan,nan,nan,1.500000000,2.000000000,1080,1121,0
2026-06-02T23:32:03,1780327188.465939045,r1,track_association,wall_like,accepted,selected_best_match,detection,2,3,confirmed,24,0,0.302427166,0.371069661,0.495676160,0.035033328,0.000000000,nan,nan,nan,nan,nan,nan,nan,nan,nan,8.000000000,0.300000000,1.800000000,3.000000000,nan,nan,nan,nan,nan,nan,nan,nan,nan,1.500000000,2.000000000,61,58,0
2026-06-02T23:32:03,1780327188.465939045,r1,track_association,wall_like,accepted,selected_best_match,detection,3,1,confirmed,28,0,0.669718391,0.680247403,3.189043297,0.013301653,0.000000000,nan,nan,nan,nan,nan,nan,nan,nan,nan,8.000000000,0.300000000,1.800000000,3.000000000,nan,nan,nan,nan,nan,nan,nan,nan,nan,1.500000000,2.000000000,1107,968,0
2026-06-02T23:32:03,1780327188.465939045,r1,track_association,wall_like,rejected,normal_angle,detection,3,10,weak_tracked,3,4,nan,0.326871311,8.106632520,0.012769654,0.000000000,nan,nan,nan,nan,nan,nan,nan,nan,nan,8.000000000,0.300000000,1.800000000,3.000000000,nan,nan,nan,nan,nan,nan,nan,nan,nan,1.500000000,2.000000000,1107,311,0
2026-06-02T23:32:03,1780327188.465939045,r1,track_association,pillar_like,accepted,selected_best_match,detection,7,6,stale,6,15,0.143078180,0.079280598,nan,nan,nan,nan,nan,nan,nan,nan,0.061919455,0.982497153,0.039115191,0.026558697,nan,nan,nan,nan,nan,nan,nan,nan,nan,0.800000000,0.300000000,0.800000000,0.600000000,1.500000000,2.000000000,129,94,0
2026-06-02T23:32:03,1780327188.660938978,r1,track_association,wall_like,accepted,selected_best_match,detection,0,2,confirmed,30,0,0.060214594,0.056971237,0.229393716,0.003764990,0.000000000,nan,nan,nan,nan,nan,nan,nan,nan,nan,8.000000000,0.300000000,1.800000000,3.000000000,nan,nan,nan,nan,nan,nan,nan,nan,nan,1.500000000,2.000000000,1114,1080,0
2026-06-02T23:32:03,1780327188.660938978,r1,track_association,wall_like,accepted,selected_best_match,detection,2,3,confirmed,25,0,0.191257340,0.381955028,0.192983422,0.011944821,0.000000000,nan,nan,nan,nan,nan,nan,nan,nan,nan,8.000000000,0.300000000,1.800000000,3.000000000,nan,nan,nan,nan,nan,nan,nan,nan,nan,1.500000000,2.000000000,81,61,0
2026-06-02T23:32:03,1780327188.660938978,r1,track_association,wall_like,accepted,selected_best_match,detection,3,1,confirmed,29,0,0.231384261,0.540933293,0.263902659,0.005425599,0.000000000,nan,nan,nan,nan,nan,nan,nan,nan,nan,8.000000000,0.300000000,1.800000000,3.000000000,nan,nan,nan,nan,nan,nan,nan,nan,nan,1.500000000,2.000000000,1085,1107,0
2026-06-02T23:32:03,1780327188.660938978,r1,track_association,wall_like,rejected,normal_angle,detection,3,10,weak_tracked,3,5,nan,0.284945141,10.671146598,0.008392104,0.000000000,nan,nan,nan,nan,nan,nan,nan,nan,nan,8.000000000,0.300000000,1.800000000,3.000000000,nan,nan,nan,nan,nan,nan,nan,nan,nan,1.500000000,2.000000000,1085,311,0
2026-06-02T23:32:03,1780327188.660938978,r1,track_association,pillar_like,accepted,selected_best_match,detection,5,8,stale,8,5,0.147847193,0.137421814,nan,nan,nan,nan,nan,nan,nan,nan,0.029595811,0.945655469,0.026980162,0.032285929,nan,nan,nan,nan,nan,nan,nan,nan,nan,0.800000000,0.300000000,0.800000000,0.600000000,1.500000000,2.000000000,85,89,0
2026-06-02T23:32:03,1780327188.861938953,r1,track_association,wall_like,accepted,selected_best_match,detection,0,1,confirmed,30,0,0.213003385,0.192256142,0.596123967,0.022320753,0.000000000,nan,nan,nan,nan,nan,nan,nan,nan,nan,8.000000000,0.300000000,1.800000000,3.000000000,nan,nan,nan,nan,nan,nan,nan,nan,nan,1.500000000,2.000000000,838,1085,0
2026-06-02T23:32:03,1780327188.861938953,r1,track_association,wall_like,rejected,normal_angle,detection,0,10,weak_tracked,3,6,nan,0.715652311,10.387575585,0.054753464,0.000000000,nan,nan,nan,nan,nan,nan,nan,nan,nan,8.000000000,0.300000000,1.800000000,3.000000000,nan,nan,nan,nan,nan,nan,nan,nan,nan,1.500000000,2.000000000,838,311,0
2026-06-02T23:32:03,1780327188.861938953,r1,track_association,wall_like,accepted,selected_best_match,detection,2,2,confirmed,31,0,0.192484016,0.243714201,0.694654781,0.007324230,0.000000000,nan,nan,nan,nan,nan,nan,nan,nan,nan,8.000000000,0.300000000,1.800000000,3.000000000,nan,nan,nan,nan,nan,nan,nan,nan,nan,1.500000000,2.000000000,971,1114,0
2026-06-02T23:32:03,1780327188.861938953,r1,track_association,wall_like,accepted,selected_best_match,detection,4,3,confirmed,26,0,0.472037962,0.189237804,0.686637769,0.096938692,0.000000000,nan,nan,nan,nan,nan,nan,nan,nan,nan,8.000000000,0.300000000,1.800000000,3.000000000,nan,nan,nan,nan,nan,nan,nan,nan,nan,1.500000000,2.000000000,91,81,0
2026-06-02T23:32:03,1780327188.861938953,r1,track_association,pillar_like,accepted,selected_best_match,detection,5,8,confirmed,9,0,0.279525583,0.073216411,nan,nan,nan,nan,nan,nan,nan,nan,0.024311348,1.000000000,0.165276289,0.128625154,nan,nan,nan,nan,nan,nan,nan,nan,nan,0.500000000,0.300000000,0.800000000,0.600000000,1.500000000,2.000000000,96,85,0
2026-06-02T23:32:03,1780327189.035938978,r1,track_association,wall_like,accepted,selected_best_match,detection,0,2,confirmed,32,0,0.398050174,0.194317677,2.512175225,0.005776713,0.000000000,nan,nan,nan,nan,nan,nan,nan,nan,nan,8.000000000,0.300000000,1.800000000,3.000000000,nan,nan,nan,nan,nan,nan,nan,nan,nan,1.500000000,2.000000000,1183,971,0
2026-06-02T23:32:03,1780327189.035938978,r1,track_association,wall_like,accepted,selected_best_match,detection,4,3,confirmed,27,0,0.863640305,0.406713556,0.925265235,0.183723290,0.000000000,nan,nan,nan,nan,nan,nan,nan,nan,nan,8.000000000,0.300000000,1.800000000,3.000000000,nan,nan,nan,nan,nan,nan,nan,nan,nan,1.500000000,2.000000000,114,91,0
2026-06-02T23:32:03,1780327189.035938978,r1,track_association,wall_like,accepted,selected_best_match,detection,5,10,weak_tracked,3,7,1.085008906,0.544062474,4.792285595,0.091385714,0.000000000,nan,nan,nan,nan,nan,nan,nan,nan,nan,8.000000000,0.300000000,1.800000000,3.000000000,nan,nan,nan,nan,nan,nan,nan,nan,nan,1.500000000,2.000000000,532,311,0
2026-06-02T23:32:03,1780327189.035938978,r1,track_association,pillar_like,accepted,selected_best_match,detection,7,8,confirmed,10,0,0.440057430,0.126044525,nan,nan,nan,nan,nan,nan,nan,nan,0.082220213,0.966310802,0.032465696,0.143208742,nan,nan,nan,nan,nan,nan,nan,nan,nan,0.500000000,0.300000000,0.800000000,0.600000000,1.500000000,2.000000000,101,96,0
2026-06-02T23:32:04,1780327189.260939121,r1,track_association,wall_like,accepted,selected_best_match,detection,0,1,confirmed,31,1,0.475217305,0.123059569,2.589056265,0.033169625,0.000000000,nan,nan,nan,nan,nan,nan,nan,nan,nan,8.000000000,0.300000000,1.800000000,3.000000000,nan,nan,nan,nan,nan,nan,nan,nan,nan,1.500000000,2.000000000,1281,838,0
2026-06-02T23:32:04,1780327189.260939121,r1,track_association,wall_like,accepted,selected_best_match,detection,2,2,confirmed,33,0,0.211044628,0.062518485,1.190475752,0.012418699,0.000000000,nan,nan,nan,nan,nan,nan,nan,nan,nan,8.000000000,0.300000000,1.800000000,3.000000000,nan,nan,nan,nan,nan,nan,nan,nan,nan,1.500000000,2.000000000,1162,1183,0
2026-06-02T23:32:04,1780327189.260939121,r1,track_association,wall_like,accepted,selected_best_match,detection,4,3,confirmed,28,0,0.730124628,0.196243922,1.001703222,0.161849125,0.000000000,nan,nan,nan,nan,nan,nan,nan,nan,nan,8.000000000,0.300000000,1.800000000,3.000000000,nan,nan,nan,nan,nan,nan,nan,nan,nan,1.500000000,2.000000000,132,114,0
2026-06-02T23:32:04,1780327189.260939121,r1,track_association,pillar_like,accepted,selected_best_match,detection,7,8,confirmed,11,0,0.196013007,0.182352319,nan,nan,nan,nan,nan,nan,nan,nan,0.068052656,1.000000000,0.451452136,0.008857489,nan,nan,nan,nan,nan,nan,nan,nan,nan,0.500000000,0.300000000,0.800000000,0.600000000,1.500000000,2.000000000,77,101,0
2026-06-02T23:32:04,1780327189.260939121,r1,track_association,pipe_like,accepted,selected_best_match,detection,8,9,candidate,1,25,0.948639935,0.085512203,nan,nan,nan,2.698250203,0.044258229,0.011612676,1.000000000,0.000000000,nan,nan,nan,nan,nan,nan,nan,nan,14.000000000,0.120000000,0.030000000,0.200000000,0.250000000,nan,nan,nan,nan,1.500000000,2.000000000,14,10,0
2026-06-02T23:32:04,1780327189.485934019,r1,track_association,wall_like,accepted,selected_best_match,detection,0,2,confirmed,34,0,0.250346231,0.442179419,0.766877558,0.002128019,0.000000000,nan,nan,nan,nan,nan,nan,nan,nan,nan,8.000000000,0.300000000,1.800000000,3.000000000,nan,nan,nan,nan,nan,nan,nan,nan,nan,1.500000000,2.000000000,1061,1162,0
2026-06-02T23:32:04,1780327189.485934019,r1,track_association,wall_like,accepted,selected_best_match,detection,2,3,confirmed,29,0,0.244299418,0.205369077,0.522382208,0.033163585,0.000000000,nan,nan,nan,nan,nan,nan,nan,nan,nan,8.000000000,0.300000000,1.800000000,3.000000000,nan,nan,nan,nan,nan,nan,nan,nan,nan,1.500000000,2.000000000,115,132,0
2026-06-02T23:32:04,1780327189.485934019,r1,track_association,wall_like,accepted,selected_best_match,detection,3,1,confirmed,32,0,0.442881262,0.705163586,1.495179513,0.006278788,0.000000000,nan,nan,nan,nan,nan,nan,nan,nan,nan,8.000000000,0.300000000,1.800000000,3.000000000,nan,nan,nan,nan,nan,nan,nan,nan,nan,1.500000000,2.000000000,947,1281,0
2026-06-02T23:32:04,1780327189.485934019,r1,track_association,wall_like,rejected,normal_angle,detection,3,10,weak_tracked,4,1,nan,1.254503310,10.710268629,0.024133555,0.000000000,nan,nan,nan,nan,nan,nan,nan,nan,nan,8.000000000,0.300000000,1.800000000,3.000000000,nan,nan,nan,nan,nan,nan,nan,nan,nan,1.500000000,2.000000000,947,532,0
2026-06-02T23:32:04,1780327189.662934065,r1,track_association,wall_like,accepted,selected_best_match,detection,0,2,confirmed,35,0,0.283374204,0.361060358,1.086686570,0.008155479,0.000000000,nan,nan,nan,nan,nan,nan,nan,nan,nan,8.000000000,0.300000000,1.800000000,3.000000000,nan,nan,nan,nan,nan,nan,nan,nan,nan,1.500000000,2.000000000,885,1061,0
2026-06-02T23:32:04,1780327189.662934065,r1,track_association,wall_like,accepted,selected_best_match,detection,2,3,confirmed,30,0,0.353397573,0.422560098,0.829802409,0.032645672,0.000000000,nan,nan,nan,nan,nan,nan,nan,nan,nan,8.000000000,0.300000000,1.800000000,3.000000000,nan,nan,nan,nan,nan,nan,nan,nan,nan,1.500000000,2.000000000,103,115,0
2026-06-02T23:32:04,1780327189.662934065,r1,track_association,wall_like,accepted,selected_best_match,detection,3,1,confirmed,33,0,0.122324530,0.076471403,0.725661207,0.001837924,0.000000000,nan,nan,nan,nan,nan,nan,nan,nan,nan,8.000000000,0.300000000,1.800000000,3.000000000,nan,nan,nan,nan,nan,nan,nan,nan,nan,1.500000000,2.000000000,1049,947,0
2026-06-02T23:32:04,1780327189.662934065,r1,track_association,wall_like,rejected,normal_angle,detection,3,10,weak_tracked,4,2,nan,0.764610174,10.243500301,0.017771492,0.000000000,nan,nan,nan,nan,nan,nan,nan,nan,nan,8.000000000,0.300000000,1.800000000,3.000000000,nan,nan,nan,nan,nan,nan,nan,nan,nan,1.500000000,2.000000000,1049,532,0
2026-06-02T23:32:04,1780327189.863934040,r1,track_association,wall_like,accepted,selected_best_match,detection,0,1,confirmed,34,0,0.128390708,0.166019933,0.518226422,0.002481728,0.000000000,nan,nan,nan,nan,nan,nan,nan,nan,nan,8.000000000,0.300000000,1.800000000,3.000000000,nan,nan,nan,nan,nan,nan,nan,nan,nan,1.500000000,2.000000000,1080,1049,0
2026-06-02T23:32:04,1780327189.863934040,r1,track_association,wall_like,rejected,normal_angle,detection,0,10,weak_tracked,4,3,nan,0.577368701,9.226876032,0.014013188,0.000000000,nan,nan,nan,nan,nan,nan,nan,nan,nan,8.000000000,0.300000000,1.800000000,3.000000000,nan,nan,nan,nan,nan,nan,nan,nan,nan,1.500000000,2.000000000,1080,532,0
2026-06-02T23:32:04,1780327189.863934040,r1,track_association,wall_like,accepted,selected_best_match,detection,2,2,confirmed,36,0,0.137044611,0.102904406,0.481347233,0.012772421,0.000000000,nan,nan,nan,nan,nan,nan,nan,nan,nan,8.000000000,0.300000000,1.800000000,3.000000000,nan,nan,nan,nan,nan,nan,nan,nan,nan,1.500000000,2.000000000,1069,885,0
2026-06-02T23:32:04,1780327189.863934040,r1,track_association,wall_like,accepted,selected_best_match,detection,4,3,confirmed,31,0,0.708134422,0.809261926,0.957153128,0.095620892,0.000000000,nan,nan,nan,nan,nan,nan,nan,nan,nan,8.000000000,0.300000000,1.800000000,3.000000000,nan,nan,nan,nan,nan,nan,nan,nan,nan,1.500000000,2.000000000,60,103,0
2026-06-02T23:32:04,1780327189.863934040,r1,track_association,pillar_like,accepted,selected_best_match,detection,8,7,weak_tracked,2,12,0.597964012,0.105085935,nan,nan,nan,nan,nan,nan,nan,nan,0.091252765,0.994239862,0.083075523,0.240834475,nan,nan,nan,nan,nan,nan,nan,nan,nan,0.500000000,0.300000000,0.800000000,0.600000000,1.500000000,2.000000000,104,113,0
2026-06-02T23:32:04,1780327190.061933994,r1,track_association,wall_like,accepted,selected_best_match,detection,0,1,confirmed,35,0,0.232893033,0.334239182,0.735022367,0.008880653,0.000000000,nan,nan,nan,nan,nan,nan,nan,nan,nan,8.000000000,0.300000000,1.800000000,3.000000000,nan,nan,nan,nan,nan,nan,nan,nan,nan,1.500000000,2.000000000,1117,1080,0
2026-06-02T23:32:04,1780327190.061933994,r1,track_association,wall_like,rejected,normal_angle,detection,0,10,weak_tracked,4,4,nan,0.365659430,10.147258971,0.018754578,0.000000000,nan,nan,nan,nan,nan,nan,nan,nan,nan,8.000000000,0.300000000,1.800000000,3.000000000,nan,nan,nan,nan,nan,nan,nan,nan,nan,1.500000000,2.000000000,1117,532,0
2026-06-02T23:32:04,1780327190.061933994,r1,track_association,wall_like,accepted,selected_best_match,detection,2,2,confirmed,37,0,0.134534670,0.077636507,0.643861056,0.008451961,0.000000000,nan,nan,nan,nan,nan,nan,nan,nan,nan,8.000000000,0.300000000,1.800000000,3.000000000,nan,nan,nan,nan,nan,nan,nan,nan,nan,1.500000000,2.000000000,1107,1069,0
2026-06-02T23:32:04,1780327190.061933994,r1,track_association,wall_like,accepted,selected_best_match,detection,4,3,confirmed,32,0,0.499652046,0.398448017,0.478481026,0.092107773,0.000000000,nan,nan,nan,nan,nan,nan,nan,nan,nan,8.000000000,0.300000000,1.800000000,3.000000000,nan,nan,nan,nan,nan,nan,nan,nan,nan,1.500000000,2.000000000,144,60,0
2026-06-02T23:32:04,1780327190.061933994,r1,track_association,pillar_like,accepted,selected_best_match,detection,5,6,stale,7,7,0.222267768,0.054353799,nan,nan,nan,nan,nan,nan,nan,nan,0.026925018,1.000000000,0.096834183,0.107356846,nan,nan,nan,nan,nan,nan,nan,nan,nan,0.800000000,0.300000000,0.800000000,0.600000000,1.500000000,2.000000000,134,129,0
2026-06-02T23:32:04,1780327190.061933994,r1,track_association,pillar_like,accepted,selected_best_match,detection,6,4,weak_tracked,4,14,0.316985733,0.155447928,nan,nan,nan,nan,nan,nan,nan,nan,0.027388971,0.950398768,0.118256807,0.120468527,nan,nan,nan,nan,nan,nan,nan,nan,nan,0.500000000,0.300000000,0.800000000,0.600000000,1.500000000,2.000000000,91,88,0
2026-06-02T23:32:05,1780327190.262933969,r1,track_association,wall_like,accepted,selected_best_match,detection,0,2,confirmed,38,0,0.088627718,0.096031211,0.329717142,0.004620802,0.000000000,nan,nan,nan,nan,nan,nan,nan,nan,nan,8.000000000,0.300000000,1.800000000,3.000000000,nan,nan,nan,nan,nan,nan,nan,nan,nan,1.500000000,2.000000000,1125,1107,0
2026-06-02T23:32:05,1780327190.262933969,r1,track_association,wall_like,accepted,selected_best_match,detection,2,3,confirmed,33,0,0.405239236,0.472770693,0.797645604,0.044382991,0.000000000,nan,nan,nan,nan,nan,nan,nan,nan,nan,8.000000000,0.300000000,1.800000000,3.000000000,nan,nan,nan,nan,nan,nan,nan,nan,nan,1.500000000,2.000000000,143,144,0
2026-06-02T23:32:05,1780327190.262933969,r1,track_association,wall_like,accepted,selected_best_match,detection,3,1,confirmed,36,0,0.146264140,0.032158781,0.786693708,0.011162350,0.000000000,nan,nan,nan,nan,nan,nan,nan,nan,nan,8.000000000,0.300000000,1.800000000,3.000000000,nan,nan,nan,nan,nan,nan,nan,nan,nan,1.500000000,2.000000000,1071,1117,0
2026-06-02T23:32:05,1780327190.262933969,r1,track_association,wall_like,rejected,normal_angle,detection,3,10,weak_tracked,4,5,nan,0.639522599,10.450766682,0.011026343,0.000000000,nan,nan,nan,nan,nan,nan,nan,nan,nan,8.000000000,0.300000000,1.800000000,3.000000000,nan,nan,nan,nan,nan,nan,nan,nan,nan,1.500000000,2.000000000,1071,532,0
2026-06-02T23:32:05,1780327190.262933969,r1,track_association,pillar_like,accepted,selected_best_match,detection,6,7,weak_tracked,3,1,0.403442956,0.019266149,nan,nan,nan,nan,nan,nan,nan,nan,0.006518313,0.991209429,0.003975630,0.228730917,nan,nan,nan,nan,nan,nan,nan,nan,nan,0.500000000,0.300000000,0.800000000,0.600000000,1.500000000,2.000000000,100,104,0
2026-06-02T23:32:05,1780327190.460933924,r1,track_association,wall_like,accepted,selected_best_match,detection,0,2,confirmed,39,0,0.197087904,0.071228385,1.041609280,0.012943185,0.000000000,nan,nan,nan,nan,nan,nan,nan,nan,nan,8.000000000,0.300000000,1.800000000,3.000000000,nan,nan,nan,nan,nan,nan,nan,nan,nan,1.500000000,2.000000000,1130,1125,0
2026-06-02T23:32:05,1780327190.460933924,r1,track_association,wall_like,accepted,selected_best_match,detection,2,3,confirmed,34,0,0.744535042,0.260679128,0.850347299,0.165404576,0.000000000,nan,nan,nan,nan,nan,nan,nan,nan,nan,8.000000000,0.300000000,1.800000000,3.000000000,nan,nan,nan,nan,nan,nan,nan,nan,nan,1.500000000,2.000000000,174,143,0
2026-06-02T23:32:05,1780327190.460933924,r1,track_association,wall_like,accepted,selected_best_match,detection,3,10,weak_tracked,4,6,0.938238601,0.539678022,4.513309636,0.058254667,0.000000000,nan,nan,nan,nan,nan,nan,nan,nan,nan,8.000000000,0.300000000,1.800000000,3.000000000,nan,nan,nan,nan,nan,nan,nan,nan,nan,1.500000000,2.000000000,583,532,0
2026-06-02T23:32:05,1780327190.661933661,r1,track_association,wall_like,accepted,selected_best_match,detection,0,1,confirmed,37,1,0.146303252,0.032405702,0.741483965,0.012844757,0.000000000,nan,nan,nan,nan,nan,nan,nan,nan,nan,8.000000000,0.300000000,1.800000000,3.000000000,nan,nan,nan,nan,nan,nan,nan,nan,nan,1.500000000,2.000000000,1079,1071,0
2026-06-02T23:32:05,1780327190.661933661,r1,track_association,wall_like,rejected,normal_angle,detection,0,10,weak_tracked,5,0,nan,0.520649866,9.727563939,0.008255485,0.000000000,nan,nan,nan,nan,nan,nan,nan,nan,nan,8.000000000,0.300000000,1.800000000,3.000000000,nan,nan,nan,nan,nan,nan,nan,nan,nan,1.500000000,2.000000000,1079,583,0
2026-06-02T23:32:05,1780327190.661933661,r1,track_association,wall_like,accepted,selected_best_match,detection,1,2,confirmed,40,0,0.797098701,2.205157234,0.427989315,0.002564288,0.000000000,nan,nan,nan,nan,nan,nan,nan,nan,nan,8.000000000,0.300000000,1.800000000,3.000000000,nan,nan,nan,nan,nan,nan,nan,nan,nan,1.500000000,2.000000000,653,1130,0
2026-06-02T23:32:05,1780327190.661933661,r1,track_association,wall_like,rejected,projected_gap,detection,2,3,confirmed,35,0,nan,5.793743256,0.164154415,0.045234368,2.515508877,nan,nan,nan,nan,nan,nan,nan,nan,nan,8.000000000,0.300000000,1.800000000,3.000000000,nan,nan,nan,nan,nan,nan,nan,nan,nan,1.500000000,2.000000000,412,174,0
2026-06-02T23:32:05,1780327190.661933661,r1,track_association,wall_like,accepted,selected_best_match,detection,3,3,confirmed,35,0,0.243365005,0.272159245,0.164792220,0.039613869,0.000000000,nan,nan,nan,nan,nan,nan,nan,nan,nan,8.000000000,0.300000000,1.800000000,3.000000000,nan,nan,nan,nan,nan,nan,nan,nan,nan,1.500000000,2.000000000,201,174,0
2026-06-02T23:32:05,1780327190.661933661,r1,track_association,pillar_like,accepted,selected_best_match,detection,4,6,confirmed,8,2,0.456401027,0.066755620,nan,nan,nan,nan,nan,nan,nan,nan,0.035239210,1.000000000,0.326930642,0.211937726,nan,nan,nan,nan,nan,nan,nan,nan,nan,0.500000000,0.300000000,0.800000000,0.600000000,1.500000000,2.000000000,133,134,0
2026-06-02T23:32:05,1780327190.661933661,r1,track_association,pillar_like,accepted,selected_best_match,detection,5,4,weak_tracked,5,2,0.255157435,0.267158073,nan,nan,nan,nan,nan,nan,nan,nan,0.050942134,0.888189213,0.074785948,0.020390272,nan,nan,nan,nan,nan,nan,nan,nan,nan,0.500000000,0.300000000,0.800000000,0.600000000,1.500000000,2.000000000,90,91,0
2026-06-02T23:32:05,1780327190.661933661,r1,track_association,pipe_like,accepted,selected_best_match,detection,6,5,stale,6,18,1.003216674,0.089128972,nan,nan,nan,6.664414696,0.047960548,0.003825475,1.000000000,0.000000000,nan,nan,nan,nan,nan,nan,nan,nan,14.000000000,0.120000000,0.030000000,0.200000000,0.250000000,nan,nan,nan,nan,1.500000000,2.000000000,10,10,0
2026-06-02T23:32:05,1780327190.862934113,r1,track_association,wall_like,accepted,selected_best_match,detection,0,2,confirmed,41,0,0.455553539,0.877429319,0.834873054,0.017615390,0.000000000,nan,nan,nan,nan,nan,nan,nan,nan,nan,8.000000000,0.300000000,1.800000000,3.000000000,nan,nan,nan,nan,nan,nan,nan,nan,nan,1.500000000,2.000000000,1148,653,0
2026-06-02T23:32:05,1780327190.862934113,r1,track_association,wall_like,accepted,selected_best_match,detection,2,3,confirmed,36,0,0.511308004,0.227003003,0.384988610,0.116255028,0.000000000,nan,nan,nan,nan,nan,nan,nan,nan,nan,8.000000000,0.300000000,1.800000000,3.000000000,nan,nan,nan,nan,nan,nan,nan,nan,nan,1.500000000,2.000000000,165,201,0
2026-06-02T23:32:05,1780327190.862934113,r1,track_association,wall_like,accepted,selected_best_match,detection,7,1,confirmed,38,0,0.127380519,0.129254575,0.557383372,0.004386822,0.000000000,nan,nan,nan,nan,nan,nan,nan,nan,nan,8.000000000,0.300000000,1.800000000,3.000000000,nan,nan,nan,nan,nan,nan,nan,nan,nan,1.500000000,2.000000000,1087,1079,0
2026-06-02T23:32:05,1780327190.862934113,r1,track_association,wall_like,rejected,normal_angle,detection,7,10,weak_tracked,5,1,nan,0.626173267,9.604308145,0.009351356,0.000000000,nan,nan,nan,nan,nan,nan,nan,nan,nan,8.000000000,0.300000000,1.800000000,3.000000000,nan,nan,nan,nan,nan,nan,nan,nan,nan,1.500000000,2.000000000,1087,583,0
2026-06-02T23:32:05,1780327190.862934113,r1,track_association,pillar_like,accepted,selected_best_match,detection,8,4,confirmed,6,0,0.659931395,0.225595339,nan,nan,nan,nan,nan,nan,nan,nan,0.047896453,0.984202933,0.387236953,0.305770636,nan,nan,nan,nan,nan,nan,nan,nan,nan,0.500000000,0.300000000,0.800000000,0.600000000,1.500000000,2.000000000,77,90,0
2026-06-02T23:32:05,1780327191.063934088,r1,track_association,wall_like,accepted,selected_best_match,detection,0,1,confirmed,39,0,0.082550999,0.059721217,0.478967098,0.000831912,0.000000000,nan,nan,nan,nan,nan,nan,nan,nan,nan,8.000000000,0.300000000,1.800000000,3.000000000,nan,nan,nan,nan,nan,nan,nan,nan,nan,1.500000000,2.000000000,1111,1087,0
2026-06-02T23:32:05,1780327191.063934088,r1,track_association,wall_like,rejected,normal_angle,detection,0,10,weak_tracked,5,2,nan,0.472927581,9.584696946,0.014545191,0.000000000,nan,nan,nan,nan,nan,nan,nan,nan,nan,8.000000000,0.300000000,1.800000000,3.000000000,nan,nan,nan,nan,nan,nan,nan,nan,nan,1.500000000,2.000000000,1111,583,0
2026-06-02T23:32:05,1780327191.063934088,r1,track_association,wall_like,accepted,selected_best_match,detection,1,2,confirmed,42,0,0.493000782,0.845361131,1.348609548,0.012791264,0.000000000,nan,nan,nan,nan,nan,nan,nan,nan,nan,8.000000000,0.300000000,1.800000000,3.000000000,nan,nan,nan,nan,nan,nan,nan,nan,nan,1.500000000,2.000000000,1041,1148,0
2026-06-02T23:32:05,1780327191.063934088,r1,track_association,wall_like,accepted,selected_best_match,detection,3,3,confirmed,37,0,0.445902654,0.234683705,0.506386038,0.091312949,0.000000000,nan,nan,nan,nan,nan,nan,nan,nan,nan,8.000000000,0.300000000,1.800000000,3.000000000,nan,nan,nan,nan,nan,nan,nan,nan,nan,1.500000000,2.000000000,217,165,0
2026-06-02T23:32:06,1780327191.258934021,r1,track_association,wall_like,accepted,selected_best_match,detection,0,1,confirmed,40,0,0.091984672,0.105642627,0.408972613,0.001694666,0.000000000,nan,nan,nan,nan,nan,nan,nan,nan,nan,8.000000000,0.300000000,1.800000000,3.000000000,nan,nan,nan,nan,nan,nan,nan,nan,nan,1.500000000,2.000000000,1013,1111,0
2026-06-02T23:32:06,1780327191.258934021,r1,track_association,wall_like,rejected,normal_angle,detection,0,10,weak_tracked,5,3,nan,0.425483091,9.666446595,0.014465380,0.000000000,nan,nan,nan,nan,nan,nan,nan,nan,nan,8.000000000,0.300000000,1.800000000,3.000000000,nan,nan,nan,nan,nan,nan,nan,nan,nan,1.500000000,2.000000000,1013,583,0
2026-06-02T23:32:06,1780327191.258934021,r1,track_association,wall_like,accepted,selected_best_match,detection,1,2,confirmed,43,0,0.830361838,2.082153796,0.652794450,0.016413380,0.000000000,nan,nan,nan,nan,nan,nan,nan,nan,nan,8.000000000,0.300000000,1.800000000,3.000000000,nan,nan,nan,nan,nan,nan,nan,nan,nan,1.500000000,2.000000000,703,1041,0
2026-06-02T23:32:06,1780327191.258934021,r1,track_association,wall_like,rejected,projected_gap,detection,2,3,confirmed,38,0,nan,5.935007095,0.430120376,0.056807499,2.589490245,nan,nan,nan,nan,nan,nan,nan,nan,nan,8.000000000,0.300000000,1.800000000,3.000000000,nan,nan,nan,nan,nan,nan,nan,nan,nan,1.500000000,2.000000000,453,217,0
2026-06-02T23:32:06,1780327191.258934021,r1,track_association,wall_like,accepted,selected_best_match,detection,3,3,confirmed,38,0,0.268764920,0.094089217,0.432246475,0.055011311,0.000000000,nan,nan,nan,nan,nan,nan,nan,nan,nan,8.000000000,0.300000000,1.800000000,3.000000000,nan,nan,nan,nan,nan,nan,nan,nan,nan,1.500000000,2.000000000,208,217,0
2026-06-02T23:32:06,1780327191.459928989,r1,track_association,wall_like,accepted,selected_best_match,detection,0,2,confirmed,44,0,0.781888827,1.505271192,1.899869238,0.012794432,0.000000000,nan,nan,nan,nan,nan,nan,nan,nan,nan,8.000000000,0.300000000,1.800000000,3.000000000,nan,nan,nan,nan,nan,nan,nan,nan,nan,1.500000000,2.000000000,654,703,0
2026-06-02T23:32:06,1780327191.459928989,r1,track_association,wall_like,rejected,projected_gap,detection,1,3,confirmed,39,0,nan,5.703381613,0.410211559,0.080995480,2.374055071,nan,nan,nan,nan,nan,nan,nan,nan,nan,8.000000000,0.300000000,1.800000000,3.000000000,nan,nan,nan,nan,nan,nan,nan,nan,nan,1.500000000,2.000000000,417,208,0
2026-06-02T23:32:06,1780327191.459928989,r1,track_association,wall_like,accepted,selected_best_match,detection,3,3,confirmed,39,0,0.411367557,0.271323864,0.435903681,0.079931493,0.000000000,nan,nan,nan,nan,nan,nan,nan,nan,nan,8.000000000,0.300000000,1.800000000,3.000000000,nan,nan,nan,nan,nan,nan,nan,nan,nan,1.500000000,2.000000000,239,208,0
2026-06-02T23:32:06,1780327191.681929111,r1,track_association,wall_like,accepted,selected_best_match,detection,0,2,confirmed,45,0,0.477379575,1.236440421,0.145560618,0.014111307,0.000000000,nan,nan,nan,nan,nan,nan,nan,nan,nan,8.000000000,0.300000000,1.800000000,3.000000000,nan,nan,nan,nan,nan,nan,nan,nan,nan,1.500000000,2.000000000,690,654,0
2026-06-02T23:32:06,1780327191.681929111,r1,track_association,wall_like,accepted,selected_best_match,detection,2,3,confirmed,40,0,0.143071765,0.044542092,0.305703194,0.027003450,0.000000000,nan,nan,nan,nan,nan,nan,nan,nan,nan,8.000000000,0.300000000,1.800000000,3.000000000,nan,nan,nan,nan,nan,nan,nan,nan,nan,1.500000000,2.000000000,229,239,0
2026-06-02T23:32:06,1780327191.681929111,r1,track_association,wall_like,accepted,selected_best_match,detection,3,1,confirmed,41,1,0.125556558,0.164408098,0.459220551,0.004005387,0.000000000,nan,nan,nan,nan,nan,nan,nan,nan,nan,8.000000000,0.300000000,1.800000000,3.000000000,nan,nan,nan,nan,nan,nan,nan,nan,nan,1.500000000,2.000000000,883,1013,0
2026-06-02T23:32:06,1780327191.681929111,r1,track_association,wall_like,rejected,normal_angle,detection,3,10,weak_tracked,5,5,nan,0.418437377,9.836630600,0.018847501,0.000000000,nan,nan,nan,nan,nan,nan,nan,nan,nan,8.000000000,0.300000000,1.800000000,3.000000000,nan,nan,nan,nan,nan,nan,nan,nan,nan,1.500000000,2.000000000,883,583,0
2026-06-02T23:32:06,1780327191.681929111,r1,track_association,pillar_like,accepted,selected_best_match,detection,4,6,stale,9,4,0.322689582,0.097419171,nan,nan,nan,nan,nan,nan,nan,nan,0.013488876,1.000000000,0.315693378,0.164555490,nan,nan,nan,nan,nan,nan,nan,nan,nan,0.800000000,0.300000000,0.800000000,0.600000000,1.500000000,2.000000000,117,133,0
2026-06-02T23:32:06,1780327191.681929111,r1,track_association,pipe_like,accepted,selected_best_match,detection,5,13,candidate,1,23,0.698907273,0.020791610,nan,nan,nan,1.641572980,0.015268819,0.013632357,1.000000000,0.000000000,nan,nan,nan,nan,nan,nan,nan,nan,14.000000000,0.120000000,0.030000000,0.200000000,0.250000000,nan,nan,nan,nan,1.500000000,2.000000000,18,11,0
2026-06-02T23:32:06,1780327191.885929108,r1,track_association,wall_like,accepted,selected_best_match,detection,0,2,confirmed,46,0,0.765058736,1.963976919,0.834061578,0.001842620,0.000000000,nan,nan,nan,nan,nan,nan,nan,nan,nan,8.000000000,0.300000000,1.800000000,3.000000000,nan,nan,nan,nan,nan,nan,nan,nan,nan,1.500000000,2.000000000,1041,690,0
2026-06-02T23:32:06,1780327191.885929108,r1,track_association,wall_like,accepted,selected_best_match,detection,2,1,confirmed,42,0,0.154531998,0.294228917,0.191352780,0.009760978,0.000000000,nan,nan,nan,nan,nan,nan,nan,nan,nan,8.000000000,0.300000000,1.800000000,3.000000000,nan,nan,nan,nan,nan,nan,nan,nan,nan,1.500000000,2.000000000,1041,883,0
2026-06-02T23:32:06,1780327191.885929108,r1,track_association,wall_like,rejected,normal_angle,detection,2,10,weak_tracked,5,6,nan,0.179129410,9.587017577,0.005195688,0.000000000,nan,nan,nan,nan,nan,nan,nan,nan,nan,8.000000000,0.300000000,1.800000000,3.000000000,nan,nan,nan,nan,nan,nan,nan,nan,nan,1.500000000,2.000000000,1041,583,0
2026-06-02T23:32:06,1780327191.885929108,r1,track_association,wall_like,accepted,selected_best_match,detection,5,3,confirmed,41,0,0.240712634,0.315622028,0.126554972,0.035905776,0.000000000,nan,nan,nan,nan,nan,nan,nan,nan,nan,8.000000000,0.300000000,1.800000000,3.000000000,nan,nan,nan,nan,nan,nan,nan,nan,nan,1.500000000,2.000000000,159,229,0
2026-06-02T23:32:06,1780327191.885929108,r1,track_association,pillar_like,accepted,selected_best_match,detection,7,7,weak_tracked,4,7,0.183013392,0.084039361,nan,nan,nan,nan,nan,nan,nan,nan,0.036793830,1.000000000,0.164214253,0.055802584,nan,nan,nan,nan,nan,nan,nan,nan,nan,0.500000000,0.300000000,0.800000000,0.600000000,1.500000000,2.000000000,104,100,0
2026-06-02T23:32:06,1780327191.885929108,r1,track_association,pillar_like,accepted,selected_best_match,detection,8,4,stale,7,4,0.226552558,0.136084794,nan,nan,nan,nan,nan,nan,nan,nan,0.023037214,1.000000000,0.536129355,0.086485863,nan,nan,nan,nan,nan,nan,nan,nan,nan,0.800000000,0.300000000,0.800000000,0.600000000,1.500000000,2.000000000,79,77,0
2026-06-02T23:32:06,1780327191.885929108,r1,plane_young_span_merge,wall_like,accepted,young_span_merged_duplicate_track,track,20,2,confirmed,47,0,1.310238509,nan,0.900301856,0.010606019,0.342513696,nan,nan,nan,nan,nan,nan,nan,nan,nan,4.000000000,0.120000000,0.500000000,nan,nan,nan,nan,nan,nan,nan,nan,nan,nan,1.000000000,1.000000000,76,1041,1
2026-06-02T23:32:06,1780327192.065928936,r1,track_association,wall_like,accepted,selected_best_match,detection,0,2,confirmed,48,0,0.266403564,0.190473849,1.563506358,0.002242196,0.000000000,nan,nan,nan,nan,nan,nan,nan,nan,nan,8.000000000,0.300000000,1.800000000,3.000000000,nan,nan,nan,nan,nan,nan,nan,nan,nan,1.500000000,2.000000000,664,1117,0
2026-06-02T23:32:06,1780327192.065928936,r1,track_association,wall_like,accepted,selected_best_match,detection,2,3,confirmed,42,0,0.500896057,0.242568080,0.921997907,0.091437088,0.000000000,nan,nan,nan,nan,nan,nan,nan,nan,nan,8.000000000,0.300000000,1.800000000,3.000000000,nan,nan,nan,nan,nan,nan,nan,nan,nan,1.500000000,2.000000000,265,159,0
2026-06-02T23:32:06,1780327192.065928936,r1,track_association,wall_like,accepted,selected_best_match,detection,3,1,confirmed,43,0,0.792580294,0.898363932,2.111272039,0.068764994,0.000000000,nan,nan,nan,nan,nan,nan,nan,nan,nan,8.000000000,0.300000000,1.800000000,3.000000000,nan,nan,nan,nan,nan,nan,nan,nan,nan,1.500000000,2.000000000,588,1041,0
2026-06-02T23:32:06,1780327192.065928936,r1,track_association,wall_like,rejected,normal_angle,detection,3,10,weak_tracked,5,7,nan,1.282451583,11.597298271,0.055507563,0.000000000,nan,nan,nan,nan,nan,nan,nan,nan,nan,8.000000000,0.300000000,1.800000000,3.000000000,nan,nan,nan,nan,nan,nan,nan,nan,nan,1.500000000,2.000000000,588,583,0
2026-06-02T23:32:06,1780327192.065928936,r1,track_association,wall_like,accepted,selected_best_match,detection,4,14,candidate,1,8,0.309738753,0.042922778,2.169833408,0.007260595,0.000000000,nan,nan,nan,nan,nan,nan,nan,nan,nan,8.000000000,0.300000000,1.800000000,3.000000000,nan,nan,nan,nan,nan,nan,nan,nan,nan,1.500000000,2.000000000,309,207,0
2026-06-02T23:32:07,1780327192.263929129,r1,track_association,wall_like,accepted,selected_best_match,detection,0,2,confirmed,49,0,1.075153654,2.616688010,1.064548448,0.020956728,0.000000000,nan,nan,nan,nan,nan,nan,nan,nan,nan,8.000000000,0.300000000,1.800000000,3.000000000,nan,nan,nan,nan,nan,nan,nan,nan,nan,1.500000000,2.000000000,1073,664,0
2026-06-02T23:32:07,1780327192.263929129,r1,track_association,wall_like,accepted,selected_best_match,detection,1,3,confirmed,43,0,0.313737903,0.335506889,0.404798347,0.045390744,0.000000000,nan,nan,nan,nan,nan,nan,nan,nan,nan,8.000000000,0.300000000,1.800000000,3.000000000,nan,nan,nan,nan,nan,nan,nan,nan,nan,1.500000000,2.000000000,257,265,0
2026-06-02T23:32:07,1780327192.263929129,r1,track_association,wall_like,accepted,selected_best_match,detection,2,1,confirmed,44,0,0.267215717,0.522020392,0.453632367,0.010951462,0.000000000,nan,nan,nan,nan,nan,nan,nan,nan,nan,8.000000000,0.300000000,1.800000000,3.000000000,nan,nan,nan,nan,nan,nan,nan,nan,nan,1.500000000,2.000000000,970,588,0
2026-06-02T23:32:07,1780327192.263929129,r1,track_association,wall_like,rejected,normal_angle,detection,2,10,weak_tracked,5,8,nan,0.132579024,9.461257657,0.028370009,0.000000000,nan,nan,nan,nan,nan,nan,nan,nan,nan,8.000000000,0.300000000,1.800000000,3.000000000,nan,nan,nan,nan,nan,nan,nan,nan,nan,1.500000000,2.000000000,970,583,0
2026-06-02T23:32:07,1780327192.263929129,r1,track_association,pillar_like,accepted,selected_best_match,detection,3,6,confirmed,10,2,0.096214476,0.055868473,nan,nan,nan,nan,nan,nan,nan,nan,0.035583794,1.000000000,0.117558479,0.007974625,nan,nan,nan,nan,nan,nan,nan,nan,nan,0.500000000,0.300000000,0.800000000,0.600000000,1.500000000,2.000000000,109,117,0
2026-06-02T23:32:07,1780327192.263929129,r1,track_association,pillar_like,accepted,selected_best_match,detection,4,4,confirmed,8,1,0.500584044,0.112807311,nan,nan,nan,nan,nan,nan,nan,nan,0.036634121,0.967230429,0.066920519,0.232712507,nan,nan,nan,nan,nan,nan,nan,nan,nan,0.500000000,0.300000000,0.800000000,0.600000000,1.500000000,2.000000000,77,79,0
2026-06-02T23:32:07,1780327192.461924076,r1,track_association,wall_like,accepted,selected_best_match,detection,0,1,confirmed,45,0,0.206996494,0.474255872,0.327566418,0.002389620,0.000000000,nan,nan,nan,nan,nan,nan,nan,nan,nan,8.000000000,0.300000000,1.800000000,3.000000000,nan,nan,nan,nan,nan,nan,nan,nan,nan,1.500000000,2.000000000,956,970,0
2026-06-02T23:32:07,1780327192.461924076,r1,track_association,wall_like,rejected,normal_angle,detection,0,10,weak_tracked,5,9,nan,0.060816414,9.541396658,0.014432019,0.000000000,nan,nan,nan,nan,nan,nan,nan,nan,nan,8.000000000,0.300000000,1.800000000,3.000000000,nan,nan,nan,nan,nan,nan,nan,nan,nan,1.500000000,2.000000000,956,583,0
2026-06-02T23:32:07,1780327192.461924076,r1,track_association,wall_like,rejected,normal_angle,detection,1,2,confirmed,50,0,nan,2.490737959,11.095079138,0.075570243,0.000000000,nan,nan,nan,nan,nan,nan,nan,nan,nan,8.000000000,0.300000000,1.800000000,3.000000000,nan,nan,nan,nan,nan,nan,nan,nan,nan,1.500000000,2.000000000,286,1073,0
2026-06-02T23:32:07,1780327192.461924076,r1,track_association,wall_like,accepted,selected_best_match,detection,2,2,confirmed,50,0,0.830964966,2.006063082,0.752329015,0.020470844,0.000000000,nan,nan,nan,nan,nan,nan,nan,nan,nan,8.000000000,0.300000000,1.800000000,3.000000000,nan,nan,nan,nan,nan,nan,nan,nan,nan,1.500000000,2.000000000,870,1073,0
2026-06-02T23:32:07,1780327192.461924076,r1,track_association,wall_like,accepted,selected_best_match,detection,3,3,confirmed,44,0,0.343311007,0.322375489,0.397050426,0.055866362,0.000000000,nan,nan,nan,nan,nan,nan,nan,nan,nan,8.000000000,0.300000000,1.800000000,3.000000000,nan,nan,nan,nan,nan,nan,nan,nan,nan,1.500000000,2.000000000,201,257,0
2026-06-02T23:32:07,1780327192.461924076,r1,track_association,pillar_like,accepted,selected_best_match,detection,4,6,confirmed,11,0,0.151744460,0.040340894,nan,nan,nan,nan,nan,nan,nan,nan,0.039939482,1.000000000,0.131040573,0.035256863,nan,nan,nan,nan,nan,nan,nan,nan,nan,0.500000000,0.300000000,0.800000000,0.600000000,1.500000000,2.000000000,96,109,0
2026-06-02T23:32:07,1780327192.662924051,r1,track_association,wall_like,accepted,selected_best_match,detection,0,2,confirmed,51,0,0.721913031,1.458881243,1.378249242,0.019001438,0.000000000,nan,nan,nan,nan,nan,nan,nan,nan,nan,8.000000000,0.300000000,1.800000000,3.000000000,nan,nan,nan,nan,nan,nan,nan,nan,nan,1.500000000,2.000000000,1089,870,0
2026-06-02T23:32:07,1780327192.662924051,r1,track_association,wall_like,rejected,normal_angle,detection,0,22,candidate,1,0,nan,0.612110891,10.143758478,0.086752758,0.000000000,nan,nan,nan,nan,nan,nan,nan,nan,nan,8.000000000,0.300000000,1.800000000,3.000000000,nan,nan,nan,nan,nan,nan,nan,nan,nan,1.500000000,2.000000000,1089,286,0
2026-06-02T23:32:07,1780327192.662924051,r1,track_association,wall_like,accepted,selected_best_match,detection,1,3,confirmed,45,0,0.698022067,0.209694227,0.854286065,0.156401470,0.000000000,nan,nan,nan,nan,nan,nan,nan,nan,nan,8.000000000,0.300000000,1.800000000,3.000000000,nan,nan,nan,nan,nan,nan,nan,nan,nan,1.500000000,2.000000000,323,201,0
2026-06-02T23:32:07,1780327192.662924051,r1,track_association,wall_like,accepted,selected_best_match,detection,2,1,confirmed,46,0,0.241918934,0.216244354,1.020187568,0.012694211,0.000000000,nan,nan,nan,nan,nan,nan,nan,nan,nan,8.000000000,0.300000000,1.800000000,3.000000000,nan,nan,nan,nan,nan,nan,nan,nan,nan,1.500000000,2.000000000,921,956,0
2026-06-02T23:32:07,1780327192.662924051,r1,track_association,wall_like,rejected,normal_angle,detection,2,10,weak_tracked,5,10,nan,0.207602416,9.585752748,0.034686905,0.000000000,nan,nan,nan,nan,nan,nan,nan,nan,nan,8.000000000,0.300000000,1.800000000,3.000000000,nan,nan,nan,nan,nan,nan,nan,nan,nan,1.500000000,2.000000000,921,583,0
2026-06-02T23:32:07,1780327192.662924051,r1,track_association,pillar_like,accepted,selected_best_match,detection,4,6,confirmed,12,0,0.148493163,0.063366397,nan,nan,nan,nan,nan,nan,nan,nan,0.060133761,0.988569176,0.002207518,0.009944439,nan,nan,nan,nan,nan,nan,nan,nan,nan,0.500000000,0.300000000,0.800000000,0.600000000,1.500000000,2.000000000,105,96,0
2026-06-02T23:32:07,1780327192.662924051,r1,track_association,pillar_like,accepted,selected_best_match,detection,5,8,stale,12,16,0.254803565,0.049732789,nan,nan,nan,nan,nan,nan,nan,nan,0.030579115,1.000000000,0.126308560,0.122369289,nan,nan,nan,nan,nan,nan,nan,nan,nan,0.800000000,0.300000000,0.800000000,0.600000000,1.500000000,2.000000000,84,77,0
2026-06-02T23:32:07,1780327192.662924051,r1,track_association,pillar_like,accepted,selected_best_match,detection,6,4,confirmed,9,1,0.266863101,0.241074292,nan,nan,nan,nan,nan,nan,nan,nan,0.081076107,0.931502584,0.160766363,0.012082100,nan,nan,nan,nan,nan,nan,nan,nan,nan,0.500000000,0.300000000,0.800000000,0.600000000,1.500000000,2.000000000,79,77,0
2026-06-02T23:32:07,1780327192.662924051,r1,track_association,pipe_like,accepted,selected_best_match,detection,7,5,stale,7,9,0.851388222,0.139931642,nan,nan,nan,2.034570470,0.062192728,0.005633671,0.781741987,0.000000000,nan,nan,nan,nan,nan,nan,nan,nan,14.000000000,0.120000000,0.030000000,0.200000000,0.250000000,nan,nan,nan,nan,1.500000000,2.000000000,11,10,0
2026-06-02T23:32:07,1780327192.863923788,r1,track_association,wall_like,accepted,selected_best_match,detection,0,1,confirmed,47,0,0.175876782,0.473875609,0.129897899,0.000504303,0.000000000,nan,nan,nan,nan,nan,nan,nan,nan,nan,8.000000000,0.300000000,1.800000000,3.000000000,nan,nan,nan,nan,nan,nan,nan,nan,nan,1.500000000,2.000000000,920,921,0
2026-06-02T23:32:07,1780327192.863923788,r1,track_association,wall_like,rejected,normal_angle,detection,0,10,weak_tracked,5,11,nan,0.210067878,9.636856684,0.030894489,0.000000000,nan,nan,nan,nan,nan,nan,nan,nan,nan,8.000000000,0.300000000,1.800000000,3.000000000,nan,nan,nan,nan,nan,nan,nan,nan,nan,1.500000000,2.000000000,920,583,0
2026-06-02T23:32:07,1780327192.863923788,r1,track_association,wall_like,accepted,selected_best_match,detection,1,23,candidate,1,0,0.558993449,0.137676775,0.628918897,0.130345899,0.000000000,nan,nan,nan,nan,nan,nan,nan,nan,nan,8.000000000,0.300000000,1.800000000,3.000000000,nan,nan,nan,nan,nan,nan,nan,nan,nan,1.500000000,2.000000000,70,59,0
2026-06-02T23:32:07,1780327192.863923788,r1,track_association,wall_like,accepted,selected_best_match,detection,2,2,confirmed,52,0,0.396595300,1.008103732,0.341948188,0.005345160,0.000000000,nan,nan,nan,nan,nan,nan,nan,nan,nan,8.000000000,0.300000000,1.800000000,3.000000000,nan,nan,nan,nan,nan,nan,nan,nan,nan,1.500000000,2.000000000,1100,1089,0
2026-06-02T23:32:07,1780327192.863923788,r1,track_association,wall_like,rejected,normal_angle,detection,2,22,candidate,1,1,nan,0.678532678,10.483229463,0.079694006,0.000000000,nan,nan,nan,nan,nan,nan,nan,nan,nan,8.000000000,0.300000000,1.800000000,3.000000000,nan,nan,nan,nan,nan,nan,nan,nan,nan,1.500000000,2.000000000,1100,286,0
2026-06-02T23:32:07,1780327192.863923788,r1,track_association,wall_like,accepted,selected_best_match,detection,3,3,confirmed,46,0,0.044376710,0.020553525,0.088508279,0.007938600,0.000000000,nan,nan,nan,nan,nan,nan,nan,nan,nan,8.000000000,0.300000000,1.800000000,3.000000000,nan,nan,nan,nan,nan,nan,nan,nan,nan,1.500000000,2.000000000,330,323,0
2026-06-02T23:32:07,1780327192.863923788,r1,track_association,pillar_like,accepted,selected_best_match,detection,4,6,confirmed,13,0,0.159805296,0.063668335,nan,nan,nan,nan,nan,nan,nan,nan,0.028511545,1.000000000,0.124938846,0.054172993,nan,nan,nan,nan,nan,nan,nan,nan,nan,0.500000000,0.300000000,0.800000000,0.600000000,1.500000000,2.000000000,114,105,0
2026-06-02T23:32:07,1780327192.863923788,r1,track_association,pillar_like,accepted,selected_best_match,detection,5,4,confirmed,10,0,0.142677262,0.263511408,nan,nan,nan,nan,nan,nan,nan,nan,0.013480690,0.970914526,0.426608562,0.026381731,nan,nan,nan,nan,nan,nan,nan,nan,nan,0.500000000,0.300000000,0.800000000,0.600000000,1.500000000,2.000000000,63,79,0
2026-06-02T23:32:07,1780327193.061923981,r1,track_association,wall_like,accepted,selected_best_match,detection,0,2,confirmed,53,0,0.437680375,1.065556916,0.402220209,0.009665163,0.000000000,nan,nan,nan,nan,nan,nan,nan,nan,nan,8.000000000,0.300000000,1.800000000,3.000000000,nan,nan,nan,nan,nan,nan,nan,nan,nan,1.500000000,2.000000000,1194,1100,0
2026-06-02T23:32:07,1780327193.061923981,r1,track_association,wall_like,rejected,normal_angle,detection,0,22,candidate,1,2,nan,0.465060558,10.604313609,0.086027773,0.000000000,nan,nan,nan,nan,nan,nan,nan,nan,nan,8.000000000,0.300000000,1.800000000,3.000000000,nan,nan,nan,nan,nan,nan,nan,nan,nan,1.500000000,2.000000000,1194,286,0
2026-06-02T23:32:07,1780327193.061923981,r1,track_association,wall_like,accepted,selected_best_match,detection,1,3,confirmed,47,0,0.489236413,0.348915568,0.568220476,0.090571099,0.000000000,nan,nan,nan,nan,nan,nan,nan,nan,nan,8.000000000,0.300000000,1.800000000,3.000000000,nan,nan,nan,nan,nan,nan,nan,nan,nan,1.500000000,2.000000000,271,330,0
2026-06-02T23:32:07,1780327193.061923981,r1,track_association,wall_like,accepted,selected_best_match,detection,2,1,confirmed,48,0,0.119114825,0.101353150,0.423057514,0.009734476,0.000000000,nan,nan,nan,nan,nan,nan,nan,nan,nan,8.000000000,0.300000000,1.800000000,3.000000000,nan,nan,nan,nan,nan,nan,nan,nan,nan,1.500000000,2.000000000,975,920,0
2026-06-02T23:32:07,1780327193.061923981,r1,track_association,wall_like,rejected,normal_angle,detection,2,10,weak_tracked,5,12,nan,0.173408968,9.703057703,0.038389760,0.000000000,nan,nan,nan,nan,nan,nan,nan,nan,nan,8.000000000,0.300000000,1.800000000,3.000000000,nan,nan,nan,nan,nan,nan,nan,nan,nan,1.500000000,2.000000000,975,583,0
2026-06-02T23:32:07,1780327193.061923981,r1,track_association,wall_like,accepted,selected_best_match,detection,3,23,weak_tracked,2,0,0.795312305,0.232015044,1.057354569,0.175741391,0.000000000,nan,nan,nan,nan,nan,nan,nan,nan,nan,8.000000000,0.300000000,1.800000000,3.000000000,nan,nan,nan,nan,nan,nan,nan,nan,nan,1.500000000,2.000000000,75,70,0
2026-06-02T23:32:07,1780327193.061923981,r1,track_association,pillar_like,accepted,selected_best_match,detection,4,4,confirmed,11,0,0.243646735,0.175245313,nan,nan,nan,nan,nan,nan,nan,nan,0.066920159,0.975197122,0.238889098,0.036668777,nan,nan,nan,nan,nan,nan,nan,nan,nan,0.500000000,0.300000000,0.800000000,0.600000000,1.500000000,2.000000000,65,63,0
2026-06-02T23:32:08,1780327193.286924124,r1,track_association,wall_like,accepted,selected_best_match,detection,0,2,confirmed,54,0,0.319506381,0.700853650,0.448191944,0.008959352,0.000000000,nan,nan,nan,nan,nan,nan,nan,nan,nan,8.000000000,0.300000000,1.800000000,3.000000000,nan,nan,nan,nan,nan,nan,nan,nan,nan,1.500000000,2.000000000,1050,1194,0
2026-06-02T23:32:08,1780327193.286924124,r1,track_association,wall_like,rejected,normal_angle,detection,0,22,candidate,1,3,nan,0.498046648,10.303625061,0.080408823,0.000000000,nan,nan,nan,nan,nan,nan,nan,nan,nan,8.000000000,0.300000000,1.800000000,3.000000000,nan,nan,nan,nan,nan,nan,nan,nan,nan,1.500000000,2.000000000,1050,286,0
2026-06-02T23:32:08,1780327193.286924124,r1,track_association,wall_like,accepted,selected_best_match,detection,1,3,confirmed,48,0,0.219782088,0.104309201,0.280453088,0.044986715,0.000000000,nan,nan,nan,nan,nan,nan,nan,nan,nan,8.000000000,0.300000000,1.800000000,3.000000000,nan,nan,nan,nan,nan,nan,nan,nan,nan,1.500000000,2.000000000,307,271,0
2026-06-02T23:32:08,1780327193.286924124,r1,track_association,wall_like,accepted,selected_best_match,detection,2,1,confirmed,49,0,0.044837152,0.042812882,0.227144406,0.000651942,0.000000000,nan,nan,nan,nan,nan,nan,nan,nan,nan,8.000000000,0.300000000,1.800000000,3.000000000,nan,nan,nan,nan,nan,nan,nan,nan,nan,1.500000000,2.000000000,929,975,0
2026-06-02T23:32:08,1780327193.286924124,r1,track_association,wall_like,rejected,normal_angle,detection,2,10,weak_tracked,5,13,nan,0.198034899,9.686076212,0.030185931,0.000000000,nan,nan,nan,nan,nan,nan,nan,nan,nan,8.000000000,0.300000000,1.800000000,3.000000000,nan,nan,nan,nan,nan,nan,nan,nan,nan,1.500000000,2.000000000,929,583,0
2026-06-02T23:32:08,1780327193.286924124,r1,track_association,wall_like,accepted,selected_best_match,detection,3,23,confirmed,3,0,0.564340130,0.152818239,0.679109353,0.128553614,0.000000000,nan,nan,nan,nan,nan,nan,nan,nan,nan,8.000000000,0.300000000,1.800000000,3.000000000,nan,nan,nan,nan,nan,nan,nan,nan,nan,1.500000000,2.000000000,86,75,0
2026-06-02T23:32:08,1780327193.286924124,r1,track_association,pillar_like,accepted,selected_best_match,detection,4,4,confirmed,12,0,0.154883096,0.119429714,nan,nan,nan,nan,nan,nan,nan,nan,0.037981121,1.000000000,0.264854550,0.031461239,nan,nan,nan,nan,nan,nan,nan,nan,nan,0.500000000,0.300000000,0.800000000,0.600000000,1.500000000,2.000000000,73,65,0
2026-06-02T23:32:08,1780327193.463918686,r1,track_association,wall_like,accepted,selected_best_match,detection,0,2,confirmed,55,0,0.299839871,0.691822158,0.326641827,0.008520677,0.000000000,nan,nan,nan,nan,nan,nan,nan,nan,nan,8.000000000,0.300000000,1.800000000,3.000000000,nan,nan,nan,nan,nan,nan,nan,nan,nan,1.500000000,2.000000000,1171,1050,0
2026-06-02T23:32:08,1780327193.463918686,r1,track_association,wall_like,rejected,normal_angle,detection,0,22,candidate,1,4,nan,0.456107450,10.334946542,0.096222093,0.000000000,nan,nan,nan,nan,nan,nan,nan,nan,nan,8.000000000,0.300000000,1.800000000,3.000000000,nan,nan,nan,nan,nan,nan,nan,nan,nan,1.500000000,2.000000000,1171,286,0
2026-06-02T23:32:08,1780327193.463918686,r1,track_association,wall_like,accepted,selected_best_match,detection,1,3,confirmed,49,0,0.185723954,0.080228621,0.351902040,0.034497998,0.000000000,nan,nan,nan,nan,nan,nan,nan,nan,nan,8.000000000,0.300000000,1.800000000,3.000000000,nan,nan,nan,nan,nan,nan,nan,nan,nan,1.500000000,2.000000000,309,307,0
2026-06-02T23:32:08,1780327193.463918686,r1,track_association,wall_like,accepted,selected_best_match,detection,2,1,confirmed,50,0,0.333726190,0.558496124,0.928469336,0.009450644,0.000000000,nan,nan,nan,nan,nan,nan,nan,nan,nan,8.000000000,0.300000000,1.800000000,3.000000000,nan,nan,nan,nan,nan,nan,nan,nan,nan,1.500000000,2.000000000,742,929,0
2026-06-02T23:32:08,1780327193.463918686,r1,track_association,wall_like,rejected,normal_angle,detection,2,10,weak_tracked,5,14,nan,0.758561247,10.624259655,0.065680167,0.000000000,nan,nan,nan,nan,nan,nan,nan,nan,nan,8.000000000,0.300000000,1.800000000,3.000000000,nan,nan,nan,nan,nan,nan,nan,nan,nan,1.500000000,2.000000000,742,583,0
2026-06-02T23:32:08,1780327193.463918686,r1,track_association,wall_like,accepted,selected_best_match,detection,3,23,confirmed,4,0,0.488526770,0.232566931,0.599978677,0.100802138,0.000000000,nan,nan,nan,nan,nan,nan,nan,nan,nan,8.000000000,0.300000000,1.800000000,3.000000000,nan,nan,nan,nan,nan,nan,nan,nan,nan,1.500000000,2.000000000,51,86,0
2026-06-02T23:32:08,1780327193.463918686,r1,track_association,pillar_like,accepted,selected_best_match,detection,4,6,confirmed,14,2,0.267255284,0.067536661,nan,nan,nan,nan,nan,nan,nan,nan,0.066080696,1.000000000,0.039517522,0.078685284,nan,nan,nan,nan,nan,nan,nan,nan,nan,0.500000000,0.300000000,0.800000000,0.600000000,1.500000000,2.000000000,77,114,0
2026-06-02T23:32:08,1780327193.463918686,r1,track_association,pipe_like,accepted,selected_best_match,detection,5,5,confirmed,8,3,1.477999027,0.091135850,nan,nan,nan,8.521309086,0.054775339,0.012386188,0.911535649,0.000000000,nan,nan,nan,nan,nan,nan,nan,nan,14.000000000,0.120000000,0.030000000,0.200000000,0.250000000,nan,nan,nan,nan,1.500000000,2.000000000,10,11,0
2026-06-02T23:32:08,1780327193.685918808,r1,track_association,wall_like,accepted,selected_best_match,detection,0,1,confirmed,51,0,0.080790358,0.075277715,0.212506989,0.008740324,0.000000000,nan,nan,nan,nan,nan,nan,nan,nan,nan,8.000000000,0.300000000,1.800000000,3.000000000,nan,nan,nan,nan,nan,nan,nan,nan,nan,1.500000000,2.000000000,834,742,0
2026-06-02T23:32:08,1780327193.685918808,r1,track_association,wall_like,rejected,normal_angle,detection,0,10,weak_tracked,5,15,nan,0.345837435,9.745647989,0.016412054,0.000000000,nan,nan,nan,nan,nan,nan,nan,nan,nan,8.000000000,0.300000000,1.800000000,3.000000000,nan,nan,nan,nan,nan,nan,nan,nan,nan,1.500000000,2.000000000,834,583,0
2026-06-02T23:32:08,1780327193.685918808,r1,track_association,wall_like,accepted,selected_best_match,detection,1,23,confirmed,5,0,0.393656565,0.113190043,0.525667429,0.087065437,0.000000000,nan,nan,nan,nan,nan,nan,nan,nan,nan,8.000000000,0.300000000,1.800000000,3.000000000,nan,nan,nan,nan,nan,nan,nan,nan,nan,1.500000000,2.000000000,63,51,0
2026-06-02T23:32:08,1780327193.685918808,r1,track_association,wall_like,accepted,selected_best_match,detection,2,2,confirmed,56,0,0.278157016,0.454559585,0.619567279,0.014757373,0.000000000,nan,nan,nan,nan,nan,nan,nan,nan,nan,8.000000000,0.300000000,1.800000000,3.000000000,nan,nan,nan,nan,nan,nan,nan,nan,nan,1.500000000,2.000000000,921,1171,0
2026-06-02T23:32:08,1780327193.685918808,r1,track_association,wall_like,rejected,normal_angle,detection,2,22,candidate,1,5,nan,0.399215414,11.169193546,0.041185092,0.000000000,nan,nan,nan,nan,nan,nan,nan,nan,nan,8.000000000,0.300000000,1.800000000,3.000000000,nan,nan,nan,nan,nan,nan,nan,nan,nan,1.500000000,2.000000000,921,286,0
2026-06-02T23:32:08,1780327193.685918808,r1,track_association,wall_like,accepted,selected_best_match,detection,3,3,confirmed,50,0,0.212378467,0.268266326,0.418508774,0.021192828,0.000000000,nan,nan,nan,nan,nan,nan,nan,nan,nan,8.000000000,0.300000000,1.800000000,3.000000000,nan,nan,nan,nan,nan,nan,nan,nan,nan,1.500000000,2.000000000,231,309,0
2026-06-02T23:32:08,1780327193.865919113,r1,track_association,wall_like,accepted,selected_best_match,detection,0,2,confirmed,57,0,0.232631905,0.472200676,0.512237508,0.003360597,0.000000000,nan,nan,nan,nan,nan,nan,nan,nan,nan,8.000000000,0.300000000,1.800000000,3.000000000,nan,nan,nan,nan,nan,nan,nan,nan,nan,1.500000000,2.000000000,1134,921,0
2026-06-02T23:32:08,1780327193.865919113,r1,track_association,wall_like,rejected,normal_angle,detection,0,22,candidate,1,6,nan,0.387135362,10.286148106,0.086291816,0.000000000,nan,nan,nan,nan,nan,nan,nan,nan,nan,8.000000000,0.300000000,1.800000000,3.000000000,nan,nan,nan,nan,nan,nan,nan,nan,nan,1.500000000,2.000000000,1134,286,0
2026-06-02T23:32:08,1780327193.865919113,r1,track_association,wall_like,accepted,selected_best_match,detection,1,3,confirmed,51,0,0.253871086,0.107396216,0.390021189,0.050795910,0.000000000,nan,nan,nan,nan,nan,nan,nan,nan,nan,8.000000000,0.300000000,1.800000000,3.000000000,nan,nan,nan,nan,nan,nan,nan,nan,nan,1.500000000,2.000000000,344,231,0
2026-06-02T23:32:08,1780327193.865919113,r1,track_association,wall_like,accepted,selected_best_match,detection,2,1,confirmed,52,0,0.227942385,0.367332445,0.744899937,0.003715723,0.000000000,nan,nan,nan,nan,nan,nan,nan,nan,nan,8.000000000,0.300000000,1.800000000,3.000000000,nan,nan,nan,nan,nan,nan,nan,nan,nan,1.500000000,2.000000000,819,834,0
2026-06-02T23:32:08,1780327193.865919113,r1,track_association,wall_like,rejected,normal_angle,detection,2,10,weak_tracked,5,16,nan,0.705282061,10.498663407,0.070908304,0.000000000,nan,nan,nan,nan,nan,nan,nan,nan,nan,8.000000000,0.300000000,1.800000000,3.000000000,nan,nan,nan,nan,nan,nan,nan,nan,nan,1.500000000,2.000000000,819,583,0
2026-06-02T23:32:08,1780327193.865919113,r1,track_association,wall_like,accepted,selected_best_match,detection,3,23,confirmed,6,0,0.104411218,0.049757809,0.160814029,0.020317058,0.000000000,nan,nan,nan,nan,nan,nan,nan,nan,nan,8.000000000,0.300000000,1.800000000,3.000000000,nan,nan,nan,nan,nan,nan,nan,nan,nan,1.500000000,2.000000000,64,63,0
2026-06-02T23:32:08,1780327194.084918976,r1,track_association,wall_like,accepted,selected_best_match,detection,0,2,confirmed,58,0,0.184632354,0.442828329,0.259538381,0.001374184,0.000000000,nan,nan,nan,nan,nan,nan,nan,nan,nan,8.000000000,0.300000000,1.800000000,3.000000000,nan,nan,nan,nan,nan,nan,nan,nan,nan,1.500000000,2.000000000,1116,1134,0
2026-06-02T23:32:08,1780327194.084918976,r1,track_association,wall_like,rejected,normal_angle,detection,0,22,candidate,1,7,nan,0.329184703,10.852611916,0.077859958,0.000000000,nan,nan,nan,nan,nan,nan,nan,nan,nan,8.000000000,0.300000000,1.800000000,3.000000000,nan,nan,nan,nan,nan,nan,nan,nan,nan,1.500000000,2.000000000,1116,286,0
2026-06-02T23:32:08,1780327194.084918976,r1,track_association,wall_like,accepted,selected_best_match,detection,1,3,confirmed,52,0,0.160864796,0.133539791,0.437711869,0.018491265,0.000000000,nan,nan,nan,nan,nan,nan,nan,nan,nan,8.000000000,0.300000000,1.800000000,3.000000000,nan,nan,nan,nan,nan,nan,nan,nan,nan,1.500000000,2.000000000,362,344,0
2026-06-02T23:32:08,1780327194.084918976,r1,track_association,wall_like,accepted,selected_best_match,detection,2,1,confirmed,53,0,0.094248669,0.164900402,0.081949985,0.008711436,0.000000000,nan,nan,nan,nan,nan,nan,nan,nan,nan,8.000000000,0.300000000,1.800000000,3.000000000,nan,nan,nan,nan,nan,nan,nan,nan,nan,1.500000000,2.000000000,926,819,0
2026-06-02T23:32:08,1780327194.084918976,r1,track_association,wall_like,rejected,normal_angle,detection,2,10,weak_tracked,5,17,nan,0.278517942,9.987815938,0.044170009,0.000000000,nan,nan,nan,nan,nan,nan,nan,nan,nan,8.000000000,0.300000000,1.800000000,3.000000000,nan,nan,nan,nan,nan,nan,nan,nan,nan,1.500000000,2.000000000,926,583,0
2026-06-02T23:32:08,1780327194.084918976,r1,track_association,wall_like,accepted,selected_best_match,detection,3,23,confirmed,7,0,0.241779066,0.160354750,0.582876383,0.034640380,0.000000000,nan,nan,nan,nan,nan,nan,nan,nan,nan,8.000000000,0.300000000,1.800000000,3.000000000,nan,nan,nan,nan,nan,nan,nan,nan,nan,1.500000000,2.000000000,62,64,0
2026-06-02T23:32:08,1780327194.084918976,r1,track_association,pillar_like,accepted,selected_best_match,detection,4,4,confirmed,13,3,0.154667944,0.199119045,nan,nan,nan,nan,nan,nan,nan,nan,0.022185987,1.000000000,0.411990881,0.041458130,nan,nan,nan,nan,nan,nan,nan,nan,nan,0.500000000,0.300000000,0.800000000,0.600000000,1.500000000,2.000000000,72,73,0
2026-06-02T23:32:09,1780327194.267919064,r1,track_association,wall_like,accepted,selected_best_match,detection,0,2,confirmed,59,0,0.113882293,0.246391522,0.220343592,0.001262651,0.000000000,nan,nan,nan,nan,nan,nan,nan,nan,nan,8.000000000,0.300000000,1.800000000,3.000000000,nan,nan,nan,nan,nan,nan,nan,nan,nan,1.500000000,2.000000000,1163,1116,0
2026-06-02T23:32:09,1780327194.267919064,r1,track_association,wall_like,rejected,normal_angle,detection,0,22,candidate,1,8,nan,0.392191832,10.515450502,0.084403243,0.000000000,nan,nan,nan,nan,nan,nan,nan,nan,nan,8.000000000,0.300000000,1.800000000,3.000000000,nan,nan,nan,nan,nan,nan,nan,nan,nan,1.500000000,2.000000000,1163,286,0
2026-06-02T23:32:09,1780327194.267919064,r1,track_association,wall_like,accepted,selected_best_match,detection,1,3,confirmed,53,0,0.110087182,0.065753462,0.158863361,0.020493432,0.000000000,nan,nan,nan,nan,nan,nan,nan,nan,nan,8.000000000,0.300000000,1.800000000,3.000000000,nan,nan,nan,nan,nan,nan,nan,nan,nan,1.500000000,2.000000000,358,362,0
2026-06-02T23:32:09,1780327194.267919064,r1,track_association,wall_like,accepted,selected_best_match,detection,2,1,confirmed,54,0,0.105784413,0.198724889,0.152891700,0.006129396,0.000000000,nan,nan,nan,nan,nan,nan,nan,nan,nan,8.000000000,0.300000000,1.800000000,3.000000000,nan,nan,nan,nan,nan,nan,nan,nan,nan,1.500000000,2.000000000,902,926,0
2026-06-02T23:32:09,1780327194.267919064,r1,track_association,wall_like,rejected,normal_angle,detection,2,10,weak_tracked,5,18,nan,0.567484814,9.955386395,0.034346116,0.000000000,nan,nan,nan,nan,nan,nan,nan,nan,nan,8.000000000,0.300000000,1.800000000,3.000000000,nan,nan,nan,nan,nan,nan,nan,nan,nan,1.500000000,2.000000000,902,583,0
2026-06-02T23:32:09,1780327194.462913990,r1,track_association,wall_like,accepted,selected_best_match,detection,0,2,confirmed,60,0,0.330263428,0.449327943,1.192272353,0.009436021,0.000000000,nan,nan,nan,nan,nan,nan,nan,nan,nan,8.000000000,0.300000000,1.800000000,3.000000000,nan,nan,nan,nan,nan,nan,nan,nan,nan,1.500000000,2.000000000,1257,1163,0
2026-06-02T23:32:09,1780327194.462913990,r1,track_association,wall_like,rejected,normal_angle,detection,0,22,candidate,1,9,nan,0.513473574,9.451621453,0.118473630,0.000000000,nan,nan,nan,nan,nan,nan,nan,nan,nan,8.000000000,0.300000000,1.800000000,3.000000000,nan,nan,nan,nan,nan,nan,nan,nan,nan,1.500000000,2.000000000,1257,286,0
2026-06-02T23:32:09,1780327194.462913990,r1,track_association,wall_like,accepted,selected_best_match,detection,1,3,confirmed,54,0,0.186746155,0.158882245,0.378572456,0.025939155,0.000000000,nan,nan,nan,nan,nan,nan,nan,nan,nan,8.000000000,0.300000000,1.800000000,3.000000000,nan,nan,nan,nan,nan,nan,nan,nan,nan,1.500000000,2.000000000,390,358,0
2026-06-02T23:32:09,1780327194.462913990,r1,track_association,wall_like,accepted,selected_best_match,detection,8,1,confirmed,55,0,1.078645236,1.307593119,3.624795421,0.056904431,0.000000000,nan,nan,nan,nan,nan,nan,nan,nan,nan,8.000000000,0.300000000,1.800000000,3.000000000,nan,nan,nan,nan,nan,nan,nan,nan,nan,1.500000000,2.000000000,388,902,0
2026-06-02T23:32:09,1780327194.462913990,r1,track_association,pillar_like,accepted,selected_best_match,detection,9,8,stale,13,8,0.533908974,0.313217735,nan,nan,nan,nan,nan,nan,nan,nan,0.037396001,0.861546346,0.130113959,0.201419353,nan,nan,nan,nan,nan,nan,nan,nan,nan,0.800000000,0.300000000,0.800000000,0.600000000,1.500000000,2.000000000,130,84,0
2026-06-02T23:32:09,1780327194.462913990,r1,track_association,pillar_like,accepted,selected_best_match,detection,10,6,stale,15,4,0.369349634,0.223128021,nan,nan,nan,nan,nan,nan,nan,nan,0.177716329,0.925391302,0.010341883,0.042936802,nan,nan,nan,nan,nan,nan,nan,nan,nan,0.800000000,0.300000000,0.800000000,0.600000000,1.500000000,2.000000000,53,77,0
2026-06-02T23:32:09,1780327194.684914112,r1,track_association,wall_like,accepted,selected_best_match,detection,0,2,confirmed,61,0,0.089871767,0.215960886,0.093479073,0.001859976,0.000000000,nan,nan,nan,nan,nan,nan,nan,nan,nan,8.000000000,0.300000000,1.800000000,3.000000000,nan,nan,nan,nan,nan,nan,nan,nan,nan,1.500000000,2.000000000,1217,1257,0
2026-06-02T23:32:09,1780327194.684914112,r1,track_association,wall_like,rejected,normal_angle,detection,0,22,candidate,1,10,nan,0.425019794,10.423759426,0.100312168,0.000000000,nan,nan,nan,nan,nan,nan,nan,nan,nan,8.000000000,0.300000000,1.800000000,3.000000000,nan,nan,nan,nan,nan,nan,nan,nan,nan,1.500000000,2.000000000,1217,286,0
2026-06-02T23:32:09,1780327194.684914112,r1,track_association,wall_like,accepted,selected_best_match,detection,1,3,confirmed,55,0,0.110478935,0.114704315,0.192562948,0.014452138,0.000000000,nan,nan,nan,nan,nan,nan,nan,nan,nan,8.000000000,0.300000000,1.800000000,3.000000000,nan,nan,nan,nan,nan,nan,nan,nan,nan,1.500000000,2.000000000,396,390,0
2026-06-02T23:32:09,1780327194.684914112,r1,track_association,wall_like,accepted,selected_best_match,detection,2,1,confirmed,56,0,0.216055266,0.317350096,0.672049791,0.007879703,0.000000000,nan,nan,nan,nan,nan,nan,nan,nan,nan,8.000000000,0.300000000,1.800000000,3.000000000,nan,nan,nan,nan,nan,nan,nan,nan,nan,1.500000000,2.000000000,956,388,0
2026-06-02T23:32:09,1780327194.684914112,r1,track_association,wall_like,rejected,normal_angle,detection,2,10,weak_tracked,5,20,nan,0.443101136,9.931540722,0.036322843,0.000000000,nan,nan,nan,nan,nan,nan,nan,nan,nan,8.000000000,0.300000000,1.800000000,3.000000000,nan,nan,nan,nan,nan,nan,nan,nan,nan,1.500000000,2.000000000,956,583,0
2026-06-02T23:32:09,1780327194.684914112,r1,track_association,wall_like,accepted,selected_best_match,detection,3,23,confirmed,8,2,0.305571866,0.321874976,0.483389823,0.041356944,0.000000000,nan,nan,nan,nan,nan,nan,nan,nan,nan,8.000000000,0.300000000,1.800000000,3.000000000,nan,nan,nan,nan,nan,nan,nan,nan,nan,1.500000000,2.000000000,54,62,0
2026-06-02T23:32:09,1780327194.684914112,r1,track_association,pillar_like,accepted,selected_best_match,detection,4,7,weak_tracked,5,13,0.881322074,0.453942902,nan,nan,nan,nan,nan,nan,nan,nan,0.042274017,0.813407754,0.248708367,0.351186574,nan,nan,nan,nan,nan,nan,nan,nan,nan,0.500000000,0.300000000,0.800000000,0.600000000,1.500000000,2.000000000,62,104,0
2026-06-02T23:32:09,1780327194.864913940,r1,track_association,wall_like,accepted,selected_best_match,detection,0,2,confirmed,62,0,0.264663831,0.363142558,1.081648942,0.002523058,0.000000000,nan,nan,nan,nan,nan,nan,nan,nan,nan,8.000000000,0.300000000,1.800000000,3.000000000,nan,nan,nan,nan,nan,nan,nan,nan,nan,1.500000000,2.000000000,1079,1217,0
2026-06-02T23:32:09,1780327194.864913940,r1,track_association,wall_like,rejected,normal_angle,detection,0,22,candidate,1,11,nan,0.448655413,9.330336089,0.096420870,0.000000000,nan,nan,nan,nan,nan,nan,nan,nan,nan,8.000000000,0.300000000,1.800000000,3.000000000,nan,nan,nan,nan,nan,nan,nan,nan,nan,1.500000000,2.000000000,1079,286,0
2026-06-02T23:32:09,1780327194.864913940,r1,track_association,wall_like,accepted,selected_best_match,detection,1,3,confirmed,56,0,0.296781953,0.387224789,0.222209981,0.041979233,0.000000000,nan,nan,nan,nan,nan,nan,nan,nan,nan,8.000000000,0.300000000,1.800000000,3.000000000,nan,nan,nan,nan,nan,nan,nan,nan,nan,1.500000000,2.000000000,328,396,0
2026-06-02T23:32:09,1780327194.864913940,r1,track_association,wall_like,accepted,selected_best_match,detection,6,1,confirmed,57,0,0.397406329,0.424947472,1.610023673,0.016351264,0.000000000,nan,nan,nan,nan,nan,nan,nan,nan,nan,8.000000000,0.300000000,1.800000000,3.000000000,nan,nan,nan,nan,nan,nan,nan,nan,nan,1.500000000,2.000000000,650,956,0
2026-06-02T23:32:09,1780327194.864913940,r1,track_association,wall_like,rejected,normal_angle,detection,6,10,weak_tracked,5,21,nan,1.105799543,10.959709388,0.105969460,0.000000000,nan,nan,nan,nan,nan,nan,nan,nan,nan,8.000000000,0.300000000,1.800000000,3.000000000,nan,nan,nan,nan,nan,nan,nan,nan,nan,1.500000000,2.000000000,650,583,0
2026-06-02T23:32:09,1780327194.864913940,r1,track_association,wall_like,accepted,selected_best_match,detection,7,23,confirmed,9,0,0.247175176,0.273038635,0.120425270,0.042332742,0.000000000,nan,nan,nan,nan,nan,nan,nan,nan,nan,8.000000000,0.300000000,1.800000000,3.000000000,nan,nan,nan,nan,nan,nan,nan,nan,nan,1.500000000,2.000000000,51,54,0
2026-06-02T23:32:09,1780327194.864913940,r1,track_association,pillar_like,accepted,selected_best_match,detection,8,8,confirmed,14,1,0.304533206,0.296874019,nan,nan,nan,nan,nan,nan,nan,nan,0.037219847,0.888325622,0.210251451,0.058436394,nan,nan,nan,nan,nan,nan,nan,nan,nan,0.500000000,0.300000000,0.800000000,0.600000000,1.500000000,2.000000000,104,130,0
2026-06-02T23:32:09,1780327195.062913895,r1,track_association,wall_like,accepted,selected_best_match,detection,0,2,confirmed,63,0,0.134435187,0.093184619,0.637543471,0.007104214,0.000000000,nan,nan,nan,nan,nan,nan,nan,nan,nan,8.000000000,0.300000000,1.800000000,3.000000000,nan,nan,nan,nan,nan,nan,nan,nan,nan,1.500000000,2.000000000,1197,1079,0
2026-06-02T23:32:09,1780327195.062913895,r1,track_association,wall_like,rejected,normal_angle,detection,0,22,candidate,1,12,nan,0.392268181,10.629601514,0.086901929,0.000000000,nan,nan,nan,nan,nan,nan,nan,nan,nan,8.000000000,0.300000000,1.800000000,3.000000000,nan,nan,nan,nan,nan,nan,nan,nan,nan,1.500000000,2.000000000,1197,286,0
2026-06-02T23:32:09,1780327195.062913895,r1,track_association,wall_like,accepted,selected_best_match,detection,1,3,confirmed,57,0,0.339609414,0.242113978,0.414760558,0.062117906,0.000000000,nan,nan,nan,nan,nan,nan,nan,nan,nan,8.000000000,0.300000000,1.800000000,3.000000000,nan,nan,nan,nan,nan,nan,nan,nan,nan,1.500000000,2.000000000,343,328,0
2026-06-02T23:32:09,1780327195.062913895,r1,track_association,wall_like,accepted,selected_best_match,detection,2,1,confirmed,58,0,0.090840336,0.138009721,0.293052059,0.002461677,0.000000000,nan,nan,nan,nan,nan,nan,nan,nan,nan,8.000000000,0.300000000,1.800000000,3.000000000,nan,nan,nan,nan,nan,nan,nan,nan,nan,1.500000000,2.000000000,892,650,0
2026-06-02T23:32:09,1780327195.062913895,r1,track_association,wall_like,rejected,normal_angle,detection,2,10,weak_tracked,5,22,nan,0.650015801,9.817652928,0.064058238,0.000000000,nan,nan,nan,nan,nan,nan,nan,nan,nan,8.000000000,0.300000000,1.800000000,3.000000000,nan,nan,nan,nan,nan,nan,nan,nan,nan,1.500000000,2.000000000,892,583,0
2026-06-02T23:32:10,1780327195.263914108,r1,track_association,wall_like,accepted,selected_best_match,detection,0,2,confirmed,64,0,0.162573293,0.313400628,0.146679119,0.011931458,0.000000000,nan,nan,nan,nan,nan,nan,nan,nan,nan,8.000000000,0.300000000,1.800000000,3.000000000,nan,nan,nan,nan,nan,nan,nan,nan,nan,1.500000000,2.000000000,1226,1197,0
2026-06-02T23:32:10,1780327195.263914108,r1,track_association,wall_like,rejected,normal_angle,detection,0,22,candidate,1,13,nan,0.487236973,10.149572458,0.111152824,0.000000000,nan,nan,nan,nan,nan,nan,nan,nan,nan,8.000000000,0.300000000,1.800000000,3.000000000,nan,nan,nan,nan,nan,nan,nan,nan,nan,1.500000000,2.000000000,1226,286,0
2026-06-02T23:32:10,1780327195.263914108,r1,track_association,wall_like,accepted,selected_best_match,detection,1,3,confirmed,58,0,0.257032168,0.451050589,0.372267639,0.018044555,0.000000000,nan,nan,nan,nan,nan,nan,nan,nan,nan,8.000000000,0.300000000,1.800000000,3.000000000,nan,nan,nan,nan,nan,nan,nan,nan,nan,1.500000000,2.000000000,279,343,0
2026-06-02T23:32:10,1780327195.263914108,r1,track_association,wall_like,accepted,selected_best_match,detection,2,1,confirmed,59,0,0.188231567,0.194293523,0.490349415,0.018652015,0.000000000,nan,nan,nan,nan,nan,nan,nan,nan,nan,8.000000000,0.300000000,1.800000000,3.000000000,nan,nan,nan,nan,nan,nan,nan,nan,nan,1.500000000,2.000000000,939,892,0
2026-06-02T23:32:10,1780327195.263914108,r1,track_association,wall_like,rejected,normal_angle,detection,2,10,weak_tracked,5,23,nan,0.569883640,10.206443465,0.080678445,0.000000000,nan,nan,nan,nan,nan,nan,nan,nan,nan,8.000000000,0.300000000,1.800000000,3.000000000,nan,nan,nan,nan,nan,nan,nan,nan,nan,1.500000000,2.000000000,939,583,0
2026-06-02T23:32:10,1780327195.482908964,r1,track_association,wall_like,accepted,selected_best_match,detection,0,2,confirmed,65,0,0.120170436,0.078624556,0.545854847,0.007719119,0.000000000,nan,nan,nan,nan,nan,nan,nan,nan,nan,8.000000000,0.300000000,1.800000000,3.000000000,nan,nan,nan,nan,nan,nan,nan,nan,nan,1.500000000,2.000000000,1193,1226,0
2026-06-02T23:32:10,1780327195.482908964,r1,track_association,wall_like,rejected,normal_angle,detection,0,22,candidate,1,14,nan,0.449142871,10.241209222,0.095916684,0.000000000,nan,nan,nan,nan,nan,nan,nan,nan,nan,8.000000000,0.300000000,1.800000000,3.000000000,nan,nan,nan,nan,nan,nan,nan,nan,nan,1.500000000,2.000000000,1193,286,0
2026-06-02T23:32:10,1780327195.482908964,r1,track_association,wall_like,accepted,selected_best_match,detection,1,3,confirmed,59,0,0.535591777,0.700053332,0.497073237,0.072031954,0.000000000,nan,nan,nan,nan,nan,nan,nan,nan,nan,8.000000000,0.300000000,1.800000000,3.000000000,nan,nan,nan,nan,nan,nan,nan,nan,nan,1.500000000,2.000000000,262,279,0
2026-06-02T23:32:10,1780327195.482908964,r1,track_association,wall_like,accepted,selected_best_match,detection,2,1,confirmed,60,0,0.149735352,0.235739966,0.513045344,0.002107409,0.000000000,nan,nan,nan,nan,nan,nan,nan,nan,nan,8.000000000,0.300000000,1.800000000,3.000000000,nan,nan,nan,nan,nan,nan,nan,nan,nan,1.500000000,2.000000000,965,939,0
2026-06-02T23:32:10,1780327195.482908964,r1,track_association,wall_like,rejected,normal_angle,detection,2,10,weak_tracked,5,24,nan,0.471158567,9.872066215,0.049892704,0.000000000,nan,nan,nan,nan,nan,nan,nan,nan,nan,8.000000000,0.300000000,1.800000000,3.000000000,nan,nan,nan,nan,nan,nan,nan,nan,nan,1.500000000,2.000000000,965,583,0
2026-06-02T23:32:10,1780327195.482908964,r1,track_association,pillar_like,accepted,selected_best_match,detection,3,7,weak_tracked,6,3,0.801722984,0.431457843,nan,nan,nan,nan,nan,nan,nan,nan,0.096318192,0.775339811,0.094843864,0.224965215,nan,nan,nan,nan,nan,nan,nan,nan,nan,0.500000000,0.300000000,0.800000000,0.600000000,1.500000000,2.000000000,55,62,0
2026-06-02T23:32:10,1780327195.665908813,r1,track_association,wall_like,accepted,selected_best_match,detection,0,2,confirmed,66,0,0.936377720,2.459034835,0.494447694,0.016468044,0.000000000,nan,nan,nan,nan,nan,nan,nan,nan,nan,8.000000000,0.300000000,1.800000000,3.000000000,nan,nan,nan,nan,nan,nan,nan,nan,nan,1.500000000,2.000000000,985,1193,0
2026-06-02T23:32:10,1780327195.665908813,r1,track_association,wall_like,rejected,normal_angle,detection,0,22,candidate,1,15,nan,2.469353172,9.960239715,0.108173514,0.000000000,nan,nan,nan,nan,nan,nan,nan,nan,nan,8.000000000,0.300000000,1.800000000,3.000000000,nan,nan,nan,nan,nan,nan,nan,nan,nan,1.500000000,2.000000000,985,286,0
2026-06-02T23:32:10,1780327195.665908813,r1,track_association,pillar_like,accepted,selected_best_match,detection,2,24,candidate,1,2,0.563214618,0.527030933,nan,nan,nan,nan,nan,nan,nan,nan,0.136285989,0.775171711,0.210917950,0.026833534,nan,nan,nan,nan,nan,nan,nan,nan,nan,0.500000000,0.300000000,0.800000000,0.600000000,1.500000000,2.000000000,101,84,0
2026-06-02T23:32:10,1780327195.863909006,r1,track_association,wall_like,accepted,selected_best_match,detection,0,2,confirmed,67,0,0.290377822,0.433882440,0.899596680,0.009990227,0.000000000,nan,nan,nan,nan,nan,nan,nan,nan,nan,8.000000000,0.300000000,1.800000000,3.000000000,nan,nan,nan,nan,nan,nan,nan,nan,nan,1.500000000,2.000000000,1172,985,0
2026-06-02T23:32:10,1780327195.863909006,r1,track_association,wall_like,rejected,normal_angle,detection,0,22,candidate,1,16,nan,0.443254289,10.020823974,0.088239970,0.000000000,nan,nan,nan,nan,nan,nan,nan,nan,nan,8.000000000,0.300000000,1.800000000,3.000000000,nan,nan,nan,nan,nan,nan,nan,nan,nan,1.500000000,2.000000000,1172,286,0
2026-06-02T23:32:10,1780327195.863909006,r1,track_association,wall_like,accepted,selected_best_match,detection,1,3,confirmed,60,1,0.961764280,1.221485651,1.329977803,0.116506551,0.000000000,nan,nan,nan,nan,nan,nan,nan,nan,nan,8.000000000,0.300000000,1.800000000,3.000000000,nan,nan,nan,nan,nan,nan,nan,nan,nan,1.500000000,2.000000000,127,262,0
2026-06-02T23:32:10,1780327195.863909006,r1,track_association,wall_like,accepted,selected_best_match,detection,2,1,confirmed,61,1,0.468886575,0.719864220,1.312765587,0.019450841,0.000000000,nan,nan,nan,nan,nan,nan,nan,nan,nan,8.000000000,0.300000000,1.800000000,3.000000000,nan,nan,nan,nan,nan,nan,nan,nan,nan,1.500000000,2.000000000,837,965,0
2026-06-02T23:32:10,1780327195.863909006,r1,track_association,wall_like,rejected,normal_angle,detection,2,10,weak_tracked,5,26,nan,1.356169513,10.842671646,0.112682891,0.000000000,nan,nan,nan,nan,nan,nan,nan,nan,nan,8.000000000,0.300000000,1.800000000,3.000000000,nan,nan,nan,nan,nan,nan,nan,nan,nan,1.500000000,2.000000000,837,583,0
2026-06-02T23:32:10,1780327195.863909006,r1,track_association,pillar_like,accepted,selected_best_match,detection,3,24,weak_tracked,2,0,0.567717346,0.483070152,nan,nan,nan,nan,nan,nan,nan,nan,0.038109046,0.802572081,0.282481313,0.159493923,nan,nan,nan,nan,nan,nan,nan,nan,nan,0.500000000,0.300000000,0.800000000,0.600000000,1.500000000,2.000000000,79,101,0
2026-06-02T23:32:10,1780327196.085909128,r1,track_association,wall_like,accepted,selected_best_match,detection,0,2,confirmed,68,0,0.266227191,0.467635247,0.611294679,0.010181082,0.000000000,nan,nan,nan,nan,nan,nan,nan,nan,nan,8.000000000,0.300000000,1.800000000,3.000000000,nan,nan,nan,nan,nan,nan,nan,nan,nan,1.500000000,2.000000000,1236,1172,0
2026-06-02T23:32:10,1780327196.085909128,r1,track_association,wall_like,rejected,normal_angle,detection,0,22,candidate,1,17,nan,0.411793092,10.437625810,0.083116029,0.000000000,nan,nan,nan,nan,nan,nan,nan,nan,nan,8.000000000,0.300000000,1.800000000,3.000000000,nan,nan,nan,nan,nan,nan,nan,nan,nan,1.500000000,2.000000000,1236,286,0
2026-06-02T23:32:10,1780327196.085909128,r1,track_association,wall_like,accepted,selected_best_match,detection,1,3,confirmed,61,0,0.584282025,1.070620269,0.427005604,0.049182298,0.018165432,nan,nan,nan,nan,nan,nan,nan,nan,nan,8.000000000,0.300000000,1.800000000,3.000000000,nan,nan,nan,nan,nan,nan,nan,nan,nan,1.500000000,2.000000000,67,127,0
2026-06-02T23:32:10,1780327196.085909128,r1,track_association,wall_like,accepted,selected_best_match,detection,2,1,confirmed,62,0,0.156597783,0.218523370,0.473173574,0.007382989,0.000000000,nan,nan,nan,nan,nan,nan,nan,nan,nan,8.000000000,0.300000000,1.800000000,3.000000000,nan,nan,nan,nan,nan,nan,nan,nan,nan,1.500000000,2.000000000,947,837,0
2026-06-02T23:32:10,1780327196.085909128,r1,track_association,wall_like,rejected,normal_angle,detection,2,10,weak_tracked,5,27,nan,0.652873302,10.244099624,0.089186981,0.000000000,nan,nan,nan,nan,nan,nan,nan,nan,nan,8.000000000,0.300000000,1.800000000,3.000000000,nan,nan,nan,nan,nan,nan,nan,nan,nan,1.500000000,2.000000000,947,583,0
2026-06-02T23:32:10,1780327196.085909128,r1,track_association,wall_like,rejected,normal_angle,detection,3,14,weak_tracked,2,19,nan,0.320146479,9.896730233,0.031255090,0.000000000,nan,nan,nan,nan,nan,nan,nan,nan,nan,8.000000000,0.300000000,1.800000000,3.000000000,nan,nan,nan,nan,nan,nan,nan,nan,nan,1.500000000,2.000000000,162,309,0
2026-06-02T23:32:10,1780327196.085909128,r1,track_association,pillar_like,accepted,selected_best_match,detection,4,24,confirmed,3,0,0.206746446,0.047180447,nan,nan,nan,nan,nan,nan,nan,nan,0.031174941,1.000000000,0.446521640,0.059846640,nan,nan,nan,nan,nan,nan,nan,nan,nan,0.500000000,0.300000000,0.800000000,0.600000000,1.500000000,2.000000000,97,79,0
2026-06-02T23:32:11,1780327196.265908957,r1,track_association,wall_like,accepted,selected_best_match,detection,0,1,confirmed,63,0,0.152147588,0.253009993,0.302748431,0.008990211,0.000000000,nan,nan,nan,nan,nan,nan,nan,nan,nan,8.000000000,0.300000000,1.800000000,3.000000000,nan,nan,nan,nan,nan,nan,nan,nan,nan,1.500000000,2.000000000,871,947,0
2026-06-02T23:32:11,1780327196.265908957,r1,track_association,wall_like,rejected,normal_angle,detection,0,10,weak_tracked,5,28,nan,0.566433655,10.307139351,0.088243215,0.000000000,nan,nan,nan,nan,nan,nan,nan,nan,nan,8.000000000,0.300000000,1.800000000,3.000000000,nan,nan,nan,nan,nan,nan,nan,nan,nan,1.500000000,2.000000000,871,583,0
2026-06-02T23:32:11,1780327196.265908957,r1,track_association,wall_like,accepted,selected_best_match,detection,1,2,confirmed,69,0,0.373676323,0.614904047,0.953892356,0.014841529,0.000000000,nan,nan,nan,nan,nan,nan,nan,nan,nan,8.000000000,0.300000000,1.800000000,3.000000000,nan,nan,nan,nan,nan,nan,nan,nan,nan,1.500000000,2.000000000,822,1236,0
2026-06-02T23:32:11,1780327196.265908957,r1,track_association,wall_like,rejected,normal_angle,detection,1,22,candidate,1,18,nan,0.216551108,11.118058104,0.044260072,0.000000000,nan,nan,nan,nan,nan,nan,nan,nan,nan,8.000000000,0.300000000,1.800000000,3.000000000,nan,nan,nan,nan,nan,nan,nan,nan,nan,1.500000000,2.000000000,822,286,0
2026-06-02T23:32:11,1780327196.265908957,r1,track_association,pillar_like,accepted,selected_best_match,detection,2,7,confirmed,7,3,0.372913370,0.382137429,nan,nan,nan,nan,nan,nan,nan,nan,0.083019325,0.882750583,0.356531978,0.032383263,nan,nan,nan,nan,nan,nan,nan,nan,nan,0.500000000,0.300000000,0.800000000,0.600000000,1.500000000,2.000000000,64,55,0
2026-06-02T23:32:11,1780327196.667908907,r1,track_association,wall_like,accepted,selected_best_match,detection,0,2,confirmed,70,1,1.098056261,2.403580557,1.310187933,0.039926775,0.000000000,nan,nan,nan,nan,nan,nan,nan,nan,nan,8.000000000,0.300000000,1.800000000,3.000000000,nan,nan,nan,nan,nan,nan,nan,nan,nan,1.500000000,2.000000000,510,822,0
2026-06-02T23:32:11,1780327196.667908907,r1,track_association,wall_like,rejected,normal_angle,detection,0,22,candidate,1,20,nan,2.234031293,9.881057566,0.134535633,0.000000000,nan,nan,nan,nan,nan,nan,nan,nan,nan,8.000000000,0.300000000,1.800000000,3.000000000,nan,nan,nan,nan,nan,nan,nan,nan,nan,1.500000000,2.000000000,510,286,0
2026-06-02T23:32:11,1780327196.886908770,r1,track_association,wall_like,accepted,selected_best_match,detection,0,1,confirmed,64,2,0.103130507,0.164426669,0.164697612,0.008320325,0.000000000,nan,nan,nan,nan,nan,nan,nan,nan,nan,8.000000000,0.300000000,1.800000000,3.000000000,nan,nan,nan,nan,nan,nan,nan,nan,nan,1.500000000,2.000000000,1043,871,0
2026-06-02T23:32:11,1780327196.886908770,r1,track_association,wall_like,rejected,normal_angle,detection,0,10,weak_tracked,5,31,nan,0.568341038,10.145239338,0.068355535,0.000000000,nan,nan,nan,nan,nan,nan,nan,nan,nan,8.000000000,0.300000000,1.800000000,3.000000000,nan,nan,nan,nan,nan,nan,nan,nan,nan,1.500000000,2.000000000,1043,583,0
2026-06-02T23:32:11,1780327196.886908770,r1,track_association,wall_like,accepted,selected_best_match,detection,1,2,confirmed,71,0,0.138420273,0.310752268,0.185270021,0.003503229,0.000000000,nan,nan,nan,nan,nan,nan,nan,nan,nan,8.000000000,0.300000000,1.800000000,3.000000000,nan,nan,nan,nan,nan,nan,nan,nan,nan,1.500000000,2.000000000,1053,510,0
2026-06-02T23:32:11,1780327196.886908770,r1,track_association,wall_like,rejected,normal_angle,detection,1,22,candidate,1,21,nan,0.397043506,10.141189104,0.099414835,0.000000000,nan,nan,nan,nan,nan,nan,nan,nan,nan,8.000000000,0.300000000,1.800000000,3.000000000,nan,nan,nan,nan,nan,nan,nan,nan,nan,1.500000000,2.000000000,1053,286,0
2026-06-02T23:32:11,1780327197.063909054,r1,track_association,wall_like,accepted,selected_best_match,detection,0,2,confirmed,72,0,0.076919968,0.094758749,0.197341378,0.006199814,0.000000000,nan,nan,nan,nan,nan,nan,nan,nan,nan,8.000000000,0.300000000,1.800000000,3.000000000,nan,nan,nan,nan,nan,nan,nan,nan,nan,1.500000000,2.000000000,1065,1053,0
2026-06-02T23:32:11,1780327197.063909054,r1,track_association,wall_like,rejected,normal_angle,detection,0,22,candidate,1,22,nan,0.498492305,10.317078568,0.090876455,0.000000000,nan,nan,nan,nan,nan,nan,nan,nan,nan,8.000000000,0.300000000,1.800000000,3.000000000,nan,nan,nan,nan,nan,nan,nan,nan,nan,1.500000000,2.000000000,1065,286,0
2026-06-02T23:32:12,1780327197.261909008,r1,track_association,wall_like,accepted,selected_best_match,detection,0,1,confirmed,65,1,0.170249419,0.234901699,0.399315746,0.012610315,0.000000000,nan,nan,nan,nan,nan,nan,nan,nan,nan,8.000000000,0.300000000,1.800000000,3.000000000,nan,nan,nan,nan,nan,nan,nan,nan,nan,1.500000000,2.000000000,1047,1043,0
2026-06-02T23:32:12,1780327197.261909008,r1,track_association,wall_like,rejected,normal_angle,detection,0,10,weak_tracked,5,33,nan,0.892816240,10.220037533,0.091630590,0.000000000,nan,nan,nan,nan,nan,nan,nan,nan,nan,8.000000000,0.300000000,1.800000000,3.000000000,nan,nan,nan,nan,nan,nan,nan,nan,nan,1.500000000,2.000000000,1047,583,0
2026-06-02T23:32:12,1780327197.261909008,r1,track_association,wall_like,accepted,selected_best_match,detection,1,2,confirmed,73,0,0.159945572,0.089882511,0.827891968,0.007949472,0.000000000,nan,nan,nan,nan,nan,nan,nan,nan,nan,8.000000000,0.300000000,1.800000000,3.000000000,nan,nan,nan,nan,nan,nan,nan,nan,nan,1.500000000,2.000000000,1070,1065,0
2026-06-02T23:32:12,1780327197.261909008,r1,track_association,wall_like,rejected,normal_angle,detection,1,22,candidate,1,23,nan,0.472485777,9.732124754,0.093941317,0.000000000,nan,nan,nan,nan,nan,nan,nan,nan,nan,8.000000000,0.300000000,1.800000000,3.000000000,nan,nan,nan,nan,nan,nan,nan,nan,nan,1.500000000,2.000000000,1070,286,0
2026-06-02T23:32:12,1780327197.663903952,r1,track_association,wall_like,accepted,selected_best_match,detection,0,2,confirmed,74,1,0.194585158,0.469926961,0.253968649,0.001859027,0.000000000,nan,nan,nan,nan,nan,nan,nan,nan,nan,8.000000000,0.300000000,1.800000000,3.000000000,nan,nan,nan,nan,nan,nan,nan,nan,nan,1.500000000,2.000000000,963,1070,0
2026-06-02T23:32:12,1780327197.663903952,r1,track_association,wall_like,rejected,normal_angle,detection,0,22,candidate,1,25,nan,0.893654262,10.303983142,0.106097148,0.000000000,nan,nan,nan,nan,nan,nan,nan,nan,nan,8.000000000,0.300000000,1.800000000,3.000000000,nan,nan,nan,nan,nan,nan,nan,nan,nan,1.500000000,2.000000000,963,286,0
2026-06-02T23:32:12,1780327197.663903952,r1,track_association,wall_like,accepted,selected_best_match,detection,2,3,stale,62,7,1.927906032,2.774889263,0.500545235,0.052697075,1.376492168,nan,nan,nan,nan,nan,nan,nan,nan,nan,8.000000000,0.300000000,1.800000000,3.000000000,nan,nan,nan,nan,nan,nan,nan,nan,nan,1.500000000,2.000000000,89,67,0
2026-06-02T23:32:12,1780327197.663903952,r1,track_association,wall_like,accepted,selected_best_match,detection,3,1,confirmed,66,1,0.056110286,0.037895775,0.178083575,0.006365374,0.000000000,nan,nan,nan,nan,nan,nan,nan,nan,nan,8.000000000,0.300000000,1.800000000,3.000000000,nan,nan,nan,nan,nan,nan,nan,nan,nan,1.500000000,2.000000000,994,1047,0
2026-06-02T23:32:12,1780327197.663903952,r1,track_association,wall_like,rejected,normal_angle,detection,3,10,weak_tracked,5,35,nan,0.743399665,9.964466205,0.071112486,0.000000000,nan,nan,nan,nan,nan,nan,nan,nan,nan,8.000000000,0.300000000,1.800000000,3.000000000,nan,nan,nan,nan,nan,nan,nan,nan,nan,1.500000000,2.000000000,994,583,0
2026-06-02T23:32:12,1780327197.867903948,r1,track_association,wall_like,accepted,selected_best_match,detection,0,2,confirmed,75,0,0.598305228,0.208883473,3.682957927,0.020492299,0.000000000,nan,nan,nan,nan,nan,nan,nan,nan,nan,8.000000000,0.300000000,1.800000000,3.000000000,nan,nan,nan,nan,nan,nan,nan,nan,nan,1.500000000,2.000000000,526,963,0
2026-06-02T23:32:12,1780327197.867903948,r1,track_association,wall_like,accepted,selected_best_match,detection,2,3,confirmed,63,0,1.005168126,1.806878930,1.156281398,0.077501992,0.000000000,nan,nan,nan,nan,nan,nan,nan,nan,nan,8.000000000,0.300000000,1.800000000,3.000000000,nan,nan,nan,nan,nan,nan,nan,nan,nan,1.500000000,2.000000000,58,89,0
2026-06-02T23:32:12,1780327198.083904028,r1,track_association,wall_like,accepted,selected_best_match,detection,0,2,confirmed,76,0,0.319799605,0.370382110,0.664287137,0.033990903,0.000000000,nan,nan,nan,nan,nan,nan,nan,nan,nan,8.000000000,0.300000000,1.800000000,3.000000000,nan,nan,nan,nan,nan,nan,nan,nan,nan,1.500000000,2.000000000,838,526,0
2026-06-02T23:32:12,1780327198.083904028,r1,track_association,wall_like,rejected,normal_angle,detection,0,22,candidate,1,27,nan,0.844641557,9.925252597,0.135221564,0.000000000,nan,nan,nan,nan,nan,nan,nan,nan,nan,8.000000000,0.300000000,1.800000000,3.000000000,nan,nan,nan,nan,nan,nan,nan,nan,nan,1.500000000,2.000000000,838,286,0
2026-06-02T23:32:12,1780327198.083904028,r1,track_association,wall_like,accepted,selected_best_match,detection,2,3,confirmed,64,0,0.503002194,0.670303380,0.672059496,0.058668089,0.000000000,nan,nan,nan,nan,nan,nan,nan,nan,nan,8.000000000,0.300000000,1.800000000,3.000000000,nan,nan,nan,nan,nan,nan,nan,nan,nan,1.500000000,2.000000000,278,58,0
2026-06-02T23:32:13,1780327198.263904095,r1,track_association,wall_like,accepted,selected_best_match,detection,0,2,confirmed,77,0,0.330637655,0.279411239,0.701081451,0.044959618,0.000000000,nan,nan,nan,nan,nan,nan,nan,nan,nan,8.000000000,0.300000000,1.800000000,3.000000000,nan,nan,nan,nan,nan,nan,nan,nan,nan,1.500000000,2.000000000,816,838,0
2026-06-02T23:32:13,1780327198.263904095,r1,track_association,wall_like,rejected,normal_angle,detection,0,22,candidate,1,28,nan,0.800960249,10.131727284,0.142450414,0.000000000,nan,nan,nan,nan,nan,nan,nan,nan,nan,8.000000000,0.300000000,1.800000000,3.000000000,nan,nan,nan,nan,nan,nan,nan,nan,nan,1.500000000,2.000000000,816,286,0
2026-06-02T23:32:13,1780327198.263904095,r1,track_association,wall_like,accepted,selected_best_match,detection,2,3,confirmed,65,0,0.264112050,0.296707252,0.485759437,0.031346911,0.000000000,nan,nan,nan,nan,nan,nan,nan,nan,nan,8.000000000,0.300000000,1.800000000,3.000000000,nan,nan,nan,nan,nan,nan,nan,nan,nan,1.500000000,2.000000000,295,278,0
2026-06-02T23:32:13,1780327198.263904095,r1,track_association,wall_like,accepted,selected_best_match,detection,3,1,confirmed,67,2,0.315282370,0.377334494,1.042539610,0.017756026,0.000000000,nan,nan,nan,nan,nan,nan,nan,nan,nan,8.000000000,0.300000000,1.800000000,3.000000000,nan,nan,nan,nan,nan,nan,nan,nan,nan,1.500000000,2.000000000,687,994,0
2026-06-02T23:32:13,1780327198.263904095,r1,track_association,wall_like,rejected,normal_angle,detection,3,10,weak_tracked,5,38,nan,1.033614670,10.843059541,0.129052252,0.000000000,nan,nan,nan,nan,nan,nan,nan,nan,nan,8.000000000,0.300000000,1.800000000,3.000000000,nan,nan,nan,nan,nan,nan,nan,nan,nan,1.500000000,2.000000000,687,583,0
2026-06-02T23:32:13,1780327198.464904070,r1,track_association,wall_like,accepted,selected_best_match,detection,0,2,confirmed,78,0,0.408231863,0.200426965,1.213673192,0.056914118,0.000000000,nan,nan,nan,nan,nan,nan,nan,nan,nan,8.000000000,0.300000000,1.800000000,3.000000000,nan,nan,nan,nan,nan,nan,nan,nan,nan,1.500000000,2.000000000,900,816,0
2026-06-02T23:32:13,1780327198.464904070,r1,track_association,wall_like,rejected,normal_angle,detection,0,22,candidate,1,29,nan,0.810631573,10.297227385,0.170743964,0.000000000,nan,nan,nan,nan,nan,nan,nan,nan,nan,8.000000000,0.300000000,1.800000000,3.000000000,nan,nan,nan,nan,nan,nan,nan,nan,nan,1.500000000,2.000000000,900,286,0
2026-06-02T23:32:13,1780327198.464904070,r1,track_association,wall_like,accepted,selected_best_match,detection,2,3,confirmed,66,0,0.702944641,0.312953220,1.221125202,0.133795875,0.000000000,nan,nan,nan,nan,nan,nan,nan,nan,nan,8.000000000,0.300000000,1.800000000,3.000000000,nan,nan,nan,nan,nan,nan,nan,nan,nan,1.500000000,2.000000000,402,295,0
2026-06-02T23:32:13,1780327198.464904070,r1,track_association,wall_like,accepted,selected_best_match,detection,3,1,confirmed,68,0,0.475465248,0.407620732,1.404202602,0.049219904,0.000000000,nan,nan,nan,nan,nan,nan,nan,nan,nan,8.000000000,0.300000000,1.800000000,3.000000000,nan,nan,nan,nan,nan,nan,nan,nan,nan,1.500000000,2.000000000,872,687,0
2026-06-02T23:32:13,1780327198.464904070,r1,track_association,wall_like,rejected,normal_angle,detection,3,10,weak_tracked,5,39,nan,0.431812194,10.379978439,0.032331850,0.000000000,nan,nan,nan,nan,nan,nan,nan,nan,nan,8.000000000,0.300000000,1.800000000,3.000000000,nan,nan,nan,nan,nan,nan,nan,nan,nan,1.500000000,2.000000000,872,583,0
2026-06-02T23:32:13,1780327198.662898779,r1,track_association,wall_like,accepted,selected_best_match,detection,0,2,confirmed,79,0,0.112161576,0.262947142,0.021083358,0.006563133,0.000000000,nan,nan,nan,nan,nan,nan,nan,nan,nan,8.000000000,0.300000000,1.800000000,3.000000000,nan,nan,nan,nan,nan,nan,nan,nan,nan,1.500000000,2.000000000,742,900,0
2026-06-02T23:32:13,1780327198.662898779,r1,track_association,wall_like,rejected,normal_angle,detection,0,22,candidate,1,30,nan,0.436779253,9.770808564,0.115916753,0.000000000,nan,nan,nan,nan,nan,nan,nan,nan,nan,8.000000000,0.300000000,1.800000000,3.000000000,nan,nan,nan,nan,nan,nan,nan,nan,nan,1.500000000,2.000000000,742,286,0
2026-06-02T23:32:13,1780327198.662898779,r1,track_association,wall_like,accepted,selected_best_match,detection,2,3,confirmed,67,0,0.238695833,0.461763833,0.529172898,0.005588383,0.000000000,nan,nan,nan,nan,nan,nan,nan,nan,nan,8.000000000,0.300000000,1.800000000,3.000000000,nan,nan,nan,nan,nan,nan,nan,nan,nan,1.500000000,2.000000000,278,402,0
2026-06-02T23:32:13,1780327198.662898779,r1,track_association,wall_like,accepted,selected_best_match,detection,3,1,confirmed,69,0,0.300906529,0.522546635,0.725916884,0.010795412,0.000000000,nan,nan,nan,nan,nan,nan,nan,nan,nan,8.000000000,0.300000000,1.800000000,3.000000000,nan,nan,nan,nan,nan,nan,nan,nan,nan,1.500000000,2.000000000,773,872,0
2026-06-02T23:32:13,1780327198.662898779,r1,track_association,wall_like,rejected,normal_angle,detection,3,10,weak_tracked,5,40,nan,1.224428053,10.890843486,0.101845351,0.000000000,nan,nan,nan,nan,nan,nan,nan,nan,nan,8.000000000,0.300000000,1.800000000,3.000000000,nan,nan,nan,nan,nan,nan,nan,nan,nan,1.500000000,2.000000000,773,583,0
2026-06-02T23:32:13,1780327198.884898663,r1,track_association,wall_like,accepted,selected_best_match,detection,0,2,confirmed,80,0,0.111669476,0.237655389,0.157096447,0.003844187,0.000000000,nan,nan,nan,nan,nan,nan,nan,nan,nan,8.000000000,0.300000000,1.800000000,3.000000000,nan,nan,nan,nan,nan,nan,nan,nan,nan,1.500000000,2.000000000,952,742,0
2026-06-02T23:32:13,1780327198.884898663,r1,track_association,wall_like,rejected,normal_angle,detection,0,22,candidate,1,31,nan,0.570724269,9.928275898,0.151004402,0.000000000,nan,nan,nan,nan,nan,nan,nan,nan,nan,8.000000000,0.300000000,1.800000000,3.000000000,nan,nan,nan,nan,nan,nan,nan,nan,nan,1.500000000,2.000000000,952,286,0
2026-06-02T23:32:13,1780327198.884898663,r1,track_association,wall_like,accepted,selected_best_match,detection,2,3,confirmed,68,0,0.151236026,0.262523225,0.193505050,0.011862046,0.000000000,nan,nan,nan,nan,nan,nan,nan,nan,nan,8.000000000,0.300000000,1.800000000,3.000000000,nan,nan,nan,nan,nan,nan,nan,nan,nan,1.500000000,2.000000000,366,278,0
2026-06-02T23:32:13,1780327198.884898663,r1,track_association,wall_like,accepted,selected_best_match,detection,3,1,confirmed,70,0,1.107138568,2.343923994,1.581926709,0.038426919,0.000000000,nan,nan,nan,nan,nan,nan,nan,nan,nan,8.000000000,0.300000000,1.800000000,3.000000000,nan,nan,nan,nan,nan,nan,nan,nan,nan,1.500000000,2.000000000,482,773,0
2026-06-02T23:32:13,1780327198.884898663,r1,track_association,wall_like,rejected,normal_angle,detection,3,10,weak_tracked,5,41,nan,1.626702616,10.144882834,0.062087217,0.000000000,nan,nan,nan,nan,nan,nan,nan,nan,nan,8.000000000,0.300000000,1.800000000,3.000000000,nan,nan,nan,nan,nan,nan,nan,nan,nan,1.500000000,2.000000000,482,583,0
2026-06-02T23:32:13,1780327199.064898968,r1,track_association,wall_like,accepted,selected_best_match,detection,0,2,confirmed,81,0,0.233867606,0.473406320,0.429279628,0.006721664,0.000000000,nan,nan,nan,nan,nan,nan,nan,nan,nan,8.000000000,0.300000000,1.800000000,3.000000000,nan,nan,nan,nan,nan,nan,nan,nan,nan,1.500000000,2.000000000,739,952,0
2026-06-02T23:32:13,1780327199.064898968,r1,track_association,wall_like,rejected,normal_angle,detection,0,22,candidate,1,32,nan,0.335956461,9.384557556,0.128168947,0.000000000,nan,nan,nan,nan,nan,nan,nan,nan,nan,8.000000000,0.300000000,1.800000000,3.000000000,nan,nan,nan,nan,nan,nan,nan,nan,nan,1.500000000,2.000000000,739,286,0
2026-06-02T23:32:13,1780327199.064898968,r1,track_association,wall_like,accepted,selected_best_match,detection,2,3,confirmed,69,0,0.338028520,0.584737134,0.870998391,0.010272403,0.000000000,nan,nan,nan,nan,nan,nan,nan,nan,nan,8.000000000,0.300000000,1.800000000,3.000000000,nan,nan,nan,nan,nan,nan,nan,nan,nan,1.500000000,2.000000000,173,366,0
2026-06-02T23:32:13,1780327199.064898968,r1,track_association,wall_like,accepted,selected_best_match,detection,3,1,confirmed,71,0,0.095090350,0.197474706,0.176813371,0.002149133,0.000000000,nan,nan,nan,nan,nan,nan,nan,nan,nan,8.000000000,0.300000000,1.800000000,3.000000000,nan,nan,nan,nan,nan,nan,nan,nan,nan,1.500000000,2.000000000,966,482,0
2026-06-02T23:32:13,1780327199.064898968,r1,track_association,wall_like,rejected,normal_angle,detection,3,10,weak_tracked,5,42,nan,0.439542472,10.145617853,0.062858375,0.000000000,nan,nan,nan,nan,nan,nan,nan,nan,nan,8.000000000,0.300000000,1.800000000,3.000000000,nan,nan,nan,nan,nan,nan,nan,nan,nan,1.500000000,2.000000000,966,583,0
2026-06-02T23:32:14,1780327199.307898998,r1,track_association,wall_like,accepted,selected_best_match,detection,0,2,confirmed,82,0,0.231058632,0.143362360,1.152651995,0.011756904,0.000000000,nan,nan,nan,nan,nan,nan,nan,nan,nan,8.000000000,0.300000000,1.800000000,3.000000000,nan,nan,nan,nan,nan,nan,nan,nan,nan,1.500000000,2.000000000,928,739,0
2026-06-02T23:32:14,1780327199.307898998,r1,track_association,wall_like,rejected,normal_angle,detection,0,22,candidate,1,33,nan,0.581474269,8.576986690,0.163142857,0.000000000,nan,nan,nan,nan,nan,nan,nan,nan,nan,8.000000000,0.300000000,1.800000000,3.000000000,nan,nan,nan,nan,nan,nan,nan,nan,nan,1.500000000,2.000000000,928,286,0
2026-06-02T23:32:14,1780327199.307898998,r1,track_association,wall_like,accepted,selected_best_match,detection,2,3,confirmed,70,0,0.190439463,0.251703711,0.446027040,0.015235454,0.000000000,nan,nan,nan,nan,nan,nan,nan,nan,nan,8.000000000,0.300000000,1.800000000,3.000000000,nan,nan,nan,nan,nan,nan,nan,nan,nan,1.500000000,2.000000000,337,173,0
2026-06-02T23:32:14,1780327199.307898998,r1,track_association,wall_like,accepted,selected_best_match,detection,7,1,confirmed,72,0,0.162360921,0.347184382,0.153435972,0.008235989,0.000000000,nan,nan,nan,nan,nan,nan,nan,nan,nan,8.000000000,0.300000000,1.800000000,3.000000000,nan,nan,nan,nan,nan,nan,nan,nan,nan,1.500000000,2.000000000,912,966,0
2026-06-02T23:32:14,1780327199.307898998,r1,track_association,wall_like,rejected,normal_angle,detection,7,10,weak_tracked,5,43,nan,0.582936614,10.132860426,0.050089099,0.000000000,nan,nan,nan,nan,nan,nan,nan,nan,nan,8.000000000,0.300000000,1.800000000,3.000000000,nan,nan,nan,nan,nan,nan,nan,nan,nan,1.500000000,2.000000000,912,583,0
2026-06-02T23:32:14,1780327199.463898897,r1,track_association,wall_like,accepted,selected_best_match,detection,0,2,confirmed,83,0,0.261134994,0.290432104,0.908280581,0.015236766,0.000000000,nan,nan,nan,nan,nan,nan,nan,nan,nan,8.000000000,0.300000000,1.800000000,3.000000000,nan,nan,nan,nan,nan,nan,nan,nan,nan,1.500000000,2.000000000,666,928,0
2026-06-02T23:32:14,1780327199.463898897,r1,track_association,wall_like,rejected,normal_angle,detection,0,22,candidate,1,34,nan,0.663039159,10.402710168,0.106855440,0.000000000,nan,nan,nan,nan,nan,nan,nan,nan,nan,8.000000000,0.300000000,1.800000000,3.000000000,nan,nan,nan,nan,nan,nan,nan,nan,nan,1.500000000,2.000000000,666,286,0
2026-06-02T23:32:14,1780327199.685894012,r1,track_association,wall_like,accepted,selected_best_match,detection,0,1,confirmed,73,1,0.177628318,0.120687448,0.407651734,0.025932811,0.000000000,nan,nan,nan,nan,nan,nan,nan,nan,nan,8.000000000,0.300000000,1.800000000,3.000000000,nan,nan,nan,nan,nan,nan,nan,nan,nan,1.500000000,2.000000000,876,912,0
2026-06-02T23:32:14,1780327199.685894012,r1,track_association,wall_like,rejected,normal_angle,detection,0,10,weak_tracked,5,45,nan,0.395996601,10.285819039,0.049682788,0.000000000,nan,nan,nan,nan,nan,nan,nan,nan,nan,8.000000000,0.300000000,1.800000000,3.000000000,nan,nan,nan,nan,nan,nan,nan,nan,nan,1.500000000,2.000000000,876,583,0
2026-06-02T23:32:14,1780327199.685894012,r1,track_association,wall_like,accepted,selected_best_match,detection,1,2,confirmed,84,0,0.250924442,0.246787364,0.720997095,0.023561205,0.000000000,nan,nan,nan,nan,nan,nan,nan,nan,nan,8.000000000,0.300000000,1.800000000,3.000000000,nan,nan,nan,nan,nan,nan,nan,nan,nan,1.500000000,2.000000000,770,666,0
2026-06-02T23:32:14,1780327199.685894012,r1,track_association,wall_like,rejected,normal_angle,detection,1,22,candidate,1,35,nan,0.367915411,10.218148450,0.142260187,0.000000000,nan,nan,nan,nan,nan,nan,nan,nan,nan,8.000000000,0.300000000,1.800000000,3.000000000,nan,nan,nan,nan,nan,nan,nan,nan,nan,1.500000000,2.000000000,770,286,0
2026-06-02T23:32:14,1780327199.685894012,r1,track_association,wall_like,accepted,selected_best_match,detection,3,3,confirmed,71,1,0.293875866,0.092948281,0.682833878,0.053261661,0.000000000,nan,nan,nan,nan,nan,nan,nan,nan,nan,8.000000000,0.300000000,1.800000000,3.000000000,nan,nan,nan,nan,nan,nan,nan,nan,nan,1.500000000,2.000000000,353,337,0
2026-06-02T23:32:14,1780327199.685894012,r1,track_association,pipe_like,accepted,selected_best_match,detection,4,9,weak_tracked,2,51,0.703563178,0.219146986,nan,nan,nan,1.717492143,0.066156317,0.000887476,1.000000000,0.000000000,nan,nan,nan,nan,nan,nan,nan,nan,14.000000000,0.120000000,0.030000000,0.200000000,0.250000000,nan,nan,nan,nan,1.500000000,2.000000000,19,14,0
2026-06-02T23:32:14,1780327199.841893911,r1,track_association,wall_like,accepted,selected_best_match,detection,0,1,confirmed,74,0,0.096510012,0.026548639,0.346556392,0.013302275,0.000000000,nan,nan,nan,nan,nan,nan,nan,nan,nan,8.000000000,0.300000000,1.800000000,3.000000000,nan,nan,nan,nan,nan,nan,nan,nan,nan,1.500000000,2.000000000,873,876,0
2026-06-02T23:32:14,1780327199.841893911,r1,track_association,wall_like,rejected,normal_angle,detection,0,10,weak_tracked,5,46,nan,0.397512738,10.352592244,0.046343549,0.000000000,nan,nan,nan,nan,nan,nan,nan,nan,nan,8.000000000,0.300000000,1.800000000,3.000000000,nan,nan,nan,nan,nan,nan,nan,nan,nan,1.500000000,2.000000000,873,583,0
2026-06-02T23:32:14,1780327199.841893911,r1,track_association,wall_like,accepted,selected_best_match,detection,1,2,confirmed,85,0,0.208712759,0.083349408,0.673799932,0.029011389,0.000000000,nan,nan,nan,nan,nan,nan,nan,nan,nan,8.000000000,0.300000000,1.800000000,3.000000000,nan,nan,nan,nan,nan,nan,nan,nan,nan,1.500000000,2.000000000,699,770,0
2026-06-02T23:32:14,1780327199.841893911,r1,track_association,wall_like,rejected,normal_angle,detection,1,22,candidate,1,36,nan,0.438711803,10.324747687,0.157647843,0.000000000,nan,nan,nan,nan,nan,nan,nan,nan,nan,8.000000000,0.300000000,1.800000000,3.000000000,nan,nan,nan,nan,nan,nan,nan,nan,nan,1.500000000,2.000000000,699,286,0
2026-06-02T23:32:14,1780327199.841893911,r1,track_association,wall_like,accepted,selected_best_match,detection,3,3,confirmed,72,0,0.240130955,0.116630667,0.633798610,0.036608772,0.000000000,nan,nan,nan,nan,nan,nan,nan,nan,nan,8.000000000,0.300000000,1.800000000,3.000000000,nan,nan,nan,nan,nan,nan,nan,nan,nan,1.500000000,2.000000000,306,353,0
2026-06-02T23:32:14,1780327200.066894054,r1,track_association,wall_like,accepted,selected_best_match,detection,0,1,confirmed,75,0,0.412634739,0.154874760,1.416353258,0.055189698,0.000000000,nan,nan,nan,nan,nan,nan,nan,nan,nan,8.000000000,0.300000000,1.800000000,3.000000000,nan,nan,nan,nan,nan,nan,nan,nan,nan,1.500000000,2.000000000,784,873,0
2026-06-02T23:32:14,1780327200.066894054,r1,track_association,wall_like,rejected,normal_angle,detection,0,10,weak_tracked,5,47,nan,0.517321864,10.745956432,0.050556568,0.000000000,nan,nan,nan,nan,nan,nan,nan,nan,nan,8.000000000,0.300000000,1.800000000,3.000000000,nan,nan,nan,nan,nan,nan,nan,nan,nan,1.500000000,2.000000000,784,583,0
2026-06-02T23:32:14,1780327200.066894054,r1,track_association,wall_like,accepted,selected_best_match,detection,1,2,confirmed,86,0,0.509228285,0.119646280,1.441682258,0.086740773,0.000000000,nan,nan,nan,nan,nan,nan,nan,nan,nan,8.000000000,0.300000000,1.800000000,3.000000000,nan,nan,nan,nan,nan,nan,nan,nan,nan,1.500000000,2.000000000,807,699,0
2026-06-02T23:32:14,1780327200.066894054,r1,track_association,wall_like,rejected,normal_angle,detection,1,22,candidate,1,37,nan,0.427091390,10.056401035,0.214740056,0.000000000,nan,nan,nan,nan,nan,nan,nan,nan,nan,8.000000000,0.300000000,1.800000000,3.000000000,nan,nan,nan,nan,nan,nan,nan,nan,nan,1.500000000,2.000000000,807,286,0
2026-06-02T23:32:14,1780327200.066894054,r1,track_association,wall_like,accepted,selected_best_match,detection,3,3,confirmed,73,0,0.807456164,0.209676375,1.498569203,0.165072867,0.000000000,nan,nan,nan,nan,nan,nan,nan,nan,nan,8.000000000,0.300000000,1.800000000,3.000000000,nan,nan,nan,nan,nan,nan,nan,nan,nan,1.500000000,2.000000000,299,306,0
2026-06-02T23:32:14,1780327200.066894054,r1,track_association,pillar_like,accepted,selected_best_match,detection,4,6,stale,16,27,0.750664559,0.298662961,nan,nan,nan,nan,nan,nan,nan,nan,0.298171815,1.000000000,0.087188840,0.221538544,nan,nan,nan,nan,nan,nan,nan,nan,nan,0.800000000,0.300000000,0.800000000,0.600000000,1.500000000,2.000000000,112,53,0
2026-06-02T23:32:15,1780327200.261893988,r1,track_association,wall_like,accepted,selected_best_match,detection,0,2,confirmed,87,0,0.603236945,0.195172124,4.183654309,0.004566834,0.000000000,nan,nan,nan,nan,nan,nan,nan,nan,nan,8.000000000,0.300000000,1.800000000,3.000000000,nan,nan,nan,nan,nan,nan,nan,nan,nan,1.500000000,2.000000000,264,807,0
2026-06-02T23:32:15,1780327200.261893988,r1,track_association,wall_like,accepted,selected_best_match,detection,2,3,confirmed,74,0,0.627091610,0.899096577,1.953177878,0.024973655,0.000000000,nan,nan,nan,nan,nan,nan,nan,nan,nan,8.000000000,0.300000000,1.800000000,3.000000000,nan,nan,nan,nan,nan,nan,nan,nan,nan,1.500000000,2.000000000,68,299,0
2026-06-02T23:32:15,1780327200.261893988,r1,track_association,wall_like,accepted,selected_best_match,detection,3,1,confirmed,76,0,0.095295030,0.135571611,0.192877341,0.007798447,0.000000000,nan,nan,nan,nan,nan,nan,nan,nan,nan,8.000000000,0.300000000,1.800000000,3.000000000,nan,nan,nan,nan,nan,nan,nan,nan,nan,1.500000000,2.000000000,843,784,0
2026-06-02T23:32:15,1780327200.261893988,r1,track_association,wall_like,rejected,normal_angle,detection,3,10,weak_tracked,5,48,nan,0.332127814,10.166935115,0.036370501,0.000000000,nan,nan,nan,nan,nan,nan,nan,nan,nan,8.000000000,0.300000000,1.800000000,3.000000000,nan,nan,nan,nan,nan,nan,nan,nan,nan,1.500000000,2.000000000,843,583,0
2026-06-02T23:32:15,1780327200.501888990,r1,track_association,wall_like,accepted,selected_best_match,detection,0,2,confirmed,88,0,0.373398880,0.436672248,0.957725653,0.032437727,0.000000000,nan,nan,nan,nan,nan,nan,nan,nan,nan,8.000000000,0.300000000,1.800000000,3.000000000,nan,nan,nan,nan,nan,nan,nan,nan,nan,1.500000000,2.000000000,902,264,0
2026-06-02T23:32:15,1780327200.501888990,r1,track_association,wall_like,rejected,normal_angle,detection,0,22,candidate,1,39,nan,0.390932811,9.898689707,0.122711689,0.000000000,nan,nan,nan,nan,nan,nan,nan,nan,nan,8.000000000,0.300000000,1.800000000,3.000000000,nan,nan,nan,nan,nan,nan,nan,nan,nan,1.500000000,2.000000000,902,286,0
2026-06-02T23:32:15,1780327200.501888990,r1,track_association,wall_like,accepted,selected_best_match,detection,2,3,confirmed,75,0,0.556777780,0.820365173,0.349376454,0.071895200,0.000000000,nan,nan,nan,nan,nan,nan,nan,nan,nan,8.000000000,0.300000000,1.800000000,3.000000000,nan,nan,nan,nan,nan,nan,nan,nan,nan,1.500000000,2.000000000,189,68,0
2026-06-02T23:32:15,1780327200.501888990,r1,track_association,wall_like,accepted,selected_best_match,detection,3,1,confirmed,77,0,0.224613041,0.176884366,0.490884800,0.031287296,0.000000000,nan,nan,nan,nan,nan,nan,nan,nan,nan,8.000000000,0.300000000,1.800000000,3.000000000,nan,nan,nan,nan,nan,nan,nan,nan,nan,1.500000000,2.000000000,778,843,0
2026-06-02T23:32:15,1780327200.501888990,r1,track_association,wall_like,rejected,normal_angle,detection,3,10,weak_tracked,5,49,nan,0.361494696,10.192980290,0.080342199,0.000000000,nan,nan,nan,nan,nan,nan,nan,nan,nan,8.000000000,0.300000000,1.800000000,3.000000000,nan,nan,nan,nan,nan,nan,nan,nan,nan,1.500000000,2.000000000,778,583,0
2026-06-02T23:32:15,1780327200.663888931,r1,track_association,wall_like,accepted,selected_best_match,detection,0,1,confirmed,78,0,0.228669054,0.416148853,0.447503505,0.010204450,0.000000000,nan,nan,nan,nan,nan,nan,nan,nan,nan,8.000000000,0.300000000,1.800000000,3.000000000,nan,nan,nan,nan,nan,nan,nan,nan,nan,1.500000000,2.000000000,682,778,0
2026-06-02T23:32:15,1780327200.663888931,r1,track_association,wall_like,rejected,normal_angle,detection,0,10,weak_tracked,5,50,nan,0.737202713,10.151285234,0.087686639,0.000000000,nan,nan,nan,nan,nan,nan,nan,nan,nan,8.000000000,0.300000000,1.800000000,3.000000000,nan,nan,nan,nan,nan,nan,nan,nan,nan,1.500000000,2.000000000,682,583,0
2026-06-02T23:32:15,1780327200.663888931,r1,track_association,wall_like,accepted,selected_best_match,detection,1,2,confirmed,89,0,2.179528499,4.260855073,2.254744961,0.076966813,0.397519763,nan,nan,nan,nan,nan,nan,nan,nan,nan,8.000000000,0.300000000,1.800000000,3.000000000,nan,nan,nan,nan,nan,nan,nan,nan,nan,1.500000000,2.000000000,162,902,0
2026-06-02T23:32:15,1780327200.663888931,r1,track_association,wall_like,rejected,normal_angle,detection,1,22,candidate,1,40,nan,4.373789520,11.449246932,0.052862239,0.000000000,nan,nan,nan,nan,nan,nan,nan,nan,nan,8.000000000,0.300000000,1.800000000,3.000000000,nan,nan,nan,nan,nan,nan,nan,nan,nan,1.500000000,2.000000000,162,286,0
2026-06-02T23:32:15,1780327200.882888794,r1,track_association,wall_like,accepted,selected_best_match,detection,0,2,confirmed,90,0,1.036787856,2.899345369,0.021365050,0.020300631,0.000000000,nan,nan,nan,nan,nan,nan,nan,nan,nan,8.000000000,0.300000000,1.800000000,3.000000000,nan,nan,nan,nan,nan,nan,nan,nan,nan,1.500000000,2.000000000,655,162,0
2026-06-02T23:32:15,1780327200.882888794,r1,track_association,wall_like,rejected,normal_angle,detection,0,22,candidate,1,41,nan,1.749208305,9.661844598,0.151561825,0.000000000,nan,nan,nan,nan,nan,nan,nan,nan,nan,8.000000000,0.300000000,1.800000000,3.000000000,nan,nan,nan,nan,nan,nan,nan,nan,nan,1.500000000,2.000000000,655,286,0
2026-06-02T23:32:15,1780327200.882888794,r1,track_association,wall_like,rejected,normal_angle,detection,2,22,candidate,1,41,nan,4.797705017,9.641445366,0.134362682,0.000000000,nan,nan,nan,nan,nan,nan,nan,nan,nan,8.000000000,0.300000000,1.800000000,3.000000000,nan,nan,nan,nan,nan,nan,nan,nan,nan,1.500000000,2.000000000,70,286,0
2026-06-02T23:32:15,1780327200.882888794,r1,track_association,wall_like,accepted,selected_best_match,detection,3,1,confirmed,79,0,1.192833827,3.128387482,0.597681842,0.022598331,0.000000000,nan,nan,nan,nan,nan,nan,nan,nan,nan,8.000000000,0.300000000,1.800000000,3.000000000,nan,nan,nan,nan,nan,nan,nan,nan,nan,1.500000000,2.000000000,209,682,0
2026-06-02T23:32:15,1780327200.882888794,r1,track_association,wall_like,rejected,normal_angle,detection,3,10,weak_tracked,5,51,nan,3.363999015,10.852974148,0.013990177,0.000000000,nan,nan,nan,nan,nan,nan,nan,nan,nan,8.000000000,0.300000000,1.800000000,3.000000000,nan,nan,nan,nan,nan,nan,nan,nan,nan,1.500000000,2.000000000,209,583,0
2026-06-02T23:32:15,1780327200.882888794,r1,plane_young_span_merge,wall_like,accepted,young_span_merged_duplicate_track,track,29,1,confirmed,80,0,1.464871333,nan,3.158958376,0.081015809,0.000000000,nan,nan,nan,nan,nan,nan,nan,nan,nan,4.000000000,0.120000000,0.500000000,nan,nan,nan,nan,nan,nan,nan,nan,nan,nan,1.000000000,1.000000000,71,209,1
2026-06-02T23:32:15,1780327201.065889120,r1,track_association,wall_like,accepted,selected_best_match,detection,0,2,confirmed,91,0,0.928432792,2.106137020,0.614155365,0.044885309,0.000000000,nan,nan,nan,nan,nan,nan,nan,nan,nan,8.000000000,0.300000000,1.800000000,3.000000000,nan,nan,nan,nan,nan,nan,nan,nan,nan,1.500000000,2.000000000,763,655,0
2026-06-02T23:32:15,1780327201.065889120,r1,track_association,wall_like,rejected,normal_angle,detection,0,22,candidate,1,42,nan,1.694753646,9.797725536,0.170317196,0.000000000,nan,nan,nan,nan,nan,nan,nan,nan,nan,8.000000000,0.300000000,1.800000000,3.000000000,nan,nan,nan,nan,nan,nan,nan,nan,nan,1.500000000,2.000000000,763,286,0
2026-06-02T23:32:15,1780327201.065889120,r1,track_association,wall_like,rejected,normal_angle,detection,2,22,candidate,1,42,nan,4.989345730,10.291517672,0.224062797,0.253387553,nan,nan,nan,nan,nan,nan,nan,nan,nan,8.000000000,0.300000000,1.800000000,3.000000000,nan,nan,nan,nan,nan,nan,nan,nan,nan,1.500000000,2.000000000,89,286,0
2026-06-02T23:32:15,1780327201.065889120,r1,track_association,wall_like,accepted,selected_best_match,detection,3,1,confirmed,81,0,0.267565481,0.211568424,1.476373568,0.003748793,0.000000000,nan,nan,nan,nan,nan,nan,nan,nan,nan,8.000000000,0.300000000,1.800000000,3.000000000,nan,nan,nan,nan,nan,nan,nan,nan,nan,1.500000000,2.000000000,710,843,0
2026-06-02T23:32:15,1780327201.065889120,r1,track_association,wall_like,rejected,normal_angle,detection,3,10,weak_tracked,5,52,nan,0.365388512,10.285015533,0.042895596,0.000000000,nan,nan,nan,nan,nan,nan,nan,nan,nan,8.000000000,0.300000000,1.800000000,3.000000000,nan,nan,nan,nan,nan,nan,nan,nan,nan,1.500000000,2.000000000,710,583,0
2026-06-02T23:32:16,1780327201.263889074,r1,track_association,wall_like,accepted,selected_best_match,detection,0,1,confirmed,82,0,0.827562349,0.449725099,3.569162789,0.069452590,0.000000000,nan,nan,nan,nan,nan,nan,nan,nan,nan,8.000000000,0.300000000,1.800000000,3.000000000,nan,nan,nan,nan,nan,nan,nan,nan,nan,1.500000000,2.000000000,342,710,0
2026-06-02T23:32:16,1780327201.482883930,r1,track_association,wall_like,accepted,selected_best_match,detection,0,2,confirmed,92,1,0.458408240,0.910136576,0.539035633,0.026294978,0.000000000,nan,nan,nan,nan,nan,nan,nan,nan,nan,8.000000000,0.300000000,1.800000000,3.000000000,nan,nan,nan,nan,nan,nan,nan,nan,nan,1.500000000,2.000000000,753,763,0
2026-06-02T23:32:16,1780327201.482883930,r1,track_association,wall_like,rejected,normal_angle,detection,0,22,candidate,1,44,nan,1.033890431,10.199090549,0.160493629,0.000000000,nan,nan,nan,nan,nan,nan,nan,nan,nan,8.000000000,0.300000000,1.800000000,3.000000000,nan,nan,nan,nan,nan,nan,nan,nan,nan,1.500000000,2.000000000,753,286,0
2026-06-02T23:32:16,1780327201.482883930,r1,track_association,wall_like,accepted,selected_best_match,detection,2,1,confirmed,83,0,0.149998871,0.190432723,0.425451477,0.010001959,0.000000000,nan,nan,nan,nan,nan,nan,nan,nan,nan,8.000000000,0.300000000,1.800000000,3.000000000,nan,nan,nan,nan,nan,nan,nan,nan,nan,1.500000000,2.000000000,610,342,0
2026-06-02T23:32:16,1780327201.482883930,r1,track_association,wall_like,rejected,normal_angle,detection,2,10,weak_tracked,5,54,nan,0.269154255,10.326097303,0.031657691,0.000000000,nan,nan,nan,nan,nan,nan,nan,nan,nan,8.000000000,0.300000000,1.800000000,3.000000000,nan,nan,nan,nan,nan,nan,nan,nan,nan,1.500000000,2.000000000,610,583,0
2026-06-02T23:32:16,1780327201.683883905,r1,track_association,wall_like,accepted,selected_best_match,detection,0,1,confirmed,84,0,0.127188392,0.177806547,0.288121949,0.009571290,0.000000000,nan,nan,nan,nan,nan,nan,nan,nan,nan,8.000000000,0.300000000,1.800000000,3.000000000,nan,nan,nan,nan,nan,nan,nan,nan,nan,1.500000000,2.000000000,754,610,0
2026-06-02T23:32:16,1780327201.683883905,r1,track_association,wall_like,rejected,normal_angle,detection,0,10,weak_tracked,5,55,nan,0.374860369,10.382031315,0.047145645,0.000000000,nan,nan,nan,nan,nan,nan,nan,nan,nan,8.000000000,0.300000000,1.800000000,3.000000000,nan,nan,nan,nan,nan,nan,nan,nan,nan,1.500000000,2.000000000,754,583,0
2026-06-02T23:32:16,1780327201.683883905,r1,track_association,wall_like,accepted,selected_best_match,detection,1,2,confirmed,93,0,1.734679960,3.297769579,4.033016840,0.039388899,0.000000000,nan,nan,nan,nan,nan,nan,nan,nan,nan,8.000000000,0.300000000,1.800000000,3.000000000,nan,nan,nan,nan,nan,nan,nan,nan,nan,1.500000000,2.000000000,519,753,0
2026-06-02T23:32:16,1780327201.683883905,r1,track_association,wall_like,accepted,selected_best_match,detection,2,30,candidate,1,2,0.791681604,2.022994778,0.657399638,0.010552517,0.000000000,nan,nan,nan,nan,nan,nan,nan,nan,nan,8.000000000,0.300000000,1.800000000,3.000000000,nan,nan,nan,nan,nan,nan,nan,nan,nan,1.500000000,2.000000000,221,89,0
2026-06-02T23:32:16,1780327201.683883905,r1,track_association,wall_like,rejected,normal_angle,detection,2,22,candidate,1,45,nan,2.968142856,9.924680016,0.188451164,0.000000000,nan,nan,nan,nan,nan,nan,nan,nan,nan,8.000000000,0.300000000,1.800000000,3.000000000,nan,nan,nan,nan,nan,nan,nan,nan,nan,1.500000000,2.000000000,221,286,0
2026-06-02T23:32:16,1780327201.884884119,r1,track_association,wall_like,accepted,selected_best_match,detection,0,2,confirmed,94,0,1.231030941,2.425765807,1.582866090,0.067375223,0.000000000,nan,nan,nan,nan,nan,nan,nan,nan,nan,8.000000000,0.300000000,1.800000000,3.000000000,nan,nan,nan,nan,nan,nan,nan,nan,nan,1.500000000,2.000000000,553,519,0
2026-06-02T23:32:16,1780327201.884884119,r1,track_association,wall_like,rejected,normal_angle,detection,0,22,candidate,1,46,nan,3.569119851,8.102172707,0.195063473,0.000000000,nan,nan,nan,nan,nan,nan,nan,nan,nan,8.000000000,0.300000000,1.800000000,3.000000000,nan,nan,nan,nan,nan,nan,nan,nan,nan,1.500000000,2.000000000,553,286,0
2026-06-02T23:32:16,1780327201.884884119,r1,track_association,wall_like,rejected,normal_angle,detection,1,22,candidate,1,46,nan,2.920260778,10.125235341,0.300356177,0.000000000,nan,nan,nan,nan,nan,nan,nan,nan,nan,8.000000000,0.300000000,1.800000000,3.000000000,nan,nan,nan,nan,nan,nan,nan,nan,nan,1.500000000,2.000000000,216,286,0
2026-06-02T23:32:16,1780327201.884884119,r1,track_association,pipe_like,rejected,axis_distance,detection,2,9,weak_tracked,3,10,nan,0.191145658,nan,nan,nan,2.454894659,0.131784949,0.003345918,0.952031245,0.000000000,nan,nan,nan,nan,nan,nan,nan,nan,14.000000000,0.120000000,0.030000000,0.200000000,0.250000000,nan,nan,nan,nan,1.500000000,2.000000000,13,19,0
2026-06-02T23:32:16,1780327201.884884119,r1,pipe_track_deduplication,pipe_like,rejected,young_mature_policy,track,32,9,weak_tracked,3,10,1.062085798,0.191145658,nan,nan,nan,2.454894659,0.131784949,0.003345918,0.952031245,0.000000000,nan,nan,nan,nan,nan,nan,nan,nan,14.000000000,0.170000000,0.030000000,0.200000000,0.250000000,nan,nan,nan,nan,1.500000000,2.000000000,13,19,1
2026-06-02T23:32:16,1780327202.067883968,r1,pipe_track_deduplication,pipe_like,rejected,young_mature_policy,track,32,9,weak_tracked,3,11,1.062085798,0.191145658,nan,nan,nan,2.454894659,0.131784949,0.003345918,0.952031245,0.000000000,nan,nan,nan,nan,nan,nan,nan,nan,14.000000000,0.170000000,0.030000000,0.200000000,0.250000000,nan,nan,nan,nan,1.500000000,2.000000000,13,19,1
2026-06-02T23:32:16,1780327202.067883968,r1,track_association,wall_like,accepted,selected_best_match,detection,0,22,candidate,1,47,2.176784853,3.760988651,1.364957139,0.225750698,0.000000000,nan,nan,nan,nan,nan,nan,nan,nan,nan,8.000000000,0.300000000,1.800000000,3.000000000,nan,nan,nan,nan,nan,nan,nan,nan,nan,1.500000000,2.000000000,340,286,0
2026-06-02T23:32:16,1780327202.067883968,r1,track_association,wall_like,rejected,normal_angle,detection,0,2,confirmed,95,0,nan,2.010951559,8.451618170,0.035745468,0.000000000,nan,nan,nan,nan,nan,nan,nan,nan,nan,8.000000000,0.300000000,1.800000000,3.000000000,nan,nan,nan,nan,nan,nan,nan,nan,nan,1.500000000,2.000000000,340,553,0
2026-06-02T23:32:16,1780327202.067883968,r1,track_association,wall_like,accepted,selected_best_match,detection,1,2,confirmed,95,0,3.459919589,5.030278062,7.915447185,0.092808186,0.871863690,nan,nan,nan,nan,nan,nan,nan,nan,nan,8.000000000,0.300000000,1.800000000,3.000000000,nan,nan,nan,nan,nan,nan,nan,nan,nan,1.500000000,2.000000000,86,553,0
2026-06-02T23:32:16,1780327202.067883968,r1,track_association,wall_like,accepted,selected_best_match,detection,2,1,confirmed,85,1,0.571021625,0.991907881,0.838977689,0.040654036,0.000000000,nan,nan,nan,nan,nan,nan,nan,nan,nan,8.000000000,0.300000000,1.800000000,3.000000000,nan,nan,nan,nan,nan,nan,nan,nan,nan,1.500000000,2.000000000,277,754,0
2026-06-02T23:32:16,1780327202.067883968,r1,track_association,wall_like,rejected,normal_angle,detection,2,10,weak_tracked,5,57,nan,0.990485104,10.540326969,0.040914914,0.000000000,nan,nan,nan,nan,nan,nan,nan,nan,nan,8.000000000,0.300000000,1.800000000,3.000000000,nan,nan,nan,nan,nan,nan,nan,nan,nan,1.500000000,2.000000000,277,583,0
2026-06-02T23:32:16,1780327202.067883968,r1,track_association,wall_like,rejected,normal_angle,detection,3,10,weak_tracked,5,57,nan,4.855107042,11.112596432,0.298714860,0.000000000,nan,nan,nan,nan,nan,nan,nan,nan,nan,8.000000000,0.300000000,1.800000000,3.000000000,nan,nan,nan,nan,nan,nan,nan,nan,nan,1.500000000,2.000000000,56,583,0
2026-06-02T23:32:16,1780327202.067883968,r1,pipe_track_deduplication,pipe_like,rejected,young_mature_policy,track,32,9,weak_tracked,3,11,1.062085798,0.191145658,nan,nan,nan,2.454894659,0.131784949,0.003345918,0.952031245,0.000000000,nan,nan,nan,nan,nan,nan,nan,nan,14.000000000,0.170000000,0.030000000,0.200000000,0.250000000,nan,nan,nan,nan,1.500000000,2.000000000,13,19,1
2026-06-02T23:32:17,1780327202.262883663,r1,pipe_track_deduplication,pipe_like,rejected,young_mature_policy,track,32,9,weak_tracked,3,12,1.062085798,0.191145658,nan,nan,nan,2.454894659,0.131784949,0.003345918,0.952031245,0.000000000,nan,nan,nan,nan,nan,nan,nan,nan,14.000000000,0.170000000,0.030000000,0.200000000,0.250000000,nan,nan,nan,nan,1.500000000,2.000000000,13,19,1
2026-06-02T23:32:17,1780327202.262883663,r1,track_association,wall_like,accepted,selected_best_match,detection,0,2,confirmed,96,0,1.441283702,2.932782204,2.392294860,0.049395833,0.000000000,nan,nan,nan,nan,nan,nan,nan,nan,nan,8.000000000,0.300000000,1.800000000,3.000000000,nan,nan,nan,nan,nan,nan,nan,nan,nan,1.500000000,2.000000000,579,340,0
2026-06-02T23:32:17,1780327202.262883663,r1,track_association,wall_like,accepted,selected_best_match,detection,2,1,confirmed,86,0,0.647760896,0.761888090,2.389553412,0.028531207,0.000000000,nan,nan,nan,nan,nan,nan,nan,nan,nan,8.000000000,0.300000000,1.800000000,3.000000000,nan,nan,nan,nan,nan,nan,nan,nan,nan,1.500000000,2.000000000,303,277,0
2026-06-02T23:32:17,1780327202.262883663,r1,track_association,wall_like,rejected,projected_gap,detection,2,33,candidate,1,0,nan,5.751121974,2.506276621,0.096032060,1.850961279,nan,nan,nan,nan,nan,nan,nan,nan,nan,8.000000000,0.300000000,1.800000000,3.000000000,nan,nan,nan,nan,nan,nan,nan,nan,nan,1.500000000,2.000000000,303,56,0
2026-06-02T23:32:17,1780327202.262883663,r1,track_association,wall_like,rejected,normal_angle,detection,2,10,weak_tracked,5,58,nan,1.153467291,8.863684808,0.059269817,0.000000000,nan,nan,nan,nan,nan,nan,nan,nan,nan,8.000000000,0.300000000,1.800000000,3.000000000,nan,nan,nan,nan,nan,nan,nan,nan,nan,1.500000000,2.000000000,303,583,0
2026-06-02T23:32:17,1780327202.262883663,r1,track_association,pillar_like,accepted,selected_best_match,detection,3,24,stale,4,30,0.954214314,0.533557551,nan,nan,nan,nan,nan,nan,nan,nan,0.034243908,0.806318208,0.365985394,0.408677459,nan,nan,nan,nan,nan,nan,nan,nan,nan,0.800000000,0.300000000,0.800000000,0.600000000,1.500000000,2.000000000,170,97,0
2026-06-02T23:32:17,1780327202.262883663,r1,pipe_track_deduplication,pipe_like,rejected,young_mature_policy,track,32,9,weak_tracked,3,12,1.062085798,0.191145658,nan,nan,nan,2.454894659,0.131784949,0.003345918,0.952031245,0.000000000,nan,nan,nan,nan,nan,nan,nan,nan,14.000000000,0.170000000,0.030000000,0.200000000,0.250000000,nan,nan,nan,nan,1.500000000,2.000000000,13,19,1
2026-06-02T23:32:17,1780327202.484879017,r1,pipe_track_deduplication,pipe_like,rejected,young_mature_policy,track,32,9,weak_tracked,3,13,1.062085798,0.191145658,nan,nan,nan,2.454894659,0.131784949,0.003345918,0.952031245,0.000000000,nan,nan,nan,nan,nan,nan,nan,nan,14.000000000,0.170000000,0.030000000,0.200000000,0.250000000,nan,nan,nan,nan,1.500000000,2.000000000,13,19,1
2026-06-02T23:32:17,1780327202.484879017,r1,track_association,wall_like,accepted,selected_best_match,detection,0,1,confirmed,87,0,0.540002492,0.638755262,1.132399282,0.055660248,0.000000000,nan,nan,nan,nan,nan,nan,nan,nan,nan,8.000000000,0.300000000,1.800000000,3.000000000,nan,nan,nan,nan,nan,nan,nan,nan,nan,1.500000000,2.000000000,619,303,0
2026-06-02T23:32:17,1780327202.484879017,r1,track_association,wall_like,rejected,normal_angle,detection,0,10,weak_tracked,5,59,nan,0.336244945,10.858837746,0.076279806,0.000000000,nan,nan,nan,nan,nan,nan,nan,nan,nan,8.000000000,0.300000000,1.800000000,3.000000000,nan,nan,nan,nan,nan,nan,nan,nan,nan,1.500000000,2.000000000,619,583,0
2026-06-02T23:32:17,1780327202.484879017,r1,track_association,wall_like,accepted,selected_best_match,detection,1,2,confirmed,97,0,1.285321016,2.345357073,2.085313269,0.072861350,0.000000000,nan,nan,nan,nan,nan,nan,nan,nan,nan,8.000000000,0.300000000,1.800000000,3.000000000,nan,nan,nan,nan,nan,nan,nan,nan,nan,1.500000000,2.000000000,587,579,0
2026-06-02T23:32:17,1780327202.484879017,r1,track_association,wall_like,accepted,selected_best_match,detection,2,3,stale,76,9,1.934977649,2.095059764,1.976208902,0.227416622,0.416777173,nan,nan,nan,nan,nan,nan,nan,nan,nan,8.000000000,0.300000000,1.800000000,3.000000000,nan,nan,nan,nan,nan,nan,nan,nan,nan,1.500000000,2.000000000,137,189,0
2026-06-02T23:32:17,1780327202.484879017,r1,track_association,pillar_like,accepted,selected_best_match,detection,4,24,weak_tracked,5,0,0.727026522,0.489178561,nan,nan,nan,nan,nan,nan,nan,nan,0.173776836,0.763077864,0.113225460,0.078736901,nan,nan,nan,nan,nan,nan,nan,nan,nan,0.500000000,0.300000000,0.800000000,0.600000000,1.500000000,2.000000000,189,170,0
2026-06-02T23:32:17,1780327202.484879017,r1,pipe_track_deduplication,pipe_like,rejected,young_mature_policy,track,32,9,weak_tracked,3,13,1.062085798,0.191145658,nan,nan,nan,2.454894659,0.131784949,0.003345918,0.952031245,0.000000000,nan,nan,nan,nan,nan,nan,nan,nan,14.000000000,0.170000000,0.030000000,0.200000000,0.250000000,nan,nan,nan,nan,1.500000000,2.000000000,13,19,1
2026-06-02T23:32:17,1780327202.667879105,r1,pipe_track_deduplication,pipe_like,rejected,young_mature_policy,track,32,9,weak_tracked,3,14,1.062085798,0.191145658,nan,nan,nan,2.454894659,0.131784949,0.003345918,0.952031245,0.000000000,nan,nan,nan,nan,nan,nan,nan,nan,14.000000000,0.170000000,0.030000000,0.200000000,0.250000000,nan,nan,nan,nan,1.500000000,2.000000000,13,19,1
2026-06-02T23:32:17,1780327202.667879105,r1,track_association,wall_like,accepted,selected_best_match,detection,0,1,confirmed,88,0,0.321258850,0.647412349,0.576281936,0.010025848,0.000000000,nan,nan,nan,nan,nan,nan,nan,nan,nan,8.000000000,0.300000000,1.800000000,3.000000000,nan,nan,nan,nan,nan,nan,nan,nan,nan,1.500000000,2.000000000,475,619,0
2026-06-02T23:32:17,1780327202.667879105,r1,track_association,wall_like,rejected,normal_angle,detection,0,10,weak_tracked,5,60,nan,0.439186766,9.867395486,0.041355959,0.000000000,nan,nan,nan,nan,nan,nan,nan,nan,nan,8.000000000,0.300000000,1.800000000,3.000000000,nan,nan,nan,nan,nan,nan,nan,nan,nan,1.500000000,2.000000000,475,583,0
2026-06-02T23:32:17,1780327202.667879105,r1,track_association,wall_like,accepted,selected_best_match,detection,1,2,confirmed,98,0,1.706221043,4.285072586,1.034334239,0.010555686,0.204095003,nan,nan,nan,nan,nan,nan,nan,nan,nan,8.000000000,0.300000000,1.800000000,3.000000000,nan,nan,nan,nan,nan,nan,nan,nan,nan,1.500000000,2.000000000,825,587,0
2026-06-02T23:32:17,1780327202.667879105,r1,pipe_track_deduplication,pipe_like,rejected,young_mature_policy,track,32,9,weak_tracked,3,14,1.062085798,0.191145658,nan,nan,nan,2.454894659,0.131784949,0.003345918,0.952031245,0.000000000,nan,nan,nan,nan,nan,nan,nan,nan,14.000000000,0.170000000,0.030000000,0.200000000,0.250000000,nan,nan,nan,nan,1.500000000,2.000000000,13,19,1
2026-06-02T23:32:17,1780327202.865879059,r1,pipe_track_deduplication,pipe_like,rejected,young_mature_policy,track,32,9,weak_tracked,3,15,1.062085798,0.191145658,nan,nan,nan,2.454894659,0.131784949,0.003345918,0.952031245,0.000000000,nan,nan,nan,nan,nan,nan,nan,nan,14.000000000,0.170000000,0.030000000,0.200000000,0.250000000,nan,nan,nan,nan,1.500000000,2.000000000,13,19,1
2026-06-02T23:32:17,1780327202.865879059,r1,track_association,wall_like,accepted,selected_best_match,detection,0,2,confirmed,99,0,1.447458379,3.483569575,1.823292748,0.017507078,0.000000000,nan,nan,nan,nan,nan,nan,nan,nan,nan,8.000000000,0.300000000,1.800000000,3.000000000,nan,nan,nan,nan,nan,nan,nan,nan,nan,1.500000000,2.000000000,1188,825,0
2026-06-02T23:32:17,1780327202.865879059,r1,track_association,wall_like,accepted,selected_best_match,detection,2,36,candidate,1,0,0.425090211,0.162721515,2.266564035,0.026258761,0.000000000,nan,nan,nan,nan,nan,nan,nan,nan,nan,8.000000000,0.300000000,1.800000000,3.000000000,nan,nan,nan,nan,nan,nan,nan,nan,nan,1.500000000,2.000000000,289,257,0
2026-06-02T23:32:17,1780327202.865879059,r1,track_association,wall_like,accepted,selected_best_match,detection,3,1,confirmed,89,0,0.169317535,0.343779377,0.186876766,0.009409444,0.000000000,nan,nan,nan,nan,nan,nan,nan,nan,nan,8.000000000,0.300000000,1.800000000,3.000000000,nan,nan,nan,nan,nan,nan,nan,nan,nan,1.500000000,2.000000000,616,475,0
2026-06-02T23:32:17,1780327202.865879059,r1,pipe_track_deduplication,pipe_like,rejected,young_mature_policy,track,32,9,weak_tracked,3,15,1.062085798,0.191145658,nan,nan,nan,2.454894659,0.131784949,0.003345918,0.952031245,0.000000000,nan,nan,nan,nan,nan,nan,nan,nan,14.000000000,0.170000000,0.030000000,0.200000000,0.250000000,nan,nan,nan,nan,1.500000000,2.000000000,13,19,1
2026-06-02T23:32:17,1780327203.063879013,r1,pipe_track_deduplication,pipe_like,rejected,young_mature_policy,track,32,9,weak_tracked,3,16,1.062085798,0.191145658,nan,nan,nan,2.454894659,0.131784949,0.003345918,0.952031245,0.000000000,nan,nan,nan,nan,nan,nan,nan,nan,14.000000000,0.170000000,0.030000000,0.200000000,0.250000000,nan,nan,nan,nan,1.500000000,2.000000000,13,19,1
2026-06-02T23:32:17,1780327203.063879013,r1,track_association,wall_like,accepted,selected_best_match,detection,0,1,confirmed,90,0,0.266624185,0.188386834,0.822224200,0.030315165,0.000000000,nan,nan,nan,nan,nan,nan,nan,nan,nan,8.000000000,0.300000000,1.800000000,3.000000000,nan,nan,nan,nan,nan,nan,nan,nan,nan,1.500000000,2.000000000,665,616,0
2026-06-02T23:32:17,1780327203.063879013,r1,track_association,wall_like,accepted,selected_best_match,detection,1,2,confirmed,100,0,1.088718195,2.545359761,1.420874200,0.018796700,0.000000000,nan,nan,nan,nan,nan,nan,nan,nan,nan,8.000000000,0.300000000,1.800000000,3.000000000,nan,nan,nan,nan,nan,nan,nan,nan,nan,1.500000000,2.000000000,1222,1188,0
2026-06-02T23:32:17,1780327203.063879013,r1,track_association,wall_like,accepted,selected_best_match,detection,4,36,weak_tracked,2,0,0.733631226,0.257789398,1.845415050,0.125107364,0.000000000,nan,nan,nan,nan,nan,nan,nan,nan,nan,8.000000000,0.300000000,1.800000000,3.000000000,nan,nan,nan,nan,nan,nan,nan,nan,nan,1.500000000,2.000000000,270,289,0
2026-06-02T23:32:17,1780327203.063879013,r1,pipe_track_deduplication,pipe_like,rejected,young_mature_policy,track,32,9,weak_tracked,3,16,1.062085798,0.191145658,nan,nan,nan,2.454894659,0.131784949,0.003345918,0.952031245,0.000000000,nan,nan,nan,nan,nan,nan,nan,nan,14.000000000,0.170000000,0.030000000,0.200000000,0.250000000,nan,nan,nan,nan,1.500000000,2.000000000,13,19,1
2026-06-02T23:32:18,1780327203.261878967,r1,pipe_track_deduplication,pipe_like,rejected,young_mature_policy,track,32,9,weak_tracked,3,17,1.062085798,0.191145658,nan,nan,nan,2.454894659,0.131784949,0.003345918,0.952031245,0.000000000,nan,nan,nan,nan,nan,nan,nan,nan,14.000000000,0.170000000,0.030000000,0.200000000,0.250000000,nan,nan,nan,nan,1.500000000,2.000000000,13,19,1
2026-06-02T23:32:18,1780327203.261878967,r1,track_association,wall_like,accepted,selected_best_match,detection,0,2,confirmed,101,0,0.977375957,1.922355450,1.839039722,0.032013253,0.000000000,nan,nan,nan,nan,nan,nan,nan,nan,nan,8.000000000,0.300000000,1.800000000,3.000000000,nan,nan,nan,nan,nan,nan,nan,nan,nan,1.500000000,2.000000000,1228,1222,0
2026-06-02T23:32:18,1780327203.261878967,r1,track_association,wall_like,accepted,selected_best_match,detection,2,36,confirmed,3,0,0.907947177,0.285424561,1.488000705,0.188041671,0.000000000,nan,nan,nan,nan,nan,nan,nan,nan,nan,8.000000000,0.300000000,1.800000000,3.000000000,nan,nan,nan,nan,nan,nan,nan,nan,nan,1.500000000,2.000000000,175,270,0
2026-06-02T23:32:18,1780327203.261878967,r1,track_association,wall_like,accepted,selected_best_match,detection,3,1,confirmed,91,0,0.454888813,0.298312795,1.376568363,0.055014051,0.000000000,nan,nan,nan,nan,nan,nan,nan,nan,nan,8.000000000,0.300000000,1.800000000,3.000000000,nan,nan,nan,nan,nan,nan,nan,nan,nan,1.500000000,2.000000000,540,665,0
2026-06-02T23:32:18,1780327203.261878967,r1,pipe_track_deduplication,pipe_like,rejected,young_mature_policy,track,32,9,weak_tracked,3,17,1.062085798,0.191145658,nan,nan,nan,2.454894659,0.131784949,0.003345918,0.952031245,0.000000000,nan,nan,nan,nan,nan,nan,nan,nan,14.000000000,0.170000000,0.030000000,0.200000000,0.250000000,nan,nan,nan,nan,1.500000000,2.000000000,13,19,1
2026-06-02T23:32:18,1780327203.462878942,r1,pipe_track_deduplication,pipe_like,rejected,young_mature_policy,track,32,9,weak_tracked,3,18,1.062085798,0.191145658,nan,nan,nan,2.454894659,0.131784949,0.003345918,0.952031245,0.000000000,nan,nan,nan,nan,nan,nan,nan,nan,14.000000000,0.170000000,0.030000000,0.200000000,0.250000000,nan,nan,nan,nan,1.500000000,2.000000000,13,19,1
2026-06-02T23:32:18,1780327203.462878942,r1,track_association,wall_like,accepted,selected_best_match,detection,0,2,confirmed,102,0,0.573609073,0.306521602,3.256662203,0.019305729,0.000000000,nan,nan,nan,nan,nan,nan,nan,nan,nan,8.000000000,0.300000000,1.800000000,3.000000000,nan,nan,nan,nan,nan,nan,nan,nan,nan,1.500000000,2.000000000,680,1228,0
2026-06-02T23:32:18,1780327203.462878942,r1,track_association,wall_like,accepted,selected_best_match,detection,2,36,confirmed,4,0,1.360237293,0.388576840,4.485889468,0.200992649,0.000000000,nan,nan,nan,nan,nan,nan,nan,nan,nan,8.000000000,0.300000000,1.800000000,3.000000000,nan,nan,nan,nan,nan,nan,nan,nan,nan,1.500000000,2.000000000,103,175,0
2026-06-02T23:32:18,1780327203.462878942,r1,pipe_track_deduplication,pipe_like,rejected,young_mature_policy,track,32,9,weak_tracked,3,18,1.062085798,0.191145658,nan,nan,nan,2.454894659,0.131784949,0.003345918,0.952031245,0.000000000,nan,nan,nan,nan,nan,nan,nan,nan,14.000000000,0.170000000,0.030000000,0.200000000,0.250000000,nan,nan,nan,nan,1.500000000,2.000000000,13,19,1
2026-06-02T23:32:18,1780327203.684879065,r1,pipe_track_deduplication,pipe_like,rejected,young_mature_policy,track,32,9,weak_tracked,3,19,1.062085798,0.191145658,nan,nan,nan,2.454894659,0.131784949,0.003345918,0.952031245,0.000000000,nan,nan,nan,nan,nan,nan,nan,nan,14.000000000,0.170000000,0.030000000,0.200000000,0.250000000,nan,nan,nan,nan,1.500000000,2.000000000,13,19,1
2026-06-02T23:32:18,1780327203.684879065,r1,track_association,wall_like,accepted,selected_best_match,detection,0,2,confirmed,103,0,0.881529121,1.663323606,2.027113922,0.022109603,0.000000000,nan,nan,nan,nan,nan,nan,nan,nan,nan,8.000000000,0.300000000,1.800000000,3.000000000,nan,nan,nan,nan,nan,nan,nan,nan,nan,1.500000000,2.000000000,1157,680,0
2026-06-02T23:32:18,1780327203.684879065,r1,track_association,wall_like,accepted,selected_best_match,detection,2,36,confirmed,5,0,0.723495015,0.120188121,2.433079343,0.113789217,0.000000000,nan,nan,nan,nan,nan,nan,nan,nan,nan,8.000000000,0.300000000,1.800000000,3.000000000,nan,nan,nan,nan,nan,nan,nan,nan,nan,1.500000000,2.000000000,230,103,0
2026-06-02T23:32:18,1780327203.684879065,r1,track_association,wall_like,accepted,selected_best_match,detection,3,1,confirmed,92,1,0.408469205,0.417478623,1.261495522,0.033486817,0.000000000,nan,nan,nan,nan,nan,nan,nan,nan,nan,8.000000000,0.300000000,1.800000000,3.000000000,nan,nan,nan,nan,nan,nan,nan,nan,nan,1.500000000,2.000000000,474,540,0
2026-06-02T23:32:18,1780327203.684879065,r1,pipe_track_deduplication,pipe_like,rejected,young_mature_policy,track,32,9,weak_tracked,3,19,1.062085798,0.191145658,nan,nan,nan,2.454894659,0.131784949,0.003345918,0.952031245,0.000000000,nan,nan,nan,nan,nan,nan,nan,nan,14.000000000,0.170000000,0.030000000,0.200000000,0.250000000,nan,nan,nan,nan,1.500000000,2.000000000,13,19,1
2026-06-02T23:32:18,1780327203.864879131,r1,pipe_track_deduplication,pipe_like,rejected,young_mature_policy,track,32,9,weak_tracked,3,20,1.062085798,0.191145658,nan,nan,nan,2.454894659,0.131784949,0.003345918,0.952031245,0.000000000,nan,nan,nan,nan,nan,nan,nan,nan,14.000000000,0.170000000,0.030000000,0.200000000,0.250000000,nan,nan,nan,nan,1.500000000,2.000000000,13,19,1
2026-06-02T23:32:18,1780327203.864879131,r1,track_association,wall_like,accepted,selected_best_match,detection,0,2,confirmed,104,0,0.422244283,0.594864300,1.729815671,0.002318767,0.000000000,nan,nan,nan,nan,nan,nan,nan,nan,nan,8.000000000,0.300000000,1.800000000,3.000000000,nan,nan,nan,nan,nan,nan,nan,nan,nan,1.500000000,2.000000000,961,1157,0
2026-06-02T23:32:18,1780327203.864879131,r1,track_association,wall_like,accepted,selected_best_match,detection,2,36,confirmed,6,0,0.647704332,0.131343492,2.209034759,0.098338147,0.000000000,nan,nan,nan,nan,nan,nan,nan,nan,nan,8.000000000,0.300000000,1.800000000,3.000000000,nan,nan,nan,nan,nan,nan,nan,nan,nan,1.500000000,2.000000000,250,230,0
2026-06-02T23:32:18,1780327203.864879131,r1,track_association,wall_like,accepted,selected_best_match,detection,3,1,confirmed,93,0,0.347873840,0.306090280,1.069505812,0.033646656,0.000000000,nan,nan,nan,nan,nan,nan,nan,nan,nan,8.000000000,0.300000000,1.800000000,3.000000000,nan,nan,nan,nan,nan,nan,nan,nan,nan,1.500000000,2.000000000,565,474,0
2026-06-02T23:32:18,1780327203.864879131,r1,track_association,pillar_like,accepted,selected_best_match,detection,4,6,stale,17,18,0.542366662,0.167808796,nan,nan,nan,nan,nan,nan,nan,nan,0.162031808,0.997330935,0.077499866,0.197644711,nan,nan,nan,nan,nan,nan,nan,nan,nan,0.800000000,0.300000000,0.800000000,0.600000000,1.500000000,2.000000000,116,112,0
2026-06-02T23:32:18,1780327203.864879131,r1,pipe_track_deduplication,pipe_like,rejected,young_mature_policy,track,32,9,weak_tracked,3,20,1.062085798,0.191145658,nan,nan,nan,2.454894659,0.131784949,0.003345918,0.952031245,0.000000000,nan,nan,nan,nan,nan,nan,nan,nan,14.000000000,0.170000000,0.030000000,0.200000000,0.250000000,nan,nan,nan,nan,1.500000000,2.000000000,13,19,1
2026-06-02T23:32:18,1780327204.062879086,r1,pipe_track_deduplication,pipe_like,rejected,young_mature_policy,track,32,9,weak_tracked,3,21,1.062085798,0.191145658,nan,nan,nan,2.454894659,0.131784949,0.003345918,0.952031245,0.000000000,nan,nan,nan,nan,nan,nan,nan,nan,14.000000000,0.170000000,0.030000000,0.200000000,0.250000000,nan,nan,nan,nan,1.500000000,2.000000000,13,19,1
2026-06-02T23:32:18,1780327204.062879086,r1,track_association,wall_like,accepted,selected_best_match,detection,0,2,confirmed,105,0,0.463020552,0.855524561,0.863737929,0.020963537,0.000000000,nan,nan,nan,nan,nan,nan,nan,nan,nan,8.000000000,0.300000000,1.800000000,3.000000000,nan,nan,nan,nan,nan,nan,nan,nan,nan,1.500000000,2.000000000,960,961,0
2026-06-02T23:32:18,1780327204.062879086,r1,track_association,wall_like,accepted,selected_best_match,detection,2,36,confirmed,7,0,0.225008725,0.088353194,0.538652857,0.038467816,0.000000000,nan,nan,nan,nan,nan,nan,nan,nan,nan,8.000000000,0.300000000,1.800000000,3.000000000,nan,nan,nan,nan,nan,nan,nan,nan,nan,1.500000000,2.000000000,231,250,0
2026-06-02T23:32:18,1780327204.062879086,r1,track_association,wall_like,accepted,selected_best_match,detection,9,1,confirmed,94,0,0.187619891,0.261367794,0.524156126,0.010493333,0.000000000,nan,nan,nan,nan,nan,nan,nan,nan,nan,8.000000000,0.300000000,1.800000000,3.000000000,nan,nan,nan,nan,nan,nan,nan,nan,nan,1.500000000,2.000000000,583,565,0
2026-06-02T23:32:18,1780327204.062879086,r1,pipe_track_deduplication,pipe_like,rejected,young_mature_policy,track,32,9,weak_tracked,3,21,1.062085798,0.191145658,nan,nan,nan,2.454894659,0.131784949,0.003345918,0.952031245,0.000000000,nan,nan,nan,nan,nan,nan,nan,nan,14.000000000,0.170000000,0.030000000,0.200000000,0.250000000,nan,nan,nan,nan,1.500000000,2.000000000,13,19,1
2026-06-02T23:32:19,1780327204.365879059,r1,pipe_track_deduplication,pipe_like,rejected,young_mature_policy,track,32,9,weak_tracked,3,22,1.062085798,0.191145658,nan,nan,nan,2.454894659,0.131784949,0.003345918,0.952031245,0.000000000,nan,nan,nan,nan,nan,nan,nan,nan,14.000000000,0.170000000,0.030000000,0.200000000,0.250000000,nan,nan,nan,nan,1.500000000,2.000000000,13,19,1
2026-06-02T23:32:19,1780327204.365879059,r1,track_association,wall_like,accepted,selected_best_match,detection,0,2,confirmed,106,0,0.569475774,0.869304892,1.614811413,0.023356815,0.000000000,nan,nan,nan,nan,nan,nan,nan,nan,nan,8.000000000,0.300000000,1.800000000,3.000000000,nan,nan,nan,nan,nan,nan,nan,nan,nan,1.500000000,2.000000000,1198,960,0
2026-06-02T23:32:19,1780327204.365879059,r1,track_association,wall_like,accepted,selected_best_match,detection,2,36,confirmed,8,0,0.679128867,0.190185677,1.796071741,0.117367402,0.000000000,nan,nan,nan,nan,nan,nan,nan,nan,nan,8.000000000,0.300000000,1.800000000,3.000000000,nan,nan,nan,nan,nan,nan,nan,nan,nan,1.500000000,2.000000000,215,231,0
2026-06-02T23:32:19,1780327204.365879059,r1,track_association,wall_like,accepted,selected_best_match,detection,3,1,confirmed,95,0,0.260489937,0.292178956,0.645193326,0.024734336,0.000000000,nan,nan,nan,nan,nan,nan,nan,nan,nan,8.000000000,0.300000000,1.800000000,3.000000000,nan,nan,nan,nan,nan,nan,nan,nan,nan,1.500000000,2.000000000,534,583,0
2026-06-02T23:32:19,1780327204.365879059,r1,pipe_track_deduplication,pipe_like,rejected,young_mature_policy,track,32,9,weak_tracked,3,22,1.062085798,0.191145658,nan,nan,nan,2.454894659,0.131784949,0.003345918,0.952031245,0.000000000,nan,nan,nan,nan,nan,nan,nan,nan,14.000000000,0.170000000,0.030000000,0.200000000,0.250000000,nan,nan,nan,nan,1.500000000,2.000000000,13,19,1
2026-06-02T23:32:19,1780327204.464879036,r1,pipe_track_deduplication,pipe_like,rejected,young_mature_policy,track,32,9,weak_tracked,3,23,1.062085798,0.191145658,nan,nan,nan,2.454894659,0.131784949,0.003345918,0.952031245,0.000000000,nan,nan,nan,nan,nan,nan,nan,nan,14.000000000,0.170000000,0.030000000,0.200000000,0.250000000,nan,nan,nan,nan,1.500000000,2.000000000,13,19,1
2026-06-02T23:32:19,1780327204.464879036,r1,track_association,wall_like,accepted,selected_best_match,detection,0,2,confirmed,107,0,0.579303747,0.482195946,2.928717189,0.015744635,0.000000000,nan,nan,nan,nan,nan,nan,nan,nan,nan,8.000000000,0.300000000,1.800000000,3.000000000,nan,nan,nan,nan,nan,nan,nan,nan,nan,1.500000000,2.000000000,1195,1198,0
2026-06-02T23:32:19,1780327204.464879036,r1,track_association,wall_like,accepted,selected_best_match,detection,2,36,confirmed,9,0,0.376515665,0.117124777,1.783968305,0.034343410,0.000000000,nan,nan,nan,nan,nan,nan,nan,nan,nan,8.000000000,0.300000000,1.800000000,3.000000000,nan,nan,nan,nan,nan,nan,nan,nan,nan,1.500000000,2.000000000,228,215,0
2026-06-02T23:32:19,1780327204.464879036,r1,track_association,pillar_like,accepted,selected_best_match,detection,5,6,confirmed,18,2,0.800531685,0.285712425,nan,nan,nan,nan,nan,nan,nan,nan,0.157676484,0.925436890,0.224580407,0.232894540,nan,nan,nan,nan,nan,nan,nan,nan,nan,0.500000000,0.300000000,0.800000000,0.600000000,1.500000000,2.000000000,95,116,0
2026-06-02T23:32:19,1780327204.464879036,r1,pipe_track_deduplication,pipe_like,rejected,young_mature_policy,track,32,9,weak_tracked,3,23,1.062085798,0.191145658,nan,nan,nan,2.454894659,0.131784949,0.003345918,0.952031245,0.000000000,nan,nan,nan,nan,nan,nan,nan,nan,14.000000000,0.170000000,0.030000000,0.200000000,0.250000000,nan,nan,nan,nan,1.500000000,2.000000000,13,19,1
2026-06-02T23:32:19,1780327204.665873766,r1,pipe_track_deduplication,pipe_like,rejected,young_mature_policy,track,32,9,weak_tracked,3,24,1.062085798,0.191145658,nan,nan,nan,2.454894659,0.131784949,0.003345918,0.952031245,0.000000000,nan,nan,nan,nan,nan,nan,nan,nan,14.000000000,0.170000000,0.030000000,0.200000000,0.250000000,nan,nan,nan,nan,1.500000000,2.000000000,13,19,1
2026-06-02T23:32:19,1780327204.665873766,r1,track_association,wall_like,accepted,selected_best_match,detection,0,2,confirmed,108,0,0.997543730,1.142842729,3.639247054,0.048507082,0.000000000,nan,nan,nan,nan,nan,nan,nan,nan,nan,8.000000000,0.300000000,1.800000000,3.000000000,nan,nan,nan,nan,nan,nan,nan,nan,nan,1.500000000,2.000000000,690,1195,0
2026-06-02T23:32:19,1780327204.665873766,r1,track_association,wall_like,rejected,normal_angle,detection,5,36,confirmed,10,0,nan,0.626942612,9.145657541,0.117099780,0.000000000,nan,nan,nan,nan,nan,nan,nan,nan,nan,8.000000000,0.300000000,1.800000000,3.000000000,nan,nan,nan,nan,nan,nan,nan,nan,nan,1.500000000,2.000000000,50,228,0
2026-06-02T23:32:19,1780327204.665873766,r1,track_association,wall_like,accepted,selected_best_match,detection,6,1,confirmed,96,1,0.312217658,0.306250148,0.886805550,0.029785074,0.000000000,nan,nan,nan,nan,nan,nan,nan,nan,nan,8.000000000,0.300000000,1.800000000,3.000000000,nan,nan,nan,nan,nan,nan,nan,nan,nan,1.500000000,2.000000000,513,534,0
2026-06-02T23:32:19,1780327204.665873766,r1,pipe_track_deduplication,pipe_like,rejected,young_mature_policy,track,32,9,weak_tracked,3,24,1.062085798,0.191145658,nan,nan,nan,2.454894659,0.131784949,0.003345918,0.952031245,0.000000000,nan,nan,nan,nan,nan,nan,nan,nan,14.000000000,0.170000000,0.030000000,0.200000000,0.250000000,nan,nan,nan,nan,1.500000000,2.000000000,13,19,1
2026-06-02T23:32:19,1780327204.863873959,r1,pipe_track_deduplication,pipe_like,rejected,young_mature_policy,track,32,9,weak_tracked,3,25,1.062085798,0.191145658,nan,nan,nan,2.454894659,0.131784949,0.003345918,0.952031245,0.000000000,nan,nan,nan,nan,nan,nan,nan,nan,14.000000000,0.170000000,0.030000000,0.200000000,0.250000000,nan,nan,nan,nan,1.500000000,2.000000000,13,19,1
2026-06-02T23:32:19,1780327204.863873959,r1,track_association,wall_like,accepted,selected_best_match,detection,0,2,confirmed,109,0,0.208059119,0.231237208,0.902562858,0.005447908,0.000000000,nan,nan,nan,nan,nan,nan,nan,nan,nan,8.000000000,0.300000000,1.800000000,3.000000000,nan,nan,nan,nan,nan,nan,nan,nan,nan,1.500000000,2.000000000,1378,690,0
2026-06-02T23:32:19,1780327204.863873959,r1,track_association,wall_like,accepted,selected_best_match,detection,2,36,confirmed,10,1,0.623102096,0.120554569,1.523424223,0.117746763,0.000000000,nan,nan,nan,nan,nan,nan,nan,nan,nan,8.000000000,0.300000000,1.800000000,3.000000000,nan,nan,nan,nan,nan,nan,nan,nan,nan,1.500000000,2.000000000,228,228,0
2026-06-02T23:32:19,1780327204.863873959,r1,track_association,wall_like,accepted,selected_best_match,detection,3,1,confirmed,97,0,0.224756518,0.040318556,0.814549323,0.032849500,0.000000000,nan,nan,nan,nan,nan,nan,nan,nan,nan,8.000000000,0.300000000,1.800000000,3.000000000,nan,nan,nan,nan,nan,nan,nan,nan,nan,1.500000000,2.000000000,524,513,0
2026-06-02T23:32:19,1780327204.863873959,r1,pipe_track_deduplication,pipe_like,rejected,young_mature_policy,track,32,9,weak_tracked,3,25,1.062085798,0.191145658,nan,nan,nan,2.454894659,0.131784949,0.003345918,0.952031245,0.000000000,nan,nan,nan,nan,nan,nan,nan,nan,14.000000000,0.170000000,0.030000000,0.200000000,0.250000000,nan,nan,nan,nan,1.500000000,2.000000000,13,19,1
2026-06-02T23:32:19,1780327205.064873934,r1,pipe_track_deduplication,pipe_like,rejected,young_mature_policy,track,32,9,weak_tracked,3,26,1.062085798,0.191145658,nan,nan,nan,2.454894659,0.131784949,0.003345918,0.952031245,0.000000000,nan,nan,nan,nan,nan,nan,nan,nan,14.000000000,0.170000000,0.030000000,0.200000000,0.250000000,nan,nan,nan,nan,1.500000000,2.000000000,13,19,1
2026-06-02T23:32:19,1780327205.064873934,r1,track_association,wall_like,accepted,selected_best_match,detection,0,2,confirmed,110,0,0.143854913,0.253833507,0.364935015,0.004088060,0.000000000,nan,nan,nan,nan,nan,nan,nan,nan,nan,8.000000000,0.300000000,1.800000000,3.000000000,nan,nan,nan,nan,nan,nan,nan,nan,nan,1.500000000,2.000000000,1467,1378,0
2026-06-02T23:32:19,1780327205.064873934,r1,track_association,wall_like,accepted,selected_best_match,detection,2,36,confirmed,11,0,0.254043252,0.035919106,1.211597320,0.027186166,0.000000000,nan,nan,nan,nan,nan,nan,nan,nan,nan,8.000000000,0.300000000,1.800000000,3.000000000,nan,nan,nan,nan,nan,nan,nan,nan,nan,1.500000000,2.000000000,218,228,0
2026-06-02T23:32:19,1780327205.064873934,r1,track_association,wall_like,accepted,selected_best_match,detection,3,1,confirmed,98,0,0.111362532,0.090377787,0.508016696,0.005320355,0.000000000,nan,nan,nan,nan,nan,nan,nan,nan,nan,8.000000000,0.300000000,1.800000000,3.000000000,nan,nan,nan,nan,nan,nan,nan,nan,nan,1.500000000,2.000000000,465,524,0
2026-06-02T23:32:19,1780327205.064873934,r1,pipe_track_deduplication,pipe_like,rejected,young_mature_policy,track,32,9,weak_tracked,3,26,1.062085798,0.191145658,nan,nan,nan,2.454894659,0.131784949,0.003345918,0.952031245,0.000000000,nan,nan,nan,nan,nan,nan,nan,nan,14.000000000,0.170000000,0.030000000,0.200000000,0.250000000,nan,nan,nan,nan,1.500000000,2.000000000,13,19,1
2026-06-02T23:32:20,1780327205.283874035,r1,pipe_track_deduplication,pipe_like,rejected,young_mature_policy,track,32,9,weak_tracked,3,27,1.062085798,0.191145658,nan,nan,nan,2.454894659,0.131784949,0.003345918,0.952031245,0.000000000,nan,nan,nan,nan,nan,nan,nan,nan,14.000000000,0.170000000,0.030000000,0.200000000,0.250000000,nan,nan,nan,nan,1.500000000,2.000000000,13,19,1
2026-06-02T23:32:20,1780327205.283874035,r1,track_association,wall_like,accepted,selected_best_match,detection,0,2,confirmed,111,0,0.254238874,0.408905684,0.594571502,0.013084662,0.000000000,nan,nan,nan,nan,nan,nan,nan,nan,nan,8.000000000,0.300000000,1.800000000,3.000000000,nan,nan,nan,nan,nan,nan,nan,nan,nan,1.500000000,2.000000000,990,1467,0
2026-06-02T23:32:20,1780327205.283874035,r1,track_association,wall_like,accepted,selected_best_match,detection,2,36,confirmed,12,0,0.291754228,0.070186870,0.852057119,0.048555439,0.000000000,nan,nan,nan,nan,nan,nan,nan,nan,nan,8.000000000,0.300000000,1.800000000,3.000000000,nan,nan,nan,nan,nan,nan,nan,nan,nan,1.500000000,2.000000000,235,218,0
2026-06-02T23:32:20,1780327205.283874035,r1,pipe_track_deduplication,pipe_like,rejected,young_mature_policy,track,32,9,weak_tracked,3,27,1.062085798,0.191145658,nan,nan,nan,2.454894659,0.131784949,0.003345918,0.952031245,0.000000000,nan,nan,nan,nan,nan,nan,nan,nan,14.000000000,0.170000000,0.030000000,0.200000000,0.250000000,nan,nan,nan,nan,1.500000000,2.000000000,13,19,1
2026-06-02T23:32:20,1780327205.463874102,r1,pipe_track_deduplication,pipe_like,rejected,young_mature_policy,track,32,9,weak_tracked,3,28,1.062085798,0.191145658,nan,nan,nan,2.454894659,0.131784949,0.003345918,0.952031245,0.000000000,nan,nan,nan,nan,nan,nan,nan,nan,14.000000000,0.170000000,0.030000000,0.200000000,0.250000000,nan,nan,nan,nan,1.500000000,2.000000000,13,19,1
2026-06-02T23:32:20,1780327205.463874102,r1,track_association,wall_like,accepted,selected_best_match,detection,0,2,confirmed,112,0,0.222939444,0.371082961,0.646211005,0.005540624,0.000000000,nan,nan,nan,nan,nan,nan,nan,nan,nan,8.000000000,0.300000000,1.800000000,3.000000000,nan,nan,nan,nan,nan,nan,nan,nan,nan,1.500000000,2.000000000,1363,990,0
2026-06-02T23:32:20,1780327205.463874102,r1,track_association,wall_like,accepted,selected_best_match,detection,2,36,confirmed,13,0,0.543366030,0.165532469,0.835540457,0.115123795,0.000000000,nan,nan,nan,nan,nan,nan,nan,nan,nan,8.000000000,0.300000000,1.800000000,3.000000000,nan,nan,nan,nan,nan,nan,nan,nan,nan,1.500000000,2.000000000,230,235,0
2026-06-02T23:32:20,1780327205.463874102,r1,pipe_track_deduplication,pipe_like,rejected,young_mature_policy,track,32,9,weak_tracked,3,28,1.062085798,0.191145658,nan,nan,nan,2.454894659,0.131784949,0.003345918,0.952031245,0.000000000,nan,nan,nan,nan,nan,nan,nan,nan,14.000000000,0.170000000,0.030000000,0.200000000,0.250000000,nan,nan,nan,nan,1.500000000,2.000000000,13,19,1
2026-06-02T23:32:20,1780327205.664869070,r1,pipe_track_deduplication,pipe_like,rejected,young_mature_policy,track,32,9,weak_tracked,3,29,1.062085798,0.191145658,nan,nan,nan,2.454894659,0.131784949,0.003345918,0.952031245,0.000000000,nan,nan,nan,nan,nan,nan,nan,nan,14.000000000,0.170000000,0.030000000,0.200000000,0.250000000,nan,nan,nan,nan,1.500000000,2.000000000,13,19,1
2026-06-02T23:32:20,1780327205.664869070,r1,track_association,wall_like,accepted,selected_best_match,detection,0,2,confirmed,113,0,0.309483587,0.561089399,0.430221532,0.020602829,0.000000000,nan,nan,nan,nan,nan,nan,nan,nan,nan,8.000000000,0.300000000,1.800000000,3.000000000,nan,nan,nan,nan,nan,nan,nan,nan,nan,1.500000000,2.000000000,1025,1363,0
2026-06-02T23:32:20,1780327205.664869070,r1,track_association,wall_like,accepted,selected_best_match,detection,2,36,confirmed,14,0,0.313602828,0.131859620,0.776349901,0.051781765,0.000000000,nan,nan,nan,nan,nan,nan,nan,nan,nan,8.000000000,0.300000000,1.800000000,3.000000000,nan,nan,nan,nan,nan,nan,nan,nan,nan,1.500000000,2.000000000,172,230,0
2026-06-02T23:32:20,1780327205.664869070,r1,pipe_track_deduplication,pipe_like,rejected,young_mature_policy,track,32,9,weak_tracked,3,29,1.062085798,0.191145658,nan,nan,nan,2.454894659,0.131784949,0.003345918,0.952031245,0.000000000,nan,nan,nan,nan,nan,nan,nan,nan,14.000000000,0.170000000,0.030000000,0.200000000,0.250000000,nan,nan,nan,nan,1.500000000,2.000000000,13,19,1
2026-06-02T23:32:20,1780327205.862869024,r1,pipe_track_deduplication,pipe_like,rejected,young_mature_policy,track,32,9,weak_tracked,3,30,1.062085798,0.191145658,nan,nan,nan,2.454894659,0.131784949,0.003345918,0.952031245,0.000000000,nan,nan,nan,nan,nan,nan,nan,nan,14.000000000,0.170000000,0.030000000,0.200000000,0.250000000,nan,nan,nan,nan,1.500000000,2.000000000,13,19,1
2026-06-02T23:32:20,1780327205.862869024,r1,track_association,wall_like,accepted,selected_best_match,detection,0,2,confirmed,114,0,0.832227695,0.881720203,3.881210078,0.015950910,0.000000000,nan,nan,nan,nan,nan,nan,nan,nan,nan,8.000000000,0.300000000,1.800000000,3.000000000,nan,nan,nan,nan,nan,nan,nan,nan,nan,1.500000000,2.000000000,715,1025,0
2026-06-02T23:32:20,1780327205.862869024,r1,track_association,wall_like,accepted,selected_best_match,detection,2,36,confirmed,15,0,1.164081349,0.341332181,4.748800559,0.137011166,0.000000000,nan,nan,nan,nan,nan,nan,nan,nan,nan,8.000000000,0.300000000,1.800000000,3.000000000,nan,nan,nan,nan,nan,nan,nan,nan,nan,1.500000000,2.000000000,94,172,0
2026-06-02T23:32:20,1780327205.862869024,r1,track_association,pillar_like,accepted,selected_best_match,detection,3,24,stale,6,16,0.734371717,0.393438870,nan,nan,nan,nan,nan,nan,nan,nan,0.064535478,0.771171745,0.004199028,0.254672527,nan,nan,nan,nan,nan,nan,nan,nan,nan,0.800000000,0.300000000,0.800000000,0.600000000,1.500000000,2.000000000,165,189,0
2026-06-02T23:32:20,1780327205.862869024,r1,pipe_track_deduplication,pipe_like,rejected,young_mature_policy,track,32,9,weak_tracked,3,30,1.062085798,0.191145658,nan,nan,nan,2.454894659,0.131784949,0.003345918,0.952031245,0.000000000,nan,nan,nan,nan,nan,nan,nan,nan,14.000000000,0.170000000,0.030000000,0.200000000,0.250000000,nan,nan,nan,nan,1.500000000,2.000000000,13,19,1
2026-06-02T23:32:20,1780327206.063868761,r1,pipe_track_deduplication,pipe_like,rejected,young_mature_policy,track,32,9,weak_tracked,3,31,1.062085798,0.191145658,nan,nan,nan,2.454894659,0.131784949,0.003345918,0.952031245,0.000000000,nan,nan,nan,nan,nan,nan,nan,nan,14.000000000,0.170000000,0.030000000,0.200000000,0.250000000,nan,nan,nan,nan,1.500000000,2.000000000,13,19,1
2026-06-02T23:32:20,1780327206.063868761,r1,track_association,wall_like,accepted,selected_best_match,detection,0,2,confirmed,115,0,0.219407744,0.313868622,0.838102143,0.003006631,0.000000000,nan,nan,nan,nan,nan,nan,nan,nan,nan,8.000000000,0.300000000,1.800000000,3.000000000,nan,nan,nan,nan,nan,nan,nan,nan,nan,1.500000000,2.000000000,1386,715,0
2026-06-02T23:32:20,1780327206.063868761,r1,track_association,wall_like,accepted,selected_best_match,detection,2,36,confirmed,16,0,0.719395186,0.487192432,1.157540920,0.123691528,0.000000000,nan,nan,nan,nan,nan,nan,nan,nan,nan,8.000000000,0.300000000,1.800000000,3.000000000,nan,nan,nan,nan,nan,nan,nan,nan,nan,1.500000000,2.000000000,151,94,0
2026-06-02T23:32:20,1780327206.063868761,r1,track_association,wall_like,rejected,normal_angle,detection,2,40,candidate,1,6,nan,0.516262537,8.276410984,0.266384833,0.000000000,nan,nan,nan,nan,nan,nan,nan,nan,nan,8.000000000,0.300000000,1.800000000,3.000000000,nan,nan,nan,nan,nan,nan,nan,nan,nan,1.500000000,2.000000000,151,50,0
2026-06-02T23:32:20,1780327206.063868761,r1,track_association,wall_like,accepted,selected_best_match,detection,3,1,stale,99,4,0.229636164,0.054878822,1.373055684,0.011913379,0.000000000,nan,nan,nan,nan,nan,nan,nan,nan,nan,8.000000000,0.300000000,1.800000000,3.000000000,nan,nan,nan,nan,nan,nan,nan,nan,nan,1.500000000,2.000000000,505,465,0
2026-06-02T23:32:20,1780327206.063868761,r1,pipe_track_deduplication,pipe_like,rejected,young_mature_policy,track,32,9,weak_tracked,3,31,1.062085798,0.191145658,nan,nan,nan,2.454894659,0.131784949,0.003345918,0.952031245,0.000000000,nan,nan,nan,nan,nan,nan,nan,nan,14.000000000,0.170000000,0.030000000,0.200000000,0.250000000,nan,nan,nan,nan,1.500000000,2.000000000,13,19,1
2026-06-02T23:32:21,1780327206.264868975,r1,pipe_track_deduplication,pipe_like,rejected,young_mature_policy,track,32,9,weak_tracked,3,32,1.062085798,0.191145658,nan,nan,nan,2.454894659,0.131784949,0.003345918,0.952031245,0.000000000,nan,nan,nan,nan,nan,nan,nan,nan,14.000000000,0.170000000,0.030000000,0.200000000,0.250000000,nan,nan,nan,nan,1.500000000,2.000000000,13,19,1
2026-06-02T23:32:21,1780327206.264868975,r1,track_association,wall_like,accepted,selected_best_match,detection,0,2,confirmed,116,0,0.212238989,0.188810588,0.852477381,0.012822736,0.000000000,nan,nan,nan,nan,nan,nan,nan,nan,nan,8.000000000,0.300000000,1.800000000,3.000000000,nan,nan,nan,nan,nan,nan,nan,nan,nan,1.500000000,2.000000000,1284,1386,0
2026-06-02T23:32:21,1780327206.264868975,r1,track_association,wall_like,accepted,selected_best_match,detection,1,36,confirmed,17,0,0.524325699,0.279206343,0.638796222,0.105422217,0.000000000,nan,nan,nan,nan,nan,nan,nan,nan,nan,8.000000000,0.300000000,1.800000000,3.000000000,nan,nan,nan,nan,nan,nan,nan,nan,nan,1.500000000,2.000000000,212,151,0
2026-06-02T23:32:21,1780327206.264868975,r1,track_association,wall_like,rejected,normal_angle,detection,1,40,candidate,1,7,nan,0.680628644,8.768320199,0.281868399,0.000000000,nan,nan,nan,nan,nan,nan,nan,nan,nan,8.000000000,0.300000000,1.800000000,3.000000000,nan,nan,nan,nan,nan,nan,nan,nan,nan,1.500000000,2.000000000,212,50,0
2026-06-02T23:32:21,1780327206.264868975,r1,track_association,wall_like,accepted,selected_best_match,detection,2,1,confirmed,100,0,0.488418445,0.701530895,1.722214633,0.011789395,0.000000000,nan,nan,nan,nan,nan,nan,nan,nan,nan,8.000000000,0.300000000,1.800000000,3.000000000,nan,nan,nan,nan,nan,nan,nan,nan,nan,1.500000000,2.000000000,385,505,0
2026-06-02T23:32:21,1780327206.264868975,r1,pipe_track_deduplication,pipe_like,rejected,young_mature_policy,track,32,9,weak_tracked,3,32,1.062085798,0.191145658,nan,nan,nan,2.454894659,0.131784949,0.003345918,0.952031245,0.000000000,nan,nan,nan,nan,nan,nan,nan,nan,14.000000000,0.170000000,0.030000000,0.200000000,0.250000000,nan,nan,nan,nan,1.500000000,2.000000000,13,19,1
2026-06-02T23:32:21,1780327206.462868929,r1,pipe_track_deduplication,pipe_like,rejected,young_mature_policy,track,32,9,weak_tracked,3,33,1.062085798,0.191145658,nan,nan,nan,2.454894659,0.131784949,0.003345918,0.952031245,0.000000000,nan,nan,nan,nan,nan,nan,nan,nan,14.000000000,0.170000000,0.030000000,0.200000000,0.250000000,nan,nan,nan,nan,1.500000000,2.000000000,13,19,1
2026-06-02T23:32:21,1780327206.462868929,r1,track_association,wall_like,accepted,selected_best_match,detection,0,2,confirmed,117,0,0.158982320,0.061385593,1.099159867,0.000337642,0.000000000,nan,nan,nan,nan,nan,nan,nan,nan,nan,8.000000000,0.300000000,1.800000000,3.000000000,nan,nan,nan,nan,nan,nan,nan,nan,nan,1.500000000,2.000000000,1216,1284,0
2026-06-02T23:32:21,1780327206.462868929,r1,track_association,wall_like,accepted,selected_best_match,detection,2,36,confirmed,18,0,0.677760645,0.181977044,0.922922381,0.150520900,0.000000000,nan,nan,nan,nan,nan,nan,nan,nan,nan,8.000000000,0.300000000,1.800000000,3.000000000,nan,nan,nan,nan,nan,nan,nan,nan,nan,1.500000000,2.000000000,206,212,0
2026-06-02T23:32:21,1780327206.462868929,r1,track_association,wall_like,rejected,normal_angle,detection,2,40,candidate,1,8,nan,0.678460218,8.932161069,0.355491038,0.000000000,nan,nan,nan,nan,nan,nan,nan,nan,nan,8.000000000,0.300000000,1.800000000,3.000000000,nan,nan,nan,nan,nan,nan,nan,nan,nan,1.500000000,2.000000000,206,50,0
2026-06-02T23:32:21,1780327206.462868929,r1,track_association,pillar_like,accepted,selected_best_match,detection,5,24,confirmed,7,2,0.403693319,0.208448296,nan,nan,nan,nan,nan,nan,nan,nan,0.108067415,0.901814785,0.025237441,0.052109718,nan,nan,nan,nan,nan,nan,nan,nan,nan,0.500000000,0.300000000,0.800000000,0.600000000,1.500000000,2.000000000,127,165,0
2026-06-02T23:32:21,1780327206.462868929,r1,pipe_track_deduplication,pipe_like,rejected,young_mature_policy,track,32,9,weak_tracked,3,33,1.062085798,0.191145658,nan,nan,nan,2.454894659,0.131784949,0.003345918,0.952031245,0.000000000,nan,nan,nan,nan,nan,nan,nan,nan,14.000000000,0.170000000,0.030000000,0.200000000,0.250000000,nan,nan,nan,nan,1.500000000,2.000000000,13,19,1
2026-06-02T23:32:21,1780327206.660864115,r1,pipe_track_deduplication,pipe_like,rejected,young_mature_policy,track,32,9,weak_tracked,3,34,1.062085798,0.191145658,nan,nan,nan,2.454894659,0.131784949,0.003345918,0.952031245,0.000000000,nan,nan,nan,nan,nan,nan,nan,nan,14.000000000,0.170000000,0.030000000,0.200000000,0.250000000,nan,nan,nan,nan,1.500000000,2.000000000,13,19,1
2026-06-02T23:32:21,1780327206.660864115,r1,track_association,wall_like,accepted,selected_best_match,detection,0,2,confirmed,118,0,0.281353797,0.255895352,1.343554587,0.008433307,0.000000000,nan,nan,nan,nan,nan,nan,nan,nan,nan,8.000000000,0.300000000,1.800000000,3.000000000,nan,nan,nan,nan,nan,nan,nan,nan,nan,1.500000000,2.000000000,1430,1216,0
2026-06-02T23:32:21,1780327206.660864115,r1,track_association,wall_like,accepted,selected_best_match,detection,2,36,confirmed,19,0,0.348541276,0.117928834,0.505331492,0.073819568,0.000000000,nan,nan,nan,nan,nan,nan,nan,nan,nan,8.000000000,0.300000000,1.800000000,3.000000000,nan,nan,nan,nan,nan,nan,nan,nan,nan,1.500000000,2.000000000,250,206,0
2026-06-02T23:32:21,1780327206.660864115,r1,track_association,wall_like,rejected,normal_angle,detection,2,40,candidate,1,9,nan,0.637772842,8.973603688,0.318116226,0.000000000,nan,nan,nan,nan,nan,nan,nan,nan,nan,8.000000000,0.300000000,1.800000000,3.000000000,nan,nan,nan,nan,nan,nan,nan,nan,nan,1.500000000,2.000000000,250,50,0
2026-06-02T23:32:21,1780327206.660864115,r1,track_association,pillar_like,accepted,selected_best_match,detection,4,6,stale,19,10,0.536379119,0.446723470,nan,nan,nan,nan,nan,nan,nan,nan,0.119562159,0.797989823,0.178263426,0.100253940,nan,nan,nan,nan,nan,nan,nan,nan,nan,0.800000000,0.300000000,0.800000000,0.600000000,1.500000000,2.000000000,85,95,0
2026-06-02T23:32:21,1780327206.660864115,r1,pipe_track_deduplication,pipe_like,rejected,young_mature_policy,track,32,9,weak_tracked,3,34,1.062085798,0.191145658,nan,nan,nan,2.454894659,0.131784949,0.003345918,0.952031245,0.000000000,nan,nan,nan,nan,nan,nan,nan,nan,14.000000000,0.170000000,0.030000000,0.200000000,0.250000000,nan,nan,nan,nan,1.500000000,2.000000000,13,19,1
2026-06-02T23:32:21,1780327206.861864090,r1,pipe_track_deduplication,pipe_like,rejected,young_mature_policy,track,32,9,weak_tracked,3,35,1.062085798,0.191145658,nan,nan,nan,2.454894659,0.131784949,0.003345918,0.952031245,0.000000000,nan,nan,nan,nan,nan,nan,nan,nan,14.000000000,0.170000000,0.030000000,0.200000000,0.250000000,nan,nan,nan,nan,1.500000000,2.000000000,13,19,1
2026-06-02T23:32:21,1780327206.861864090,r1,track_association,wall_like,accepted,selected_best_match,detection,0,2,confirmed,119,0,0.648090410,1.261638341,1.068213502,0.028205283,0.000000000,nan,nan,nan,nan,nan,nan,nan,nan,nan,8.000000000,0.300000000,1.800000000,3.000000000,nan,nan,nan,nan,nan,nan,nan,nan,nan,1.500000000,2.000000000,1697,1430,0
2026-06-02T23:32:21,1780327206.861864090,r1,track_association,pillar_like,accepted,selected_best_match,detection,5,24,confirmed,8,1,0.426127886,0.194506570,nan,nan,nan,nan,nan,nan,nan,nan,0.107933379,0.916347447,0.037175059,0.073734641,nan,nan,nan,nan,nan,nan,nan,nan,nan,0.500000000,0.300000000,0.800000000,0.600000000,1.500000000,2.000000000,133,127,0
2026-06-02T23:32:21,1780327206.861864090,r1,track_association,pillar_like,accepted,selected_best_match,detection,6,6,weak_tracked,20,0,0.316510479,0.292438030,nan,nan,nan,nan,nan,nan,nan,nan,0.053677395,0.851079093,0.018643498,0.035022259,nan,nan,nan,nan,nan,nan,nan,nan,nan,0.500000000,0.300000000,0.800000000,0.600000000,1.500000000,2.000000000,97,85,0
2026-06-02T23:32:21,1780327206.861864090,r1,track_association,pillar_like,accepted,selected_best_match,detection,7,42,candidate,1,0,0.696086895,0.349836243,nan,nan,nan,nan,nan,nan,nan,nan,0.030000640,0.803299187,0.017208099,0.262598395,nan,nan,nan,nan,nan,nan,nan,nan,nan,0.500000000,0.300000000,0.800000000,0.600000000,1.500000000,2.000000000,52,60,0
2026-06-02T23:32:21,1780327206.861864090,r1,pipe_track_deduplication,pipe_like,rejected,young_mature_policy,track,32,9,weak_tracked,3,35,1.062085798,0.191145658,nan,nan,nan,2.454894659,0.131784949,0.003345918,0.952031245,0.000000000,nan,nan,nan,nan,nan,nan,nan,nan,14.000000000,0.170000000,0.030000000,0.200000000,0.250000000,nan,nan,nan,nan,1.500000000,2.000000000,13,19,1
2026-06-02T23:32:21,1780327207.062864065,r1,pipe_track_deduplication,pipe_like,rejected,young_mature_policy,track,32,9,weak_tracked,3,36,1.062085798,0.191145658,nan,nan,nan,2.454894659,0.131784949,0.003345918,0.952031245,0.000000000,nan,nan,nan,nan,nan,nan,nan,nan,14.000000000,0.170000000,0.030000000,0.200000000,0.250000000,nan,nan,nan,nan,1.500000000,2.000000000,13,19,1
2026-06-02T23:32:21,1780327207.062864065,r1,track_association,wall_like,accepted,selected_best_match,detection,0,2,confirmed,120,0,0.746440654,1.614842399,1.255869467,0.015352851,0.000000000,nan,nan,nan,nan,nan,nan,nan,nan,nan,8.000000000,0.300000000,1.800000000,3.000000000,nan,nan,nan,nan,nan,nan,nan,nan,nan,1.500000000,2.000000000,1427,1697,0
2026-06-02T23:32:21,1780327207.062864065,r1,pipe_track_deduplication,pipe_like,rejected,young_mature_policy,track,32,9,weak_tracked,3,36,1.062085798,0.191145658,nan,nan,nan,2.454894659,0.131784949,0.003345918,0.952031245,0.000000000,nan,nan,nan,nan,nan,nan,nan,nan,14.000000000,0.170000000,0.030000000,0.200000000,0.250000000,nan,nan,nan,nan,1.500000000,2.000000000,13,19,1
2026-06-02T23:32:22,1780327207.284863949,r1,pipe_track_deduplication,pipe_like,rejected,young_mature_policy,track,32,9,weak_tracked,3,37,1.062085798,0.191145658,nan,nan,nan,2.454894659,0.131784949,0.003345918,0.952031245,0.000000000,nan,nan,nan,nan,nan,nan,nan,nan,14.000000000,0.170000000,0.030000000,0.200000000,0.250000000,nan,nan,nan,nan,1.500000000,2.000000000,13,19,1
2026-06-02T23:32:22,1780327207.284863949,r1,track_association,wall_like,accepted,selected_best_match,detection,0,2,confirmed,121,0,0.441044798,0.693025902,1.146926513,0.020001105,0.000000000,nan,nan,nan,nan,nan,nan,nan,nan,nan,8.000000000,0.300000000,1.800000000,3.000000000,nan,nan,nan,nan,nan,nan,nan,nan,nan,1.500000000,2.000000000,1688,1427,0
2026-06-02T23:32:22,1780327207.284863949,r1,track_association,wall_like,accepted,selected_best_match,detection,2,1,stale,101,4,0.460056632,0.438970247,1.967889069,0.020324125,0.000000000,nan,nan,nan,nan,nan,nan,nan,nan,nan,8.000000000,0.300000000,1.800000000,3.000000000,nan,nan,nan,nan,nan,nan,nan,nan,nan,1.500000000,2.000000000,493,385,0
2026-06-02T23:32:22,1780327207.284863949,r1,track_association,pillar_like,accepted,selected_best_match,detection,4,6,confirmed,21,1,0.415780224,0.240433053,nan,nan,nan,nan,nan,nan,nan,nan,0.146383640,0.976712743,0.293612123,0.042218685,nan,nan,nan,nan,nan,nan,nan,nan,nan,0.500000000,0.300000000,0.800000000,0.600000000,1.500000000,2.000000000,102,97,0
2026-06-02T23:32:22,1780327207.284863949,r1,pipe_track_deduplication,pipe_like,rejected,young_mature_policy,track,32,9,weak_tracked,3,37,1.062085798,0.191145658,nan,nan,nan,2.454894659,0.131784949,0.003345918,0.952031245,0.000000000,nan,nan,nan,nan,nan,nan,nan,nan,14.000000000,0.170000000,0.030000000,0.200000000,0.250000000,nan,nan,nan,nan,1.500000000,2.000000000,13,19,1
2026-06-02T23:32:22,1780327207.461863756,r1,pipe_track_deduplication,pipe_like,rejected,young_mature_policy,track,32,9,weak_tracked,3,38,1.062085798,0.191145658,nan,nan,nan,2.454894659,0.131784949,0.003345918,0.952031245,0.000000000,nan,nan,nan,nan,nan,nan,nan,nan,14.000000000,0.170000000,0.030000000,0.200000000,0.250000000,nan,nan,nan,nan,1.500000000,2.000000000,13,19,1
2026-06-02T23:32:22,1780327207.461863756,r1,track_association,wall_like,accepted,selected_best_match,detection,0,2,confirmed,122,0,0.773968972,1.609111849,1.445099214,0.017088286,0.000000000,nan,nan,nan,nan,nan,nan,nan,nan,nan,8.000000000,0.300000000,1.800000000,3.000000000,nan,nan,nan,nan,nan,nan,nan,nan,nan,1.500000000,2.000000000,1143,1688,0
2026-06-02T23:32:22,1780327207.461863756,r1,track_association,wall_like,accepted,selected_best_match,detection,2,1,confirmed,102,0,0.199081384,0.104721621,1.198184324,0.004320341,0.000000000,nan,nan,nan,nan,nan,nan,nan,nan,nan,8.000000000,0.300000000,1.800000000,3.000000000,nan,nan,nan,nan,nan,nan,nan,nan,nan,1.500000000,2.000000000,540,493,0
2026-06-02T23:32:22,1780327207.461863756,r1,track_association,pillar_like,accepted,selected_best_match,detection,3,6,confirmed,22,0,0.211860975,0.311914653,nan,nan,nan,nan,nan,nan,nan,nan,0.054259653,0.952207719,0.448845267,0.006398916,nan,nan,nan,nan,nan,nan,nan,nan,nan,0.500000000,0.300000000,0.800000000,0.600000000,1.500000000,2.000000000,85,102,0
2026-06-02T23:32:22,1780327207.461863756,r1,pipe_track_deduplication,pipe_like,rejected,young_mature_policy,track,32,9,weak_tracked,3,38,1.062085798,0.191145658,nan,nan,nan,2.454894659,0.131784949,0.003345918,0.952031245,0.000000000,nan,nan,nan,nan,nan,nan,nan,nan,14.000000000,0.170000000,0.030000000,0.200000000,0.250000000,nan,nan,nan,nan,1.500000000,2.000000000,13,19,1
2026-06-02T23:32:22,1780327207.668859005,r1,pipe_track_deduplication,pipe_like,rejected,young_mature_policy,track,32,9,weak_tracked,3,39,1.062085798,0.191145658,nan,nan,nan,2.454894659,0.131784949,0.003345918,0.952031245,0.000000000,nan,nan,nan,nan,nan,nan,nan,nan,14.000000000,0.170000000,0.030000000,0.200000000,0.250000000,nan,nan,nan,nan,1.500000000,2.000000000,13,19,1
2026-06-02T23:32:22,1780327207.668859005,r1,track_association,wall_like,accepted,selected_best_match,detection,0,2,confirmed,123,0,0.565785301,1.181841794,0.844290338,0.019890523,0.000000000,nan,nan,nan,nan,nan,nan,nan,nan,nan,8.000000000,0.300000000,1.800000000,3.000000000,nan,nan,nan,nan,nan,nan,nan,nan,nan,1.500000000,2.000000000,1412,1143,0
2026-06-02T23:32:22,1780327207.668859005,r1,track_association,pillar_like,accepted,selected_best_match,detection,2,44,candidate,1,1,0.091488924,0.122966821,nan,nan,nan,nan,nan,nan,nan,nan,0.009193071,0.968425828,0.139825225,0.016527653,nan,nan,nan,nan,nan,nan,nan,nan,nan,0.500000000,0.300000000,0.800000000,0.600000000,1.500000000,2.000000000,120,109,0
2026-06-02T23:32:22,1780327207.668859005,r1,pipe_track_deduplication,pipe_like,rejected,young_mature_policy,track,32,9,weak_tracked,3,39,1.062085798,0.191145658,nan,nan,nan,2.454894659,0.131784949,0.003345918,0.952031245,0.000000000,nan,nan,nan,nan,nan,nan,nan,nan,14.000000000,0.170000000,0.030000000,0.200000000,0.250000000,nan,nan,nan,nan,1.500000000,2.000000000,13,19,1
2026-06-02T23:32:22,1780327207.863858938,r1,pipe_track_deduplication,pipe_like,rejected,young_mature_policy,track,32,9,weak_tracked,3,40,1.062085798,0.191145658,nan,nan,nan,2.454894659,0.131784949,0.003345918,0.952031245,0.000000000,nan,nan,nan,nan,nan,nan,nan,nan,14.000000000,0.170000000,0.030000000,0.200000000,0.250000000,nan,nan,nan,nan,1.500000000,2.000000000,13,19,1
2026-06-02T23:32:22,1780327207.863858938,r1,track_association,wall_like,accepted,selected_best_match,detection,0,2,confirmed,124,0,0.257108888,0.163629028,1.078298830,0.020333557,0.000000000,nan,nan,nan,nan,nan,nan,nan,nan,nan,8.000000000,0.300000000,1.800000000,3.000000000,nan,nan,nan,nan,nan,nan,nan,nan,nan,1.500000000,2.000000000,1716,1412,0
2026-06-02T23:32:22,1780327207.863858938,r1,track_association,pillar_like,accepted,selected_best_match,detection,2,6,confirmed,23,1,0.576813182,0.395752206,nan,nan,nan,nan,nan,nan,nan,nan,0.160817957,0.805719005,0.050542712,0.033505201,nan,nan,nan,nan,nan,nan,nan,nan,nan,0.500000000,0.300000000,0.800000000,0.600000000,1.500000000,2.000000000,90,85,0
2026-06-02T23:32:22,1780327207.863858938,r1,track_association,pillar_like,accepted,selected_best_match,detection,3,42,weak_tracked,2,4,0.516511223,0.276548652,nan,nan,nan,nan,nan,nan,nan,nan,0.178373769,0.892159081,0.049920559,0.028158426,nan,nan,nan,nan,nan,nan,nan,nan,nan,0.500000000,0.300000000,0.800000000,0.600000000,1.500000000,2.000000000,71,52,0
2026-06-02T23:32:22,1780327207.863858938,r1,pipe_track_deduplication,pipe_like,rejected,young_mature_policy,track,32,9,weak_tracked,3,40,1.062085798,0.191145658,nan,nan,nan,2.454894659,0.131784949,0.003345918,0.952031245,0.000000000,nan,nan,nan,nan,nan,nan,nan,nan,14.000000000,0.170000000,0.030000000,0.200000000,0.250000000,nan,nan,nan,nan,1.500000000,2.000000000,13,19,1
2026-06-02T23:32:22,1780327208.061858892,r1,pipe_track_deduplication,pipe_like,rejected,young_mature_policy,track,32,9,weak_tracked,3,41,1.062085798,0.191145658,nan,nan,nan,2.454894659,0.131784949,0.003345918,0.952031245,0.000000000,nan,nan,nan,nan,nan,nan,nan,nan,14.000000000,0.170000000,0.030000000,0.200000000,0.250000000,nan,nan,nan,nan,1.500000000,2.000000000,13,19,1
2026-06-02T23:32:22,1780327208.061858892,r1,track_association,wall_like,accepted,selected_best_match,detection,0,2,confirmed,125,0,0.148968139,0.256683897,0.187940875,0.011974269,0.000000000,nan,nan,nan,nan,nan,nan,nan,nan,nan,8.000000000,0.300000000,1.800000000,3.000000000,nan,nan,nan,nan,nan,nan,nan,nan,nan,1.500000000,2.000000000,1739,1716,0
2026-06-02T23:32:22,1780327208.061858892,r1,track_association,pillar_like,accepted,selected_best_match,detection,2,44,weak_tracked,2,1,0.185883423,0.123807560,nan,nan,nan,nan,nan,nan,nan,nan,0.034058858,0.972362620,0.146134138,0.045308948,nan,nan,nan,nan,nan,nan,nan,nan,nan,0.500000000,0.300000000,0.800000000,0.600000000,1.500000000,2.000000000,98,120,0
2026-06-02T23:32:22,1780327208.061858892,r1,pipe_track_deduplication,pipe_like,rejected,young_mature_policy,track,32,9,weak_tracked,3,41,1.062085798,0.191145658,nan,nan,nan,2.454894659,0.131784949,0.003345918,0.952031245,0.000000000,nan,nan,nan,nan,nan,nan,nan,nan,14.000000000,0.170000000,0.030000000,0.200000000,0.250000000,nan,nan,nan,nan,1.500000000,2.000000000,13,19,1
2026-06-02T23:32:23,1780327208.265858889,r1,pipe_track_deduplication,pipe_like,rejected,young_mature_policy,track,32,9,weak_tracked,3,42,1.062085798,0.191145658,nan,nan,nan,2.454894659,0.131784949,0.003345918,0.952031245,0.000000000,nan,nan,nan,nan,nan,nan,nan,nan,14.000000000,0.170000000,0.030000000,0.200000000,0.250000000,nan,nan,nan,nan,1.500000000,2.000000000,13,19,1
2026-06-02T23:32:23,1780327208.265858889,r1,track_association,wall_like,accepted,selected_best_match,detection,0,2,confirmed,126,0,0.242474630,0.225589324,0.633193156,0.026438713,0.000000000,nan,nan,nan,nan,nan,nan,nan,nan,nan,8.000000000,0.300000000,1.800000000,3.000000000,nan,nan,nan,nan,nan,nan,nan,nan,nan,1.500000000,2.000000000,1600,1739,0
2026-06-02T23:32:23,1780327208.265858889,r1,track_association,wall_like,accepted,selected_best_match,detection,2,1,confirmed,103,3,0.148623213,0.148152971,0.533968556,0.009747846,0.000000000,nan,nan,nan,nan,nan,nan,nan,nan,nan,8.000000000,0.300000000,1.800000000,3.000000000,nan,nan,nan,nan,nan,nan,nan,nan,nan,1.500000000,2.000000000,506,540,0
2026-06-02T23:32:23,1780327208.265858889,r1,track_association,pillar_like,accepted,selected_best_match,detection,3,44,weak_tracked,3,0,0.187950819,0.082701721,nan,nan,nan,nan,nan,nan,nan,nan,0.072210972,1.000000000,0.173550844,0.015704274,nan,nan,nan,nan,nan,nan,nan,nan,nan,0.500000000,0.300000000,0.800000000,0.600000000,1.500000000,2.000000000,118,98,0
2026-06-02T23:32:23,1780327208.265858889,r1,pipe_track_deduplication,pipe_like,rejected,young_mature_policy,track,32,9,weak_tracked,3,42,1.062085798,0.191145658,nan,nan,nan,2.454894659,0.131784949,0.003345918,0.952031245,0.000000000,nan,nan,nan,nan,nan,nan,nan,nan,14.000000000,0.170000000,0.030000000,0.200000000,0.250000000,nan,nan,nan,nan,1.500000000,2.000000000,13,19,1
2026-06-02T23:32:23,1780327208.463859081,r1,pipe_track_deduplication,pipe_like,rejected,young_mature_policy,track,32,9,weak_tracked,3,43,1.062085798,0.191145658,nan,nan,nan,2.454894659,0.131784949,0.003345918,0.952031245,0.000000000,nan,nan,nan,nan,nan,nan,nan,nan,14.000000000,0.170000000,0.030000000,0.200000000,0.250000000,nan,nan,nan,nan,1.500000000,2.000000000,13,19,1
2026-06-02T23:32:23,1780327208.463859081,r1,track_association,wall_like,accepted,selected_best_match,detection,0,2,confirmed,127,0,0.281687495,0.377033100,0.596343798,0.024440046,0.000000000,nan,nan,nan,nan,nan,nan,nan,nan,nan,8.000000000,0.300000000,1.800000000,3.000000000,nan,nan,nan,nan,nan,nan,nan,nan,nan,1.500000000,2.000000000,1282,1600,0
2026-06-02T23:32:23,1780327208.463859081,r1,pipe_track_deduplication,pipe_like,rejected,young_mature_policy,track,32,9,weak_tracked,3,43,1.062085798,0.191145658,nan,nan,nan,2.454894659,0.131784949,0.003345918,0.952031245,0.000000000,nan,nan,nan,nan,nan,nan,nan,nan,14.000000000,0.170000000,0.030000000,0.200000000,0.250000000,nan,nan,nan,nan,1.500000000,2.000000000,13,19,1
2026-06-02T23:32:23,1780327208.664854050,r1,pipe_track_deduplication,pipe_like,rejected,young_mature_policy,track,32,9,weak_tracked,3,44,1.062085798,0.191145658,nan,nan,nan,2.454894659,0.131784949,0.003345918,0.952031245,0.000000000,nan,nan,nan,nan,nan,nan,nan,nan,14.000000000,0.170000000,0.030000000,0.200000000,0.250000000,nan,nan,nan,nan,1.500000000,2.000000000,13,19,1
2026-06-02T23:32:23,1780327208.664854050,r1,track_association,wall_like,accepted,selected_best_match,detection,0,2,confirmed,128,0,0.282772013,0.538902751,0.563727146,0.009801561,0.000000000,nan,nan,nan,nan,nan,nan,nan,nan,nan,8.000000000,0.300000000,1.800000000,3.000000000,nan,nan,nan,nan,nan,nan,nan,nan,nan,1.500000000,2.000000000,1663,1282,0
2026-06-02T23:32:23,1780327208.664854050,r1,pipe_track_deduplication,pipe_like,rejected,young_mature_policy,track,32,9,weak_tracked,3,44,1.062085798,0.191145658,nan,nan,nan,2.454894659,0.131784949,0.003345918,0.952031245,0.000000000,nan,nan,nan,nan,nan,nan,nan,nan,14.000000000,0.170000000,0.030000000,0.200000000,0.250000000,nan,nan,nan,nan,1.500000000,2.000000000,13,19,1
2026-06-02T23:32:23,1780327208.865853786,r1,pipe_track_deduplication,pipe_like,rejected,young_mature_policy,track,32,9,weak_tracked,3,45,1.062085798,0.191145658,nan,nan,nan,2.454894659,0.131784949,0.003345918,0.952031245,0.000000000,nan,nan,nan,nan,nan,nan,nan,nan,14.000000000,0.170000000,0.030000000,0.200000000,0.250000000,nan,nan,nan,nan,1.500000000,2.000000000,13,19,1
2026-06-02T23:32:23,1780327208.865853786,r1,track_association,wall_like,accepted,selected_best_match,detection,0,2,confirmed,129,0,0.661403218,1.726103845,0.511499361,0.006629355,0.000000000,nan,nan,nan,nan,nan,nan,nan,nan,nan,8.000000000,0.300000000,1.800000000,3.000000000,nan,nan,nan,nan,nan,nan,nan,nan,nan,1.500000000,2.000000000,1230,1663,0
2026-06-02T23:32:23,1780327208.865853786,r1,track_association,wall_like,rejected,normal_angle,detection,1,40,candidate,1,20,nan,0.751584708,9.461463523,0.283874702,0.000000000,nan,nan,nan,nan,nan,nan,nan,nan,nan,8.000000000,0.300000000,1.800000000,3.000000000,nan,nan,nan,nan,nan,nan,nan,nan,nan,1.500000000,2.000000000,153,50,0
2026-06-02T23:32:23,1780327208.865853786,r1,pipe_track_deduplication,pipe_like,rejected,young_mature_policy,track,32,9,weak_tracked,3,45,1.062085798,0.191145658,nan,nan,nan,2.454894659,0.131784949,0.003345918,0.952031245,0.000000000,nan,nan,nan,nan,nan,nan,nan,nan,14.000000000,0.170000000,0.030000000,0.200000000,0.250000000,nan,nan,nan,nan,1.500000000,2.000000000,13,19,1
2026-06-02T23:32:23,1780327209.084854126,r1,pipe_track_deduplication,pipe_like,rejected,young_mature_policy,track,32,9,weak_tracked,3,46,1.062085798,0.191145658,nan,nan,nan,2.454894659,0.131784949,0.003345918,0.952031245,0.000000000,nan,nan,nan,nan,nan,nan,nan,nan,14.000000000,0.170000000,0.030000000,0.200000000,0.250000000,nan,nan,nan,nan,1.500000000,2.000000000,13,19,1
2026-06-02T23:32:23,1780327209.084854126,r1,track_association,wall_like,accepted,selected_best_match,detection,0,2,confirmed,130,0,0.328811905,0.650238606,0.618976773,0.010408082,0.000000000,nan,nan,nan,nan,nan,nan,nan,nan,nan,8.000000000,0.300000000,1.800000000,3.000000000,nan,nan,nan,nan,nan,nan,nan,nan,nan,1.500000000,2.000000000,995,1230,0
2026-06-02T23:32:23,1780327209.084854126,r1,track_association,wall_like,accepted,selected_best_match,detection,2,40,candidate,1,21,2.204976304,1.000950461,7.887277669,0.265624932,0.000000000,nan,nan,nan,nan,nan,nan,nan,nan,nan,8.000000000,0.300000000,1.800000000,3.000000000,nan,nan,nan,nan,nan,nan,nan,nan,nan,1.500000000,2.000000000,149,50,0
2026-06-02T23:32:23,1780327209.084854126,r1,track_association,pillar_like,accepted,selected_best_match,detection,3,44,confirmed,4,3,0.091280828,0.054746809,nan,nan,nan,nan,nan,nan,nan,nan,0.037164749,1.000000000,0.082172632,0.005240440,nan,nan,nan,nan,nan,nan,nan,nan,nan,0.500000000,0.300000000,0.800000000,0.600000000,1.500000000,2.000000000,111,118,0
2026-06-02T23:32:23,1780327209.084854126,r1,track_association,pillar_like,accepted,selected_best_match,detection,4,42,weak_tracked,3,5,0.729046356,0.207158368,nan,nan,nan,nan,nan,nan,nan,nan,0.107822707,0.904227648,0.016300917,0.249599099,nan,nan,nan,nan,nan,nan,nan,nan,nan,0.500000000,0.300000000,0.800000000,0.600000000,1.500000000,2.000000000,66,71,0
2026-06-02T23:32:23,1780327209.084854126,r1,pipe_track_deduplication,pipe_like,rejected,young_mature_policy,track,32,9,weak_tracked,3,46,1.062085798,0.191145658,nan,nan,nan,2.454894659,0.131784949,0.003345918,0.952031245,0.000000000,nan,nan,nan,nan,nan,nan,nan,nan,14.000000000,0.170000000,0.030000000,0.200000000,0.250000000,nan,nan,nan,nan,1.500000000,2.000000000,13,19,1
2026-06-02T23:32:24,1780327209.261853933,r1,pipe_track_deduplication,pipe_like,rejected,young_mature_policy,track,32,9,weak_tracked,3,47,1.062085798,0.191145658,nan,nan,nan,2.454894659,0.131784949,0.003345918,0.952031245,0.000000000,nan,nan,nan,nan,nan,nan,nan,nan,14.000000000,0.170000000,0.030000000,0.200000000,0.250000000,nan,nan,nan,nan,1.500000000,2.000000000,13,19,1
2026-06-02T23:32:24,1780327209.261853933,r1,track_association,wall_like,accepted,selected_best_match,detection,0,2,confirmed,131,0,0.627446945,0.761174960,2.431622860,0.020930730,0.000000000,nan,nan,nan,nan,nan,nan,nan,nan,nan,8.000000000,0.300000000,1.800000000,3.000000000,nan,nan,nan,nan,nan,nan,nan,nan,nan,1.500000000,2.000000000,1140,995,0
2026-06-02T23:32:24,1780327209.261853933,r1,track_association,wall_like,accepted,selected_best_match,detection,2,40,weak_tracked,2,0,5.279545398,9.120090079,6.056490212,0.170813815,1.643534479,nan,nan,nan,nan,nan,nan,nan,nan,nan,8.000000000,0.300000000,1.800000000,3.000000000,nan,nan,nan,nan,nan,nan,nan,nan,nan,1.500000000,2.000000000,554,149,0
2026-06-02T23:32:24,1780327209.261853933,r1,track_association,pillar_like,accepted,selected_best_match,detection,5,44,confirmed,5,0,0.133377241,0.072547539,nan,nan,nan,nan,nan,nan,nan,nan,0.024434469,0.965342386,0.015005946,0.029010057,nan,nan,nan,nan,nan,nan,nan,nan,nan,0.500000000,0.300000000,0.800000000,0.600000000,1.500000000,2.000000000,101,111,0
2026-06-02T23:32:24,1780327209.261853933,r1,pipe_track_deduplication,pipe_like,rejected,young_mature_policy,track,32,9,weak_tracked,3,47,1.062085798,0.191145658,nan,nan,nan,2.454894659,0.131784949,0.003345918,0.952031245,0.000000000,nan,nan,nan,nan,nan,nan,nan,nan,14.000000000,0.170000000,0.030000000,0.200000000,0.250000000,nan,nan,nan,nan,1.500000000,2.000000000,13,19,1
2026-06-02T23:32:24,1780327209.462853909,r1,pipe_track_deduplication,pipe_like,rejected,young_mature_policy,track,32,9,weak_tracked,3,48,1.062085798,0.191145658,nan,nan,nan,2.454894659,0.131784949,0.003345918,0.952031245,0.000000000,nan,nan,nan,nan,nan,nan,nan,nan,14.000000000,0.170000000,0.030000000,0.200000000,0.250000000,nan,nan,nan,nan,1.500000000,2.000000000,13,19,1
2026-06-02T23:32:24,1780327209.462853909,r1,track_association,wall_like,accepted,selected_best_match,detection,0,2,confirmed,132,0,0.497079087,0.931124913,1.320849149,0.006479392,0.000000000,nan,nan,nan,nan,nan,nan,nan,nan,nan,8.000000000,0.300000000,1.800000000,3.000000000,nan,nan,nan,nan,nan,nan,nan,nan,nan,1.500000000,2.000000000,1171,1140,0
2026-06-02T23:32:24,1780327209.462853909,r1,pipe_track_deduplication,pipe_like,rejected,young_mature_policy,track,32,9,weak_tracked,3,48,1.062085798,0.191145658,nan,nan,nan,2.454894659,0.131784949,0.003345918,0.952031245,0.000000000,nan,nan,nan,nan,nan,nan,nan,nan,14.000000000,0.170000000,0.030000000,0.200000000,0.250000000,nan,nan,nan,nan,1.500000000,2.000000000,13,19,1
2026-06-02T23:32:24,1780327209.663849115,r1,pipe_track_deduplication,pipe_like,rejected,young_mature_policy,track,32,9,weak_tracked,3,49,1.062085798,0.191145658,nan,nan,nan,2.454894659,0.131784949,0.003345918,0.952031245,0.000000000,nan,nan,nan,nan,nan,nan,nan,nan,14.000000000,0.170000000,0.030000000,0.200000000,0.250000000,nan,nan,nan,nan,1.500000000,2.000000000,13,19,1
2026-06-02T23:32:24,1780327209.663849115,r1,track_association,wall_like,accepted,selected_best_match,detection,0,2,confirmed,133,0,0.684351644,1.173115875,1.556752422,0.029615690,0.000000000,nan,nan,nan,nan,nan,nan,nan,nan,nan,8.000000000,0.300000000,1.800000000,3.000000000,nan,nan,nan,nan,nan,nan,nan,nan,nan,1.500000000,2.000000000,1080,1171,0
2026-06-02T23:32:24,1780327209.663849115,r1,pipe_track_deduplication,pipe_like,rejected,young_mature_policy,track,32,9,weak_tracked,3,49,1.062085798,0.191145658,nan,nan,nan,2.454894659,0.131784949,0.003345918,0.952031245,0.000000000,nan,nan,nan,nan,nan,nan,nan,nan,14.000000000,0.170000000,0.030000000,0.200000000,0.250000000,nan,nan,nan,nan,1.500000000,2.000000000,13,19,1
2026-06-02T23:32:24,1780327209.864849091,r1,pipe_track_deduplication,pipe_like,rejected,young_mature_policy,track,32,9,weak_tracked,3,50,1.062085798,0.191145658,nan,nan,nan,2.454894659,0.131784949,0.003345918,0.952031245,0.000000000,nan,nan,nan,nan,nan,nan,nan,nan,14.000000000,0.170000000,0.030000000,0.200000000,0.250000000,nan,nan,nan,nan,1.500000000,2.000000000,13,19,1
2026-06-02T23:32:24,1780327209.864849091,r1,track_association,wall_like,accepted,selected_best_match,detection,0,2,confirmed,134,0,0.086212184,0.207575620,0.126270015,0.000370968,0.000000000,nan,nan,nan,nan,nan,nan,nan,nan,nan,8.000000000,0.300000000,1.800000000,3.000000000,nan,nan,nan,nan,nan,nan,nan,nan,nan,1.500000000,2.000000000,1664,1080,0
2026-06-02T23:32:24,1780327209.864849091,r1,pipe_track_deduplication,pipe_like,rejected,young_mature_policy,track,32,9,weak_tracked,3,50,1.062085798,0.191145658,nan,nan,nan,2.454894659,0.131784949,0.003345918,0.952031245,0.000000000,nan,nan,nan,nan,nan,nan,nan,nan,14.000000000,0.170000000,0.030000000,0.200000000,0.250000000,nan,nan,nan,nan,1.500000000,2.000000000,13,19,1
2026-06-02T23:32:24,1780327210.062849045,r1,pipe_track_deduplication,pipe_like,rejected,young_mature_policy,track,32,9,weak_tracked,3,51,1.062085798,0.191145658,nan,nan,nan,2.454894659,0.131784949,0.003345918,0.952031245,0.000000000,nan,nan,nan,nan,nan,nan,nan,nan,14.000000000,0.170000000,0.030000000,0.200000000,0.250000000,nan,nan,nan,nan,1.500000000,2.000000000,13,19,1
2026-06-02T23:32:24,1780327210.062849045,r1,track_association,wall_like,accepted,selected_best_match,detection,0,2,confirmed,135,0,0.283226369,0.216775236,1.420651423,0.010015959,0.000000000,nan,nan,nan,nan,nan,nan,nan,nan,nan,8.000000000,0.300000000,1.800000000,3.000000000,nan,nan,nan,nan,nan,nan,nan,nan,nan,1.500000000,2.000000000,1342,1664,0
2026-06-02T23:32:24,1780327210.062849045,r1,pipe_track_deduplication,pipe_like,rejected,young_mature_policy,track,32,9,weak_tracked,3,51,1.062085798,0.191145658,nan,nan,nan,2.454894659,0.131784949,0.003345918,0.952031245,0.000000000,nan,nan,nan,nan,nan,nan,nan,nan,14.000000000,0.170000000,0.030000000,0.200000000,0.250000000,nan,nan,nan,nan,1.500000000,2.000000000,13,19,1
2026-06-02T23:32:25,1780327210.284848928,r1,pipe_track_deduplication,pipe_like,rejected,young_mature_policy,track,32,9,weak_tracked,3,52,1.062085798,0.191145658,nan,nan,nan,2.454894659,0.131784949,0.003345918,0.952031245,0.000000000,nan,nan,nan,nan,nan,nan,nan,nan,14.000000000,0.170000000,0.030000000,0.200000000,0.250000000,nan,nan,nan,nan,1.500000000,2.000000000,13,19,1
2026-06-02T23:32:25,1780327210.284848928,r1,track_association,wall_like,accepted,selected_best_match,detection,0,2,confirmed,136,0,0.089269399,0.104229668,0.271767048,0.006166589,0.000000000,nan,nan,nan,nan,nan,nan,nan,nan,nan,8.000000000,0.300000000,1.800000000,3.000000000,nan,nan,nan,nan,nan,nan,nan,nan,nan,1.500000000,2.000000000,1677,1342,0
2026-06-02T23:32:25,1780327210.284848928,r1,pipe_track_deduplication,pipe_like,rejected,young_mature_policy,track,32,9,weak_tracked,3,52,1.062085798,0.191145658,nan,nan,nan,2.454894659,0.131784949,0.003345918,0.952031245,0.000000000,nan,nan,nan,nan,nan,nan,nan,nan,14.000000000,0.170000000,0.030000000,0.200000000,0.250000000,nan,nan,nan,nan,1.500000000,2.000000000,13,19,1
2026-06-02T23:32:25,1780327210.485848665,r1,pipe_track_deduplication,pipe_like,rejected,young_mature_policy,track,32,9,weak_tracked,3,53,1.062085798,0.191145658,nan,nan,nan,2.454894659,0.131784949,0.003345918,0.952031245,0.000000000,nan,nan,nan,nan,nan,nan,nan,nan,14.000000000,0.170000000,0.030000000,0.200000000,0.250000000,nan,nan,nan,nan,1.500000000,2.000000000,13,19,1
2026-06-02T23:32:25,1780327210.485848665,r1,track_association,wall_like,accepted,selected_best_match,detection,0,2,confirmed,137,0,0.268070209,0.141502515,0.904542501,0.032350467,0.000000000,nan,nan,nan,nan,nan,nan,nan,nan,nan,8.000000000,0.300000000,1.800000000,3.000000000,nan,nan,nan,nan,nan,nan,nan,nan,nan,1.500000000,2.000000000,1613,1677,0
2026-06-02T23:32:25,1780327210.485848665,r1,pipe_track_deduplication,pipe_like,rejected,young_mature_policy,track,32,9,weak_tracked,3,53,1.062085798,0.191145658,nan,nan,nan,2.454894659,0.131784949,0.003345918,0.952031245,0.000000000,nan,nan,nan,nan,nan,nan,nan,nan,14.000000000,0.170000000,0.030000000,0.200000000,0.250000000,nan,nan,nan,nan,1.500000000,2.000000000,13,19,1
2026-06-02T23:32:25,1780327210.665848970,r1,pipe_track_deduplication,pipe_like,rejected,young_mature_policy,track,32,9,weak_tracked,3,54,1.062085798,0.191145658,nan,nan,nan,2.454894659,0.131784949,0.003345918,0.952031245,0.000000000,nan,nan,nan,nan,nan,nan,nan,nan,14.000000000,0.170000000,0.030000000,0.200000000,0.250000000,nan,nan,nan,nan,1.500000000,2.000000000,13,19,1
2026-06-02T23:32:25,1780327210.665848970,r1,track_association,wall_like,accepted,selected_best_match,detection,0,2,confirmed,138,0,0.759455830,0.968165643,2.330225164,0.043636741,0.000000000,nan,nan,nan,nan,nan,nan,nan,nan,nan,8.000000000,0.300000000,1.800000000,3.000000000,nan,nan,nan,nan,nan,nan,nan,nan,nan,1.500000000,2.000000000,834,1613,0
2026-06-02T23:32:25,1780327210.665848970,r1,pipe_track_deduplication,pipe_like,rejected,young_mature_policy,track,32,9,weak_tracked,3,54,1.062085798,0.191145658,nan,nan,nan,2.454894659,0.131784949,0.003345918,0.952031245,0.000000000,nan,nan,nan,nan,nan,nan,nan,nan,14.000000000,0.170000000,0.030000000,0.200000000,0.250000000,nan,nan,nan,nan,1.500000000,2.000000000,13,19,1
2026-06-02T23:32:25,1780327210.863848925,r1,pipe_track_deduplication,pipe_like,rejected,young_mature_policy,track,32,9,weak_tracked,3,55,1.062085798,0.191145658,nan,nan,nan,2.454894659,0.131784949,0.003345918,0.952031245,0.000000000,nan,nan,nan,nan,nan,nan,nan,nan,14.000000000,0.170000000,0.030000000,0.200000000,0.250000000,nan,nan,nan,nan,1.500000000,2.000000000,13,19,1
2026-06-02T23:32:25,1780327210.863848925,r1,track_association,wall_like,accepted,selected_best_match,detection,0,2,confirmed,139,0,0.348080233,0.220304153,1.268755730,0.034815315,0.000000000,nan,nan,nan,nan,nan,nan,nan,nan,nan,8.000000000,0.300000000,1.800000000,3.000000000,nan,nan,nan,nan,nan,nan,nan,nan,nan,1.500000000,2.000000000,1073,834,0
2026-06-02T23:32:25,1780327210.863848925,r1,pipe_track_deduplication,pipe_like,rejected,young_mature_policy,track,32,9,weak_tracked,3,55,1.062085798,0.191145658,nan,nan,nan,2.454894659,0.131784949,0.003345918,0.952031245,0.000000000,nan,nan,nan,nan,nan,nan,nan,nan,14.000000000,0.170000000,0.030000000,0.200000000,0.250000000,nan,nan,nan,nan,1.500000000,2.000000000,13,19,1
2026-06-02T23:32:25,1780327211.064848900,r1,pipe_track_deduplication,pipe_like,rejected,young_mature_policy,track,32,9,weak_tracked,3,56,1.062085798,0.191145658,nan,nan,nan,2.454894659,0.131784949,0.003345918,0.952031245,0.000000000,nan,nan,nan,nan,nan,nan,nan,nan,14.000000000,0.170000000,0.030000000,0.200000000,0.250000000,nan,nan,nan,nan,1.500000000,2.000000000,13,19,1
2026-06-02T23:32:25,1780327211.064848900,r1,track_association,wall_like,accepted,selected_best_match,detection,0,2,confirmed,140,0,0.192245291,0.099415383,0.875385994,0.014905074,0.000000000,nan,nan,nan,nan,nan,nan,nan,nan,nan,8.000000000,0.300000000,1.800000000,3.000000000,nan,nan,nan,nan,nan,nan,nan,nan,nan,1.500000000,2.000000000,1554,1073,0
2026-06-02T23:32:25,1780327211.064848900,r1,track_association,pillar_like,accepted,selected_best_match,detection,2,24,stale,9,20,0.785440033,0.453198764,nan,nan,nan,nan,nan,nan,nan,nan,0.282905437,0.861903711,0.224959135,0.162729621,nan,nan,nan,nan,nan,nan,nan,nan,nan,0.800000000,0.300000000,0.800000000,0.600000000,1.500000000,2.000000000,92,133,0
2026-06-02T23:32:25,1780327211.064848900,r1,pipe_track_deduplication,pipe_like,rejected,young_mature_policy,track,32,9,weak_tracked,3,56,1.062085798,0.191145658,nan,nan,nan,2.454894659,0.131784949,0.003345918,0.952031245,0.000000000,nan,nan,nan,nan,nan,nan,nan,nan,14.000000000,0.170000000,0.030000000,0.200000000,0.250000000,nan,nan,nan,nan,1.500000000,2.000000000,13,19,1
2026-06-02T23:32:26,1780327211.262848854,r1,pipe_track_deduplication,pipe_like,rejected,young_mature_policy,track,32,9,weak_tracked,3,57,1.062085798,0.191145658,nan,nan,nan,2.454894659,0.131784949,0.003345918,0.952031245,0.000000000,nan,nan,nan,nan,nan,nan,nan,nan,14.000000000,0.170000000,0.030000000,0.200000000,0.250000000,nan,nan,nan,nan,1.500000000,2.000000000,13,19,1
2026-06-02T23:32:26,1780327211.262848854,r1,track_association,wall_like,accepted,selected_best_match,detection,0,2,confirmed,141,0,0.518409149,0.670197451,1.446102990,0.034274138,0.000000000,nan,nan,nan,nan,nan,nan,nan,nan,nan,8.000000000,0.300000000,1.800000000,3.000000000,nan,nan,nan,nan,nan,nan,nan,nan,nan,1.500000000,2.000000000,1353,1554,0
2026-06-02T23:32:26,1780327211.262848854,r1,track_association,pillar_like,accepted,selected_best_match,detection,2,24,weak_tracked,10,0,0.778720120,0.380121827,nan,nan,nan,nan,nan,nan,nan,nan,0.302035745,0.894040239,0.043206215,0.038620949,nan,nan,nan,nan,nan,nan,nan,nan,nan,0.500000000,0.300000000,0.800000000,0.600000000,1.500000000,2.000000000,102,92,0
2026-06-02T23:32:26,1780327211.262848854,r1,pipe_track_deduplication,pipe_like,rejected,young_mature_policy,track,32,9,weak_tracked,3,57,1.062085798,0.191145658,nan,nan,nan,2.454894659,0.131784949,0.003345918,0.952031245,0.000000000,nan,nan,nan,nan,nan,nan,nan,nan,14.000000000,0.170000000,0.030000000,0.200000000,0.250000000,nan,nan,nan,nan,1.500000000,2.000000000,13,19,1
2026-06-02T23:32:26,1780327211.463849068,r1,pipe_track_deduplication,pipe_like,rejected,young_mature_policy,track,32,9,weak_tracked,3,58,1.062085798,0.191145658,nan,nan,nan,2.454894659,0.131784949,0.003345918,0.952031245,0.000000000,nan,nan,nan,nan,nan,nan,nan,nan,14.000000000,0.170000000,0.030000000,0.200000000,0.250000000,nan,nan,nan,nan,1.500000000,2.000000000,13,19,1
2026-06-02T23:32:26,1780327211.463849068,r1,track_association,wall_like,accepted,selected_best_match,detection,0,38,candidate,1,36,1.936989601,1.089745624,6.867464650,0.214592394,0.000000000,nan,nan,nan,nan,nan,nan,nan,nan,nan,8.000000000,0.300000000,1.800000000,3.000000000,nan,nan,nan,nan,nan,nan,nan,nan,nan,1.500000000,2.000000000,265,96,0
2026-06-02T23:32:26,1780327211.463849068,r1,track_association,wall_like,rejected,normal_angle,detection,0,2,confirmed,142,0,nan,0.682908223,9.746415627,0.146966226,0.000000000,nan,nan,nan,nan,nan,nan,nan,nan,nan,8.000000000,0.300000000,1.800000000,3.000000000,nan,nan,nan,nan,nan,nan,nan,nan,nan,1.500000000,2.000000000,265,1353,0
2026-06-02T23:32:26,1780327211.463849068,r1,track_association,wall_like,accepted,selected_best_match,detection,1,2,confirmed,142,0,0.414608317,0.762301133,0.437824909,0.031733948,0.000000000,nan,nan,nan,nan,nan,nan,nan,nan,nan,8.000000000,0.300000000,1.800000000,3.000000000,nan,nan,nan,nan,nan,nan,nan,nan,nan,1.500000000,2.000000000,959,1353,0
2026-06-02T23:32:26,1780327211.463849068,r1,track_association,wall_like,accepted,selected_best_match,detection,5,43,candidate,1,22,0.501903260,0.522199677,2.468019735,0.005800270,0.000000000,nan,nan,nan,nan,nan,nan,nan,nan,nan,8.000000000,0.300000000,1.800000000,3.000000000,nan,nan,nan,nan,nan,nan,nan,nan,nan,1.500000000,2.000000000,347,330,0
2026-06-02T23:32:26,1780327211.463849068,r1,pipe_track_deduplication,pipe_like,rejected,young_mature_policy,track,32,9,weak_tracked,3,58,1.062085798,0.191145658,nan,nan,nan,2.454894659,0.131784949,0.003345918,0.952031245,0.000000000,nan,nan,nan,nan,nan,nan,nan,nan,14.000000000,0.170000000,0.030000000,0.200000000,0.250000000,nan,nan,nan,nan,1.500000000,2.000000000,13,19,1
2026-06-02T23:32:26,1780327211.664844036,r1,pipe_track_deduplication,pipe_like,rejected,young_mature_policy,track,32,9,weak_tracked,3,59,1.062085798,0.191145658,nan,nan,nan,2.454894659,0.131784949,0.003345918,0.952031245,0.000000000,nan,nan,nan,nan,nan,nan,nan,nan,14.000000000,0.170000000,0.030000000,0.200000000,0.250000000,nan,nan,nan,nan,1.500000000,2.000000000,13,19,1
2026-06-02T23:32:26,1780327211.664844036,r1,track_association,wall_like,accepted,selected_best_match,detection,0,2,confirmed,143,0,0.236974202,0.142003416,0.895847763,0.023297628,0.000000000,nan,nan,nan,nan,nan,nan,nan,nan,nan,8.000000000,0.300000000,1.800000000,3.000000000,nan,nan,nan,nan,nan,nan,nan,nan,nan,1.500000000,2.000000000,1345,959,0
2026-06-02T23:32:26,1780327211.664844036,r1,track_association,wall_like,accepted,selected_best_match,detection,2,43,weak_tracked,2,0,1.485596748,1.091160086,4.556232247,0.165704307,0.000000000,nan,nan,nan,nan,nan,nan,nan,nan,nan,8.000000000,0.300000000,1.800000000,3.000000000,nan,nan,nan,nan,nan,nan,nan,nan,nan,1.500000000,2.000000000,114,347,0
2026-06-02T23:32:26,1780327211.664844036,r1,pipe_track_deduplication,pipe_like,rejected,young_mature_policy,track,32,9,weak_tracked,3,59,1.062085798,0.191145658,nan,nan,nan,2.454894659,0.131784949,0.003345918,0.952031245,0.000000000,nan,nan,nan,nan,nan,nan,nan,nan,14.000000000,0.170000000,0.030000000,0.200000000,0.250000000,nan,nan,nan,nan,1.500000000,2.000000000,13,19,1
2026-06-02T23:32:26,1780327211.844843864,r1,pipe_track_deduplication,pipe_like,rejected,young_mature_policy,track,32,9,weak_tracked,3,60,1.062085798,0.191145658,nan,nan,nan,2.454894659,0.131784949,0.003345918,0.952031245,0.000000000,nan,nan,nan,nan,nan,nan,nan,nan,14.000000000,0.170000000,0.030000000,0.200000000,0.250000000,nan,nan,nan,nan,1.500000000,2.000000000,13,19,1
2026-06-02T23:32:26,1780327211.844843864,r1,track_association,wall_like,accepted,selected_best_match,detection,0,2,confirmed,144,0,0.391732291,0.485351453,0.811371996,0.038558092,0.000000000,nan,nan,nan,nan,nan,nan,nan,nan,nan,8.000000000,0.300000000,1.800000000,3.000000000,nan,nan,nan,nan,nan,nan,nan,nan,nan,1.500000000,2.000000000,1406,1345,0
2026-06-02T23:32:26,1780327211.844843864,r1,pipe_track_deduplication,pipe_like,rejected,young_mature_policy,track,32,9,weak_tracked,3,60,1.062085798,0.191145658,nan,nan,nan,2.454894659,0.131784949,0.003345918,0.952031245,0.000000000,nan,nan,nan,nan,nan,nan,nan,nan,14.000000000,0.170000000,0.030000000,0.200000000,0.250000000,nan,nan,nan,nan,1.500000000,2.000000000,13,19,1
2026-06-02T23:32:26,1780327212.063843966,r1,track_association,wall_like,accepted,selected_best_match,detection,0,2,confirmed,145,0,0.433685841,0.301351759,1.357991167,0.049045908,0.000000000,nan,nan,nan,nan,nan,nan,nan,nan,nan,8.000000000,0.300000000,1.800000000,3.000000000,nan,nan,nan,nan,nan,nan,nan,nan,nan,1.500000000,2.000000000,1261,1406,0
2026-06-02T23:32:27,1780327212.261843920,r1,track_association,wall_like,accepted,selected_best_match,detection,0,2,confirmed,146,0,0.416290062,0.346021147,1.233406361,0.044032165,0.000000000,nan,nan,nan,nan,nan,nan,nan,nan,nan,8.000000000,0.300000000,1.800000000,3.000000000,nan,nan,nan,nan,nan,nan,nan,nan,nan,1.500000000,2.000000000,1366,1261,0
2026-06-02T23:32:27,1780327212.261843920,r1,track_association,wall_like,accepted,selected_best_match,detection,2,43,weak_tracked,3,2,0.612279466,1.087322938,1.167813079,0.031158556,0.000000000,nan,nan,nan,nan,nan,nan,nan,nan,nan,8.000000000,0.300000000,1.800000000,3.000000000,nan,nan,nan,nan,nan,nan,nan,nan,nan,1.500000000,2.000000000,347,114,0
2026-06-02T23:32:27,1780327212.261843920,r1,track_association,wall_like,rejected,plane_offset,detection,2,49,candidate,1,2,nan,2.822066858,1.377203732,0.314548056,0.000000000,nan,nan,nan,nan,nan,nan,nan,nan,nan,8.000000000,0.300000000,1.800000000,3.000000000,nan,nan,nan,nan,nan,nan,nan,nan,nan,1.500000000,2.000000000,347,54,0
2026-06-02T23:32:27,1780327212.462844133,r1,track_association,wall_like,accepted,selected_best_match,detection,0,2,confirmed,147,0,0.704273136,1.617585024,0.832041256,0.018321891,0.000000000,nan,nan,nan,nan,nan,nan,nan,nan,nan,8.000000000,0.300000000,1.800000000,3.000000000,nan,nan,nan,nan,nan,nan,nan,nan,nan,1.500000000,2.000000000,893,1366,0
2026-06-02T23:32:27,1780327212.462844133,r1,track_association,pillar_like,accepted,selected_best_match,detection,1,24,stale,11,5,0.815567156,0.397293861,nan,nan,nan,nan,nan,nan,nan,nan,0.070626319,0.850267664,0.253760815,0.331305504,nan,nan,nan,nan,nan,nan,nan,nan,nan,0.800000000,0.300000000,0.800000000,0.600000000,1.500000000,2.000000000,82,102,0
2026-06-02T23:32:27,1780327212.462844133,r1,track_association,pillar_like,accepted,selected_best_match,detection,2,44,stale,6,15,0.377292161,0.129598581,nan,nan,nan,nan,nan,nan,nan,nan,0.089548190,0.976701462,0.110045552,0.138632298,nan,nan,nan,nan,nan,nan,nan,nan,nan,0.800000000,0.300000000,0.800000000,0.600000000,1.500000000,2.000000000,59,101,0
2026-06-02T23:32:27,1780327212.660839081,r1,track_association,wall_like,accepted,selected_best_match,detection,0,2,confirmed,148,0,0.245231780,0.213443388,0.843486794,0.020594440,0.000000000,nan,nan,nan,nan,nan,nan,nan,nan,nan,8.000000000,0.300000000,1.800000000,3.000000000,nan,nan,nan,nan,nan,nan,nan,nan,nan,1.500000000,2.000000000,896,893,0
2026-06-02T23:32:27,1780327212.660839081,r1,track_association,pillar_like,accepted,selected_best_match,detection,1,24,weak_tracked,12,0,0.356379666,0.337752700,nan,nan,nan,nan,nan,nan,nan,nan,0.069240170,0.817130951,0.025383949,0.019495130,nan,nan,nan,nan,nan,nan,nan,nan,nan,0.500000000,0.300000000,0.800000000,0.600000000,1.500000000,2.000000000,72,82,0
2026-06-02T23:32:27,1780327212.864839077,r1,track_association,wall_like,accepted,selected_best_match,detection,0,2,confirmed,149,0,0.480285467,0.708484976,0.982635578,0.036388308,0.000000000,nan,nan,nan,nan,nan,nan,nan,nan,nan,8.000000000,0.300000000,1.800000000,3.000000000,nan,nan,nan,nan,nan,nan,nan,nan,nan,1.500000000,2.000000000,1334,896,0
2026-06-02T23:32:27,1780327212.864839077,r1,track_association,wall_like,accepted,selected_best_match,detection,2,43,weak_tracked,4,2,1.247311472,1.650616883,5.159216249,0.015661144,0.000000000,nan,nan,nan,nan,nan,nan,nan,nan,nan,8.000000000,0.300000000,1.800000000,3.000000000,nan,nan,nan,nan,nan,nan,nan,nan,nan,1.500000000,2.000000000,214,347,0
2026-06-02T23:32:27,1780327212.864839077,r1,track_association,wall_like,rejected,plane_offset,detection,2,49,candidate,1,5,nan,1.977403007,5.115270979,0.358282708,0.000000000,nan,nan,nan,nan,nan,nan,nan,nan,nan,8.000000000,0.300000000,1.800000000,3.000000000,nan,nan,nan,nan,nan,nan,nan,nan,nan,1.500000000,2.000000000,214,54,0
2026-06-02T23:32:27,1780327212.864839077,r1,track_association,pillar_like,accepted,selected_best_match,detection,3,24,confirmed,13,0,0.433258675,0.074725692,nan,nan,nan,nan,nan,nan,nan,nan,0.074581845,1.000000000,0.503253698,0.140261769,nan,nan,nan,nan,nan,nan,nan,nan,nan,0.500000000,0.300000000,0.800000000,0.600000000,1.500000000,2.000000000,102,72,0
2026-06-02T23:32:28,1780327213.101839066,r1,track_association,wall_like,accepted,selected_best_match,detection,0,2,confirmed,150,0,0.333200548,0.717622472,0.342299421,0.015361689,0.000000000,nan,nan,nan,nan,nan,nan,nan,nan,nan,8.000000000,0.300000000,1.800000000,3.000000000,nan,nan,nan,nan,nan,nan,nan,nan,nan,1.500000000,2.000000000,1017,1334,0
2026-06-02T23:32:28,1780327213.266839027,r1,track_association,wall_like,accepted,selected_best_match,detection,0,2,confirmed,151,0,0.320157956,0.543298869,0.393478700,0.026962049,0.000000000,nan,nan,nan,nan,nan,nan,nan,nan,nan,8.000000000,0.300000000,1.800000000,3.000000000,nan,nan,nan,nan,nan,nan,nan,nan,nan,1.500000000,2.000000000,1299,1017,0
2026-06-02T23:32:28,1780327213.266839027,r1,track_association,pillar_like,accepted,selected_best_match,detection,2,24,confirmed,14,1,0.346005515,0.113176303,nan,nan,nan,nan,nan,nan,nan,nan,0.096113040,1.000000000,0.324208021,0.072815180,nan,nan,nan,nan,nan,nan,nan,nan,nan,0.500000000,0.300000000,0.800000000,0.600000000,1.500000000,2.000000000,90,102,0
2026-06-02T23:32:28,1780327213.464838743,r1,track_association,wall_like,accepted,selected_best_match,detection,0,2,confirmed,152,0,0.380236711,0.244897939,1.247457775,0.042801553,0.000000000,nan,nan,nan,nan,nan,nan,nan,nan,nan,8.000000000,0.300000000,1.800000000,3.000000000,nan,nan,nan,nan,nan,nan,nan,nan,nan,1.500000000,2.000000000,1311,1299,0
2026-06-02T23:32:28,1780327213.464838743,r1,track_association,wall_like,rejected,plane_offset,detection,2,49,candidate,1,8,nan,2.958831465,6.867189692,0.317082672,0.332773289,nan,nan,nan,nan,nan,nan,nan,nan,nan,8.000000000,0.300000000,1.800000000,3.000000000,nan,nan,nan,nan,nan,nan,nan,nan,nan,1.500000000,2.000000000,213,54,0
2026-06-02T23:32:28,1780327213.464838743,r1,track_association,wall_like,rejected,normal_angle,detection,2,43,weak_tracked,5,2,nan,0.393348657,8.108582620,0.029581358,0.000000000,nan,nan,nan,nan,nan,nan,nan,nan,nan,8.000000000,0.300000000,1.800000000,3.000000000,nan,nan,nan,nan,nan,nan,nan,nan,nan,1.500000000,2.000000000,213,214,0
2026-06-02T23:32:28,1780327213.464838743,r1,track_association,pillar_like,accepted,selected_best_match,detection,4,24,confirmed,15,0,0.492905811,0.365253444,nan,nan,nan,nan,nan,nan,nan,nan,0.185405816,1.000000000,0.663233042,0.033462524,nan,nan,nan,nan,nan,nan,nan,nan,nan,0.500000000,0.300000000,0.800000000,0.600000000,1.500000000,2.000000000,79,90,0
2026-06-02T23:32:28,1780327213.662833929,r1,track_association,wall_like,accepted,selected_best_match,detection,0,2,confirmed,153,0,0.146653668,0.087425681,0.431745202,0.019063087,0.000000000,nan,nan,nan,nan,nan,nan,nan,nan,nan,8.000000000,0.300000000,1.800000000,3.000000000,nan,nan,nan,nan,nan,nan,nan,nan,nan,1.500000000,2.000000000,1343,1311,0
2026-06-02T23:32:28,1780327213.866833925,r1,track_association,wall_like,accepted,selected_best_match,detection,0,2,confirmed,154,0,0.183187731,0.123043977,0.552150629,0.021946273,0.000000000,nan,nan,nan,nan,nan,nan,nan,nan,nan,8.000000000,0.300000000,1.800000000,3.000000000,nan,nan,nan,nan,nan,nan,nan,nan,nan,1.500000000,2.000000000,1283,1343,0
2026-06-02T23:32:28,1780327214.067833900,r1,track_association,wall_like,accepted,selected_best_match,detection,0,2,confirmed,155,0,0.076601916,0.155546243,0.126048851,0.002699118,0.000000000,nan,nan,nan,nan,nan,nan,nan,nan,nan,8.000000000,0.300000000,1.800000000,3.000000000,nan,nan,nan,nan,nan,nan,nan,nan,nan,1.500000000,2.000000000,1283,1283,0
2026-06-02T23:32:28,1780327214.067833900,r1,track_association,pillar_like,accepted,selected_best_match,detection,2,24,confirmed,16,2,0.294063357,0.290324024,nan,nan,nan,nan,nan,nan,nan,nan,0.051554931,0.858562603,0.033232927,0.027715683,nan,nan,nan,nan,nan,nan,nan,nan,nan,0.500000000,0.300000000,0.800000000,0.600000000,1.500000000,2.000000000,84,79,0
2026-06-02T23:32:29,1780327214.265834093,r1,track_association,wall_like,accepted,selected_best_match,detection,0,43,weak_tracked,5,6,0.514654012,0.616120967,1.262970572,0.045422710,0.000000000,nan,nan,nan,nan,nan,nan,nan,nan,nan,8.000000000,0.300000000,1.800000000,3.000000000,nan,nan,nan,nan,nan,nan,nan,nan,nan,1.500000000,2.000000000,442,214,0
2026-06-02T23:32:29,1780327214.265834093,r1,track_association,wall_like,rejected,plane_offset,detection,0,49,candidate,1,12,nan,2.629565277,1.233486397,0.376000862,0.000000000,nan,nan,nan,nan,nan,nan,nan,nan,nan,8.000000000,0.300000000,1.800000000,3.000000000,nan,nan,nan,nan,nan,nan,nan,nan,nan,1.500000000,2.000000000,442,54,0
2026-06-02T23:32:29,1780327214.265834093,r1,track_association,wall_like,accepted,selected_best_match,detection,1,2,confirmed,156,0,0.152123865,0.311577854,0.261224679,0.004683449,0.000000000,nan,nan,nan,nan,nan,nan,nan,nan,nan,8.000000000,0.300000000,1.800000000,3.000000000,nan,nan,nan,nan,nan,nan,nan,nan,nan,1.500000000,2.000000000,1281,1283,0
2026-06-02T23:32:29,1780327214.265834093,r1,track_association,pillar_like,accepted,selected_best_match,detection,3,24,weak_tracked,17,0,0.194141206,0.137779682,nan,nan,nan,nan,nan,nan,nan,nan,0.066711442,0.950430846,0.049192905,0.003737926,nan,nan,nan,nan,nan,nan,nan,nan,nan,0.500000000,0.300000000,0.800000000,0.600000000,1.500000000,2.000000000,75,84,0
2026-06-02T23:32:29,1780327214.466834068,r1,track_association,wall_like,accepted,selected_best_match,detection,0,2,confirmed,157,0,0.133832956,0.203598869,0.157582308,0.013880663,0.000000000,nan,nan,nan,nan,nan,nan,nan,nan,nan,8.000000000,0.300000000,1.800000000,3.000000000,nan,nan,nan,nan,nan,nan,nan,nan,nan,1.500000000,2.000000000,1239,1281,0
2026-06-02T23:32:29,1780327214.466834068,r1,track_association,pillar_like,accepted,selected_best_match,detection,2,44,stale,7,9,0.233420328,0.049755730,nan,nan,nan,nan,nan,nan,nan,nan,0.032415415,1.000000000,0.189453006,0.104373455,nan,nan,nan,nan,nan,nan,nan,nan,nan,0.800000000,0.300000000,0.800000000,0.600000000,1.500000000,2.000000000,74,59,0
2026-06-02T23:32:29,1780327214.661828995,r1,track_association,wall_like,accepted,selected_best_match,detection,0,2,confirmed,158,0,0.052811292,0.048422336,0.146536479,0.005506036,0.000000000,nan,nan,nan,nan,nan,nan,nan,nan,nan,8.000000000,0.300000000,1.800000000,3.000000000,nan,nan,nan,nan,nan,nan,nan,nan,nan,1.500000000,2.000000000,1247,1239,0
2026-06-02T23:32:29,1780327214.661828995,r1,track_association,wall_like,accepted,selected_best_match,detection,2,43,confirmed,6,1,0.463748355,0.536803751,1.080240932,0.044935096,0.000000000,nan,nan,nan,nan,nan,nan,nan,nan,nan,8.000000000,0.300000000,1.800000000,3.000000000,nan,nan,nan,nan,nan,nan,nan,nan,nan,1.500000000,2.000000000,325,442,0
2026-06-02T23:32:29,1780327214.661828995,r1,track_association,wall_like,rejected,normal_angle,detection,2,50,candidate,1,5,nan,0.402031348,8.387863262,0.030827271,0.000000000,nan,nan,nan,nan,nan,nan,nan,nan,nan,8.000000000,0.300000000,1.800000000,3.000000000,nan,nan,nan,nan,nan,nan,nan,nan,nan,1.500000000,2.000000000,325,213,0
2026-06-02T23:32:29,1780327214.661828995,r1,track_association,wall_like,rejected,plane_offset,detection,2,49,candidate,1,14,nan,2.568242821,1.685550439,0.391286704,0.000000000,nan,nan,nan,nan,nan,nan,nan,nan,nan,8.000000000,0.300000000,1.800000000,3.000000000,nan,nan,nan,nan,nan,nan,nan,nan,nan,1.500000000,2.000000000,325,54,0
2026-06-02T23:32:29,1780327214.661828995,r1,track_association,pillar_like,accepted,selected_best_match,detection,3,24,confirmed,18,1,0.137602764,0.053404890,nan,nan,nan,nan,nan,nan,nan,nan,0.052226773,1.000000000,0.280422926,0.003064156,nan,nan,nan,nan,nan,nan,nan,nan,nan,0.500000000,0.300000000,0.800000000,0.600000000,1.500000000,2.000000000,88,75,0
2026-06-02T23:32:29,1780327214.661828995,r1,track_association,pillar_like,accepted,selected_best_match,detection,4,44,confirmed,8,0,0.184400238,0.170080237,nan,nan,nan,nan,nan,nan,nan,nan,0.022964737,0.924072938,0.056284189,0.034149170,nan,nan,nan,nan,nan,nan,nan,nan,nan,0.500000000,0.300000000,0.800000000,0.600000000,1.500000000,2.000000000,83,74,0
2026-06-02T23:32:29,1780327214.865828991,r1,track_association,wall_like,accepted,selected_best_match,detection,0,2,confirmed,159,0,0.419174667,0.788847101,0.423100622,0.031001417,0.000000000,nan,nan,nan,nan,nan,nan,nan,nan,nan,8.000000000,0.300000000,1.800000000,3.000000000,nan,nan,nan,nan,nan,nan,nan,nan,nan,1.500000000,2.000000000,939,1247,0
2026-06-02T23:32:29,1780327214.865828991,r1,track_association,pillar_like,accepted,selected_best_match,detection,1,44,confirmed,9,0,0.347994068,0.088810805,nan,nan,nan,nan,nan,nan,nan,nan,0.088232332,1.000000000,0.027274609,0.101281166,nan,nan,nan,nan,nan,nan,nan,nan,nan,0.500000000,0.300000000,0.800000000,0.600000000,1.500000000,2.000000000,79,83,0
2026-06-02T23:32:29,1780327215.087829113,r1,track_association,wall_like,accepted,selected_best_match,detection,0,2,confirmed,160,0,0.269258190,0.572994724,0.225544490,0.015020066,0.000000000,nan,nan,nan,nan,nan,nan,nan,nan,nan,8.000000000,0.300000000,1.800000000,3.000000000,nan,nan,nan,nan,nan,nan,nan,nan,nan,1.500000000,2.000000000,1060,939,0
2026-06-02T23:32:30,1780327215.264828920,r1,track_association,wall_like,accepted,selected_best_match,detection,0,2,confirmed,161,0,0.165719153,0.400693210,0.135178048,0.004577248,0.000000000,nan,nan,nan,nan,nan,nan,nan,nan,nan,8.000000000,0.300000000,1.800000000,3.000000000,nan,nan,nan,nan,nan,nan,nan,nan,nan,1.500000000,2.000000000,874,1060,0
2026-06-02T23:32:30,1780327215.264828920,r1,track_association,pillar_like,accepted,selected_best_match,detection,1,44,confirmed,10,1,0.082439025,0.223748149,nan,nan,nan,nan,nan,nan,nan,nan,0.008017712,0.977259417,0.359318972,0.004638672,nan,nan,nan,nan,nan,nan,nan,nan,nan,0.500000000,0.300000000,0.800000000,0.600000000,1.500000000,2.000000000,91,79,0
2026-06-02T23:32:30,1780327215.483829021,r1,track_association,wall_like,accepted,selected_best_match,detection,0,2,confirmed,162,0,0.325510393,0.311235042,0.840437116,0.035013222,0.000000000,nan,nan,nan,nan,nan,nan,nan,nan,nan,8.000000000,0.300000000,1.800000000,3.000000000,nan,nan,nan,nan,nan,nan,nan,nan,nan,1.500000000,2.000000000,1110,874,0
2026-06-02T23:32:30,1780327215.483829021,r1,track_association,pillar_like,accepted,selected_best_match,detection,2,44,confirmed,11,0,0.139365646,0.050085861,nan,nan,nan,nan,nan,nan,nan,nan,0.044864117,1.000000000,0.251589775,0.014687061,nan,nan,nan,nan,nan,nan,nan,nan,nan,0.500000000,0.300000000,0.800000000,0.600000000,1.500000000,2.000000000,106,91,0
2026-06-02T23:32:30,1780327215.663824081,r1,track_association,wall_like,accepted,selected_best_match,detection,0,43,stale,7,4,0.259288597,0.256931441,0.771275069,0.023170620,0.000000000,nan,nan,nan,nan,nan,nan,nan,nan,nan,8.000000000,0.300000000,1.800000000,3.000000000,nan,nan,nan,nan,nan,nan,nan,nan,nan,1.500000000,2.000000000,403,325,0
2026-06-02T23:32:30,1780327215.663824081,r1,track_association,wall_like,rejected,plane_offset,detection,0,49,candidate,1,19,nan,2.672105691,1.052555598,0.374075740,0.000000000,nan,nan,nan,nan,nan,nan,nan,nan,nan,8.000000000,0.300000000,1.800000000,3.000000000,nan,nan,nan,nan,nan,nan,nan,nan,nan,1.500000000,2.000000000,403,54,0
2026-06-02T23:32:30,1780327215.663824081,r1,track_association,wall_like,accepted,selected_best_match,detection,2,2,confirmed,163,0,0.174929478,0.194376250,0.307365346,0.021515018,0.000000000,nan,nan,nan,nan,nan,nan,nan,nan,nan,8.000000000,0.300000000,1.800000000,3.000000000,nan,nan,nan,nan,nan,nan,nan,nan,nan,1.500000000,2.000000000,1027,1110,0
2026-06-02T23:32:30,1780327215.864824057,r1,track_association,wall_like,accepted,selected_best_match,detection,0,2,confirmed,164,0,0.179236593,0.096333390,0.540154191,0.023881857,0.000000000,nan,nan,nan,nan,nan,nan,nan,nan,nan,8.000000000,0.300000000,1.800000000,3.000000000,nan,nan,nan,nan,nan,nan,nan,nan,nan,1.500000000,2.000000000,994,1027,0
2026-06-02T23:32:30,1780327215.864824057,r1,track_association,wall_like,accepted,selected_best_match,detection,1,43,confirmed,8,0,0.253527876,0.190063991,1.331524453,0.007119797,0.000000000,nan,nan,nan,nan,nan,nan,nan,nan,nan,8.000000000,0.300000000,1.800000000,3.000000000,nan,nan,nan,nan,nan,nan,nan,nan,nan,1.500000000,2.000000000,282,403,0
2026-06-02T23:32:30,1780327215.864824057,r1,track_association,wall_like,rejected,plane_offset,detection,1,49,candidate,1,20,nan,2.667835349,0.168637273,0.320875338,0.000000000,nan,nan,nan,nan,nan,nan,nan,nan,nan,8.000000000,0.300000000,1.800000000,3.000000000,nan,nan,nan,nan,nan,nan,nan,nan,nan,1.500000000,2.000000000,282,54,0
2026-06-02T23:32:30,1780327216.065824032,r1,track_association,wall_like,accepted,selected_best_match,detection,0,2,confirmed,165,0,0.961299978,1.261496347,2.480222600,0.069232011,0.000000000,nan,nan,nan,nan,nan,nan,nan,nan,nan,8.000000000,0.300000000,1.800000000,3.000000000,nan,nan,nan,nan,nan,nan,nan,nan,nan,1.500000000,2.000000000,370,994,0
2026-06-02T23:32:31,1780327216.263823986,r1,track_association,wall_like,accepted,selected_best_match,detection,0,2,confirmed,166,0,0.266077368,0.360181560,0.728911572,0.016470871,0.000000000,nan,nan,nan,nan,nan,nan,nan,nan,nan,8.000000000,0.300000000,1.800000000,3.000000000,nan,nan,nan,nan,nan,nan,nan,nan,nan,1.500000000,2.000000000,965,370,0
2026-06-02T23:32:31,1780327216.263823986,r1,track_association,wall_like,accepted,selected_best_match,detection,1,43,confirmed,9,1,0.536508379,0.930109972,1.712888879,0.003708184,0.000000000,nan,nan,nan,nan,nan,nan,nan,nan,nan,8.000000000,0.300000000,1.800000000,3.000000000,nan,nan,nan,nan,nan,nan,nan,nan,nan,1.500000000,2.000000000,245,282,0
2026-06-02T23:32:31,1780327216.263823986,r1,track_association,wall_like,rejected,plane_offset,detection,1,49,candidate,1,22,nan,1.973775993,0.829608114,0.322844597,0.000000000,nan,nan,nan,nan,nan,nan,nan,nan,nan,8.000000000,0.300000000,1.800000000,3.000000000,nan,nan,nan,nan,nan,nan,nan,nan,nan,1.500000000,2.000000000,245,54,0
2026-06-02T23:32:31,1780327216.464823961,r1,track_association,wall_like,accepted,selected_best_match,detection,0,2,confirmed,167,0,0.242441479,0.481899617,0.384731673,0.010115044,0.000000000,nan,nan,nan,nan,nan,nan,nan,nan,nan,8.000000000,0.300000000,1.800000000,3.000000000,nan,nan,nan,nan,nan,nan,nan,nan,nan,1.500000000,2.000000000,987,965,0
2026-06-02T23:32:31,1780327216.464823961,r1,track_association,pillar_like,accepted,selected_best_match,detection,1,44,stale,12,4,0.305121309,0.122621015,nan,nan,nan,nan,nan,nan,nan,nan,0.090869788,0.995127972,0.139881849,0.103604317,nan,nan,nan,nan,nan,nan,nan,nan,nan,0.800000000,0.300000000,0.800000000,0.600000000,1.500000000,2.000000000,95,106,0
2026-06-02T23:32:31,1780327216.665818930,r1,track_association,wall_like,accepted,selected_best_match,detection,0,2,confirmed,168,0,0.179789656,0.296338606,0.490466502,0.005910542,0.000000000,nan,nan,nan,nan,nan,nan,nan,nan,nan,8.000000000,0.300000000,1.800000000,3.000000000,nan,nan,nan,nan,nan,nan,nan,nan,nan,1.500000000,2.000000000,960,987,0
2026-06-02T23:32:31,1780327216.665818930,r1,track_association,wall_like,accepted,selected_best_match,detection,1,43,confirmed,10,1,0.195570547,0.268628578,0.582232221,0.009974598,0.000000000,nan,nan,nan,nan,nan,nan,nan,nan,nan,8.000000000,0.300000000,1.800000000,3.000000000,nan,nan,nan,nan,nan,nan,nan,nan,nan,1.500000000,2.000000000,365,245,0
2026-06-02T23:32:31,1780327216.665818930,r1,track_association,wall_like,rejected,plane_offset,detection,1,49,candidate,1,24,nan,2.371702125,1.089219832,0.352743414,0.000000000,nan,nan,nan,nan,nan,nan,nan,nan,nan,8.000000000,0.300000000,1.800000000,3.000000000,nan,nan,nan,nan,nan,nan,nan,nan,nan,1.500000000,2.000000000,365,54,0
2026-06-02T23:32:31,1780327216.665818930,r1,track_association,pillar_like,accepted,selected_best_match,detection,3,44,confirmed,13,0,0.393339436,0.251260225,nan,nan,nan,nan,nan,nan,nan,nan,0.089593244,1.000000000,0.926961660,0.072874069,nan,nan,nan,nan,nan,nan,nan,nan,nan,0.500000000,0.300000000,0.800000000,0.600000000,1.500000000,2.000000000,69,95,0
2026-06-02T23:32:31,1780327216.884818792,r1,track_association,wall_like,accepted,selected_best_match,detection,0,38,weak_tracked,2,26,1.863982623,1.421104513,7.000325318,0.154572136,0.000000000,nan,nan,nan,nan,nan,nan,nan,nan,nan,8.000000000,0.300000000,1.800000000,3.000000000,nan,nan,nan,nan,nan,nan,nan,nan,nan,1.500000000,2.000000000,169,265,0
2026-06-02T23:32:31,1780327216.884818792,r1,track_association,wall_like,rejected,normal_angle,detection,0,2,confirmed,169,0,nan,2.084197935,9.814794795,0.224344225,0.000000000,nan,nan,nan,nan,nan,nan,nan,nan,nan,8.000000000,0.300000000,1.800000000,3.000000000,nan,nan,nan,nan,nan,nan,nan,nan,nan,1.500000000,2.000000000,169,960,0
2026-06-02T23:32:31,1780327216.884818792,r1,track_association,wall_like,accepted,selected_best_match,detection,1,2,confirmed,169,0,0.446071021,0.552398082,0.823840071,0.047687495,0.000000000,nan,nan,nan,nan,nan,nan,nan,nan,nan,8.000000000,0.300000000,1.800000000,3.000000000,nan,nan,nan,nan,nan,nan,nan,nan,nan,1.500000000,2.000000000,776,960,0
2026-06-02T23:32:31,1780327216.884818792,r1,track_association,wall_like,accepted,selected_best_match,detection,2,43,confirmed,11,0,0.371553934,0.130957114,0.969493995,0.062014444,0.000000000,nan,nan,nan,nan,nan,nan,nan,nan,nan,8.000000000,0.300000000,1.800000000,3.000000000,nan,nan,nan,nan,nan,nan,nan,nan,nan,1.500000000,2.000000000,368,365,0
2026-06-02T23:32:31,1780327216.884818792,r1,track_association,wall_like,rejected,plane_offset,detection,2,49,candidate,1,25,nan,2.432560758,0.964414243,0.429135479,0.000000000,nan,nan,nan,nan,nan,nan,nan,nan,nan,8.000000000,0.300000000,1.800000000,3.000000000,nan,nan,nan,nan,nan,nan,nan,nan,nan,1.500000000,2.000000000,368,54,0
2026-06-02T23:32:31,1780327216.884818792,r1,track_association,pillar_like,accepted,selected_best_match,detection,4,52,candidate,1,0,0.404977999,0.160294114,nan,nan,nan,nan,nan,nan,nan,nan,0.127482209,1.000000000,0.990929365,0.030552387,nan,nan,nan,nan,nan,nan,nan,nan,nan,0.500000000,0.300000000,0.800000000,0.600000000,1.500000000,2.000000000,84,51,0
2026-06-02T23:32:31,1780327216.884818792,r1,track_association,pillar_like,accepted,selected_best_match,detection,5,44,confirmed,14,0,0.380404940,0.212230589,nan,nan,nan,nan,nan,nan,nan,nan,0.038711640,0.940570254,0.208590269,0.133615732,nan,nan,nan,nan,nan,nan,nan,nan,nan,0.500000000,0.300000000,0.800000000,0.600000000,1.500000000,2.000000000,78,69,0
2026-06-02T23:32:31,1780327217.064819098,r1,track_association,wall_like,accepted,selected_best_match,detection,0,2,confirmed,170,0,0.475985918,0.333369616,1.371520223,0.058026806,0.000000000,nan,nan,nan,nan,nan,nan,nan,nan,nan,8.000000000,0.300000000,1.800000000,3.000000000,nan,nan,nan,nan,nan,nan,nan,nan,nan,1.500000000,2.000000000,983,776,0
2026-06-02T23:32:31,1780327217.064819098,r1,track_association,wall_like,accepted,selected_best_match,detection,1,43,confirmed,12,0,0.588065552,0.254983167,1.793445098,0.083667158,0.000000000,nan,nan,nan,nan,nan,nan,nan,nan,nan,8.000000000,0.300000000,1.800000000,3.000000000,nan,nan,nan,nan,nan,nan,nan,nan,nan,1.500000000,2.000000000,270,368,0
2026-06-02T23:32:31,1780327217.064819098,r1,track_association,pillar_like,accepted,selected_best_match,detection,3,44,confirmed,15,0,0.359307734,0.141901010,nan,nan,nan,nan,nan,nan,nan,nan,0.110953033,1.000000000,0.213939428,0.069604635,nan,nan,nan,nan,nan,nan,nan,nan,nan,0.500000000,0.300000000,0.800000000,0.600000000,1.500000000,2.000000000,91,78,0
2026-06-02T23:32:31,1780327217.064819098,r1,track_association,pillar_like,accepted,selected_best_match,detection,4,52,weak_tracked,2,0,0.416974612,0.249583621,nan,nan,nan,nan,nan,nan,nan,nan,0.163434674,1.000000000,0.756626606,0.008665562,nan,nan,nan,nan,nan,nan,nan,nan,nan,0.500000000,0.300000000,0.800000000,0.600000000,1.500000000,2.000000000,62,84,0
2026-06-02T23:32:32,1780327217.244818926,r1,track_association,wall_like,accepted,selected_best_match,detection,0,2,confirmed,171,0,0.921814138,0.761843562,2.611023926,0.102446488,0.000000000,nan,nan,nan,nan,nan,nan,nan,nan,nan,8.000000000,0.300000000,1.800000000,3.000000000,nan,nan,nan,nan,nan,nan,nan,nan,nan,1.500000000,2.000000000,685,983,0
2026-06-02T23:32:32,1780327217.466819048,r1,track_association,wall_like,accepted,selected_best_match,detection,0,2,confirmed,172,0,0.121014369,0.042096804,0.300411553,0.020829197,0.000000000,nan,nan,nan,nan,nan,nan,nan,nan,nan,8.000000000,0.300000000,1.800000000,3.000000000,nan,nan,nan,nan,nan,nan,nan,nan,nan,1.500000000,2.000000000,919,685,0
2026-06-02T23:32:32,1780327217.466819048,r1,track_association,pillar_like,accepted,selected_best_match,detection,1,52,confirmed,3,1,0.294751918,0.044946263,nan,nan,nan,nan,nan,nan,nan,nan,0.036905799,1.000000000,0.442252636,0.106029034,nan,nan,nan,nan,nan,nan,nan,nan,nan,0.500000000,0.300000000,0.800000000,0.600000000,1.500000000,2.000000000,82,62,0
2026-06-02T23:32:32,1780327217.664813995,r1,track_association,wall_like,accepted,selected_best_match,detection,0,2,confirmed,173,0,0.398485357,0.387133736,1.176449382,0.036715382,0.000000000,nan,nan,nan,nan,nan,nan,nan,nan,nan,8.000000000,0.300000000,1.800000000,3.000000000,nan,nan,nan,nan,nan,nan,nan,nan,nan,1.500000000,2.000000000,1027,919,0
2026-06-02T23:32:32,1780327217.664813995,r1,track_association,wall_like,accepted,selected_best_match,detection,1,43,confirmed,13,2,1.282527158,2.227564746,1.853550672,0.092493523,0.000000000,nan,nan,nan,nan,nan,nan,nan,nan,nan,8.000000000,0.300000000,1.800000000,3.000000000,nan,nan,nan,nan,nan,nan,nan,nan,nan,1.500000000,2.000000000,68,270,0
2026-06-02T23:32:32,1780327217.862813950,r1,track_association,wall_like,accepted,selected_best_match,detection,0,2,confirmed,174,0,0.202451110,0.043819709,0.827868334,0.025308300,0.000000000,nan,nan,nan,nan,nan,nan,nan,nan,nan,8.000000000,0.300000000,1.800000000,3.000000000,nan,nan,nan,nan,nan,nan,nan,nan,nan,1.500000000,2.000000000,838,1027,0
2026-06-02T23:32:32,1780327218.084814072,r1,track_association,wall_like,accepted,selected_best_match,detection,0,2,confirmed,175,0,0.234151146,0.227169608,0.754341249,0.019240586,0.000000000,nan,nan,nan,nan,nan,nan,nan,nan,nan,8.000000000,0.300000000,1.800000000,3.000000000,nan,nan,nan,nan,nan,nan,nan,nan,nan,1.500000000,2.000000000,1030,838,0
2026-06-02T23:32:33,1780327218.486813784,r1,track_association,wall_like,accepted,selected_best_match,detection,0,2,confirmed,176,1,0.725120999,1.176825177,1.818118414,0.031674342,0.000000000,nan,nan,nan,nan,nan,nan,nan,nan,nan,8.000000000,0.300000000,1.800000000,3.000000000,nan,nan,nan,nan,nan,nan,nan,nan,nan,1.500000000,2.000000000,486,1030,0
2026-06-02T23:32:33,1780327218.666809082,r1,track_association,wall_like,accepted,selected_best_match,detection,0,2,confirmed,177,0,0.213410837,0.349197440,0.637074467,0.005213214,0.000000000,nan,nan,nan,nan,nan,nan,nan,nan,nan,8.000000000,0.300000000,1.800000000,3.000000000,nan,nan,nan,nan,nan,nan,nan,nan,nan,1.500000000,2.000000000,779,486,0
2026-06-02T23:32:33,1780327218.666809082,r1,track_association,pillar_like,accepted,selected_best_match,detection,1,44,stale,16,7,0.277935675,0.411215012,nan,nan,nan,nan,nan,nan,nan,nan,0.108726850,0.915196327,0.510144234,0.003725410,nan,nan,nan,nan,nan,nan,nan,nan,nan,0.800000000,0.300000000,0.800000000,0.600000000,1.500000000,2.000000000,74,91,0
2026-06-02T23:32:33,1780327218.864808798,r1,track_association,wall_like,accepted,selected_best_match,detection,0,2,confirmed,178,0,0.217029045,0.342035549,0.687850332,0.005110771,0.000000000,nan,nan,nan,nan,nan,nan,nan,nan,nan,8.000000000,0.300000000,1.800000000,3.000000000,nan,nan,nan,nan,nan,nan,nan,nan,nan,1.500000000,2.000000000,734,779,0
2026-06-02T23:32:33,1780327218.864808798,r1,track_association,pillar_like,accepted,selected_best_match,detection,1,44,confirmed,17,0,0.176619600,0.063448529,nan,nan,nan,nan,nan,nan,nan,nan,0.038357373,1.000000000,0.416113138,0.034976125,nan,nan,nan,nan,nan,nan,nan,nan,nan,0.500000000,0.300000000,0.800000000,0.600000000,1.500000000,2.000000000,95,74,0
2026-06-02T23:32:33,1780327219.062808990,r1,track_association,wall_like,accepted,selected_best_match,detection,0,2,confirmed,179,0,0.097991739,0.118549866,0.455369252,0.000466188,0.000000000,nan,nan,nan,nan,nan,nan,nan,nan,nan,8.000000000,0.300000000,1.800000000,3.000000000,nan,nan,nan,nan,nan,nan,nan,nan,nan,1.500000000,2.000000000,884,734,0
2026-06-02T23:32:33,1780327219.062808990,r1,track_association,pillar_like,accepted,selected_best_match,detection,1,44,confirmed,18,0,0.159576559,0.286616475,nan,nan,nan,nan,nan,nan,nan,nan,0.016520136,0.950968912,0.407835722,0.022032976,nan,nan,nan,nan,nan,nan,nan,nan,nan,0.500000000,0.300000000,0.800000000,0.600000000,1.500000000,2.000000000,69,95,0
2026-06-02T23:32:34,1780327219.266808987,r1,track_association,wall_like,accepted,selected_best_match,detection,0,2,confirmed,180,0,0.105741736,0.046161381,0.335744987,0.014515946,0.000000000,nan,nan,nan,nan,nan,nan,nan,nan,nan,8.000000000,0.300000000,1.800000000,3.000000000,nan,nan,nan,nan,nan,nan,nan,nan,nan,1.500000000,2.000000000,861,884,0
2026-06-02T23:32:34,1780327219.485809088,r1,track_association,wall_like,accepted,selected_best_match,detection,0,2,confirmed,181,0,0.197229285,0.309285875,0.707016210,0.001727090,0.000000000,nan,nan,nan,nan,nan,nan,nan,nan,nan,8.000000000,0.300000000,1.800000000,3.000000000,nan,nan,nan,nan,nan,nan,nan,nan,nan,1.500000000,2.000000000,667,861,0
2026-06-02T23:32:34,1780327219.665808916,r1,track_association,wall_like,accepted,selected_best_match,detection,0,2,confirmed,182,0,0.847161836,1.497985001,2.236952285,0.020464340,0.000000000,nan,nan,nan,nan,nan,nan,nan,nan,nan,8.000000000,0.300000000,1.800000000,3.000000000,nan,nan,nan,nan,nan,nan,nan,nan,nan,1.500000000,2.000000000,416,667,0
2026-06-02T23:32:34,1780327219.665808916,r1,track_association,wall_like,rejected,normal_angle,detection,0,38,weak_tracked,3,13,nan,0.379609584,11.702748144,0.008935728,0.000000000,nan,nan,nan,nan,nan,nan,nan,nan,nan,8.000000000,0.300000000,1.800000000,3.000000000,nan,nan,nan,nan,nan,nan,nan,nan,nan,1.500000000,2.000000000,416,169,0
2026-06-02T23:32:34,1780327219.866809130,r1,track_association,wall_like,accepted,selected_best_match,detection,0,2,confirmed,183,0,0.440618431,0.688684645,1.330155332,0.013436240,0.000000000,nan,nan,nan,nan,nan,nan,nan,nan,nan,8.000000000,0.300000000,1.800000000,3.000000000,nan,nan,nan,nan,nan,nan,nan,nan,nan,1.500000000,2.000000000,592,416,0
2026-06-02T23:32:34,1780327220.064809084,r1,track_association,wall_like,accepted,selected_best_match,detection,0,2,confirmed,184,0,0.170139194,0.284152140,0.231535644,0.013943958,0.000000000,nan,nan,nan,nan,nan,nan,nan,nan,nan,8.000000000,0.300000000,1.800000000,3.000000000,nan,nan,nan,nan,nan,nan,nan,nan,nan,1.500000000,2.000000000,931,592,0
2026-06-02T23:32:34,1780327220.064809084,r1,track_association,pillar_like,accepted,selected_best_match,detection,1,44,stale,19,4,0.255724242,0.188924151,nan,nan,nan,nan,nan,nan,nan,nan,0.115183663,0.984369082,0.247075796,0.042843699,nan,nan,nan,nan,nan,nan,nan,nan,nan,0.800000000,0.300000000,0.800000000,0.600000000,1.500000000,2.000000000,82,69,0
2026-06-02T23:32:35,1780327220.265809059,r1,track_association,wall_like,accepted,selected_best_match,detection,0,53,candidate,1,8,0.187144845,0.235352065,0.345980599,0.019633975,0.000000000,nan,nan,nan,nan,nan,nan,nan,nan,nan,8.000000000,0.300000000,1.800000000,3.000000000,nan,nan,nan,nan,nan,nan,nan,nan,nan,1.500000000,2.000000000,278,271,0
2026-06-02T23:32:35,1780327220.265809059,r1,track_association,wall_like,accepted,selected_best_match,detection,1,2,confirmed,185,0,0.518387761,0.574158504,1.822153341,0.029769728,0.000000000,nan,nan,nan,nan,nan,nan,nan,nan,nan,8.000000000,0.300000000,1.800000000,3.000000000,nan,nan,nan,nan,nan,nan,nan,nan,nan,1.500000000,2.000000000,435,931,0
2026-06-02T23:32:35,1780327220.265809059,r1,track_association,wall_like,rejected,normal_angle,detection,1,38,weak_tracked,3,16,nan,0.942180853,11.878900280,0.219932902,0.000000000,nan,nan,nan,nan,nan,nan,nan,nan,nan,8.000000000,0.300000000,1.800000000,3.000000000,nan,nan,nan,nan,nan,nan,nan,nan,nan,1.500000000,2.000000000,435,169,0
2026-06-02T23:32:35,1780327220.265809059,r1,track_association,pillar_like,accepted,selected_best_match,detection,2,52,stale,4,13,0.261051753,0.090211977,nan,nan,nan,nan,nan,nan,nan,nan,0.068491423,1.000000000,0.605590582,0.068927050,nan,nan,nan,nan,nan,nan,nan,nan,nan,0.800000000,0.300000000,0.800000000,0.600000000,1.500000000,2.000000000,87,82,0
2026-06-02T23:32:35,1780327220.466809034,r1,track_association,wall_like,accepted,selected_best_match,detection,0,2,confirmed,186,0,0.225106057,0.361960035,0.464869972,0.013903190,0.000000000,nan,nan,nan,nan,nan,nan,nan,nan,nan,8.000000000,0.300000000,1.800000000,3.000000000,nan,nan,nan,nan,nan,nan,nan,nan,nan,1.500000000,2.000000000,900,435,0
2026-06-02T23:32:35,1780327220.466809034,r1,track_association,wall_like,accepted,selected_best_match,detection,1,49,candidate,1,43,1.142398060,0.313904724,1.379957200,0.259580551,0.000000000,nan,nan,nan,nan,nan,nan,nan,nan,nan,8.000000000,0.300000000,1.800000000,3.000000000,nan,nan,nan,nan,nan,nan,nan,nan,nan,1.500000000,2.000000000,113,54,0
2026-06-02T23:32:35,1780327220.466809034,r1,track_association,pillar_like,accepted,selected_best_match,detection,3,52,weak_tracked,5,0,0.144676134,0.074074977,nan,nan,nan,nan,nan,nan,nan,nan,0.044037749,0.975473426,0.030640841,0.017405987,nan,nan,nan,nan,nan,nan,nan,nan,nan,0.500000000,0.300000000,0.800000000,0.600000000,1.500000000,2.000000000,80,87,0
2026-06-02T23:32:35,1780327220.664803982,r1,track_association,wall_like,accepted,selected_best_match,detection,0,53,weak_tracked,2,1,0.175315045,0.119114225,0.457424451,0.023529674,0.000000000,nan,nan,nan,nan,nan,nan,nan,nan,nan,8.000000000,0.300000000,1.800000000,3.000000000,nan,nan,nan,nan,nan,nan,nan,nan,nan,1.500000000,2.000000000,289,278,0
2026-06-02T23:32:35,1780327220.664803982,r1,track_association,wall_like,accepted,selected_best_match,detection,1,2,confirmed,187,0,0.079756214,0.098379711,0.353527086,0.000831627,0.000000000,nan,nan,nan,nan,nan,nan,nan,nan,nan,8.000000000,0.300000000,1.800000000,3.000000000,nan,nan,nan,nan,nan,nan,nan,nan,nan,1.500000000,2.000000000,676,900,0
2026-06-02T23:32:35,1780327220.664803982,r1,track_association,pillar_like,accepted,selected_best_match,detection,3,52,confirmed,6,0,0.108963107,0.154630397,nan,nan,nan,nan,nan,nan,nan,nan,0.034730378,1.000000000,0.347013950,0.002880573,nan,nan,nan,nan,nan,nan,nan,nan,nan,0.500000000,0.300000000,0.800000000,0.600000000,1.500000000,2.000000000,93,80,0
2026-06-02T23:32:35,1780327220.664803982,r1,track_association,pillar_like,accepted,selected_best_match,detection,4,44,confirmed,20,2,0.167125602,0.109668929,nan,nan,nan,nan,nan,nan,nan,nan,0.060571501,0.956713286,0.016279697,0.000640750,nan,nan,nan,nan,nan,nan,nan,nan,nan,0.500000000,0.300000000,0.800000000,0.600000000,1.500000000,2.000000000,83,82,0
2026-06-02T23:32:35,1780327220.865803957,r1,track_association,wall_like,accepted,selected_best_match,detection,0,2,confirmed,188,0,0.141541203,0.324688224,0.176278150,0.003383108,0.000000000,nan,nan,nan,nan,nan,nan,nan,nan,nan,8.000000000,0.300000000,1.800000000,3.000000000,nan,nan,nan,nan,nan,nan,nan,nan,nan,1.500000000,2.000000000,892,676,0
2026-06-02T23:32:35,1780327220.865803957,r1,track_association,wall_like,accepted,selected_best_match,detection,2,47,candidate,1,52,2.628782522,4.758996910,6.832717838,0.056508147,0.000000000,nan,nan,nan,nan,nan,nan,nan,nan,nan,8.000000000,0.300000000,1.800000000,3.000000000,nan,nan,nan,nan,nan,nan,nan,nan,nan,1.500000000,2.000000000,53,204,0
2026-06-02T23:32:35,1780327220.865803957,r1,track_association,pillar_like,accepted,selected_best_match,detection,3,44,confirmed,21,0,0.111247428,0.056476458,nan,nan,nan,nan,nan,nan,nan,nan,0.036874059,1.000000000,0.235327482,0.008379936,nan,nan,nan,nan,nan,nan,nan,nan,nan,0.500000000,0.300000000,0.800000000,0.600000000,1.500000000,2.000000000,102,83,0
2026-06-02T23:32:35,1780327220.865803957,r1,track_association,pillar_like,accepted,selected_best_match,detection,4,52,confirmed,7,0,0.271861360,0.113596350,nan,nan,nan,nan,nan,nan,nan,nan,0.101937847,1.000000000,0.225788474,0.027244091,nan,nan,nan,nan,nan,nan,nan,nan,nan,0.500000000,0.300000000,0.800000000,0.600000000,1.500000000,2.000000000,50,93,0
2026-06-02T23:32:36,1780327221.264804125,r1,track_association,wall_like,accepted,selected_best_match,detection,0,2,confirmed,189,1,0.172110667,0.310273127,0.272758557,0.010377441,0.000000000,nan,nan,nan,nan,nan,nan,nan,nan,nan,8.000000000,0.300000000,1.800000000,3.000000000,nan,nan,nan,nan,nan,nan,nan,nan,nan,1.500000000,2.000000000,873,892,0
2026-06-02T23:32:36,1780327221.264804125,r1,track_association,pillar_like,accepted,selected_best_match,detection,1,52,confirmed,8,1,0.166832939,0.155847877,nan,nan,nan,nan,nan,nan,nan,nan,0.041715391,0.982624043,0.241825461,0.025106192,nan,nan,nan,nan,nan,nan,nan,nan,nan,0.500000000,0.300000000,0.800000000,0.600000000,1.500000000,2.000000000,78,50,0
2026-06-02T23:32:36,1780327221.465803862,r1,track_association,wall_like,accepted,selected_best_match,detection,0,2,confirmed,190,0,0.084279185,0.116335300,0.175221486,0.007079420,0.000000000,nan,nan,nan,nan,nan,nan,nan,nan,nan,8.000000000,0.300000000,1.800000000,3.000000000,nan,nan,nan,nan,nan,nan,nan,nan,nan,1.500000000,2.000000000,655,873,0
2026-06-02T23:32:36,1780327221.687803745,r1,track_association,wall_like,accepted,selected_best_match,detection,0,2,confirmed,191,0,0.180218400,0.382244641,0.243711503,0.006701875,0.000000000,nan,nan,nan,nan,nan,nan,nan,nan,nan,8.000000000,0.300000000,1.800000000,3.000000000,nan,nan,nan,nan,nan,nan,nan,nan,nan,1.500000000,2.000000000,726,655,0
2026-06-02T23:32:36,1780327222.062803984,r1,track_association,wall_like,accepted,selected_best_match,detection,2,2,confirmed,192,1,0.280948149,0.401084671,0.966690023,0.007925102,0.000000000,nan,nan,nan,nan,nan,nan,nan,nan,nan,8.000000000,0.300000000,1.800000000,3.000000000,nan,nan,nan,nan,nan,nan,nan,nan,nan,1.500000000,2.000000000,535,726,0
2026-06-02T23:32:36,1780327222.062803984,r1,track_association,pillar_like,accepted,selected_best_match,detection,3,52,confirmed,9,3,0.082681067,0.104795198,nan,nan,nan,nan,nan,nan,nan,nan,0.001099091,0.960140760,0.075390935,0.019850731,nan,nan,nan,nan,nan,nan,nan,nan,nan,0.500000000,0.300000000,0.800000000,0.600000000,1.500000000,2.000000000,90,78,0
2026-06-02T23:32:37,1780327222.464798927,r1,track_association,wall_like,accepted,selected_best_match,detection,0,55,candidate,1,1,0.126595489,0.056360835,0.731208462,0.004922246,0.000000000,nan,nan,nan,nan,nan,nan,nan,nan,nan,8.000000000,0.300000000,1.800000000,3.000000000,nan,nan,nan,nan,nan,nan,nan,nan,nan,1.500000000,2.000000000,381,342,0
2026-06-02T23:32:37,1780327222.464798927,r1,track_association,wall_like,accepted,selected_best_match,detection,2,2,confirmed,193,1,0.260036513,0.550532989,0.555416414,0.002129539,0.000000000,nan,nan,nan,nan,nan,nan,nan,nan,nan,8.000000000,0.300000000,1.800000000,3.000000000,nan,nan,nan,nan,nan,nan,nan,nan,nan,1.500000000,2.000000000,696,535,0
2026-06-02T23:32:37,1780327222.464798927,r1,track_association,pillar_like,accepted,selected_best_match,detection,3,56,candidate,1,1,0.367215581,0.638183724,nan,nan,nan,nan,nan,nan,nan,nan,0.015349879,0.719571146,0.057949543,0.030175209,nan,nan,nan,nan,nan,nan,nan,nan,nan,0.500000000,0.300000000,0.800000000,0.600000000,1.500000000,2.000000000,53,49,0
2026-06-02T23:32:37,1780327222.662799120,r1,track_association,wall_like,accepted,selected_best_match,detection,0,2,confirmed,194,0,0.196045226,0.292010705,0.721183744,0.002568107,0.000000000,nan,nan,nan,nan,nan,nan,nan,nan,nan,8.000000000,0.300000000,1.800000000,3.000000000,nan,nan,nan,nan,nan,nan,nan,nan,nan,1.500000000,2.000000000,688,696,0
2026-06-02T23:32:37,1780327222.662799120,r1,track_association,pillar_like,accepted,selected_best_match,detection,1,56,weak_tracked,2,0,0.271939604,0.150138535,nan,nan,nan,nan,nan,nan,nan,nan,0.106480613,1.000000000,0.293906331,0.017752647,nan,nan,nan,nan,nan,nan,nan,nan,nan,0.500000000,0.300000000,0.800000000,0.600000000,1.500000000,2.000000000,56,53,0
2026-06-02T23:32:37,1780327223.064799070,r1,track_association,pillar_like,accepted,selected_best_match,detection,0,52,stale,10,4,0.117893201,0.128751504,nan,nan,nan,nan,nan,nan,nan,nan,0.023274097,0.938330465,0.036348939,0.014097691,nan,nan,nan,nan,nan,nan,nan,nan,nan,0.800000000,0.300000000,0.800000000,0.600000000,1.500000000,2.000000000,85,90,0
2026-06-02T23:32:37,1780327223.064799070,r1,track_association,pillar_like,rejected,footprint_diff,detection,1,56,confirmed,3,1,nan,0.436139167,nan,nan,nan,nan,nan,nan,nan,nan,0.078583842,0.873011832,0.381071687,0.739660740,nan,nan,nan,nan,nan,nan,nan,nan,nan,0.500000000,0.300000000,0.800000000,0.600000000,1.500000000,2.000000000,75,56,0
2026-06-02T23:32:38,1780327223.262799025,r1,track_association,wall_like,accepted,selected_best_match,detection,0,55,weak_tracked,2,3,0.262198980,0.601846773,0.446405302,0.001734818,0.000000000,nan,nan,nan,nan,nan,nan,nan,nan,nan,8.000000000,0.300000000,1.800000000,3.000000000,nan,nan,nan,nan,nan,nan,nan,nan,nan,1.500000000,2.000000000,204,381,0
2026-06-02T23:32:38,1780327223.262799025,r1,track_association,wall_like,accepted,selected_best_match,detection,1,43,stale,14,13,1.303105267,2.661772802,0.376331379,0.110641873,0.000000000,nan,nan,nan,nan,nan,nan,nan,nan,nan,8.000000000,0.300000000,1.800000000,3.000000000,nan,nan,nan,nan,nan,nan,nan,nan,nan,1.500000000,2.000000000,81,113,0
2026-06-02T23:32:38,1780327223.664798975,r1,track_association,pillar_like,accepted,selected_best_match,detection,0,44,stale,22,13,0.646375741,0.312319750,nan,nan,nan,nan,nan,nan,nan,nan,0.036576977,0.930350894,0.368630409,0.296485424,nan,nan,nan,nan,nan,nan,nan,nan,nan,0.800000000,0.300000000,0.800000000,0.600000000,1.500000000,2.000000000,51,102,0
2026-06-02T23:32:38,1780327223.865798950,r1,track_association,wall_like,accepted,selected_best_match,detection,0,55,weak_tracked,3,2,0.219849981,0.356278767,0.367011781,0.016564176,0.000000000,nan,nan,nan,nan,nan,nan,nan,nan,nan,8.000000000,0.300000000,1.800000000,3.000000000,nan,nan,nan,nan,nan,nan,nan,nan,nan,1.500000000,2.000000000,335,204,0
2026-06-02T23:32:38,1780327223.865798950,r1,track_association,pillar_like,accepted,selected_best_match,detection,2,44,confirmed,23,0,0.659116005,0.050746985,nan,nan,nan,nan,nan,nan,nan,nan,0.040225966,1.000000000,0.135111094,0.339091778,nan,nan,nan,nan,nan,nan,nan,nan,nan,0.500000000,0.300000000,0.800000000,0.600000000,1.500000000,2.000000000,69,51,0
2026-06-02T23:32:38,1780327224.063798904,r1,track_association,wall_like,accepted,selected_best_match,detection,0,53,weak_tracked,3,16,0.304527174,0.695909584,0.380465607,0.007499733,0.000000000,nan,nan,nan,nan,nan,nan,nan,nan,nan,8.000000000,0.300000000,1.800000000,3.000000000,nan,nan,nan,nan,nan,nan,nan,nan,nan,1.500000000,2.000000000,445,289,0
2026-06-02T23:32:39,1780327224.264799118,r1,track_association,pillar_like,accepted,selected_best_match,detection,0,44,confirmed,24,1,0.402002760,0.274511752,nan,nan,nan,nan,nan,nan,nan,nan,0.070118927,0.872611748,0.036008835,0.078465462,nan,nan,nan,nan,nan,nan,nan,nan,nan,0.500000000,0.300000000,0.800000000,0.600000000,1.500000000,2.000000000,66,69,0
2026-06-02T23:32:39,1780327224.462793827,r1,track_association,pillar_like,accepted,selected_best_match,detection,0,56,stale,3,8,0.131626891,0.062975466,nan,nan,nan,nan,nan,nan,nan,nan,0.022270614,0.976460499,0.030857444,0.046298027,nan,nan,nan,nan,nan,nan,nan,nan,nan,0.800000000,0.300000000,0.800000000,0.600000000,1.500000000,2.000000000,77,56,0
2026-06-02T23:32:39,1780327224.462793827,r1,track_association,pillar_like,rejected,footprint_diff,detection,0,57,candidate,1,6,nan,0.491542089,nan,nan,nan,nan,nan,nan,nan,nan,0.059667201,0.847350763,0.411929131,0.785958767,nan,nan,nan,nan,nan,nan,nan,nan,nan,0.500000000,0.300000000,0.800000000,0.600000000,1.500000000,2.000000000,77,75,0
2026-06-02T23:32:39,1780327224.462793827,r1,track_association,pillar_like,accepted,selected_best_match,detection,1,44,confirmed,25,0,0.103576328,0.052641966,nan,nan,nan,nan,nan,nan,nan,nan,0.039654315,1.000000000,0.219025850,0.001419067,nan,nan,nan,nan,nan,nan,nan,nan,nan,0.500000000,0.300000000,0.800000000,0.600000000,1.500000000,2.000000000,55,66,0
2026-06-02T23:32:39,1780327224.663794041,r1,track_association,wall_like,accepted,selected_best_match,detection,0,55,weak_tracked,4,3,0.269595502,0.417199748,0.937054464,0.004019133,0.000000000,nan,nan,nan,nan,nan,nan,nan,nan,nan,8.000000000,0.300000000,1.800000000,3.000000000,nan,nan,nan,nan,nan,nan,nan,nan,nan,1.500000000,2.000000000,348,335,0
2026-06-02T23:32:39,1780327224.663794041,r1,track_association,pillar_like,accepted,selected_best_match,detection,2,56,weak_tracked,4,0,0.070015874,0.105760550,nan,nan,nan,nan,nan,nan,nan,nan,0.012740347,0.989435725,0.170956373,0.010125160,nan,nan,nan,nan,nan,nan,nan,nan,nan,0.500000000,0.300000000,0.800000000,0.600000000,1.500000000,2.000000000,81,77,0
2026-06-02T23:32:39,1780327224.663794041,r1,track_association,pillar_like,rejected,footprint_diff,detection,2,57,candidate,1,7,nan,0.349401747,nan,nan,nan,nan,nan,nan,nan,nan,0.085665884,0.891845413,0.240972757,0.775833607,nan,nan,nan,nan,nan,nan,nan,nan,nan,0.500000000,0.300000000,0.800000000,0.600000000,1.500000000,2.000000000,81,75,0
2026-06-02T23:32:39,1780327224.885793924,r1,track_association,wall_like,accepted,selected_best_match,detection,0,55,confirmed,5,0,1.010008113,1.601304413,1.802901551,0.075263185,0.000000000,nan,nan,nan,nan,nan,nan,nan,nan,nan,8.000000000,0.300000000,1.800000000,3.000000000,nan,nan,nan,nan,nan,nan,nan,nan,nan,1.500000000,2.000000000,280,348,0
2026-06-02T23:32:39,1780327224.885793924,r1,track_association,wall_like,accepted,selected_best_match,detection,1,43,stale,15,7,1.425066908,2.092452672,1.216996540,0.172637435,0.000000000,nan,nan,nan,nan,nan,nan,nan,nan,nan,8.000000000,0.300000000,1.800000000,3.000000000,nan,nan,nan,nan,nan,nan,nan,nan,nan,1.500000000,2.000000000,69,81,0
2026-06-02T23:32:39,1780327224.885793924,r1,track_association,wall_like,accepted,selected_best_match,detection,2,53,weak_tracked,4,3,0.269007441,0.527319153,0.211949669,0.020022204,0.000000000,nan,nan,nan,nan,nan,nan,nan,nan,nan,8.000000000,0.300000000,1.800000000,3.000000000,nan,nan,nan,nan,nan,nan,nan,nan,nan,1.500000000,2.000000000,460,445,0
2026-06-02T23:32:39,1780327225.083794117,r1,track_association,wall_like,accepted,selected_best_match,detection,0,55,confirmed,6,0,0.611215877,1.052080759,0.866185935,0.045674714,0.000000000,nan,nan,nan,nan,nan,nan,nan,nan,nan,8.000000000,0.300000000,1.800000000,3.000000000,nan,nan,nan,nan,nan,nan,nan,nan,nan,1.500000000,2.000000000,212,280,0
2026-06-02T23:32:39,1780327225.083794117,r1,track_association,wall_like,accepted,selected_best_match,detection,3,43,confirmed,16,0,1.067441634,1.616122432,1.337622545,0.108459402,0.000000000,nan,nan,nan,nan,nan,nan,nan,nan,nan,8.000000000,0.300000000,1.800000000,3.000000000,nan,nan,nan,nan,nan,nan,nan,nan,nan,1.500000000,2.000000000,64,69,0
2026-06-02T23:32:39,1780327225.083794117,r1,track_association,pillar_like,accepted,selected_best_match,detection,5,56,confirmed,5,1,0.120884926,0.095852493,nan,nan,nan,nan,nan,nan,nan,nan,0.030237141,1.000000000,0.255013943,0.020945549,nan,nan,nan,nan,nan,nan,nan,nan,nan,0.500000000,0.300000000,0.800000000,0.600000000,1.500000000,2.000000000,64,81,0
2026-06-02T23:32:39,1780327225.083794117,r1,track_association,pillar_like,rejected,footprint_diff,detection,5,57,candidate,1,9,nan,0.343543372,nan,nan,nan,nan,nan,nan,nan,nan,0.106797054,0.955455993,0.495986700,0.796779156,nan,nan,nan,nan,nan,nan,nan,nan,nan,0.500000000,0.300000000,0.800000000,0.600000000,1.500000000,2.000000000,64,75,0
2026-06-02T23:32:40,1780327225.263793945,r1,track_association,wall_like,accepted,selected_best_match,detection,0,53,weak_tracked,5,1,0.219441900,0.440175321,0.481268945,0.003767453,0.000000000,nan,nan,nan,nan,nan,nan,nan,nan,nan,8.000000000,0.300000000,1.800000000,3.000000000,nan,nan,nan,nan,nan,nan,nan,nan,nan,1.500000000,2.000000000,545,460,0
2026-06-02T23:32:40,1780327225.263793945,r1,track_association,pillar_like,accepted,selected_best_match,detection,3,56,confirmed,6,0,0.051221251,0.163153612,nan,nan,nan,nan,nan,nan,nan,nan,0.003681723,1.000000000,0.354126215,0.005067110,nan,nan,nan,nan,nan,nan,nan,nan,nan,0.500000000,0.300000000,0.800000000,0.600000000,1.500000000,2.000000000,86,64,0
2026-06-02T23:32:40,1780327225.263793945,r1,track_association,pillar_like,rejected,footprint_diff,detection,3,57,candidate,1,10,nan,0.563632606,nan,nan,nan,nan,nan,nan,nan,nan,0.080512531,0.770001304,0.141860485,0.791712046,nan,nan,nan,nan,nan,nan,nan,nan,nan,0.500000000,0.300000000,0.800000000,0.600000000,1.500000000,2.000000000,86,75,0
2026-06-02T23:32:40,1780327225.464793682,r1,track_association,wall_like,accepted,selected_best_match,detection,0,55,confirmed,7,1,0.200327110,0.069218957,1.130713896,0.010774466,0.000000000,nan,nan,nan,nan,nan,nan,nan,nan,nan,8.000000000,0.300000000,1.800000000,3.000000000,nan,nan,nan,nan,nan,nan,nan,nan,nan,1.500000000,2.000000000,382,212,0
2026-06-02T23:32:40,1780327225.464793682,r1,track_association,wall_like,rejected,normal_angle,detection,0,58,candidate,1,1,nan,1.889268939,11.248614998,0.086339910,0.000000000,nan,nan,nan,nan,nan,nan,nan,nan,nan,8.000000000,0.300000000,1.800000000,3.000000000,nan,nan,nan,nan,nan,nan,nan,nan,nan,1.500000000,2.000000000,382,58,0
2026-06-02T23:32:40,1780327225.662794113,r1,track_association,wall_like,accepted,selected_best_match,detection,0,55,confirmed,8,0,0.604984979,0.790886224,1.608184749,0.042099943,0.000000000,nan,nan,nan,nan,nan,nan,nan,nan,nan,8.000000000,0.300000000,1.800000000,3.000000000,nan,nan,nan,nan,nan,nan,nan,nan,nan,1.500000000,2.000000000,309,382,0
2026-06-02T23:32:40,1780327225.662794113,r1,track_association,wall_like,rejected,normal_angle,detection,0,58,candidate,1,2,nan,2.611707524,11.805533083,0.144589713,0.590104385,nan,nan,nan,nan,nan,nan,nan,nan,nan,8.000000000,0.300000000,1.800000000,3.000000000,nan,nan,nan,nan,nan,nan,nan,nan,nan,1.500000000,2.000000000,309,58,0
2026-06-02T23:32:40,1780327225.662794113,r1,track_association,pillar_like,accepted,selected_best_match,detection,1,56,confirmed,7,1,0.164070997,0.236137044,nan,nan,nan,nan,nan,nan,nan,nan,0.014083529,0.960602863,0.304620743,0.039626837,nan,nan,nan,nan,nan,nan,nan,nan,nan,0.500000000,0.300000000,0.800000000,0.600000000,1.500000000,2.000000000,99,86,0
2026-06-02T23:32:40,1780327225.662794113,r1,track_association,pillar_like,rejected,footprint_diff,detection,1,57,candidate,1,12,nan,0.675488130,nan,nan,nan,nan,nan,nan,nan,nan,0.075680639,0.738878093,0.162760258,0.752085209,nan,nan,nan,nan,nan,nan,nan,nan,nan,0.500000000,0.300000000,0.800000000,0.600000000,1.500000000,2.000000000,99,75,0
2026-06-02T23:32:40,1780327225.866794109,r1,track_association,wall_like,accepted,selected_best_match,detection,0,55,confirmed,9,0,0.419014383,0.536858273,1.164316385,0.028356623,0.000000000,nan,nan,nan,nan,nan,nan,nan,nan,nan,8.000000000,0.300000000,1.800000000,3.000000000,nan,nan,nan,nan,nan,nan,nan,nan,nan,1.500000000,2.000000000,336,309,0
2026-06-02T23:32:40,1780327225.866794109,r1,track_association,wall_like,rejected,normal_angle,detection,0,58,candidate,1,3,nan,2.567063972,11.643625391,0.141486629,0.510424063,nan,nan,nan,nan,nan,nan,nan,nan,nan,8.000000000,0.300000000,1.800000000,3.000000000,nan,nan,nan,nan,nan,nan,nan,nan,nan,1.500000000,2.000000000,336,58,0
2026-06-02T23:32:40,1780327225.866794109,r1,track_association,pillar_like,accepted,selected_best_match,detection,1,56,confirmed,8,0,0.170927311,0.099781034,nan,nan,nan,nan,nan,nan,nan,nan,0.036786930,1.000000000,0.581606150,0.023515701,nan,nan,nan,nan,nan,nan,nan,nan,nan,0.500000000,0.300000000,0.800000000,0.600000000,1.500000000,2.000000000,74,99,0
2026-06-02T23:32:40,1780327225.866794109,r1,track_association,pillar_like,rejected,footprint_diff,detection,1,57,candidate,1,13,nan,0.404183039,nan,nan,nan,nan,nan,nan,nan,nan,0.044774066,0.895508633,0.418845892,0.775600910,nan,nan,nan,nan,nan,nan,nan,nan,nan,0.500000000,0.300000000,0.800000000,0.600000000,1.500000000,2.000000000,74,75,0
2026-06-02T23:32:40,1780327226.064794064,r1,track_association,wall_like,accepted,selected_best_match,detection,0,55,confirmed,10,0,0.322259329,0.259282550,1.721583978,0.006190145,0.000000000,nan,nan,nan,nan,nan,nan,nan,nan,nan,8.000000000,0.300000000,1.800000000,3.000000000,nan,nan,nan,nan,nan,nan,nan,nan,nan,1.500000000,2.000000000,330,336,0
2026-06-02T23:32:40,1780327226.064794064,r1,track_association,wall_like,rejected,normal_angle,detection,0,58,candidate,1,4,nan,2.418471179,11.870838368,0.157009724,0.357785769,nan,nan,nan,nan,nan,nan,nan,nan,nan,8.000000000,0.300000000,1.800000000,3.000000000,nan,nan,nan,nan,nan,nan,nan,nan,nan,1.500000000,2.000000000,330,58,0
2026-06-02T23:32:40,1780327226.064794064,r1,track_association,wall_like,accepted,selected_best_match,detection,2,60,candidate,1,3,0.888079998,0.834585288,2.477855130,0.090045903,0.000000000,nan,nan,nan,nan,nan,nan,nan,nan,nan,8.000000000,0.300000000,1.800000000,3.000000000,nan,nan,nan,nan,nan,nan,nan,nan,nan,1.500000000,2.000000000,126,139,0
2026-06-02T23:32:40,1780327226.064794064,r1,track_association,pillar_like,accepted,selected_best_match,detection,3,56,confirmed,9,0,0.298683856,0.187006848,nan,nan,nan,nan,nan,nan,nan,nan,0.078250010,1.000000000,0.515684843,0.054369211,nan,nan,nan,nan,nan,nan,nan,nan,nan,0.500000000,0.300000000,0.800000000,0.600000000,1.500000000,2.000000000,118,74,0
2026-06-02T23:32:40,1780327226.064794064,r1,track_association,pillar_like,rejected,footprint_diff,detection,3,57,candidate,1,14,nan,0.642437818,nan,nan,nan,nan,nan,nan,nan,nan,0.041313660,0.737623722,0.096838951,0.721231699,nan,nan,nan,nan,nan,nan,nan,nan,nan,0.500000000,0.300000000,0.800000000,0.600000000,1.500000000,2.000000000,118,75,0
2026-06-02T23:32:41,1780327226.262794018,r1,track_association,wall_like,accepted,selected_best_match,detection,0,55,confirmed,11,0,0.609168540,0.516162138,3.116747028,0.014256335,0.000000000,nan,nan,nan,nan,nan,nan,nan,nan,nan,8.000000000,0.300000000,1.800000000,3.000000000,nan,nan,nan,nan,nan,nan,nan,nan,nan,1.500000000,2.000000000,295,330,0
2026-06-02T23:32:41,1780327226.262794018,r1,track_association,wall_like,rejected,normal_angle,detection,0,58,candidate,1,5,nan,1.723670819,8.371034884,0.024524363,0.000000000,nan,nan,nan,nan,nan,nan,nan,nan,nan,8.000000000,0.300000000,1.800000000,3.000000000,nan,nan,nan,nan,nan,nan,nan,nan,nan,1.500000000,2.000000000,295,58,0
2026-06-02T23:32:41,1780327226.262794018,r1,track_association,wall_like,accepted,selected_best_match,detection,2,53,stale,6,4,0.735519385,1.877952314,0.520016970,0.013359948,0.000000000,nan,nan,nan,nan,nan,nan,nan,nan,nan,8.000000000,0.300000000,1.800000000,3.000000000,nan,nan,nan,nan,nan,nan,nan,nan,nan,1.500000000,2.000000000,190,545,0
2026-06-02T23:32:41,1780327226.463793755,r1,track_association,wall_like,accepted,selected_best_match,detection,0,53,confirmed,7,0,0.069609508,0.131960050,0.065252894,0.005239864,0.000000000,nan,nan,nan,nan,nan,nan,nan,nan,nan,8.000000000,0.300000000,1.800000000,3.000000000,nan,nan,nan,nan,nan,nan,nan,nan,nan,1.500000000,2.000000000,529,190,0
2026-06-02T23:32:41,1780327226.463793755,r1,track_association,wall_like,accepted,selected_best_match,detection,2,55,confirmed,12,0,0.328968658,0.374656625,1.116370478,0.019361042,0.000000000,nan,nan,nan,nan,nan,nan,nan,nan,nan,8.000000000,0.300000000,1.800000000,3.000000000,nan,nan,nan,nan,nan,nan,nan,nan,nan,1.500000000,2.000000000,316,295,0
2026-06-02T23:32:41,1780327226.463793755,r1,track_association,wall_like,rejected,normal_angle,detection,2,58,candidate,1,6,nan,2.472658704,11.561843933,0.126275325,0.389647139,nan,nan,nan,nan,nan,nan,nan,nan,nan,8.000000000,0.300000000,1.800000000,3.000000000,nan,nan,nan,nan,nan,nan,nan,nan,nan,1.500000000,2.000000000,316,58,0
2026-06-02T23:32:41,1780327226.463793755,r1,track_association,wall_like,accepted,selected_best_match,detection,3,43,stale,17,6,0.703677585,1.131212131,0.244660019,0.088807312,0.000000000,nan,nan,nan,nan,nan,nan,nan,nan,nan,8.000000000,0.300000000,1.800000000,3.000000000,nan,nan,nan,nan,nan,nan,nan,nan,nan,1.500000000,2.000000000,55,64,0
2026-06-02T23:32:41,1780327226.463793755,r1,track_association,wall_like,accepted,selected_best_match,detection,4,59,candidate,1,6,0.240155776,0.278691608,0.744008307,0.016277260,0.000000000,nan,nan,nan,nan,nan,nan,nan,nan,nan,8.000000000,0.300000000,1.800000000,3.000000000,nan,nan,nan,nan,nan,nan,nan,nan,nan,1.500000000,2.000000000,238,231,0
2026-06-02T23:32:41,1780327226.463793755,r1,track_association,wall_like,accepted,selected_best_match,detection,5,60,weak_tracked,2,1,0.608640703,0.407079151,2.127269950,0.062111673,0.000000000,nan,nan,nan,nan,nan,nan,nan,nan,nan,8.000000000,0.300000000,1.800000000,3.000000000,nan,nan,nan,nan,nan,nan,nan,nan,nan,1.500000000,2.000000000,133,126,0
2026-06-02T23:32:41,1780327227.063793898,r1,track_association,wall_like,accepted,selected_best_match,detection,0,55,confirmed,13,2,0.449439399,0.234930249,2.805658443,0.006126603,0.000000000,nan,nan,nan,nan,nan,nan,nan,nan,nan,8.000000000,0.300000000,1.800000000,3.000000000,nan,nan,nan,nan,nan,nan,nan,nan,nan,1.500000000,2.000000000,110,316,0
2026-06-02T23:32:41,1780327227.063793898,r1,track_association,wall_like,rejected,normal_angle,detection,0,58,candidate,1,9,nan,2.429414711,9.404627678,0.015737393,0.708892382,nan,nan,nan,nan,nan,nan,nan,nan,nan,8.000000000,0.300000000,1.800000000,3.000000000,nan,nan,nan,nan,nan,nan,nan,nan,nan,1.500000000,2.000000000,110,58,0
2026-06-02T23:32:41,1780327227.063793898,r1,track_association,wall_like,rejected,plane_offset,detection,0,60,weak_tracked,3,2,nan,4.697039372,3.237914986,0.371283347,2.454377556,nan,nan,nan,nan,nan,nan,nan,nan,nan,8.000000000,0.300000000,1.800000000,3.000000000,nan,nan,nan,nan,nan,nan,nan,nan,nan,1.500000000,2.000000000,110,133,0
2026-06-02T23:32:41,1780327227.063793898,r1,track_association,wall_like,accepted,selected_best_match,detection,1,60,weak_tracked,3,2,0.837770911,0.399300615,3.987468509,0.061871143,0.000000000,nan,nan,nan,nan,nan,nan,nan,nan,nan,8.000000000,0.300000000,1.800000000,3.000000000,nan,nan,nan,nan,nan,nan,nan,nan,nan,1.500000000,2.000000000,98,133,0
2026-06-02T23:32:41,1780327227.063793898,r1,track_association,wall_like,accepted,selected_best_match,detection,2,53,confirmed,8,2,0.440351577,0.983501763,0.616773996,0.010626272,0.000000000,nan,nan,nan,nan,nan,nan,nan,nan,nan,8.000000000,0.300000000,1.800000000,3.000000000,nan,nan,nan,nan,nan,nan,nan,nan,nan,1.500000000,2.000000000,256,529,0
2026-06-02T23:32:42,1780327227.261794090,r1,track_association,wall_like,accepted,selected_best_match,detection,0,60,weak_tracked,4,0,0.385063987,0.367408065,1.246870827,0.032020734,0.000000000,nan,nan,nan,nan,nan,nan,nan,nan,nan,8.000000000,0.300000000,1.800000000,3.000000000,nan,nan,nan,nan,nan,nan,nan,nan,nan,1.500000000,2.000000000,196,98,0
2026-06-02T23:32:42,1780327227.261794090,r1,track_association,wall_like,rejected,plane_offset,detection,0,55,confirmed,14,0,nan,4.436391048,3.069511473,0.427166813,2.535702274,nan,nan,nan,nan,nan,nan,nan,nan,nan,8.000000000,0.300000000,1.800000000,3.000000000,nan,nan,nan,nan,nan,nan,nan,nan,nan,1.500000000,2.000000000,196,110,0
2026-06-02T23:32:42,1780327227.684788942,r1,track_association,wall_like,accepted,selected_best_match,detection,0,59,weak_tracked,2,5,1.082480429,0.314620069,1.794702683,0.225980771,0.000000000,nan,nan,nan,nan,nan,nan,nan,nan,nan,8.000000000,0.300000000,1.800000000,3.000000000,nan,nan,nan,nan,nan,nan,nan,nan,nan,1.500000000,2.000000000,152,238,0
2026-06-02T23:32:42,1780327227.684788942,r1,track_association,pillar_like,accepted,selected_best_match,detection,2,63,candidate,1,2,0.270661375,0.110925176,nan,nan,nan,nan,nan,nan,nan,nan,0.101407985,0.991268979,0.059947252,0.031871796,nan,nan,nan,nan,nan,nan,nan,nan,nan,0.500000000,0.300000000,0.800000000,0.600000000,1.500000000,2.000000000,86,79,0
2026-06-02T23:32:42,1780327227.864789009,r1,track_association,wall_like,accepted,selected_best_match,detection,0,55,confirmed,14,3,0.199762105,0.264183828,0.739555154,0.005776930,0.000000000,nan,nan,nan,nan,nan,nan,nan,nan,nan,8.000000000,0.300000000,1.800000000,3.000000000,nan,nan,nan,nan,nan,nan,nan,nan,nan,1.500000000,2.000000000,330,110,0
2026-06-02T23:32:42,1780327227.864789009,r1,track_association,wall_like,rejected,normal_angle,detection,0,58,candidate,1,13,nan,2.493890713,11.039904008,0.070965446,0.284458776,nan,nan,nan,nan,nan,nan,nan,nan,nan,8.000000000,0.300000000,1.800000000,3.000000000,nan,nan,nan,nan,nan,nan,nan,nan,nan,1.500000000,2.000000000,330,58,0
2026-06-02T23:32:42,1780327227.864789009,r1,track_association,wall_like,rejected,plane_offset,detection,0,60,confirmed,5,2,nan,4.484150745,1.425669786,0.396227575,2.096858867,nan,nan,nan,nan,nan,nan,nan,nan,nan,8.000000000,0.300000000,1.800000000,3.000000000,nan,nan,nan,nan,nan,nan,nan,nan,nan,1.500000000,2.000000000,330,196,0
2026-06-02T23:32:42,1780327227.864789009,r1,track_association,wall_like,accepted,selected_best_match,detection,1,43,stale,18,6,1.173801161,1.808926242,1.084874140,0.130564944,0.000000000,nan,nan,nan,nan,nan,nan,nan,nan,nan,8.000000000,0.300000000,1.800000000,3.000000000,nan,nan,nan,nan,nan,nan,nan,nan,nan,1.500000000,2.000000000,78,55,0
2026-06-02T23:32:42,1780327227.864789009,r1,track_association,wall_like,accepted,selected_best_match,detection,2,53,confirmed,9,3,0.521144687,0.313183907,1.086114481,0.084295722,0.000000000,nan,nan,nan,nan,nan,nan,nan,nan,nan,8.000000000,0.300000000,1.800000000,3.000000000,nan,nan,nan,nan,nan,nan,nan,nan,nan,1.500000000,2.000000000,534,256,0
2026-06-02T23:32:42,1780327227.864789009,r1,track_association,pillar_like,accepted,selected_best_match,detection,4,62,candidate,1,8,0.899152790,0.065858306,nan,nan,nan,nan,nan,nan,nan,nan,0.027056886,0.966986068,0.007783532,0.486748040,nan,nan,nan,nan,nan,nan,nan,nan,nan,0.500000000,0.300000000,0.800000000,0.600000000,1.500000000,2.000000000,47,27,0
2026-06-02T23:32:42,1780327228.050789118,r1,track_association,wall_like,accepted,selected_best_match,detection,0,55,confirmed,15,0,0.582068691,0.351751663,3.277473076,0.016540201,0.000000000,nan,nan,nan,nan,nan,nan,nan,nan,nan,8.000000000,0.300000000,1.800000000,3.000000000,nan,nan,nan,nan,nan,nan,nan,nan,nan,1.500000000,2.000000000,412,330,0
2026-06-02T23:32:42,1780327228.050789118,r1,track_association,wall_like,rejected,normal_angle,detection,0,58,candidate,1,14,nan,2.664336776,11.005226750,0.057569586,1.058369600,nan,nan,nan,nan,nan,nan,nan,nan,nan,8.000000000,0.300000000,1.800000000,3.000000000,nan,nan,nan,nan,nan,nan,nan,nan,nan,1.500000000,2.000000000,412,58,0
2026-06-02T23:32:42,1780327228.050789118,r1,track_association,wall_like,rejected,plane_offset,detection,0,60,confirmed,5,3,nan,4.305200903,2.156447463,0.312385236,2.539995456,nan,nan,nan,nan,nan,nan,nan,nan,nan,8.000000000,0.300000000,1.800000000,3.000000000,nan,nan,nan,nan,nan,nan,nan,nan,nan,1.500000000,2.000000000,412,196,0
2026-06-02T23:32:42,1780327228.050789118,r1,track_association,wall_like,accepted,selected_best_match,detection,1,60,confirmed,5,3,1.681142616,0.378122930,5.777618861,0.249869785,0.000000000,nan,nan,nan,nan,nan,nan,nan,nan,nan,8.000000000,0.300000000,1.800000000,3.000000000,nan,nan,nan,nan,nan,nan,nan,nan,nan,1.500000000,2.000000000,96,196,0
2026-06-02T23:32:43,1780327228.284789085,r1,track_association,wall_like,accepted,selected_best_match,detection,0,55,confirmed,16,0,0.144001476,0.101068194,0.775239252,0.004022151,0.000000000,nan,nan,nan,nan,nan,nan,nan,nan,nan,8.000000000,0.300000000,1.800000000,3.000000000,nan,nan,nan,nan,nan,nan,nan,nan,nan,1.500000000,2.000000000,333,412,0
2026-06-02T23:32:43,1780327228.284789085,r1,track_association,wall_like,rejected,normal_angle,detection,0,58,candidate,1,15,nan,2.408947084,10.864547699,0.087803039,0.261199306,nan,nan,nan,nan,nan,nan,nan,nan,nan,8.000000000,0.300000000,1.800000000,3.000000000,nan,nan,nan,nan,nan,nan,nan,nan,nan,1.500000000,2.000000000,333,58,0
2026-06-02T23:32:43,1780327228.284789085,r1,track_association,wall_like,accepted,selected_best_match,detection,1,53,confirmed,10,1,0.591201892,0.193520518,1.305644859,0.109046834,0.000000000,nan,nan,nan,nan,nan,nan,nan,nan,nan,8.000000000,0.300000000,1.800000000,3.000000000,nan,nan,nan,nan,nan,nan,nan,nan,nan,1.500000000,2.000000000,563,534,0
2026-06-02T23:32:43,1780327228.284789085,r1,track_association,wall_like,accepted,selected_best_match,detection,3,60,confirmed,6,0,0.350791061,0.133846758,0.046778585,0.090098446,0.000000000,nan,nan,nan,nan,nan,nan,nan,nan,nan,8.000000000,0.300000000,1.800000000,3.000000000,nan,nan,nan,nan,nan,nan,nan,nan,nan,1.500000000,2.000000000,244,96,0
2026-06-02T23:32:43,1780327228.284789085,r1,track_association,wall_like,rejected,plane_offset,detection,3,65,candidate,1,0,nan,3.812435989,0.305819487,0.393480130,0.000000000,nan,nan,nan,nan,nan,nan,nan,nan,nan,8.000000000,0.300000000,1.800000000,3.000000000,nan,nan,nan,nan,nan,nan,nan,nan,nan,1.500000000,2.000000000,244,93,0
2026-06-02T23:32:43,1780327228.284789085,r1,track_association,pillar_like,accepted,selected_best_match,detection,5,63,weak_tracked,2,2,0.419060356,0.150343434,nan,nan,nan,nan,nan,nan,nan,nan,0.066317491,0.936566995,0.044582963,0.131120443,nan,nan,nan,nan,nan,nan,nan,nan,nan,0.500000000,0.300000000,0.800000000,0.600000000,1.500000000,2.000000000,89,86,0
2026-06-02T23:32:43,1780327228.464783907,r1,track_association,wall_like,accepted,selected_best_match,detection,0,60,confirmed,7,0,0.454212109,0.101241272,3.122163887,0.009058360,0.000000000,nan,nan,nan,nan,nan,nan,nan,nan,nan,8.000000000,0.300000000,1.800000000,3.000000000,nan,nan,nan,nan,nan,nan,nan,nan,nan,1.500000000,2.000000000,165,244,0
2026-06-02T23:32:43,1780327228.464783907,r1,track_association,wall_like,accepted,selected_best_match,detection,1,55,confirmed,17,0,0.216512130,0.064950124,1.291187146,0.010039109,0.000000000,nan,nan,nan,nan,nan,nan,nan,nan,nan,8.000000000,0.300000000,1.800000000,3.000000000,nan,nan,nan,nan,nan,nan,nan,nan,nan,1.500000000,2.000000000,432,333,0
2026-06-02T23:32:43,1780327228.464783907,r1,track_association,wall_like,rejected,normal_angle,detection,1,58,candidate,1,16,nan,2.453112523,11.742811097,0.050295568,0.130648204,nan,nan,nan,nan,nan,nan,nan,nan,nan,8.000000000,0.300000000,1.800000000,3.000000000,nan,nan,nan,nan,nan,nan,nan,nan,nan,1.500000000,2.000000000,432,58,0
2026-06-02T23:32:43,1780327228.464783907,r1,track_association,wall_like,accepted,selected_best_match,detection,2,53,confirmed,11,0,0.172792509,0.143284862,0.451061548,0.020594458,0.000000000,nan,nan,nan,nan,nan,nan,nan,nan,nan,8.000000000,0.300000000,1.800000000,3.000000000,nan,nan,nan,nan,nan,nan,nan,nan,nan,1.500000000,2.000000000,630,563,0
2026-06-02T23:32:43,1780327228.464783907,r1,track_association,pillar_like,accepted,selected_best_match,detection,5,63,weak_tracked,3,0,0.154172067,0.091615863,nan,nan,nan,nan,nan,nan,nan,nan,0.010364557,0.954005154,0.014612556,0.051592112,nan,nan,nan,nan,nan,nan,nan,nan,nan,0.500000000,0.300000000,0.800000000,0.600000000,1.500000000,2.000000000,83,89,0
2026-06-02T23:32:43,1780327228.665783882,r1,track_association,wall_like,accepted,selected_best_match,detection,0,55,confirmed,18,0,0.113775911,0.133237693,0.455966685,0.003710253,0.000000000,nan,nan,nan,nan,nan,nan,nan,nan,nan,8.000000000,0.300000000,1.800000000,3.000000000,nan,nan,nan,nan,nan,nan,nan,nan,nan,1.500000000,2.000000000,405,432,0
2026-06-02T23:32:43,1780327228.665783882,r1,track_association,wall_like,rejected,normal_angle,detection,0,58,candidate,1,17,nan,2.531609022,10.449911148,0.049315921,0.196115512,nan,nan,nan,nan,nan,nan,nan,nan,nan,8.000000000,0.300000000,1.800000000,3.000000000,nan,nan,nan,nan,nan,nan,nan,nan,nan,1.500000000,2.000000000,405,58,0
2026-06-02T23:32:43,1780327228.665783882,r1,track_association,wall_like,rejected,plane_offset,detection,0,60,confirmed,8,0,nan,4.383792051,2.447186743,0.408897376,1.532108320,nan,nan,nan,nan,nan,nan,nan,nan,nan,8.000000000,0.300000000,1.800000000,3.000000000,nan,nan,nan,nan,nan,nan,nan,nan,nan,1.500000000,2.000000000,405,165,0
2026-06-02T23:32:43,1780327228.665783882,r1,track_association,wall_like,accepted,selected_best_match,detection,1,60,confirmed,8,0,0.807370650,0.476181704,4.332070801,0.032140369,0.000000000,nan,nan,nan,nan,nan,nan,nan,nan,nan,8.000000000,0.300000000,1.800000000,3.000000000,nan,nan,nan,nan,nan,nan,nan,nan,nan,1.500000000,2.000000000,92,165,0
2026-06-02T23:32:43,1780327228.665783882,r1,track_association,wall_like,rejected,plane_offset,detection,1,65,candidate,1,2,nan,3.445047201,3.675359916,0.345580514,0.000000000,nan,nan,nan,nan,nan,nan,nan,nan,nan,8.000000000,0.300000000,1.800000000,3.000000000,nan,nan,nan,nan,nan,nan,nan,nan,nan,1.500000000,2.000000000,92,93,0
2026-06-02T23:32:43,1780327228.665783882,r1,track_association,wall_like,accepted,selected_best_match,detection,3,65,candidate,1,2,1.017089081,0.814770164,1.618477137,0.162956815,0.000000000,nan,nan,nan,nan,nan,nan,nan,nan,nan,8.000000000,0.300000000,1.800000000,3.000000000,nan,nan,nan,nan,nan,nan,nan,nan,nan,1.500000000,2.000000000,83,93,0
2026-06-02T23:32:43,1780327228.665783882,r1,track_association,wall_like,rejected,plane_offset,detection,3,61,candidate,1,12,nan,1.101181746,2.397976646,0.344129597,0.000000000,nan,nan,nan,nan,nan,nan,nan,nan,nan,8.000000000,0.300000000,1.800000000,3.000000000,nan,nan,nan,nan,nan,nan,nan,nan,nan,1.500000000,2.000000000,83,57,0
2026-06-02T23:32:43,1780327228.665783882,r1,track_association,pillar_like,accepted,selected_best_match,detection,4,63,confirmed,4,0,0.211936224,0.084782780,nan,nan,nan,nan,nan,nan,nan,nan,0.016322985,0.963117546,0.031045914,0.083581924,nan,nan,nan,nan,nan,nan,nan,nan,nan,0.500000000,0.300000000,0.800000000,0.600000000,1.500000000,2.000000000,83,83,0
2026-06-02T23:32:43,1780327228.866784096,r1,track_association,wall_like,accepted,selected_best_match,detection,0,60,confirmed,9,0,0.284225416,0.215524294,0.964884162,0.027532039,0.000000000,nan,nan,nan,nan,nan,nan,nan,nan,nan,8.000000000,0.300000000,1.800000000,3.000000000,nan,nan,nan,nan,nan,nan,nan,nan,nan,1.500000000,2.000000000,180,92,0
2026-06-02T23:32:43,1780327228.866784096,r1,track_association,wall_like,rejected,plane_offset,detection,0,65,weak_tracked,2,0,nan,3.798152381,1.360987870,0.403021700,0.000000000,nan,nan,nan,nan,nan,nan,nan,nan,nan,8.000000000,0.300000000,1.800000000,3.000000000,nan,nan,nan,nan,nan,nan,nan,nan,nan,1.500000000,2.000000000,180,83,0
2026-06-02T23:32:43,1780327228.866784096,r1,track_association,wall_like,accepted,selected_best_match,detection,1,55,confirmed,19,0,2.654712086,3.830672292,3.475711433,0.082338273,1.204013668,nan,nan,nan,nan,nan,nan,nan,nan,nan,8.000000000,0.300000000,1.800000000,3.000000000,nan,nan,nan,nan,nan,nan,nan,nan,nan,1.500000000,2.000000000,68,405,0
2026-06-02T23:32:43,1780327228.866784096,r1,track_association,wall_like,rejected,normal_angle,detection,1,58,candidate,1,18,nan,1.442606418,8.350525105,0.087721495,0.000000000,nan,nan,nan,nan,nan,nan,nan,nan,nan,8.000000000,0.300000000,1.800000000,3.000000000,nan,nan,nan,nan,nan,nan,nan,nan,nan,1.500000000,2.000000000,68,58,0
2026-06-02T23:32:43,1780327228.866784096,r1,track_association,pillar_like,accepted,selected_best_match,detection,2,63,confirmed,5,0,0.455325195,0.004921063,nan,nan,nan,nan,nan,nan,nan,nan,0.003968317,1.000000000,0.038088083,0.266147852,nan,nan,nan,nan,nan,nan,nan,nan,nan,0.500000000,0.300000000,0.800000000,0.600000000,1.500000000,2.000000000,101,83,0
2026-06-02T23:32:44,1780327229.301784039,r1,track_association,wall_like,accepted,selected_best_match,detection,0,60,confirmed,10,1,0.683718942,0.326504557,3.806811224,0.029709806,0.000000000,nan,nan,nan,nan,nan,nan,nan,nan,nan,8.000000000,0.300000000,1.800000000,3.000000000,nan,nan,nan,nan,nan,nan,nan,nan,nan,1.500000000,2.000000000,263,180,0
2026-06-02T23:32:44,1780327229.301784039,r1,track_association,wall_like,rejected,plane_offset,detection,0,65,weak_tracked,2,2,nan,3.480469719,2.995222477,0.317962873,0.000000000,nan,nan,nan,nan,nan,nan,nan,nan,nan,8.000000000,0.300000000,1.800000000,3.000000000,nan,nan,nan,nan,nan,nan,nan,nan,nan,1.500000000,2.000000000,263,83,0
2026-06-02T23:32:44,1780327229.301784039,r1,track_association,wall_like,accepted,selected_best_match,detection,1,55,confirmed,20,1,0.751144941,0.978888321,1.915457389,0.055624998,0.000000000,nan,nan,nan,nan,nan,nan,nan,nan,nan,8.000000000,0.300000000,1.800000000,3.000000000,nan,nan,nan,nan,nan,nan,nan,nan,nan,1.500000000,2.000000000,397,68,0
2026-06-02T23:32:44,1780327229.301784039,r1,track_association,wall_like,rejected,normal_angle,detection,1,58,candidate,1,20,nan,2.453875698,11.437249908,0.122715291,0.165311354,nan,nan,nan,nan,nan,nan,nan,nan,nan,8.000000000,0.300000000,1.800000000,3.000000000,nan,nan,nan,nan,nan,nan,nan,nan,nan,1.500000000,2.000000000,397,58,0
2026-06-02T23:32:44,1780327229.463778973,r1,track_association,wall_like,accepted,selected_best_match,detection,0,60,confirmed,11,0,0.454441265,0.254728048,1.842923382,0.041749948,0.000000000,nan,nan,nan,nan,nan,nan,nan,nan,nan,8.000000000,0.300000000,1.800000000,3.000000000,nan,nan,nan,nan,nan,nan,nan,nan,nan,1.500000000,2.000000000,302,263,0
2026-06-02T23:32:44,1780327229.463778973,r1,track_association,wall_like,rejected,plane_offset,detection,0,55,confirmed,21,0,nan,5.129863970,0.832294349,0.442403651,2.145222249,nan,nan,nan,nan,nan,nan,nan,nan,nan,8.000000000,0.300000000,1.800000000,3.000000000,nan,nan,nan,nan,nan,nan,nan,nan,nan,1.500000000,2.000000000,302,397,0
2026-06-02T23:32:44,1780327229.463778973,r1,track_association,wall_like,accepted,selected_best_match,detection,1,55,confirmed,21,0,0.800603176,0.765904602,2.691663949,0.062653094,0.000000000,nan,nan,nan,nan,nan,nan,nan,nan,nan,8.000000000,0.300000000,1.800000000,3.000000000,nan,nan,nan,nan,nan,nan,nan,nan,nan,1.500000000,2.000000000,323,397,0
2026-06-02T23:32:44,1780327229.664778948,r1,track_association,wall_like,accepted,selected_best_match,detection,0,55,confirmed,22,0,0.521312747,0.524599922,1.551278016,0.045760906,0.000000000,nan,nan,nan,nan,nan,nan,nan,nan,nan,8.000000000,0.300000000,1.800000000,3.000000000,nan,nan,nan,nan,nan,nan,nan,nan,nan,1.500000000,2.000000000,339,323,0
2026-06-02T23:32:44,1780327229.664778948,r1,track_association,wall_like,rejected,normal_angle,detection,0,58,candidate,1,22,nan,2.417633715,11.792355332,0.156793871,0.100346325,nan,nan,nan,nan,nan,nan,nan,nan,nan,8.000000000,0.300000000,1.800000000,3.000000000,nan,nan,nan,nan,nan,nan,nan,nan,nan,1.500000000,2.000000000,339,58,0
2026-06-02T23:32:44,1780327229.664778948,r1,track_association,wall_like,accepted,selected_best_match,detection,1,65,weak_tracked,2,4,1.390546085,0.330360837,2.548220049,0.288569490,0.000000000,nan,nan,nan,nan,nan,nan,nan,nan,nan,8.000000000,0.300000000,1.800000000,3.000000000,nan,nan,nan,nan,nan,nan,nan,nan,nan,1.500000000,2.000000000,76,83,0
2026-06-02T23:32:44,1780327229.664778948,r1,track_association,wall_like,accepted,selected_best_match,detection,2,43,stale,19,8,1.650226914,2.584914695,1.930067510,0.164199073,0.000000000,nan,nan,nan,nan,nan,nan,nan,nan,nan,8.000000000,0.300000000,1.800000000,3.000000000,nan,nan,nan,nan,nan,nan,nan,nan,nan,1.500000000,2.000000000,64,78,0
2026-06-02T23:32:44,1780327229.664778948,r1,track_association,pillar_like,accepted,selected_best_match,detection,4,66,candidate,1,6,1.236150809,0.571957951,nan,nan,nan,nan,nan,nan,nan,nan,0.404749932,0.824442329,0.222670674,0.137295723,nan,nan,nan,nan,nan,nan,nan,nan,nan,0.500000000,0.300000000,0.800000000,0.600000000,1.500000000,2.000000000,112,99,0
2026-06-02T23:32:44,1780327229.664778948,r1,track_association,pillar_like,accepted,selected_best_match,detection,5,63,confirmed,6,3,0.565679829,0.147654746,nan,nan,nan,nan,nan,nan,nan,nan,0.099026398,1.000000000,0.229194641,0.206824541,nan,nan,nan,nan,nan,nan,nan,nan,nan,0.500000000,0.300000000,0.800000000,0.600000000,1.500000000,2.000000000,74,101,0
2026-06-02T23:32:44,1780327229.664778948,r1,track_association,pillar_like,accepted,selected_best_match,detection,6,62,weak_tracked,2,8,0.872061710,0.075826774,nan,nan,nan,nan,nan,nan,nan,nan,0.075794032,1.000000000,0.092161894,0.426754475,nan,nan,nan,nan,nan,nan,nan,nan,nan,0.500000000,0.300000000,0.800000000,0.600000000,1.500000000,2.000000000,31,47,0
2026-06-02T23:32:44,1780327229.862778902,r1,track_association,wall_like,accepted,selected_best_match,detection,0,60,confirmed,12,1,1.635720635,2.240426778,2.688509065,0.165854423,0.000000000,nan,nan,nan,nan,nan,nan,nan,nan,nan,8.000000000,0.300000000,1.800000000,3.000000000,nan,nan,nan,nan,nan,nan,nan,nan,nan,1.500000000,2.000000000,275,302,0
2026-06-02T23:32:44,1780327229.862778902,r1,track_association,wall_like,rejected,normal_angle,detection,0,58,candidate,1,23,nan,4.761348213,8.673056176,0.113007807,2.403656126,nan,nan,nan,nan,nan,nan,nan,nan,nan,8.000000000,0.300000000,1.800000000,3.000000000,nan,nan,nan,nan,nan,nan,nan,nan,nan,1.500000000,2.000000000,275,58,0
2026-06-02T23:32:44,1780327230.063779116,r1,track_association,wall_like,accepted,selected_best_match,detection,0,60,confirmed,13,0,0.724896435,0.502284138,3.407145545,0.039472559,0.000000000,nan,nan,nan,nan,nan,nan,nan,nan,nan,8.000000000,0.300000000,1.800000000,3.000000000,nan,nan,nan,nan,nan,nan,nan,nan,nan,1.500000000,2.000000000,189,275,0
2026-06-02T23:32:44,1780327230.063779116,r1,track_association,wall_like,rejected,plane_offset,detection,0,65,weak_tracked,3,1,nan,3.642438010,3.063009085,0.346748033,0.000000000,nan,nan,nan,nan,nan,nan,nan,nan,nan,8.000000000,0.300000000,1.800000000,3.000000000,nan,nan,nan,nan,nan,nan,nan,nan,nan,1.500000000,2.000000000,189,76,0
2026-06-02T23:32:44,1780327230.063779116,r1,track_association,pillar_like,accepted,selected_best_match,detection,1,56,stale,10,19,0.203109456,0.293156989,nan,nan,nan,nan,nan,nan,nan,nan,0.031261372,1.000000000,0.662174463,0.058689177,nan,nan,nan,nan,nan,nan,nan,nan,nan,0.800000000,0.300000000,0.800000000,0.600000000,1.500000000,2.000000000,93,118,0
2026-06-02T23:32:44,1780327230.063779116,r1,track_association,pillar_like,rejected,footprint_diff,detection,1,57,candidate,1,34,nan,0.807766794,nan,nan,nan,nan,nan,nan,nan,nan,0.064254812,0.691460599,0.565335512,0.662542522,nan,nan,nan,nan,nan,nan,nan,nan,nan,0.500000000,0.300000000,0.800000000,0.600000000,1.500000000,2.000000000,93,75,0
2026-06-02T23:32:45,1780327230.264778852,r1,track_association,wall_like,accepted,selected_best_match,detection,0,55,confirmed,23,2,0.476249324,0.484429373,1.248219782,0.047623618,0.000000000,nan,nan,nan,nan,nan,nan,nan,nan,nan,8.000000000,0.300000000,1.800000000,3.000000000,nan,nan,nan,nan,nan,nan,nan,nan,nan,1.500000000,2.000000000,296,339,0
2026-06-02T23:32:45,1780327230.264778852,r1,track_association,wall_like,rejected,normal_angle,detection,0,58,candidate,1,25,nan,2.471964852,11.669407173,0.172714242,0.143182076,nan,nan,nan,nan,nan,nan,nan,nan,nan,8.000000000,0.300000000,1.800000000,3.000000000,nan,nan,nan,nan,nan,nan,nan,nan,nan,1.500000000,2.000000000,296,58,0
2026-06-02T23:32:45,1780327230.264778852,r1,track_association,wall_like,accepted,selected_best_match,detection,1,43,confirmed,20,2,1.677348209,2.766675852,1.705670644,0.162574228,0.000000000,nan,nan,nan,nan,nan,nan,nan,nan,nan,8.000000000,0.300000000,1.800000000,3.000000000,nan,nan,nan,nan,nan,nan,nan,nan,nan,1.500000000,2.000000000,67,64,0
2026-06-02T23:32:45,1780327230.264778852,r1,track_association,wall_like,accepted,selected_best_match,detection,2,61,candidate,1,20,1.462254326,2.856083154,1.140595311,0.110295658,0.000000000,nan,nan,nan,nan,nan,nan,nan,nan,nan,8.000000000,0.300000000,1.800000000,3.000000000,nan,nan,nan,nan,nan,nan,nan,nan,nan,1.500000000,2.000000000,55,57,0
2026-06-02T23:32:45,1780327230.465779066,r1,track_association,wall_like,rejected,normal_angle,detection,0,65,weak_tracked,3,3,nan,1.834783622,8.763363484,0.127692034,0.000000000,nan,nan,nan,nan,nan,nan,nan,nan,nan,8.000000000,0.300000000,1.800000000,3.000000000,nan,nan,nan,nan,nan,nan,nan,nan,nan,1.500000000,2.000000000,133,76,0
2026-06-02T23:32:45,1780327230.465779066,r1,track_association,wall_like,rejected,plane_offset,detection,0,61,weak_tracked,2,0,nan,0.929646614,7.395439853,0.389929017,0.000000000,nan,nan,nan,nan,nan,nan,nan,nan,nan,8.000000000,0.300000000,1.800000000,3.000000000,nan,nan,nan,nan,nan,nan,nan,nan,nan,1.500000000,2.000000000,133,55,0
2026-06-02T23:32:45,1780327230.465779066,r1,track_association,wall_like,rejected,normal_angle,detection,0,60,confirmed,14,1,nan,2.282611493,8.155003534,0.231238092,0.000000000,nan,nan,nan,nan,nan,nan,nan,nan,nan,8.000000000,0.300000000,1.800000000,3.000000000,nan,nan,nan,nan,nan,nan,nan,nan,nan,1.500000000,2.000000000,133,189,0
2026-06-02T23:32:45,1780327230.465779066,r1,track_association,wall_like,accepted,selected_best_match,detection,2,43,confirmed,21,0,2.119599053,2.193534762,7.350938410,0.140866049,0.000000000,nan,nan,nan,nan,nan,nan,nan,nan,nan,8.000000000,0.300000000,1.800000000,3.000000000,nan,nan,nan,nan,nan,nan,nan,nan,nan,1.500000000,2.000000000,58,67,0
2026-06-02T23:32:45,1780327230.684778929,r1,track_association,wall_like,accepted,selected_best_match,detection,0,55,confirmed,24,1,0.374225126,0.641917095,0.664235047,0.023167014,0.000000000,nan,nan,nan,nan,nan,nan,nan,nan,nan,8.000000000,0.300000000,1.800000000,3.000000000,nan,nan,nan,nan,nan,nan,nan,nan,nan,1.500000000,2.000000000,378,296,0
2026-06-02T23:32:45,1780327230.684778929,r1,track_association,wall_like,rejected,normal_angle,detection,0,58,candidate,1,27,nan,1.521336589,11.709521921,0.137221834,0.000000000,nan,nan,nan,nan,nan,nan,nan,nan,nan,8.000000000,0.300000000,1.800000000,3.000000000,nan,nan,nan,nan,nan,nan,nan,nan,nan,1.500000000,2.000000000,378,58,0
2026-06-02T23:32:45,1780327230.684778929,r1,track_association,wall_like,rejected,plane_offset,detection,0,60,confirmed,14,2,nan,5.036004219,1.997560956,0.449495382,2.145745204,nan,nan,nan,nan,nan,nan,nan,nan,nan,8.000000000,0.300000000,1.800000000,3.000000000,nan,nan,nan,nan,nan,nan,nan,nan,nan,1.500000000,2.000000000,378,189,0
2026-06-02T23:32:45,1780327230.861778975,r1,track_association,wall_like,accepted,selected_best_match,detection,0,55,confirmed,25,0,0.211973057,0.203680554,0.613471598,0.020218677,0.000000000,nan,nan,nan,nan,nan,nan,nan,nan,nan,8.000000000,0.300000000,1.800000000,3.000000000,nan,nan,nan,nan,nan,nan,nan,nan,nan,1.500000000,2.000000000,412,378,0
2026-06-02T23:32:45,1780327230.861778975,r1,track_association,wall_like,rejected,normal_angle,detection,0,58,candidate,1,28,nan,1.798948107,11.591370902,0.149060347,0.000000000,nan,nan,nan,nan,nan,nan,nan,nan,nan,8.000000000,0.300000000,1.800000000,3.000000000,nan,nan,nan,nan,nan,nan,nan,nan,nan,1.500000000,2.000000000,412,58,0
2026-06-02T23:32:45,1780327230.861778975,r1,track_association,pillar_like,accepted,selected_best_match,detection,2,66,weak_tracked,2,5,0.906529510,0.381231658,nan,nan,nan,nan,nan,nan,nan,nan,0.357592444,1.000000000,0.413360238,0.090005159,nan,nan,nan,nan,nan,nan,nan,nan,nan,0.500000000,0.300000000,0.800000000,0.600000000,1.500000000,2.000000000,143,112,0
2026-06-02T23:32:45,1780327230.861778975,r1,track_association,pillar_like,rejected,xy_distance,detection,2,63,stale,7,5,nan,0.988181432,nan,nan,nan,nan,nan,nan,nan,nan,0.935288418,0.930853508,0.406316996,0.588599443,nan,nan,nan,nan,nan,nan,nan,nan,nan,0.800000000,0.300000000,0.800000000,0.600000000,1.500000000,2.000000000,143,74,0
2026-06-02T23:32:45,1780327230.861778975,r1,track_association,pillar_like,accepted,selected_best_match,detection,3,63,stale,7,5,0.564267179,0.147638282,nan,nan,nan,nan,nan,nan,nan,nan,0.081504612,0.933324555,0.022869349,0.236054420,nan,nan,nan,nan,nan,nan,nan,nan,nan,0.800000000,0.300000000,0.800000000,0.600000000,1.500000000,2.000000000,75,74,0
2026-06-02T23:32:45,1780327231.065778971,r1,track_association,wall_like,accepted,selected_best_match,detection,0,55,confirmed,26,0,0.667604616,0.538805415,2.842367043,0.039812079,0.000000000,nan,nan,nan,nan,nan,nan,nan,nan,nan,8.000000000,0.300000000,1.800000000,3.000000000,nan,nan,nan,nan,nan,nan,nan,nan,nan,1.500000000,2.000000000,113,412,0
2026-06-02T23:32:45,1780327231.065778971,r1,track_association,wall_like,rejected,normal_angle,detection,0,58,candidate,1,29,nan,2.424933026,8.926520949,0.122248399,0.048272014,nan,nan,nan,nan,nan,nan,nan,nan,nan,8.000000000,0.300000000,1.800000000,3.000000000,nan,nan,nan,nan,nan,nan,nan,nan,nan,1.500000000,2.000000000,113,58,0
2026-06-02T23:32:45,1780327231.065778971,r1,track_association,wall_like,accepted,selected_best_match,detection,1,60,stale,14,4,0.777717855,1.122115142,1.689034704,0.057765041,0.000000000,nan,nan,nan,nan,nan,nan,nan,nan,nan,8.000000000,0.300000000,1.800000000,3.000000000,nan,nan,nan,nan,nan,nan,nan,nan,nan,1.500000000,2.000000000,84,189,0
2026-06-02T23:32:45,1780327231.065778971,r1,track_association,wall_like,rejected,plane_offset,detection,1,65,weak_tracked,3,6,nan,3.853147591,2.219423213,0.315473748,0.000000000,nan,nan,nan,nan,nan,nan,nan,nan,nan,8.000000000,0.300000000,1.800000000,3.000000000,nan,nan,nan,nan,nan,nan,nan,nan,nan,1.500000000,2.000000000,84,76,0
2026-06-02T23:32:46,1780327231.242779016,r1,track_association,wall_like,accepted,selected_best_match,detection,0,55,confirmed,27,0,0.740332364,1.459783890,1.225129221,0.030178974,0.000000000,nan,nan,nan,nan,nan,nan,nan,nan,nan,8.000000000,0.300000000,1.800000000,3.000000000,nan,nan,nan,nan,nan,nan,nan,nan,nan,1.500000000,2.000000000,253,113,0
2026-06-02T23:32:46,1780327231.242779016,r1,track_association,wall_like,rejected,normal_angle,detection,0,58,candidate,1,30,nan,1.356165927,11.961347882,0.299895129,0.000000000,nan,nan,nan,nan,nan,nan,nan,nan,nan,8.000000000,0.300000000,1.800000000,3.000000000,nan,nan,nan,nan,nan,nan,nan,nan,nan,1.500000000,2.000000000,253,58,0
2026-06-02T23:32:46,1780327231.242779016,r1,track_association,wall_like,accepted,selected_best_match,detection,1,65,weak_tracked,3,7,1.341723851,0.744487622,2.744597117,0.225146001,0.000000000,nan,nan,nan,nan,nan,nan,nan,nan,nan,8.000000000,0.300000000,1.800000000,3.000000000,nan,nan,nan,nan,nan,nan,nan,nan,nan,1.500000000,2.000000000,115,76,0
2026-06-02T23:32:46,1780327231.464774132,r1,track_association,wall_like,accepted,selected_best_match,detection,0,55,confirmed,28,0,0.761903070,0.560053234,2.542988488,0.077203529,0.000000000,nan,nan,nan,nan,nan,nan,nan,nan,nan,8.000000000,0.300000000,1.800000000,3.000000000,nan,nan,nan,nan,nan,nan,nan,nan,nan,1.500000000,2.000000000,179,253,0
2026-06-02T23:32:46,1780327231.464774132,r1,track_association,wall_like,rejected,normal_angle,detection,0,58,candidate,1,31,nan,2.302831181,9.798943867,0.269971166,0.000000000,nan,nan,nan,nan,nan,nan,nan,nan,nan,8.000000000,0.300000000,1.800000000,3.000000000,nan,nan,nan,nan,nan,nan,nan,nan,nan,1.500000000,2.000000000,179,58,0
2026-06-02T23:32:46,1780327231.464774132,r1,track_association,wall_like,rejected,plane_offset,detection,0,60,confirmed,15,1,nan,4.728065032,3.480616442,0.440961554,0.454017598,nan,nan,nan,nan,nan,nan,nan,nan,nan,8.000000000,0.300000000,1.800000000,3.000000000,nan,nan,nan,nan,nan,nan,nan,nan,nan,1.500000000,2.000000000,179,133,0
2026-06-02T23:32:46,1780327231.464774132,r1,track_association,wall_like,accepted,selected_best_match,detection,2,60,confirmed,15,1,0.647647255,0.201869616,3.920880749,0.027074187,0.000000000,nan,nan,nan,nan,nan,nan,nan,nan,nan,8.000000000,0.300000000,1.800000000,3.000000000,nan,nan,nan,nan,nan,nan,nan,nan,nan,1.500000000,2.000000000,297,133,0
2026-06-02T23:32:46,1780327231.665774107,r1,track_association,pillar_like,accepted,selected_best_match,detection,0,63,confirmed,8,3,0.560815313,0.077113454,nan,nan,nan,nan,nan,nan,nan,nan,0.075128465,1.000000000,0.839853287,0.195943832,nan,nan,nan,nan,nan,nan,nan,nan,nan,0.500000000,0.300000000,0.800000000,0.600000000,1.500000000,2.000000000,104,75,0
2026-06-02T23:32:46,1780327231.665774107,r1,track_association,pillar_like,accepted,selected_best_match,detection,1,70,candidate,1,3,1.141088373,0.524522078,nan,nan,nan,nan,nan,nan,nan,nan,0.146994547,0.717688705,0.046473742,0.336084366,nan,nan,nan,nan,nan,nan,nan,nan,nan,0.500000000,0.300000000,0.800000000,0.600000000,1.500000000,2.000000000,72,34,0
2026-06-02T23:32:46,1780327231.887773991,r1,track_association,wall_like,accepted,selected_best_match,detection,0,55,confirmed,29,1,0.504953364,0.418224818,1.791875242,0.042468206,0.000000000,nan,nan,nan,nan,nan,nan,nan,nan,nan,8.000000000,0.300000000,1.800000000,3.000000000,nan,nan,nan,nan,nan,nan,nan,nan,nan,1.500000000,2.000000000,352,179,0
2026-06-02T23:32:46,1780327231.887773991,r1,track_association,wall_like,rejected,normal_angle,detection,0,58,candidate,1,33,nan,2.219804986,11.923798383,0.245562715,0.000000000,nan,nan,nan,nan,nan,nan,nan,nan,nan,8.000000000,0.300000000,1.800000000,3.000000000,nan,nan,nan,nan,nan,nan,nan,nan,nan,1.500000000,2.000000000,352,58,0
2026-06-02T23:32:46,1780327231.887773991,r1,track_association,wall_like,accepted,selected_best_match,detection,1,71,candidate,1,1,1.356405474,1.577444147,5.572687364,0.040201451,0.000000000,nan,nan,nan,nan,nan,nan,nan,nan,nan,8.000000000,0.300000000,1.800000000,3.000000000,nan,nan,nan,nan,nan,nan,nan,nan,nan,1.500000000,2.000000000,57,71,0
2026-06-02T23:32:46,1780327232.064774036,r1,track_association,wall_like,accepted,selected_best_match,detection,0,60,confirmed,16,2,0.625871328,0.264121814,4.101490491,0.007543324,0.000000000,nan,nan,nan,nan,nan,nan,nan,nan,nan,8.000000000,0.300000000,1.800000000,3.000000000,nan,nan,nan,nan,nan,nan,nan,nan,nan,1.500000000,2.000000000,139,297,0
2026-06-02T23:32:46,1780327232.064774036,r1,track_association,wall_like,rejected,plane_offset,detection,0,55,confirmed,30,0,nan,4.868196495,5.395569624,0.429590712,1.885408188,nan,nan,nan,nan,nan,nan,nan,nan,nan,8.000000000,0.300000000,1.800000000,3.000000000,nan,nan,nan,nan,nan,nan,nan,nan,nan,1.500000000,2.000000000,139,352,0
2026-06-02T23:32:46,1780327232.064774036,r1,track_association,wall_like,accepted,selected_best_match,detection,1,55,confirmed,30,0,0.369765157,0.791554277,0.407144354,0.016506206,0.000000000,nan,nan,nan,nan,nan,nan,nan,nan,nan,8.000000000,0.300000000,1.800000000,3.000000000,nan,nan,nan,nan,nan,nan,nan,nan,nan,1.500000000,2.000000000,103,352,0
2026-06-02T23:32:46,1780327232.064774036,r1,track_association,wall_like,rejected,normal_angle,detection,1,58,candidate,1,34,nan,2.702305478,10.918141770,0.142303065,0.999755157,nan,nan,nan,nan,nan,nan,nan,nan,nan,8.000000000,0.300000000,1.800000000,3.000000000,nan,nan,nan,nan,nan,nan,nan,nan,nan,1.500000000,2.000000000,103,58,0
2026-06-02T23:32:47,1780327232.502774000,r1,track_association,wall_like,accepted,selected_best_match,detection,0,53,stale,12,19,0.284815184,0.580823247,0.496610189,0.008739348,0.000000000,nan,nan,nan,nan,nan,nan,nan,nan,nan,8.000000000,0.300000000,1.800000000,3.000000000,nan,nan,nan,nan,nan,nan,nan,nan,nan,1.500000000,2.000000000,428,630,0
2026-06-02T23:32:47,1780327232.502774000,r1,track_association,wall_like,accepted,selected_best_match,detection,2,60,confirmed,17,1,0.602244403,0.623772495,1.812558226,0.050325138,0.000000000,nan,nan,nan,nan,nan,nan,nan,nan,nan,8.000000000,0.300000000,1.800000000,3.000000000,nan,nan,nan,nan,nan,nan,nan,nan,nan,1.500000000,2.000000000,168,139,0
2026-06-02T23:32:47,1780327232.502774000,r1,track_association,wall_like,rejected,plane_offset,detection,2,55,confirmed,31,1,nan,4.071579517,3.745718781,0.435311300,2.213631344,nan,nan,nan,nan,nan,nan,nan,nan,nan,8.000000000,0.300000000,1.800000000,3.000000000,nan,nan,nan,nan,nan,nan,nan,nan,nan,1.500000000,2.000000000,168,103,0
2026-06-02T23:32:47,1780327232.502774000,r1,track_association,wall_like,accepted,selected_best_match,detection,3,55,confirmed,31,1,0.350007768,0.431355104,1.007417450,0.024088666,0.000000000,nan,nan,nan,nan,nan,nan,nan,nan,nan,8.000000000,0.300000000,1.800000000,3.000000000,nan,nan,nan,nan,nan,nan,nan,nan,nan,1.500000000,2.000000000,122,103,0
2026-06-02T23:32:47,1780327232.502774000,r1,track_association,wall_like,rejected,normal_angle,detection,3,58,candidate,1,36,nan,1.772483395,11.663912034,0.165735972,0.351123223,nan,nan,nan,nan,nan,nan,nan,nan,nan,8.000000000,0.300000000,1.800000000,3.000000000,nan,nan,nan,nan,nan,nan,nan,nan,nan,1.500000000,2.000000000,122,58,0
2026-06-02T23:32:47,1780327232.667773962,r1,track_association,wall_like,accepted,selected_best_match,detection,0,60,confirmed,18,0,0.739101357,0.325110095,4.053881187,0.037198853,0.000000000,nan,nan,nan,nan,nan,nan,nan,nan,nan,8.000000000,0.300000000,1.800000000,3.000000000,nan,nan,nan,nan,nan,nan,nan,nan,nan,1.500000000,2.000000000,105,168,0
2026-06-02T23:32:47,1780327232.667773962,r1,track_association,wall_like,rejected,plane_offset,detection,0,55,confirmed,32,0,nan,4.679385700,4.579608968,0.381537335,2.579298108,nan,nan,nan,nan,nan,nan,nan,nan,nan,8.000000000,0.300000000,1.800000000,3.000000000,nan,nan,nan,nan,nan,nan,nan,nan,nan,1.500000000,2.000000000,105,122,0
2026-06-02T23:32:47,1780327232.667773962,r1,track_association,wall_like,accepted,selected_best_match,detection,1,55,confirmed,32,0,0.756831196,0.379049509,3.134889129,0.071586066,0.000000000,nan,nan,nan,nan,nan,nan,nan,nan,nan,8.000000000,0.300000000,1.800000000,3.000000000,nan,nan,nan,nan,nan,nan,nan,nan,nan,1.500000000,2.000000000,86,122,0
2026-06-02T23:32:47,1780327232.667773962,r1,track_association,wall_like,rejected,normal_angle,detection,1,58,candidate,1,37,nan,1.813276108,8.357170699,0.273207013,0.000000000,nan,nan,nan,nan,nan,nan,nan,nan,nan,8.000000000,0.300000000,1.800000000,3.000000000,nan,nan,nan,nan,nan,nan,nan,nan,nan,1.500000000,2.000000000,86,58,0
2026-06-02T23:32:47,1780327232.667773962,r1,track_association,wall_like,accepted,selected_best_match,detection,2,54,candidate,1,58,0.465626477,0.132868774,1.830461249,0.057758769,0.000000000,nan,nan,nan,nan,nan,nan,nan,nan,nan,8.000000000,0.300000000,1.800000000,3.000000000,nan,nan,nan,nan,nan,nan,nan,nan,nan,1.500000000,2.000000000,106,165,0
2026-06-02T23:32:47,1780327232.889774084,r1,track_association,wall_like,accepted,selected_best_match,detection,0,60,confirmed,19,0,0.589412955,0.373371639,3.183580723,0.020102446,0.000000000,nan,nan,nan,nan,nan,nan,nan,nan,nan,8.000000000,0.300000000,1.800000000,3.000000000,nan,nan,nan,nan,nan,nan,nan,nan,nan,1.500000000,2.000000000,297,105,0
2026-06-02T23:32:47,1780327232.889774084,r1,track_association,pillar_like,accepted,selected_best_match,detection,1,63,stale,9,5,0.914317779,0.374480467,nan,nan,nan,nan,nan,nan,nan,nan,0.044309491,0.939447417,0.496526003,0.449235439,nan,nan,nan,nan,nan,nan,nan,nan,nan,0.800000000,0.300000000,0.800000000,0.600000000,1.500000000,2.000000000,88,104,0
2026-06-02T23:32:48,1780327233.264774084,r1,track_association,wall_like,accepted,selected_best_match,detection,0,53,confirmed,13,3,0.189943587,0.185423680,0.968938504,0.002105514,0.000000000,nan,nan,nan,nan,nan,nan,nan,nan,nan,8.000000000,0.300000000,1.800000000,3.000000000,nan,nan,nan,nan,nan,nan,nan,nan,nan,1.500000000,2.000000000,596,428,0
2026-06-02T23:32:48,1780327233.264774084,r1,track_association,pillar_like,accepted,selected_best_match,detection,1,63,confirmed,10,1,1.441280273,0.864243931,nan,nan,nan,nan,nan,nan,nan,nan,0.044731281,0.582478642,0.132535934,0.552625656,nan,nan,nan,nan,nan,nan,nan,nan,nan,0.500000000,0.300000000,0.800000000,0.600000000,1.500000000,2.000000000,51,88,0
2026-06-02T23:32:48,1780327233.465769053,r1,track_association,wall_like,accepted,selected_best_match,detection,0,53,confirmed,14,0,0.401981401,0.475213620,1.102618275,0.031724873,0.000000000,nan,nan,nan,nan,nan,nan,nan,nan,nan,8.000000000,0.300000000,1.800000000,3.000000000,nan,nan,nan,nan,nan,nan,nan,nan,nan,1.500000000,2.000000000,775,596,0
2026-06-02T23:32:48,1780327233.861768961,r1,track_association,wall_like,accepted,selected_best_match,detection,0,53,confirmed,15,1,0.363157528,0.364091274,1.101963491,0.031214500,0.000000000,nan,nan,nan,nan,nan,nan,nan,nan,nan,8.000000000,0.300000000,1.800000000,3.000000000,nan,nan,nan,nan,nan,nan,nan,nan,nan,1.500000000,2.000000000,741,775,0
2026-06-02T23:32:48,1780327233.861768961,r1,track_association,wall_like,accepted,selected_best_match,detection,1,55,stale,33,5,0.697550608,0.611987920,3.366244158,0.021832235,0.000000000,nan,nan,nan,nan,nan,nan,nan,nan,nan,8.000000000,0.300000000,1.800000000,3.000000000,nan,nan,nan,nan,nan,nan,nan,nan,nan,1.500000000,2.000000000,233,86,0
2026-06-02T23:32:48,1780327233.861768961,r1,track_association,pillar_like,rejected,footprint_diff,detection,2,62,weak_tracked,3,20,nan,0.400783498,nan,nan,nan,nan,nan,nan,nan,nan,0.102651128,0.789323285,0.033415556,0.653972864,nan,nan,nan,nan,nan,nan,nan,nan,nan,0.500000000,0.300000000,0.800000000,0.600000000,1.500000000,2.000000000,34,31,0
2026-06-02T23:32:49,1780327234.464769125,r1,track_association,pillar_like,accepted,selected_best_match,detection,0,63,stale,11,5,0.750158297,0.131938992,nan,nan,nan,nan,nan,nan,nan,nan,0.072496849,1.000000000,1.340730190,0.315278530,nan,nan,nan,nan,nan,nan,nan,nan,nan,0.800000000,0.300000000,0.800000000,0.600000000,1.500000000,2.000000000,83,51,0
2026-06-02T23:32:49,1780327234.683768988,r1,track_association,pillar_like,accepted,selected_best_match,detection,0,52,stale,11,57,0.358628484,0.213096284,nan,nan,nan,nan,nan,nan,nan,nan,0.162664567,0.947492461,0.086816549,0.056465149,nan,nan,nan,nan,nan,nan,nan,nan,nan,0.800000000,0.300000000,0.800000000,0.600000000,1.500000000,2.000000000,80,85,0
2026-06-02T23:32:49,1780327234.863769054,r1,track_association,wall_like,accepted,selected_best_match,detection,0,53,stale,16,4,0.259905311,0.400818210,0.643369584,0.013763413,0.000000000,nan,nan,nan,nan,nan,nan,nan,nan,nan,8.000000000,0.300000000,1.800000000,3.000000000,nan,nan,nan,nan,nan,nan,nan,nan,nan,1.500000000,2.000000000,366,741,0
2026-06-02T23:32:49,1780327234.863769054,r1,track_association,wall_like,accepted,selected_best_match,detection,1,55,stale,34,4,0.208168142,0.207793184,0.974114047,0.005141848,0.000000000,nan,nan,nan,nan,nan,nan,nan,nan,nan,8.000000000,0.300000000,1.800000000,3.000000000,nan,nan,nan,nan,nan,nan,nan,nan,nan,1.500000000,2.000000000,198,233,0
2026-06-02T23:32:49,1780327234.863769054,r1,track_association,wall_like,rejected,normal_angle,detection,1,58,candidate,1,48,nan,2.347910147,11.994806895,0.225093349,0.377064100,nan,nan,nan,nan,nan,nan,nan,nan,nan,8.000000000,0.300000000,1.800000000,3.000000000,nan,nan,nan,nan,nan,nan,nan,nan,nan,1.500000000,2.000000000,198,58,0
2026-06-02T23:32:50,1780327235.565763950,r1,track_association,wall_like,accepted,selected_best_match,detection,0,55,confirmed,35,2,0.709339903,0.639333715,2.650610885,0.049470691,0.000000000,nan,nan,nan,nan,nan,nan,nan,nan,nan,8.000000000,0.300000000,1.800000000,3.000000000,nan,nan,nan,nan,nan,nan,nan,nan,nan,1.500000000,2.000000000,115,198,0
2026-06-02T23:32:50,1780327235.565763950,r1,track_association,wall_like,accepted,selected_best_match,detection,1,71,weak_tracked,2,17,1.883011994,2.036406560,6.493796274,0.117745582,0.000000000,nan,nan,nan,nan,nan,nan,nan,nan,nan,8.000000000,0.300000000,1.800000000,3.000000000,nan,nan,nan,nan,nan,nan,nan,nan,nan,1.500000000,2.000000000,79,57,0
2026-06-02T23:32:50,1780327235.565763950,r1,track_association,wall_like,accepted,selected_best_match,detection,2,53,confirmed,17,2,0.223086699,0.027257946,1.122581815,0.022103397,0.000000000,nan,nan,nan,nan,nan,nan,nan,nan,nan,8.000000000,0.300000000,1.800000000,3.000000000,nan,nan,nan,nan,nan,nan,nan,nan,nan,1.500000000,2.000000000,194,366,0
2026-06-02T23:32:50,1780327235.565763950,r1,track_association,pillar_like,accepted,selected_best_match,detection,3,52,confirmed,12,3,0.524050451,0.216358954,nan,nan,nan,nan,nan,nan,nan,nan,0.215485476,1.000000000,0.197573423,0.043993294,nan,nan,nan,nan,nan,nan,nan,nan,nan,0.500000000,0.300000000,0.800000000,0.600000000,1.500000000,2.000000000,92,80,0
2026-06-02T23:32:50,1780327235.865763664,r1,track_association,wall_like,accepted,selected_best_match,detection,0,53,confirmed,18,1,0.396307319,0.964302699,0.478308870,0.004525343,0.000000000,nan,nan,nan,nan,nan,nan,nan,nan,nan,8.000000000,0.300000000,1.800000000,3.000000000,nan,nan,nan,nan,nan,nan,nan,nan,nan,1.500000000,2.000000000,327,194,0
2026-06-02T23:32:50,1780327235.865763664,r1,track_association,pillar_like,accepted,selected_best_match,detection,2,63,stale,12,6,0.317209781,0.202322840,nan,nan,nan,nan,nan,nan,nan,nan,0.016339051,1.000000000,1.268157721,0.101982117,nan,nan,nan,nan,nan,nan,nan,nan,nan,0.800000000,0.300000000,0.800000000,0.600000000,1.500000000,2.000000000,46,83,0
2026-06-02T23:32:50,1780327236.084764004,r1,track_association,wall_like,accepted,selected_best_match,detection,0,53,confirmed,19,0,0.199618696,0.282342782,0.816182235,0.001044497,0.000000000,nan,nan,nan,nan,nan,nan,nan,nan,nan,8.000000000,0.300000000,1.800000000,3.000000000,nan,nan,nan,nan,nan,nan,nan,nan,nan,1.500000000,2.000000000,388,327,0
2026-06-02T23:32:50,1780327236.084764004,r1,track_association,pillar_like,accepted,selected_best_match,detection,1,76,candidate,1,0,0.242585675,0.130631669,nan,nan,nan,nan,nan,nan,nan,nan,0.076613196,0.969546803,0.083486319,0.030334473,nan,nan,nan,nan,nan,nan,nan,nan,nan,0.500000000,0.300000000,0.800000000,0.600000000,1.500000000,2.000000000,88,72,0
2026-06-02T23:32:51,1780327236.261764050,r1,track_association,pillar_like,accepted,selected_best_match,detection,0,52,confirmed,13,3,0.233278240,0.106220618,nan,nan,nan,nan,nan,nan,nan,nan,0.086525680,0.967654461,0.014269114,0.015872657,nan,nan,nan,nan,nan,nan,nan,nan,nan,0.500000000,0.300000000,0.800000000,0.600000000,1.500000000,2.000000000,70,92,0
2026-06-02T23:32:51,1780327236.666764021,r1,track_association,pillar_like,accepted,selected_best_match,detection,0,52,confirmed,14,1,0.194718974,0.157107951,nan,nan,nan,nan,nan,nan,nan,nan,0.070166652,1.000000000,0.466428280,0.004645705,nan,nan,nan,nan,nan,nan,nan,nan,nan,0.500000000,0.300000000,0.800000000,0.600000000,1.500000000,2.000000000,73,70,0
2026-06-02T23:32:51,1780327236.864763737,r1,track_association,wall_like,accepted,selected_best_match,detection,0,53,confirmed,20,3,0.169496361,0.216770720,0.551690530,0.008483441,0.000000000,nan,nan,nan,nan,nan,nan,nan,nan,nan,8.000000000,0.300000000,1.800000000,3.000000000,nan,nan,nan,nan,nan,nan,nan,nan,nan,1.500000000,2.000000000,772,388,0
2026-06-02T23:32:51,1780327237.062763929,r1,track_association,wall_like,accepted,selected_best_match,detection,0,64,candidate,1,46,0.331490500,0.326469490,0.989796258,0.029682841,0.000000000,nan,nan,nan,nan,nan,nan,nan,nan,nan,8.000000000,0.300000000,1.800000000,3.000000000,nan,nan,nan,nan,nan,nan,nan,nan,nan,1.500000000,2.000000000,187,63,0
2026-06-02T23:32:51,1780327237.062763929,r1,track_association,wall_like,accepted,selected_best_match,detection,1,59,weak_tracked,3,46,1.057193982,1.363125785,1.452221068,0.126387326,0.000000000,nan,nan,nan,nan,nan,nan,nan,nan,nan,8.000000000,0.300000000,1.800000000,3.000000000,nan,nan,nan,nan,nan,nan,nan,nan,nan,1.500000000,2.000000000,132,152,0
2026-06-02T23:32:51,1780327237.062763929,r1,track_association,wall_like,accepted,selected_best_match,detection,2,53,confirmed,21,0,0.158925297,0.140240704,0.512071986,0.014450819,0.000000000,nan,nan,nan,nan,nan,nan,nan,nan,nan,8.000000000,0.300000000,1.800000000,3.000000000,nan,nan,nan,nan,nan,nan,nan,nan,nan,1.500000000,2.000000000,686,772,0
2026-06-02T23:32:51,1780327237.062763929,r1,track_association,pillar_like,accepted,selected_best_match,detection,3,52,confirmed,15,1,0.260161846,0.134768983,nan,nan,nan,nan,nan,nan,nan,nan,0.070782886,1.000000000,0.310512543,0.052526891,nan,nan,nan,nan,nan,nan,nan,nan,nan,0.500000000,0.300000000,0.800000000,0.600000000,1.500000000,2.000000000,73,73,0
2026-06-02T23:32:52,1780327237.461759090,r1,track_association,pillar_like,accepted,selected_best_match,detection,0,52,confirmed,16,1,0.312967161,0.128778055,nan,nan,nan,nan,nan,nan,nan,nan,0.127026971,1.000000000,0.275447845,0.018821061,nan,nan,nan,nan,nan,nan,nan,nan,nan,0.500000000,0.300000000,0.800000000,0.600000000,1.500000000,2.000000000,75,73,0
2026-06-02T23:32:52,1780327237.683758974,r1,track_association,wall_like,accepted,selected_best_match,detection,0,53,confirmed,22,2,0.187418635,0.153531691,1.040444961,0.001855735,0.000000000,nan,nan,nan,nan,nan,nan,nan,nan,nan,8.000000000,0.300000000,1.800000000,3.000000000,nan,nan,nan,nan,nan,nan,nan,nan,nan,1.500000000,2.000000000,613,686,0
2026-06-02T23:32:52,1780327237.863759041,r1,track_association,wall_like,accepted,selected_best_match,detection,0,53,confirmed,23,0,0.289151541,0.180602915,1.446503145,0.014441303,0.000000000,nan,nan,nan,nan,nan,nan,nan,nan,nan,8.000000000,0.300000000,1.800000000,3.000000000,nan,nan,nan,nan,nan,nan,nan,nan,nan,1.500000000,2.000000000,742,613,0
2026-06-02T23:32:52,1780327237.863759041,r1,track_association,wall_like,accepted,selected_best_match,detection,1,60,stale,20,24,0.685426735,0.730554357,3.059449043,0.017843246,0.000000000,nan,nan,nan,nan,nan,nan,nan,nan,nan,8.000000000,0.300000000,1.800000000,3.000000000,nan,nan,nan,nan,nan,nan,nan,nan,nan,1.500000000,2.000000000,149,297,0
2026-06-02T23:32:52,1780327238.064759016,r1,track_association,wall_like,accepted,selected_best_match,detection,0,55,stale,36,12,1.230983894,0.370948873,2.212585852,0.249228312,0.000000000,nan,nan,nan,nan,nan,nan,nan,nan,nan,8.000000000,0.300000000,1.800000000,3.000000000,nan,nan,nan,nan,nan,nan,nan,nan,nan,1.500000000,2.000000000,104,115,0
2026-06-02T23:32:52,1780327238.064759016,r1,track_association,wall_like,accepted,selected_best_match,detection,1,71,weak_tracked,3,12,1.534526258,0.726074162,4.610653173,0.214850967,0.000000000,nan,nan,nan,nan,nan,nan,nan,nan,nan,8.000000000,0.300000000,1.800000000,3.000000000,nan,nan,nan,nan,nan,nan,nan,nan,nan,1.500000000,2.000000000,226,79,0
2026-06-02T23:32:52,1780327238.064759016,r1,track_association,wall_like,accepted,selected_best_match,detection,4,53,confirmed,24,0,0.307020924,0.197181688,1.518617216,0.015439963,0.000000000,nan,nan,nan,nan,nan,nan,nan,nan,nan,8.000000000,0.300000000,1.800000000,3.000000000,nan,nan,nan,nan,nan,nan,nan,nan,nan,1.500000000,2.000000000,604,742,0
2026-06-02T23:32:53,1780327238.463758945,r1,track_association,wall_like,accepted,selected_best_match,detection,0,71,weak_tracked,4,1,1.459508633,0.708457394,4.344056153,0.204104745,0.000000000,nan,nan,nan,nan,nan,nan,nan,nan,nan,8.000000000,0.300000000,1.800000000,3.000000000,nan,nan,nan,nan,nan,nan,nan,nan,nan,1.500000000,2.000000000,319,226,0
2026-06-02T23:32:53,1780327238.463758945,r1,track_association,wall_like,accepted,selected_best_match,detection,1,55,confirmed,37,1,1.281958138,0.351594998,2.645795446,0.250210612,0.000000000,nan,nan,nan,nan,nan,nan,nan,nan,nan,8.000000000,0.300000000,1.800000000,3.000000000,nan,nan,nan,nan,nan,nan,nan,nan,nan,1.500000000,2.000000000,119,104,0
2026-06-02T23:32:53,1780327238.463758945,r1,track_association,wall_like,accepted,selected_best_match,detection,3,53,confirmed,25,1,0.408731500,0.236254026,1.994495361,0.024200471,0.000000000,nan,nan,nan,nan,nan,nan,nan,nan,nan,8.000000000,0.300000000,1.800000000,3.000000000,nan,nan,nan,nan,nan,nan,nan,nan,nan,1.500000000,2.000000000,633,604,0
2026-06-02T23:32:53,1780327238.661758900,r1,track_association,wall_like,accepted,selected_best_match,detection,0,53,confirmed,26,0,0.124096017,0.051140117,0.491389141,0.013687701,0.000000000,nan,nan,nan,nan,nan,nan,nan,nan,nan,8.000000000,0.300000000,1.800000000,3.000000000,nan,nan,nan,nan,nan,nan,nan,nan,nan,1.500000000,2.000000000,656,633,0
2026-06-02T23:32:53,1780327238.661758900,r1,track_association,pillar_like,accepted,selected_best_match,detection,1,56,stale,11,42,0.325335669,0.252240292,nan,nan,nan,nan,nan,nan,nan,nan,0.110511324,0.873060663,0.031522512,0.034262955,nan,nan,nan,nan,nan,nan,nan,nan,nan,0.800000000,0.300000000,0.800000000,0.600000000,1.500000000,2.000000000,87,93,0
2026-06-02T23:32:53,1780327238.661758900,r1,track_association,pillar_like,accepted,selected_best_match,detection,2,52,stale,17,5,0.756496575,0.129392232,nan,nan,nan,nan,nan,nan,nan,nan,0.100686196,1.000000000,0.836907148,0.328168869,nan,nan,nan,nan,nan,nan,nan,nan,nan,0.800000000,0.300000000,0.800000000,0.600000000,1.500000000,2.000000000,85,75,0
2026-06-02T23:32:54,1780327239.264759064,r1,track_association,wall_like,accepted,selected_best_match,detection,0,53,confirmed,27,2,0.366941065,0.571089704,0.327558831,0.040689893,0.000000000,nan,nan,nan,nan,nan,nan,nan,nan,nan,8.000000000,0.300000000,1.800000000,3.000000000,nan,nan,nan,nan,nan,nan,nan,nan,nan,1.500000000,2.000000000,277,656,0
2026-06-02T23:32:54,1780327239.462754011,r1,track_association,wall_like,accepted,selected_best_match,detection,0,53,confirmed,28,0,0.459090114,0.547757929,1.206648174,0.037701935,0.000000000,nan,nan,nan,nan,nan,nan,nan,nan,nan,8.000000000,0.300000000,1.800000000,3.000000000,nan,nan,nan,nan,nan,nan,nan,nan,nan,1.500000000,2.000000000,650,277,0
2026-06-02T23:32:54,1780327239.663753986,r1,track_association,pillar_like,accepted,selected_best_match,detection,0,56,stale,12,4,0.776476240,0.295347556,nan,nan,nan,nan,nan,nan,nan,nan,0.141102930,0.868041908,0.080275893,0.276067138,nan,nan,nan,nan,nan,nan,nan,nan,nan,0.800000000,0.300000000,0.800000000,0.600000000,1.500000000,2.000000000,97,87,0
2026-06-02T23:32:54,1780327239.663753986,r1,track_association,pillar_like,accepted,selected_best_match,detection,1,52,stale,18,4,0.755658320,0.200294997,nan,nan,nan,nan,nan,nan,nan,nan,0.143332338,1.000000000,0.957464695,0.288447857,nan,nan,nan,nan,nan,nan,nan,nan,nan,0.800000000,0.300000000,0.800000000,0.600000000,1.500000000,2.000000000,55,85,0
2026-06-02T23:32:54,1780327239.864753962,r1,track_association,wall_like,accepted,selected_best_match,detection,0,53,confirmed,29,1,0.973481792,1.755888654,0.803230317,0.086334535,0.000000000,nan,nan,nan,nan,nan,nan,nan,nan,nan,8.000000000,0.300000000,1.800000000,3.000000000,nan,nan,nan,nan,nan,nan,nan,nan,nan,1.500000000,2.000000000,210,650,0
2026-06-02T23:32:55,1780327240.263754129,r1,track_association,wall_like,accepted,selected_best_match,detection,0,53,confirmed,30,1,0.302467031,0.516371808,0.713379035,0.012351215,0.000000000,nan,nan,nan,nan,nan,nan,nan,nan,nan,8.000000000,0.300000000,1.800000000,3.000000000,nan,nan,nan,nan,nan,nan,nan,nan,nan,1.500000000,2.000000000,817,210,0
2026-06-02T23:32:55,1780327240.263754129,r1,track_association,pillar_like,accepted,selected_best_match,detection,1,81,candidate,1,0,0.583028237,0.103230981,nan,nan,nan,nan,nan,nan,nan,nan,0.099710099,1.000000000,0.236500263,0.215974808,nan,nan,nan,nan,nan,nan,nan,nan,nan,0.500000000,0.300000000,0.800000000,0.600000000,1.500000000,2.000000000,83,73,0
2026-06-02T23:32:55,1780327240.662754059,r1,track_association,wall_like,accepted,selected_best_match,detection,0,53,confirmed,31,1,0.394191938,0.288447131,1.195674131,0.044575088,0.000000000,nan,nan,nan,nan,nan,nan,nan,nan,nan,8.000000000,0.300000000,1.800000000,3.000000000,nan,nan,nan,nan,nan,nan,nan,nan,nan,1.500000000,2.000000000,439,817,0
2026-06-02T23:32:55,1780327240.863754034,r1,track_association,wall_like,accepted,selected_best_match,detection,0,53,confirmed,32,0,0.369744742,0.472663589,0.876449095,0.030790223,0.000000000,nan,nan,nan,nan,nan,nan,nan,nan,nan,8.000000000,0.300000000,1.800000000,3.000000000,nan,nan,nan,nan,nan,nan,nan,nan,nan,1.500000000,2.000000000,728,439,0
2026-06-02T23:32:56,1780327241.286753893,r1,track_association,wall_like,accepted,selected_best_match,detection,0,71,weak_tracked,5,13,1.136508651,2.044036285,2.044236170,0.059890111,0.000000000,nan,nan,nan,nan,nan,nan,nan,nan,nan,8.000000000,0.300000000,1.800000000,3.000000000,nan,nan,nan,nan,nan,nan,nan,nan,nan,1.500000000,2.000000000,159,319,0
2026-06-02T23:32:56,1780327241.286753893,r1,track_association,wall_like,accepted,selected_best_match,detection,1,55,stale,38,13,0.661210020,0.397616638,1.379438265,0.106872407,0.000000000,nan,nan,nan,nan,nan,nan,nan,nan,nan,8.000000000,0.300000000,1.800000000,3.000000000,nan,nan,nan,nan,nan,nan,nan,nan,nan,1.500000000,2.000000000,53,119,0
2026-06-02T23:32:56,1780327241.286753893,r1,track_association,pillar_like,accepted,selected_best_match,detection,2,81,weak_tracked,2,4,0.954488732,0.863598104,nan,nan,nan,nan,nan,nan,nan,nan,0.097715380,0.532854424,0.028362274,0.173445702,nan,nan,nan,nan,nan,nan,nan,nan,nan,0.500000000,0.300000000,0.800000000,0.600000000,1.500000000,2.000000000,79,83,0
2026-06-02T23:32:56,1780327241.463748693,r1,track_association,wall_like,accepted,selected_best_match,detection,0,53,confirmed,33,2,0.523926690,0.373610634,1.389828419,0.067698378,0.000000000,nan,nan,nan,nan,nan,nan,nan,nan,nan,8.000000000,0.300000000,1.800000000,3.000000000,nan,nan,nan,nan,nan,nan,nan,nan,nan,1.500000000,2.000000000,830,728,0
2026-06-02T23:32:56,1780327241.664748907,r1,track_association,wall_like,accepted,selected_best_match,detection,0,53,confirmed,34,0,0.241768633,0.355315346,0.600915033,0.014464742,0.000000000,nan,nan,nan,nan,nan,nan,nan,nan,nan,8.000000000,0.300000000,1.800000000,3.000000000,nan,nan,nan,nan,nan,nan,nan,nan,nan,1.500000000,2.000000000,727,830,0
2026-06-02T23:32:56,1780327241.664748907,r1,track_association,pillar_like,accepted,selected_best_match,detection,1,56,stale,13,9,0.723657285,0.148979014,nan,nan,nan,nan,nan,nan,nan,nan,0.148773358,1.000000000,0.117521167,0.315563083,nan,nan,nan,nan,nan,nan,nan,nan,nan,0.800000000,0.300000000,0.800000000,0.600000000,1.500000000,2.000000000,83,97,0
2026-06-02T23:32:56,1780327241.865749121,r1,track_association,wall_like,accepted,selected_best_match,detection,0,54,weak_tracked,2,45,1.998555059,3.886379565,1.990202641,0.136295962,0.000000000,nan,nan,nan,nan,nan,nan,nan,nan,nan,8.000000000,0.300000000,1.800000000,3.000000000,nan,nan,nan,nan,nan,nan,nan,nan,nan,1.500000000,2.000000000,225,106,0
2026-06-02T23:32:56,1780327241.865749121,r1,track_association,wall_like,accepted,selected_best_match,detection,1,71,weak_tracked,6,2,2.254919511,2.300165147,6.055606730,0.219374086,0.000000000,nan,nan,nan,nan,nan,nan,nan,nan,nan,8.000000000,0.300000000,1.800000000,3.000000000,nan,nan,nan,nan,nan,nan,nan,nan,nan,1.500000000,2.000000000,177,159,0
2026-06-02T23:32:56,1780327241.865749121,r1,track_association,wall_like,rejected,plane_offset,detection,1,60,stale,21,19,nan,2.592746397,7.465865655,0.314550882,0.000000000,nan,nan,nan,nan,nan,nan,nan,nan,nan,8.000000000,0.300000000,1.800000000,3.000000000,nan,nan,nan,nan,nan,nan,nan,nan,nan,1.500000000,2.000000000,177,149,0
2026-06-02T23:32:56,1780327241.865749121,r1,track_association,pillar_like,accepted,selected_best_match,detection,3,81,weak_tracked,3,2,0.653993735,0.555218688,nan,nan,nan,nan,nan,nan,nan,nan,0.137936642,0.718853131,0.043924689,0.055548668,nan,nan,nan,nan,nan,nan,nan,nan,nan,0.500000000,0.300000000,0.800000000,0.600000000,1.500000000,2.000000000,78,79,0
2026-06-02T23:32:56,1780327242.042748928,r1,track_association,wall_like,accepted,selected_best_match,detection,0,53,confirmed,35,1,0.191649113,0.128956405,0.664058898,0.019696885,0.000000000,nan,nan,nan,nan,nan,nan,nan,nan,nan,8.000000000,0.300000000,1.800000000,3.000000000,nan,nan,nan,nan,nan,nan,nan,nan,nan,1.500000000,2.000000000,559,727,0
2026-06-02T23:32:57,1780327242.285748959,r1,track_association,wall_like,accepted,selected_best_match,detection,0,53,confirmed,36,0,0.425732296,0.598457239,0.956410414,0.032008574,0.000000000,nan,nan,nan,nan,nan,nan,nan,nan,nan,8.000000000,0.300000000,1.800000000,3.000000000,nan,nan,nan,nan,nan,nan,nan,nan,nan,1.500000000,2.000000000,131,559,0
2026-06-02T23:32:57,1780327242.465749025,r1,track_association,wall_like,accepted,selected_best_match,detection,0,53,confirmed,37,0,0.210109242,0.249871296,0.453303986,0.021046744,0.000000000,nan,nan,nan,nan,nan,nan,nan,nan,nan,8.000000000,0.300000000,1.800000000,3.000000000,nan,nan,nan,nan,nan,nan,nan,nan,nan,1.500000000,2.000000000,387,131,0
2026-06-02T23:32:57,1780327242.864748955,r1,track_association,wall_like,accepted,selected_best_match,detection,0,53,confirmed,38,1,0.055821815,0.083528692,0.186272460,0.001408458,0.000000000,nan,nan,nan,nan,nan,nan,nan,nan,nan,8.000000000,0.300000000,1.800000000,3.000000000,nan,nan,nan,nan,nan,nan,nan,nan,nan,1.500000000,2.000000000,823,387,0
2026-06-02T23:32:57,1780327242.864748955,r1,track_association,pillar_like,accepted,selected_best_match,detection,1,81,weak_tracked,4,4,0.297594774,0.082037310,nan,nan,nan,nan,nan,nan,nan,nan,0.076524882,1.000000000,0.458619714,0.059209824,nan,nan,nan,nan,nan,nan,nan,nan,nan,0.500000000,0.300000000,0.800000000,0.600000000,1.500000000,2.000000000,92,78,0
2026-06-02T23:32:57,1780327243.065748930,r1,track_association,wall_like,accepted,selected_best_match,detection,0,53,confirmed,39,0,0.326215899,0.160925214,0.872971369,0.049035822,0.000000000,nan,nan,nan,nan,nan,nan,nan,nan,nan,8.000000000,0.300000000,1.800000000,3.000000000,nan,nan,nan,nan,nan,nan,nan,nan,nan,1.500000000,2.000000000,825,823,0
2026-06-02T23:32:57,1780327243.065748930,r1,track_association,pillar_like,accepted,selected_best_match,detection,1,56,stale,14,6,0.320268669,0.198465077,nan,nan,nan,nan,nan,nan,nan,nan,0.183117661,1.000000000,0.269810915,0.038634300,nan,nan,nan,nan,nan,nan,nan,nan,nan,0.800000000,0.300000000,0.800000000,0.600000000,1.500000000,2.000000000,91,83,0
2026-06-02T23:32:57,1780327243.065748930,r1,track_association,pillar_like,accepted,selected_best_match,detection,2,81,confirmed,5,0,0.230537344,0.265122298,nan,nan,nan,nan,nan,nan,nan,nan,0.065530914,0.959098970,0.351331711,0.014064789,nan,nan,nan,nan,nan,nan,nan,nan,nan,0.500000000,0.300000000,0.800000000,0.600000000,1.500000000,2.000000000,81,92,0
2026-06-02T23:32:58,1780327243.266748905,r1,track_association,wall_like,accepted,selected_best_match,detection,0,53,confirmed,40,0,0.284204369,0.129457753,0.799845269,0.042321338,0.000000000,nan,nan,nan,nan,nan,nan,nan,nan,nan,8.000000000,0.300000000,1.800000000,3.000000000,nan,nan,nan,nan,nan,nan,nan,nan,nan,1.500000000,2.000000000,621,825,0
2026-06-02T23:32:58,1780327243.266748905,r1,track_association,pillar_like,accepted,selected_best_match,detection,1,81,confirmed,6,0,0.179782722,0.047211130,nan,nan,nan,nan,nan,nan,nan,nan,0.034759664,1.000000000,0.396914959,0.042343140,nan,nan,nan,nan,nan,nan,nan,nan,nan,0.500000000,0.300000000,0.800000000,0.600000000,1.500000000,2.000000000,96,81,0
2026-06-02T23:32:58,1780327243.266748905,r1,track_association,pillar_like,accepted,selected_best_match,detection,2,56,weak_tracked,15,0,0.401144349,0.314254078,nan,nan,nan,nan,nan,nan,nan,nan,0.147677871,0.941226815,0.345004320,0.007508993,nan,nan,nan,nan,nan,nan,nan,nan,nan,0.500000000,0.300000000,0.800000000,0.600000000,1.500000000,2.000000000,54,91,0
2026-06-02T23:32:58,1780327243.464744091,r1,track_association,wall_like,accepted,selected_best_match,detection,0,53,confirmed,41,0,0.061722193,0.132430412,0.112872229,0.001040908,0.000000000,nan,nan,nan,nan,nan,nan,nan,nan,nan,8.000000000,0.300000000,1.800000000,3.000000000,nan,nan,nan,nan,nan,nan,nan,nan,nan,1.500000000,2.000000000,818,621,0
2026-06-02T23:32:58,1780327243.686743975,r1,track_association,wall_like,accepted,selected_best_match,detection,0,53,confirmed,42,0,0.402633822,0.518766606,0.970779101,0.032509270,0.000000000,nan,nan,nan,nan,nan,nan,nan,nan,nan,8.000000000,0.300000000,1.800000000,3.000000000,nan,nan,nan,nan,nan,nan,nan,nan,nan,1.500000000,2.000000000,295,818,0
2026-06-02T23:32:58,1780327243.686743975,r1,track_association,pillar_like,accepted,selected_best_match,detection,1,56,confirmed,16,1,0.176544985,0.241287478,nan,nan,nan,nan,nan,nan,nan,nan,0.055521561,0.991358530,0.438781023,0.007789373,nan,nan,nan,nan,nan,nan,nan,nan,nan,0.500000000,0.300000000,0.800000000,0.600000000,1.500000000,2.000000000,58,54,0
2026-06-02T23:32:58,1780327244.064743757,r1,track_association,wall_like,accepted,selected_best_match,detection,0,53,confirmed,43,1,0.236497381,0.128398404,0.433573773,0.041850357,0.000000000,nan,nan,nan,nan,nan,nan,nan,nan,nan,8.000000000,0.300000000,1.800000000,3.000000000,nan,nan,nan,nan,nan,nan,nan,nan,nan,1.500000000,2.000000000,584,295,0
2026-06-02T23:32:58,1780327244.064743757,r1,track_association,wall_like,accepted,selected_best_match,detection,1,77,candidate,1,33,0.450349363,0.339077543,1.224669233,0.055271958,0.000000000,nan,nan,nan,nan,nan,nan,nan,nan,nan,8.000000000,0.300000000,1.800000000,3.000000000,nan,nan,nan,nan,nan,nan,nan,nan,nan,1.500000000,2.000000000,380,303,0
2026-06-02T23:32:59,1780327244.286744118,r1,track_association,wall_like,accepted,selected_best_match,detection,0,53,confirmed,44,0,0.609045984,0.168859550,1.544320072,0.107915837,0.000000000,nan,nan,nan,nan,nan,nan,nan,nan,nan,8.000000000,0.300000000,1.800000000,3.000000000,nan,nan,nan,nan,nan,nan,nan,nan,nan,1.500000000,2.000000000,666,584,0
2026-06-02T23:32:59,1780327244.463743925,r1,track_association,wall_like,accepted,selected_best_match,detection,0,53,confirmed,45,0,0.364792733,0.105524150,0.880781917,0.065856083,0.000000000,nan,nan,nan,nan,nan,nan,nan,nan,nan,8.000000000,0.300000000,1.800000000,3.000000000,nan,nan,nan,nan,nan,nan,nan,nan,nan,1.500000000,2.000000000,725,666,0
2026-06-02T23:32:59,1780327244.463743925,r1,track_association,wall_like,accepted,selected_best_match,detection,1,77,weak_tracked,2,1,0.119002817,0.139176790,0.398496017,0.006839565,0.000000000,nan,nan,nan,nan,nan,nan,nan,nan,nan,8.000000000,0.300000000,1.800000000,3.000000000,nan,nan,nan,nan,nan,nan,nan,nan,nan,1.500000000,2.000000000,450,380,0
2026-06-02T23:32:59,1780327244.664743900,r1,track_association,wall_like,accepted,selected_best_match,detection,0,77,weak_tracked,3,0,0.189868675,0.140244675,0.251013434,0.033523131,0.000000000,nan,nan,nan,nan,nan,nan,nan,nan,nan,8.000000000,0.300000000,1.800000000,3.000000000,nan,nan,nan,nan,nan,nan,nan,nan,nan,1.500000000,2.000000000,461,450,0
2026-06-02T23:32:59,1780327244.664743900,r1,track_association,wall_like,accepted,selected_best_match,detection,1,53,confirmed,46,0,0.112794820,0.111590698,0.450504293,0.005785465,0.000000000,nan,nan,nan,nan,nan,nan,nan,nan,nan,8.000000000,0.300000000,1.800000000,3.000000000,nan,nan,nan,nan,nan,nan,nan,nan,nan,1.500000000,2.000000000,569,725,0
2026-06-02T23:32:59,1780327244.664743900,r1,track_association,pillar_like,accepted,selected_best_match,detection,2,56,stale,17,4,0.773953379,0.309724560,nan,nan,nan,nan,nan,nan,nan,nan,0.052579870,0.901668317,0.173186064,0.355546951,nan,nan,nan,nan,nan,nan,nan,nan,nan,0.800000000,0.300000000,0.800000000,0.600000000,1.500000000,2.000000000,59,58,0
2026-06-02T23:32:59,1780327244.865744114,r1,track_association,wall_like,accepted,selected_best_match,detection,0,53,confirmed,47,0,0.547779317,1.239300966,0.489785424,0.022036745,0.000000000,nan,nan,nan,nan,nan,nan,nan,nan,nan,8.000000000,0.300000000,1.800000000,3.000000000,nan,nan,nan,nan,nan,nan,nan,nan,nan,1.500000000,2.000000000,369,569,0
2026-06-02T23:33:00,1780327245.264744043,r1,track_association,wall_like,accepted,selected_best_match,detection,0,53,confirmed,48,1,0.642130363,0.307748046,1.491329469,0.105939449,0.000000000,nan,nan,nan,nan,nan,nan,nan,nan,nan,8.000000000,0.300000000,1.800000000,3.000000000,nan,nan,nan,nan,nan,nan,nan,nan,nan,1.500000000,2.000000000,790,369,0
2026-06-02T23:33:00,1780327245.264744043,r1,track_association,pillar_like,accepted,selected_best_match,detection,1,56,confirmed,18,2,0.932677303,0.205569231,nan,nan,nan,nan,nan,nan,nan,nan,0.174248541,1.000000000,0.734796762,0.306420326,nan,nan,nan,nan,nan,nan,nan,nan,nan,0.500000000,0.300000000,0.800000000,0.600000000,1.500000000,2.000000000,44,59,0
2026-06-02T23:33:00,1780327245.465739012,r1,track_association,wall_like,accepted,selected_best_match,detection,0,53,confirmed,49,0,0.302360046,0.181841481,0.769557459,0.043665461,0.000000000,nan,nan,nan,nan,nan,nan,nan,nan,nan,8.000000000,0.300000000,1.800000000,3.000000000,nan,nan,nan,nan,nan,nan,nan,nan,nan,1.500000000,2.000000000,708,790,0
2026-06-02T23:33:00,1780327245.465739012,r1,track_association,pillar_like,accepted,selected_best_match,detection,1,56,confirmed,19,0,0.403940458,0.150554488,nan,nan,nan,nan,nan,nan,nan,nan,0.108960761,1.000000000,0.753458261,0.066403866,nan,nan,nan,nan,nan,nan,nan,nan,nan,0.500000000,0.300000000,0.800000000,0.600000000,1.500000000,2.000000000,53,44,0
2026-06-02T23:33:00,1780327245.864738941,r1,track_association,wall_like,accepted,selected_best_match,detection,0,53,confirmed,50,1,0.521851063,0.578639393,1.185195072,0.054246564,0.000000000,nan,nan,nan,nan,nan,nan,nan,nan,nan,8.000000000,0.300000000,1.800000000,3.000000000,nan,nan,nan,nan,nan,nan,nan,nan,nan,1.500000000,2.000000000,241,708,0
2026-06-02T23:33:00,1780327246.062738895,r1,track_association,pillar_like,accepted,selected_best_match,detection,0,56,confirmed,20,2,0.465384852,0.511788759,nan,nan,nan,nan,nan,nan,nan,nan,0.055116577,0.894252217,0.642734766,0.111078262,nan,nan,nan,nan,nan,nan,nan,nan,nan,0.500000000,0.300000000,0.800000000,0.600000000,1.500000000,2.000000000,44,53,0
2026-06-02T23:33:01,1780327246.287739038,r1,track_association,wall_like,accepted,selected_best_match,detection,0,53,confirmed,51,1,0.478918503,0.544145258,0.509406348,0.070158287,0.000000000,nan,nan,nan,nan,nan,nan,nan,nan,nan,8.000000000,0.300000000,1.800000000,3.000000000,nan,nan,nan,nan,nan,nan,nan,nan,nan,1.500000000,2.000000000,678,241,0
2026-06-02T23:33:01,1780327246.287739038,r1,track_association,wall_like,accepted,selected_best_match,detection,1,79,candidate,1,34,0.539094796,1.236615554,0.513400917,0.018814349,0.000000000,nan,nan,nan,nan,nan,nan,nan,nan,nan,8.000000000,0.300000000,1.800000000,3.000000000,nan,nan,nan,nan,nan,nan,nan,nan,nan,1.500000000,2.000000000,476,275,0
2026-06-02T23:33:01,1780327246.287739038,r1,track_association,pillar_like,accepted,selected_best_match,detection,3,81,stale,7,14,0.589262977,0.060196911,nan,nan,nan,nan,nan,nan,nan,nan,0.060196742,1.000000000,0.536053419,0.276247025,nan,nan,nan,nan,nan,nan,nan,nan,nan,0.800000000,0.300000000,0.800000000,0.600000000,1.500000000,2.000000000,68,96,0
2026-06-02T23:33:02,1780327247.463659048,r1,track_association,wall_like,accepted,selected_best_match,detection,0,79,weak_tracked,2,5,0.160712945,0.037457788,0.837356005,0.013067254,0.000000000,nan,nan,nan,nan,nan,nan,nan,nan,nan,8.000000000,0.300000000,1.800000000,3.000000000,nan,nan,nan,nan,nan,nan,nan,nan,nan,1.500000000,2.000000000,422,476,0
2026-06-02T23:33:02,1780327247.664659262,r1,track_association,wall_like,accepted,selected_best_match,detection,0,53,stale,52,6,0.569919896,1.192101887,0.291077278,0.040850382,0.000000000,nan,nan,nan,nan,nan,nan,nan,nan,nan,8.000000000,0.300000000,1.800000000,3.000000000,nan,nan,nan,nan,nan,nan,nan,nan,nan,1.500000000,2.000000000,373,678,0
2026-06-02T23:33:03,1780327248.285658836,r1,track_association,wall_like,accepted,selected_best_match,detection,0,53,confirmed,53,2,0.669010353,0.271753187,1.543518072,0.115645860,0.000000000,nan,nan,nan,nan,nan,nan,nan,nan,nan,8.000000000,0.300000000,1.800000000,3.000000000,nan,nan,nan,nan,nan,nan,nan,nan,nan,1.500000000,2.000000000,617,373,0
2026-06-02T23:33:03,1780327248.465654135,r1,track_association,wall_like,accepted,selected_best_match,detection,0,53,confirmed,54,0,0.270955284,0.161050101,0.598982901,0.042719716,0.000000000,nan,nan,nan,nan,nan,nan,nan,nan,nan,8.000000000,0.300000000,1.800000000,3.000000000,nan,nan,nan,nan,nan,nan,nan,nan,nan,1.500000000,2.000000000,621,617,0
2026-06-02T23:33:03,1780327248.465654135,r1,track_association,wall_like,accepted,selected_best_match,detection,1,77,weak_tracked,4,18,0.286421643,0.052529287,1.134196113,0.038141210,0.000000000,nan,nan,nan,nan,nan,nan,nan,nan,nan,8.000000000,0.300000000,1.800000000,3.000000000,nan,nan,nan,nan,nan,nan,nan,nan,nan,1.500000000,2.000000000,444,461,0
2026-06-02T23:33:03,1780327248.666653872,r1,track_association,wall_like,accepted,selected_best_match,detection,0,53,confirmed,55,0,0.382729520,0.225427850,0.467886142,0.074730341,0.000000000,nan,nan,nan,nan,nan,nan,nan,nan,nan,8.000000000,0.300000000,1.800000000,3.000000000,nan,nan,nan,nan,nan,nan,nan,nan,nan,1.500000000,2.000000000,449,621,0
2026-06-02T23:33:03,1780327248.888653994,r1,track_association,wall_like,accepted,selected_best_match,detection,0,53,confirmed,56,0,0.176687889,0.087494214,0.404693627,0.029080934,0.000000000,nan,nan,nan,nan,nan,nan,nan,nan,nan,8.000000000,0.300000000,1.800000000,3.000000000,nan,nan,nan,nan,nan,nan,nan,nan,nan,1.500000000,2.000000000,578,449,0
2026-06-02T23:33:03,1780327248.888653994,r1,track_association,wall_like,accepted,selected_best_match,detection,1,77,weak_tracked,5,1,0.244206186,0.116899371,0.836427369,0.030205892,0.000000000,nan,nan,nan,nan,nan,nan,nan,nan,nan,8.000000000,0.300000000,1.800000000,3.000000000,nan,nan,nan,nan,nan,nan,nan,nan,nan,1.500000000,2.000000000,568,444,0
2026-06-02T23:33:03,1780327249.062654257,r1,track_association,wall_like,accepted,selected_best_match,detection,0,77,weak_tracked,6,0,0.213783031,0.102314869,0.739048148,0.026189117,0.000000000,nan,nan,nan,nan,nan,nan,nan,nan,nan,8.000000000,0.300000000,1.800000000,3.000000000,nan,nan,nan,nan,nan,nan,nan,nan,nan,1.500000000,2.000000000,465,568,0
2026-06-02T23:33:04,1780327249.266654253,r1,track_association,wall_like,accepted,selected_best_match,detection,0,77,confirmed,7,0,0.451689353,0.462447887,1.142486194,0.046418785,0.000000000,nan,nan,nan,nan,nan,nan,nan,nan,nan,8.000000000,0.300000000,1.800000000,3.000000000,nan,nan,nan,nan,nan,nan,nan,nan,nan,1.500000000,2.000000000,365,465,0
2026-06-02T23:33:04,1780327249.266654253,r1,track_association,wall_like,accepted,selected_best_match,detection,1,53,confirmed,57,1,0.498153399,0.200817879,1.093625474,0.088353277,0.000000000,nan,nan,nan,nan,nan,nan,nan,nan,nan,8.000000000,0.300000000,1.800000000,3.000000000,nan,nan,nan,nan,nan,nan,nan,nan,nan,1.500000000,2.000000000,493,578,0
2026-06-02T23:33:04,1780327249.464654207,r1,track_association,wall_like,accepted,selected_best_match,detection,0,77,confirmed,8,0,0.307673599,0.052649536,1.573193853,0.028042357,0.000000000,nan,nan,nan,nan,nan,nan,nan,nan,nan,8.000000000,0.300000000,1.800000000,3.000000000,nan,nan,nan,nan,nan,nan,nan,nan,nan,1.500000000,2.000000000,645,365,0
2026-06-02T23:33:04,1780327249.464654207,r1,track_association,wall_like,accepted,selected_best_match,detection,1,53,confirmed,58,0,0.500323724,0.114688417,1.131341600,0.096202965,0.000000000,nan,nan,nan,nan,nan,nan,nan,nan,nan,8.000000000,0.300000000,1.800000000,3.000000000,nan,nan,nan,nan,nan,nan,nan,nan,nan,1.500000000,2.000000000,495,493,0
2026-06-02T23:33:04,1780327249.665653944,r1,track_association,wall_like,accepted,selected_best_match,detection,0,77,confirmed,9,0,1.019152385,0.416983754,6.228262062,0.030487513,0.000000000,nan,nan,nan,nan,nan,nan,nan,nan,nan,8.000000000,0.300000000,1.800000000,3.000000000,nan,nan,nan,nan,nan,nan,nan,nan,nan,1.500000000,2.000000000,253,645,0
2026-06-02T23:33:04,1780327250.064654112,r1,track_association,wall_like,accepted,selected_best_match,detection,0,53,confirmed,59,2,0.464519870,0.495771677,1.421183253,0.036484421,0.000000000,nan,nan,nan,nan,nan,nan,nan,nan,nan,8.000000000,0.300000000,1.800000000,3.000000000,nan,nan,nan,nan,nan,nan,nan,nan,nan,1.500000000,2.000000000,244,495,0
2026-06-02T23:33:04,1780327250.064654112,r1,track_association,wall_like,accepted,selected_best_match,detection,1,77,confirmed,10,1,0.248776748,0.032987076,1.301603831,0.022524173,0.000000000,nan,nan,nan,nan,nan,nan,nan,nan,nan,8.000000000,0.300000000,1.800000000,3.000000000,nan,nan,nan,nan,nan,nan,nan,nan,nan,1.500000000,2.000000000,514,253,0
2026-06-02T23:33:05,1780327250.463649035,r1,track_association,wall_like,accepted,selected_best_match,detection,0,79,weak_tracked,3,14,1.129316955,1.560329277,4.153143617,0.027019273,0.000000000,nan,nan,nan,nan,nan,nan,nan,nan,nan,8.000000000,0.300000000,1.800000000,3.000000000,nan,nan,nan,nan,nan,nan,nan,nan,nan,1.500000000,2.000000000,310,422,0
2026-06-02T23:33:05,1780327250.664649248,r1,track_association,wall_like,accepted,selected_best_match,detection,0,77,confirmed,11,2,0.256024620,0.115094934,1.129118255,0.022955958,0.000000000,nan,nan,nan,nan,nan,nan,nan,nan,nan,8.000000000,0.300000000,1.800000000,3.000000000,nan,nan,nan,nan,nan,nan,nan,nan,nan,1.500000000,2.000000000,646,514,0
2026-06-02T23:33:05,1780327250.862649202,r1,track_association,wall_like,accepted,selected_best_match,detection,0,88,candidate,1,4,0.162848281,0.288106125,0.468473070,0.002476132,0.000000000,nan,nan,nan,nan,nan,nan,nan,nan,nan,8.000000000,0.300000000,1.800000000,3.000000000,nan,nan,nan,nan,nan,nan,nan,nan,nan,1.500000000,2.000000000,475,566,0
2026-06-02T23:33:05,1780327250.862649202,r1,track_association,wall_like,accepted,selected_best_match,detection,2,77,confirmed,12,0,0.187551947,0.127697128,0.752614369,0.015272833,0.000000000,nan,nan,nan,nan,nan,nan,nan,nan,nan,8.000000000,0.300000000,1.800000000,3.000000000,nan,nan,nan,nan,nan,nan,nan,nan,nan,1.500000000,2.000000000,397,646,0
2026-06-02T23:33:05,1780327250.862649202,r1,track_association,pillar_like,accepted,selected_best_match,detection,3,90,candidate,1,0,0.324306777,0.266836841,nan,nan,nan,nan,nan,nan,nan,nan,0.053477108,0.874510975,0.099864244,0.049126267,nan,nan,nan,nan,nan,nan,nan,nan,nan,0.500000000,0.300000000,0.800000000,0.600000000,1.500000000,2.000000000,79,71,0
2026-06-02T23:33:06,1780327251.288649082,r1,track_association,wall_like,accepted,selected_best_match,detection,0,89,candidate,1,3,1.469391133,0.646656433,5.493921122,0.170129655,0.000000000,nan,nan,nan,nan,nan,nan,nan,nan,nan,8.000000000,0.300000000,1.800000000,3.000000000,nan,nan,nan,nan,nan,nan,nan,nan,nan,1.500000000,2.000000000,115,125,0
2026-06-02T23:33:06,1780327251.288649082,r1,track_association,wall_like,accepted,selected_best_match,detection,1,79,weak_tracked,4,3,1.105332988,1.035353303,1.972250437,0.154105175,0.000000000,nan,nan,nan,nan,nan,nan,nan,nan,nan,8.000000000,0.300000000,1.800000000,3.000000000,nan,nan,nan,nan,nan,nan,nan,nan,nan,1.500000000,2.000000000,167,310,0
2026-06-02T23:33:06,1780327251.864643812,r1,track_association,wall_like,accepted,selected_best_match,detection,0,88,weak_tracked,2,4,0.696422539,0.527333593,1.654080710,0.094165376,0.000000000,nan,nan,nan,nan,nan,nan,nan,nan,nan,8.000000000,0.300000000,1.800000000,3.000000000,nan,nan,nan,nan,nan,nan,nan,nan,nan,1.500000000,2.000000000,524,475,0
2026-06-02T23:33:06,1780327251.864643812,r1,track_association,wall_like,accepted,selected_best_match,detection,2,77,stale,13,4,0.375653168,0.186345301,2.101897175,0.015240276,0.000000000,nan,nan,nan,nan,nan,nan,nan,nan,nan,8.000000000,0.300000000,1.800000000,3.000000000,nan,nan,nan,nan,nan,nan,nan,nan,nan,1.500000000,2.000000000,534,397,0
2026-06-02T23:33:06,1780327251.864643812,r1,track_association,wall_like,accepted,selected_best_match,detection,3,89,weak_tracked,2,2,1.210452915,1.014062506,2.877535556,0.153822041,0.000000000,nan,nan,nan,nan,nan,nan,nan,nan,nan,8.000000000,0.300000000,1.800000000,3.000000000,nan,nan,nan,nan,nan,nan,nan,nan,nan,1.500000000,2.000000000,211,115,0
2026-06-02T23:33:06,1780327251.864643812,r1,track_association,wall_like,accepted,selected_best_match,detection,4,79,weak_tracked,5,2,0.883592260,1.691182195,1.323489917,0.046328587,0.000000000,nan,nan,nan,nan,nan,nan,nan,nan,nan,8.000000000,0.300000000,1.800000000,3.000000000,nan,nan,nan,nan,nan,nan,nan,nan,nan,1.500000000,2.000000000,59,167,0
2026-06-02T23:33:06,1780327252.065644264,r1,track_association,wall_like,accepted,selected_best_match,detection,0,89,weak_tracked,3,0,1.030771160,1.007803518,2.256829658,0.123819884,0.000000000,nan,nan,nan,nan,nan,nan,nan,nan,nan,8.000000000,0.300000000,1.800000000,3.000000000,nan,nan,nan,nan,nan,nan,nan,nan,nan,1.500000000,2.000000000,154,211,0
2026-06-02T23:33:06,1780327252.065644264,r1,track_association,wall_like,accepted,selected_best_match,detection,1,79,weak_tracked,6,0,0.867373831,0.836811194,1.551408254,0.118353220,0.000000000,nan,nan,nan,nan,nan,nan,nan,nan,nan,8.000000000,0.300000000,1.800000000,3.000000000,nan,nan,nan,nan,nan,nan,nan,nan,nan,1.500000000,2.000000000,254,59,0
2026-06-02T23:33:07,1780327252.266644239,r1,track_association,wall_like,accepted,selected_best_match,detection,0,77,confirmed,14,1,0.415528645,0.139692340,2.606187372,0.012957333,0.000000000,nan,nan,nan,nan,nan,nan,nan,nan,nan,8.000000000,0.300000000,1.800000000,3.000000000,nan,nan,nan,nan,nan,nan,nan,nan,nan,1.500000000,2.000000000,308,534,0
2026-06-02T23:33:07,1780327252.488644123,r1,track_association,wall_like,accepted,selected_best_match,detection,0,77,confirmed,15,0,0.217071364,0.055246652,1.413052503,0.006607275,0.000000000,nan,nan,nan,nan,nan,nan,nan,nan,nan,8.000000000,0.300000000,1.800000000,3.000000000,nan,nan,nan,nan,nan,nan,nan,nan,nan,1.500000000,2.000000000,482,308,0
2026-06-02T23:33:07,1780327252.488644123,r1,track_association,wall_like,accepted,selected_best_match,detection,1,88,weak_tracked,3,2,0.469631410,0.179382066,1.355707038,0.072112202,0.000000000,nan,nan,nan,nan,nan,nan,nan,nan,nan,8.000000000,0.300000000,1.800000000,3.000000000,nan,nan,nan,nan,nan,nan,nan,nan,nan,1.500000000,2.000000000,456,524,0
2026-06-02T23:33:07,1780327252.662643909,r1,track_association,wall_like,accepted,selected_best_match,detection,0,77,confirmed,16,0,0.203588180,0.162150799,1.155138562,0.001543678,0.000000000,nan,nan,nan,nan,nan,nan,nan,nan,nan,8.000000000,0.300000000,1.800000000,3.000000000,nan,nan,nan,nan,nan,nan,nan,nan,nan,1.500000000,2.000000000,518,482,0
2026-06-02T23:33:07,1780327252.857644081,r1,track_association,wall_like,accepted,selected_best_match,detection,0,77,confirmed,17,0,0.158460443,0.211438866,0.642674562,0.002293950,0.000000000,nan,nan,nan,nan,nan,nan,nan,nan,nan,8.000000000,0.300000000,1.800000000,3.000000000,nan,nan,nan,nan,nan,nan,nan,nan,nan,1.500000000,2.000000000,514,518,0
2026-06-02T23:33:07,1780327253.064644098,r1,track_association,wall_like,accepted,selected_best_match,detection,0,88,weak_tracked,4,2,0.406845098,0.274017323,1.117034187,0.052763015,0.000000000,nan,nan,nan,nan,nan,nan,nan,nan,nan,8.000000000,0.300000000,1.800000000,3.000000000,nan,nan,nan,nan,nan,nan,nan,nan,nan,1.500000000,2.000000000,508,456,0
2026-06-02T23:33:08,1780327253.265644073,r1,track_association,wall_like,accepted,selected_best_match,detection,0,79,stale,7,5,1.237156967,1.293984356,4.095558130,0.088165225,0.000000000,nan,nan,nan,nan,nan,nan,nan,nan,nan,8.000000000,0.300000000,1.800000000,3.000000000,nan,nan,nan,nan,nan,nan,nan,nan,nan,1.500000000,2.000000000,270,254,0
2026-06-02T23:33:08,1780327253.265644073,r1,track_association,wall_like,accepted,selected_best_match,detection,1,89,stale,4,5,0.773100002,0.312775861,2.815438759,0.095073461,0.000000000,nan,nan,nan,nan,nan,nan,nan,nan,nan,8.000000000,0.300000000,1.800000000,3.000000000,nan,nan,nan,nan,nan,nan,nan,nan,nan,1.500000000,2.000000000,154,154,0
2026-06-02T23:33:08,1780327253.688638926,r1,track_association,wall_like,accepted,selected_best_match,detection,0,88,confirmed,5,2,0.317397551,0.194493661,0.958202124,0.039837320,0.000000000,nan,nan,nan,nan,nan,nan,nan,nan,nan,8.000000000,0.300000000,1.800000000,3.000000000,nan,nan,nan,nan,nan,nan,nan,nan,nan,1.500000000,2.000000000,484,508,0
2026-06-02T23:33:08,1780327253.688638926,r1,track_association,wall_like,accepted,selected_best_match,detection,2,53,stale,60,17,0.837321652,0.336897960,2.128045207,0.137705004,0.000000000,nan,nan,nan,nan,nan,nan,nan,nan,nan,8.000000000,0.300000000,1.800000000,3.000000000,nan,nan,nan,nan,nan,nan,nan,nan,nan,1.500000000,2.000000000,389,244,0
2026-06-02T23:33:08,1780327253.688638926,r1,track_association,wall_like,accepted,selected_best_match,detection,3,77,confirmed,18,3,0.101267026,0.007553169,0.750834911,0.001468482,0.000000000,nan,nan,nan,nan,nan,nan,nan,nan,nan,8.000000000,0.300000000,1.800000000,3.000000000,nan,nan,nan,nan,nan,nan,nan,nan,nan,1.500000000,2.000000000,526,514,0
2026-06-02T23:33:08,1780327253.889638901,r1,track_association,wall_like,accepted,selected_best_match,detection,0,89,confirmed,5,2,0.691717005,0.585989688,2.449896494,0.057045014,0.000000000,nan,nan,nan,nan,nan,nan,nan,nan,nan,8.000000000,0.300000000,1.800000000,3.000000000,nan,nan,nan,nan,nan,nan,nan,nan,nan,1.500000000,2.000000000,237,154,0
2026-06-02T23:33:08,1780327253.889638901,r1,track_association,wall_like,accepted,selected_best_match,detection,1,79,confirmed,8,2,0.444353755,0.237924852,1.550944177,0.051353235,0.000000000,nan,nan,nan,nan,nan,nan,nan,nan,nan,8.000000000,0.300000000,1.800000000,3.000000000,nan,nan,nan,nan,nan,nan,nan,nan,nan,1.500000000,2.000000000,264,270,0
2026-06-02T23:33:08,1780327253.889638901,r1,track_association,wall_like,accepted,selected_best_match,detection,3,77,confirmed,19,0,0.101443050,0.045230283,0.634793661,0.002105124,0.000000000,nan,nan,nan,nan,nan,nan,nan,nan,nan,8.000000000,0.300000000,1.800000000,3.000000000,nan,nan,nan,nan,nan,nan,nan,nan,nan,1.500000000,2.000000000,561,526,0
2026-06-02T23:33:08,1780327253.889638901,r1,track_association,pillar_like,accepted,selected_best_match,detection,4,83,candidate,1,44,0.535848898,0.275448303,nan,nan,nan,nan,nan,nan,nan,nan,0.153309798,0.940277709,0.252605915,0.086547852,nan,nan,nan,nan,nan,nan,nan,nan,nan,0.500000000,0.300000000,0.800000000,0.600000000,1.500000000,2.000000000,81,119,0
2026-06-02T23:33:08,1780327254.063639164,r1,track_association,wall_like,accepted,selected_best_match,detection,0,77,confirmed,20,0,0.166314056,0.050253716,1.082582091,0.004272017,0.000000000,nan,nan,nan,nan,nan,nan,nan,nan,nan,8.000000000,0.300000000,1.800000000,3.000000000,nan,nan,nan,nan,nan,nan,nan,nan,nan,1.500000000,2.000000000,376,561,0
2026-06-02T23:33:09,1780327254.264638901,r1,track_association,wall_like,accepted,selected_best_match,detection,0,88,confirmed,6,2,0.239245389,0.251023521,0.547444858,0.026142083,0.000000000,nan,nan,nan,nan,nan,nan,nan,nan,nan,8.000000000,0.300000000,1.800000000,3.000000000,nan,nan,nan,nan,nan,nan,nan,nan,nan,1.500000000,2.000000000,535,484,0
2026-06-02T23:33:09,1780327254.264638901,r1,track_association,wall_like,accepted,selected_best_match,detection,3,53,confirmed,61,2,0.635466976,0.277268760,1.634142867,0.101632859,0.000000000,nan,nan,nan,nan,nan,nan,nan,nan,nan,8.000000000,0.300000000,1.800000000,3.000000000,nan,nan,nan,nan,nan,nan,nan,nan,nan,1.500000000,2.000000000,359,389,0
2026-06-02T23:33:09,1780327254.465638876,r1,track_association,wall_like,accepted,selected_best_match,detection,0,79,confirmed,9,2,0.483025178,0.446258664,0.969275639,0.063933851,0.000000000,nan,nan,nan,nan,nan,nan,nan,nan,nan,8.000000000,0.300000000,1.800000000,3.000000000,nan,nan,nan,nan,nan,nan,nan,nan,nan,1.500000000,2.000000000,297,264,0
2026-06-02T23:33:09,1780327254.465638876,r1,track_association,wall_like,accepted,selected_best_match,detection,2,89,confirmed,6,2,0.418405495,0.496852591,0.995286941,0.038513129,0.000000000,nan,nan,nan,nan,nan,nan,nan,nan,nan,8.000000000,0.300000000,1.800000000,3.000000000,nan,nan,nan,nan,nan,nan,nan,nan,nan,1.500000000,2.000000000,126,237,0
2026-06-02T23:33:09,1780327254.465638876,r1,track_association,wall_like,accepted,selected_best_match,detection,3,77,confirmed,21,1,0.125482148,0.037345546,0.251677217,0.024472194,0.000000000,nan,nan,nan,nan,nan,nan,nan,nan,nan,8.000000000,0.300000000,1.800000000,3.000000000,nan,nan,nan,nan,nan,nan,nan,nan,nan,1.500000000,2.000000000,564,376,0
2026-06-02T23:33:09,1780327254.864633799,r1,track_association,wall_like,accepted,selected_best_match,detection,0,53,confirmed,62,2,0.539963634,0.371309376,1.362258051,0.073773476,0.000000000,nan,nan,nan,nan,nan,nan,nan,nan,nan,8.000000000,0.300000000,1.800000000,3.000000000,nan,nan,nan,nan,nan,nan,nan,nan,nan,1.500000000,2.000000000,352,359,0
2026-06-02T23:33:10,1780327255.266634226,r1,track_association,wall_like,accepted,selected_best_match,detection,0,53,confirmed,63,1,0.419630624,0.368895076,0.963523770,0.052867538,0.000000000,nan,nan,nan,nan,nan,nan,nan,nan,nan,8.000000000,0.300000000,1.800000000,3.000000000,nan,nan,nan,nan,nan,nan,nan,nan,nan,1.500000000,2.000000000,414,352,0
2026-06-02T23:33:10,1780327255.266634226,r1,track_association,wall_like,accepted,selected_best_match,detection,1,77,confirmed,22,3,0.169920677,0.036832160,0.406996158,0.032030631,0.000000000,nan,nan,nan,nan,nan,nan,nan,nan,nan,8.000000000,0.300000000,1.800000000,3.000000000,nan,nan,nan,nan,nan,nan,nan,nan,nan,1.500000000,2.000000000,566,564,0
2026-06-02T23:33:10,1780327255.464634180,r1,track_association,wall_like,accepted,selected_best_match,detection,0,77,confirmed,23,0,0.243717684,0.202237366,0.698041017,0.026715030,0.000000000,nan,nan,nan,nan,nan,nan,nan,nan,nan,8.000000000,0.300000000,1.800000000,3.000000000,nan,nan,nan,nan,nan,nan,nan,nan,nan,1.500000000,2.000000000,451,566,0
2026-06-02T23:33:10,1780327255.464634180,r1,track_association,wall_like,accepted,selected_best_match,detection,1,53,confirmed,64,0,0.460938704,0.357693141,1.276338532,0.054649602,0.000000000,nan,nan,nan,nan,nan,nan,nan,nan,nan,8.000000000,0.300000000,1.800000000,3.000000000,nan,nan,nan,nan,nan,nan,nan,nan,nan,1.500000000,2.000000000,318,414,0
2026-06-02T23:33:10,1780327255.662629128,r1,track_association,wall_like,accepted,selected_best_match,detection,0,79,stale,10,5,1.894454143,0.933909774,7.361482118,0.198889686,0.000000000,nan,nan,nan,nan,nan,nan,nan,nan,nan,8.000000000,0.300000000,1.800000000,3.000000000,nan,nan,nan,nan,nan,nan,nan,nan,nan,1.500000000,2.000000000,248,297,0
2026-06-02T23:33:10,1780327255.662629128,r1,track_association,wall_like,accepted,selected_best_match,detection,2,89,stale,7,5,1.586647049,1.123509105,5.985135565,0.139200620,0.000000000,nan,nan,nan,nan,nan,nan,nan,nan,nan,8.000000000,0.300000000,1.800000000,3.000000000,nan,nan,nan,nan,nan,nan,nan,nan,nan,1.500000000,2.000000000,77,126,0
2026-06-02T23:33:10,1780327256.064629078,r1,track_association,wall_like,accepted,selected_best_match,detection,0,53,confirmed,65,2,0.403332343,0.199003174,1.253478545,0.054093940,0.000000000,nan,nan,nan,nan,nan,nan,nan,nan,nan,8.000000000,0.300000000,1.800000000,3.000000000,nan,nan,nan,nan,nan,nan,nan,nan,nan,1.500000000,2.000000000,374,318,0
2026-06-02T23:33:11,1780327256.262628794,r1,track_association,wall_like,accepted,selected_best_match,detection,0,53,confirmed,66,0,0.057882710,0.111614395,0.120212396,0.001695409,0.000000000,nan,nan,nan,nan,nan,nan,nan,nan,nan,8.000000000,0.300000000,1.800000000,3.000000000,nan,nan,nan,nan,nan,nan,nan,nan,nan,1.500000000,2.000000000,465,374,0
2026-06-02T23:33:11,1780327256.664628983,r1,track_association,wall_like,accepted,selected_best_match,detection,0,88,stale,7,11,0.682670976,0.817905778,0.882904721,0.089901788,0.000000000,nan,nan,nan,nan,nan,nan,nan,nan,nan,8.000000000,0.300000000,1.800000000,3.000000000,nan,nan,nan,nan,nan,nan,nan,nan,nan,1.500000000,2.000000000,598,535,0
2026-06-02T23:33:11,1780327256.664628983,r1,track_association,wall_like,accepted,selected_best_match,detection,2,89,stale,8,4,0.881571029,0.544246010,1.690498930,0.146652998,0.000000000,nan,nan,nan,nan,nan,nan,nan,nan,nan,8.000000000,0.300000000,1.800000000,3.000000000,nan,nan,nan,nan,nan,nan,nan,nan,nan,1.500000000,2.000000000,222,77,0
2026-06-02T23:33:11,1780327256.664628983,r1,track_association,wall_like,accepted,selected_best_match,detection,3,79,stale,11,4,1.239641827,1.234530130,2.718397908,0.146499614,0.000000000,nan,nan,nan,nan,nan,nan,nan,nan,nan,8.000000000,0.300000000,1.800000000,3.000000000,nan,nan,nan,nan,nan,nan,nan,nan,nan,1.500000000,2.000000000,304,248,0
2026-06-02T23:33:11,1780327256.664628983,r1,track_association,wall_like,accepted,selected_best_match,detection,5,53,confirmed,67,1,0.471982349,0.871364022,0.407992672,0.039158577,0.000000000,nan,nan,nan,nan,nan,nan,nan,nan,nan,8.000000000,0.300000000,1.800000000,3.000000000,nan,nan,nan,nan,nan,nan,nan,nan,nan,1.500000000,2.000000000,259,465,0
2026-06-02T23:33:11,1780327256.865629196,r1,track_association,wall_like,accepted,selected_best_match,detection,0,77,stale,24,6,0.180428820,0.326874181,0.387056897,0.006926594,0.000000000,nan,nan,nan,nan,nan,nan,nan,nan,nan,8.000000000,0.300000000,1.800000000,3.000000000,nan,nan,nan,nan,nan,nan,nan,nan,nan,1.500000000,2.000000000,460,451,0
2026-06-02T23:33:11,1780327256.865629196,r1,track_association,wall_like,accepted,selected_best_match,detection,1,89,confirmed,9,0,0.372416122,0.365331891,0.582541100,0.053346356,0.000000000,nan,nan,nan,nan,nan,nan,nan,nan,nan,8.000000000,0.300000000,1.800000000,3.000000000,nan,nan,nan,nan,nan,nan,nan,nan,nan,1.500000000,2.000000000,148,222,0
2026-06-02T23:33:11,1780327256.865629196,r1,track_association,wall_like,accepted,selected_best_match,detection,2,79,confirmed,12,0,0.174498116,0.017801722,1.240433986,0.004052988,0.000000000,nan,nan,nan,nan,nan,nan,nan,nan,nan,8.000000000,0.300000000,1.800000000,3.000000000,nan,nan,nan,nan,nan,nan,nan,nan,nan,1.500000000,2.000000000,233,304,0
2026-06-02T23:33:11,1780327257.069629192,r1,track_association,wall_like,accepted,selected_best_match,detection,0,53,confirmed,68,1,0.735442031,1.278944635,0.736443288,0.065121523,0.000000000,nan,nan,nan,nan,nan,nan,nan,nan,nan,8.000000000,0.300000000,1.800000000,3.000000000,nan,nan,nan,nan,nan,nan,nan,nan,nan,1.500000000,2.000000000,341,259,0
2026-06-02T23:33:12,1780327257.462628841,r1,track_association,wall_like,accepted,selected_best_match,detection,0,53,confirmed,69,1,0.787530535,0.500984816,3.672830776,0.048429525,0.000000000,nan,nan,nan,nan,nan,nan,nan,nan,nan,8.000000000,0.300000000,1.800000000,3.000000000,nan,nan,nan,nan,nan,nan,nan,nan,nan,1.500000000,2.000000000,236,341,0
2026-06-02T23:33:12,1780327257.663624048,r1,track_association,wall_like,accepted,selected_best_match,detection,0,53,confirmed,70,0,0.294204364,0.061213198,1.707196547,0.018120119,0.000000000,nan,nan,nan,nan,nan,nan,nan,nan,nan,8.000000000,0.300000000,1.800000000,3.000000000,nan,nan,nan,nan,nan,nan,nan,nan,nan,1.500000000,2.000000000,204,236,0
2026-06-02T23:33:12,1780327257.864624262,r1,track_association,wall_like,accepted,selected_best_match,detection,0,53,confirmed,71,0,0.248559053,0.189921256,0.986355015,0.018587277,0.000000000,nan,nan,nan,nan,nan,nan,nan,nan,nan,8.000000000,0.300000000,1.800000000,3.000000000,nan,nan,nan,nan,nan,nan,nan,nan,nan,1.500000000,2.000000000,581,204,0
2026-06-02T23:33:12,1780327258.065623999,r1,track_association,wall_like,accepted,selected_best_match,detection,0,77,stale,25,5,0.063721760,0.010655872,0.333952433,0.005527725,0.000000000,nan,nan,nan,nan,nan,nan,nan,nan,nan,8.000000000,0.300000000,1.800000000,3.000000000,nan,nan,nan,nan,nan,nan,nan,nan,nan,1.500000000,2.000000000,635,460,0
2026-06-02T23:33:12,1780327258.065623999,r1,track_association,pipe_like,accepted,selected_best_match,detection,1,85,candidate,1,44,1.509287413,0.117054163,nan,nan,nan,1.620355152,0.109878255,0.014336869,0.917078365,0.000000000,nan,nan,nan,nan,nan,nan,nan,nan,14.000000000,0.120000000,0.030000000,0.200000000,0.250000000,nan,nan,nan,nan,1.500000000,2.000000000,11,15,0
2026-06-02T23:33:13,1780327258.263624191,r1,track_association,wall_like,accepted,selected_best_match,detection,0,77,confirmed,26,0,0.052494030,0.046342327,0.118895594,0.006655392,0.000000000,nan,nan,nan,nan,nan,nan,nan,nan,nan,8.000000000,0.300000000,1.800000000,3.000000000,nan,nan,nan,nan,nan,nan,nan,nan,nan,1.500000000,2.000000000,525,635,0
2026-06-02T23:33:13,1780327258.464624166,r1,track_association,wall_like,accepted,selected_best_match,detection,0,77,confirmed,27,0,0.072721215,0.047226321,0.424244153,0.001184577,0.000000000,nan,nan,nan,nan,nan,nan,nan,nan,nan,8.000000000,0.300000000,1.800000000,3.000000000,nan,nan,nan,nan,nan,nan,nan,nan,nan,1.500000000,2.000000000,491,525,0
2026-06-02T23:33:13,1780327258.665618896,r1,track_association,wall_like,accepted,selected_best_match,detection,0,53,confirmed,72,3,0.478779297,0.254719945,1.742076837,0.052833913,0.000000000,nan,nan,nan,nan,nan,nan,nan,nan,nan,8.000000000,0.300000000,1.800000000,3.000000000,nan,nan,nan,nan,nan,nan,nan,nan,nan,1.500000000,2.000000000,588,581,0
2026-06-02T23:33:13,1780327258.866618872,r1,track_association,wall_like,accepted,selected_best_match,detection,0,53,confirmed,73,0,0.180173129,0.147670162,0.924257643,0.004625261,0.000000000,nan,nan,nan,nan,nan,nan,nan,nan,nan,8.000000000,0.300000000,1.800000000,3.000000000,nan,nan,nan,nan,nan,nan,nan,nan,nan,1.500000000,2.000000000,790,588,0
2026-06-02T23:33:13,1780327259.067619085,r1,track_association,wall_like,accepted,selected_best_match,detection,0,53,confirmed,74,0,0.170506200,0.060185338,1.062766876,0.005279568,0.000000000,nan,nan,nan,nan,nan,nan,nan,nan,nan,8.000000000,0.300000000,1.800000000,3.000000000,nan,nan,nan,nan,nan,nan,nan,nan,nan,1.500000000,2.000000000,693,790,0
2026-06-02T23:33:14,1780327259.265619040,r1,track_association,wall_like,accepted,selected_best_match,detection,0,77,confirmed,28,3,0.184327989,0.122052366,0.959113631,0.007126399,0.000000000,nan,nan,nan,nan,nan,nan,nan,nan,nan,8.000000000,0.300000000,1.800000000,3.000000000,nan,nan,nan,nan,nan,nan,nan,nan,nan,1.500000000,2.000000000,566,491,0
2026-06-02T23:33:14,1780327259.265619040,r1,track_association,wall_like,accepted,selected_best_match,detection,1,53,confirmed,75,0,0.279300592,0.141861580,1.030325923,0.030966797,0.000000000,nan,nan,nan,nan,nan,nan,nan,nan,nan,8.000000000,0.300000000,1.800000000,3.000000000,nan,nan,nan,nan,nan,nan,nan,nan,nan,1.500000000,2.000000000,710,693,0
2026-06-02T23:33:14,1780327259.466619253,r1,track_association,wall_like,accepted,selected_best_match,detection,0,77,confirmed,29,0,0.217411207,0.169432500,1.000048543,0.010778292,0.000000000,nan,nan,nan,nan,nan,nan,nan,nan,nan,8.000000000,0.300000000,1.800000000,3.000000000,nan,nan,nan,nan,nan,nan,nan,nan,nan,1.500000000,2.000000000,464,566,0
2026-06-02T23:33:14,1780327259.466619253,r1,track_association,wall_like,accepted,selected_best_match,detection,1,89,stale,10,12,0.611883481,0.229305874,1.889122219,0.089792374,0.000000000,nan,nan,nan,nan,nan,nan,nan,nan,nan,8.000000000,0.300000000,1.800000000,3.000000000,nan,nan,nan,nan,nan,nan,nan,nan,nan,1.500000000,2.000000000,207,148,0
2026-06-02T23:33:14,1780327259.466619253,r1,track_association,wall_like,accepted,selected_best_match,detection,2,79,stale,13,12,0.782048185,0.979195988,1.860098091,0.066941178,0.000000000,nan,nan,nan,nan,nan,nan,nan,nan,nan,8.000000000,0.300000000,1.800000000,3.000000000,nan,nan,nan,nan,nan,nan,nan,nan,nan,1.500000000,2.000000000,220,233,0
2026-06-02T23:33:14,1780327259.862613916,r1,track_association,wall_like,accepted,selected_best_match,detection,0,53,confirmed,76,2,0.127209355,0.184033477,0.344707541,0.006832926,0.000000000,nan,nan,nan,nan,nan,nan,nan,nan,nan,8.000000000,0.300000000,1.800000000,3.000000000,nan,nan,nan,nan,nan,nan,nan,nan,nan,1.500000000,2.000000000,738,710,0
2026-06-02T23:33:14,1780327260.063613892,r1,track_association,wall_like,accepted,selected_best_match,detection,0,53,confirmed,77,0,0.207249401,0.060905677,0.798312057,0.026147551,0.000000000,nan,nan,nan,nan,nan,nan,nan,nan,nan,8.000000000,0.300000000,1.800000000,3.000000000,nan,nan,nan,nan,nan,nan,nan,nan,nan,1.500000000,2.000000000,682,738,0
2026-06-02T23:33:14,1780327260.063613892,r1,track_association,wall_like,accepted,selected_best_match,detection,1,88,stale,8,16,1.180732107,0.888685090,2.100218914,0.186592914,0.000000000,nan,nan,nan,nan,nan,nan,nan,nan,nan,8.000000000,0.300000000,1.800000000,3.000000000,nan,nan,nan,nan,nan,nan,nan,nan,nan,1.500000000,2.000000000,240,598,0
2026-06-02T23:33:15,1780327260.267613888,r1,track_association,wall_like,accepted,selected_best_match,detection,0,53,confirmed,78,0,0.193511606,0.218631962,0.827942094,0.005142457,0.000000000,nan,nan,nan,nan,nan,nan,nan,nan,nan,8.000000000,0.300000000,1.800000000,3.000000000,nan,nan,nan,nan,nan,nan,nan,nan,nan,1.500000000,2.000000000,384,682,0
2026-06-02T23:33:15,1780327260.267613888,r1,track_association,pillar_like,accepted,selected_best_match,detection,1,96,candidate,1,6,0.829808455,0.185861883,nan,nan,nan,nan,nan,nan,nan,nan,0.185027897,0.995684101,0.019149542,0.272113085,nan,nan,nan,nan,nan,nan,nan,nan,nan,0.500000000,0.300000000,0.800000000,0.600000000,1.500000000,2.000000000,87,136,0
2026-06-02T23:33:15,1780327260.489614010,r1,track_association,wall_like,accepted,selected_best_match,detection,0,53,confirmed,79,0,0.106157719,0.147903267,0.301298776,0.005758285,0.000000000,nan,nan,nan,nan,nan,nan,nan,nan,nan,8.000000000,0.300000000,1.800000000,3.000000000,nan,nan,nan,nan,nan,nan,nan,nan,nan,1.500000000,2.000000000,630,384,0
2026-06-02T23:33:15,1780327260.666614056,r1,track_association,wall_like,accepted,selected_best_match,detection,0,53,confirmed,80,0,0.185856089,0.386161366,0.241612654,0.008080216,0.000000000,nan,nan,nan,nan,nan,nan,nan,nan,nan,8.000000000,0.300000000,1.800000000,3.000000000,nan,nan,nan,nan,nan,nan,nan,nan,nan,1.500000000,2.000000000,632,630,0
2026-06-02T23:33:15,1780327260.666614056,r1,track_association,wall_like,accepted,selected_best_match,detection,1,77,stale,30,5,0.272558674,0.574518826,0.446771926,0.007561772,0.000000000,nan,nan,nan,nan,nan,nan,nan,nan,nan,8.000000000,0.300000000,1.800000000,3.000000000,nan,nan,nan,nan,nan,nan,nan,nan,nan,1.500000000,2.000000000,264,464,0
2026-06-02T23:33:15,1780327260.864614248,r1,track_association,wall_like,accepted,selected_best_match,detection,0,53,confirmed,81,0,0.367750044,0.746750750,0.828112573,0.004595717,0.000000000,nan,nan,nan,nan,nan,nan,nan,nan,nan,8.000000000,0.300000000,1.800000000,3.000000000,nan,nan,nan,nan,nan,nan,nan,nan,nan,1.500000000,2.000000000,203,632,0
2026-06-02T23:33:15,1780327261.068614244,r1,track_association,wall_like,accepted,selected_best_match,detection,0,77,confirmed,31,1,0.348866808,0.626828447,0.661194354,0.017182409,0.000000000,nan,nan,nan,nan,nan,nan,nan,nan,nan,8.000000000,0.300000000,1.800000000,3.000000000,nan,nan,nan,nan,nan,nan,nan,nan,nan,1.500000000,2.000000000,355,264,0
2026-06-02T23:33:15,1780327261.068614244,r1,track_association,wall_like,accepted,selected_best_match,detection,1,53,confirmed,82,0,0.156825233,0.125145022,0.654305937,0.009996595,0.000000000,nan,nan,nan,nan,nan,nan,nan,nan,nan,8.000000000,0.300000000,1.800000000,3.000000000,nan,nan,nan,nan,nan,nan,nan,nan,nan,1.500000000,2.000000000,727,203,0
2026-06-02T23:33:16,1780327261.266613960,r1,track_association,wall_like,accepted,selected_best_match,detection,0,89,stale,11,8,0.505741302,0.365540338,2.113905067,0.035896917,0.000000000,nan,nan,nan,nan,nan,nan,nan,nan,nan,8.000000000,0.300000000,1.800000000,3.000000000,nan,nan,nan,nan,nan,nan,nan,nan,nan,1.500000000,2.000000000,189,207,0
2026-06-02T23:33:16,1780327261.266613960,r1,track_association,wall_like,accepted,selected_best_match,detection,1,79,stale,14,8,0.733821721,1.179862280,1.792279933,0.034949791,0.000000000,nan,nan,nan,nan,nan,nan,nan,nan,nan,8.000000000,0.300000000,1.800000000,3.000000000,nan,nan,nan,nan,nan,nan,nan,nan,nan,1.500000000,2.000000000,122,220,0
2026-06-02T23:33:16,1780327261.266613960,r1,track_association,wall_like,accepted,selected_best_match,detection,2,53,confirmed,83,0,0.064074204,0.054540584,0.249699373,0.004404476,0.000000000,nan,nan,nan,nan,nan,nan,nan,nan,nan,8.000000000,0.300000000,1.800000000,3.000000000,nan,nan,nan,nan,nan,nan,nan,nan,nan,1.500000000,2.000000000,697,727,0
2026-06-02T23:33:16,1780327261.467613935,r1,track_association,wall_like,accepted,selected_best_match,detection,0,53,confirmed,84,0,0.181860817,0.276832043,0.610700520,0.003973771,0.000000000,nan,nan,nan,nan,nan,nan,nan,nan,nan,8.000000000,0.300000000,1.800000000,3.000000000,nan,nan,nan,nan,nan,nan,nan,nan,nan,1.500000000,2.000000000,353,697,0
2026-06-02T23:33:16,1780327261.662608862,r1,track_association,wall_like,accepted,selected_best_match,detection,0,53,confirmed,85,0,0.099218981,0.159786997,0.325572456,0.001578028,0.000000000,nan,nan,nan,nan,nan,nan,nan,nan,nan,8.000000000,0.300000000,1.800000000,3.000000000,nan,nan,nan,nan,nan,nan,nan,nan,nan,1.500000000,2.000000000,631,353,0
2026-06-02T23:33:16,1780327261.662608862,r1,track_association,wall_like,accepted,selected_best_match,detection,1,77,confirmed,32,2,0.220536787,0.268129452,0.661503124,0.014541724,0.000000000,nan,nan,nan,nan,nan,nan,nan,nan,nan,8.000000000,0.300000000,1.800000000,3.000000000,nan,nan,nan,nan,nan,nan,nan,nan,nan,1.500000000,2.000000000,466,355,0
2026-06-02T23:33:16,1780327261.863609076,r1,track_association,wall_like,accepted,selected_best_match,detection,0,77,confirmed,33,0,0.136902276,0.175199608,0.523775610,0.003909136,0.000000000,nan,nan,nan,nan,nan,nan,nan,nan,nan,8.000000000,0.300000000,1.800000000,3.000000000,nan,nan,nan,nan,nan,nan,nan,nan,nan,1.500000000,2.000000000,405,466,0
2026-06-02T23:33:16,1780327262.064609051,r1,track_association,wall_like,accepted,selected_best_match,detection,0,53,confirmed,86,1,0.069579603,0.054111220,0.359242663,0.001991159,0.000000000,nan,nan,nan,nan,nan,nan,nan,nan,nan,8.000000000,0.300000000,1.800000000,3.000000000,nan,nan,nan,nan,nan,nan,nan,nan,nan,1.500000000,2.000000000,559,631,0
2026-06-02T23:33:16,1780327262.064609051,r1,track_association,pillar_like,accepted,selected_best_match,detection,1,97,candidate,1,1,0.718410117,0.929818646,nan,nan,nan,nan,nan,nan,nan,nan,0.027699683,0.739630768,0.967186928,0.183553696,nan,nan,nan,nan,nan,nan,nan,nan,nan,0.500000000,0.300000000,0.800000000,0.600000000,1.500000000,2.000000000,55,58,0
2026-06-02T23:33:17,1780327262.289609194,r1,track_association,wall_like,accepted,selected_best_match,detection,0,53,confirmed,87,0,0.092110097,0.078923036,0.393591238,0.004981054,0.000000000,nan,nan,nan,nan,nan,nan,nan,nan,nan,8.000000000,0.300000000,1.800000000,3.000000000,nan,nan,nan,nan,nan,nan,nan,nan,nan,1.500000000,2.000000000,723,559,0
2026-06-02T23:33:17,1780327262.463609219,r1,track_association,wall_like,accepted,selected_best_match,detection,0,53,confirmed,88,0,0.177797344,0.255506057,0.529565812,0.007929880,0.000000000,nan,nan,nan,nan,nan,nan,nan,nan,nan,8.000000000,0.300000000,1.800000000,3.000000000,nan,nan,nan,nan,nan,nan,nan,nan,nan,1.500000000,2.000000000,386,723,0
2026-06-02T23:33:17,1780327262.463609219,r1,track_association,pillar_like,accepted,selected_best_match,detection,1,98,candidate,1,0,1.203406663,0.128486317,nan,nan,nan,nan,nan,nan,nan,nan,0.073250903,0.944022195,0.017586946,0.599501014,nan,nan,nan,nan,nan,nan,nan,nan,nan,0.500000000,0.300000000,0.800000000,0.600000000,1.500000000,2.000000000,85,103,0
2026-06-02T23:33:17,1780327262.463609219,r1,track_association,pillar_like,accepted,selected_best_match,detection,2,97,weak_tracked,2,1,0.193754016,0.328327480,nan,nan,nan,nan,nan,nan,nan,nan,0.039145960,1.000000000,0.667058945,0.029253721,nan,nan,nan,nan,nan,nan,nan,nan,nan,0.500000000,0.300000000,0.800000000,0.600000000,1.500000000,2.000000000,62,55,0
2026-06-02T23:33:17,1780327262.664608955,r1,track_association,wall_like,accepted,selected_best_match,detection,0,53,confirmed,89,0,0.062347968,0.038647983,0.289163574,0.003995958,0.000000000,nan,nan,nan,nan,nan,nan,nan,nan,nan,8.000000000,0.300000000,1.800000000,3.000000000,nan,nan,nan,nan,nan,nan,nan,nan,nan,1.500000000,2.000000000,577,386,0
2026-06-02T23:33:17,1780327262.865608931,r1,track_association,wall_like,accepted,selected_best_match,detection,0,53,confirmed,90,0,0.056218133,0.064520089,0.271920461,0.000216414,0.000000000,nan,nan,nan,nan,nan,nan,nan,nan,nan,8.000000000,0.300000000,1.800000000,3.000000000,nan,nan,nan,nan,nan,nan,nan,nan,nan,1.500000000,2.000000000,686,577,0
2026-06-02T23:33:17,1780327262.865608931,r1,track_association,wall_like,accepted,selected_best_match,detection,1,94,candidate,1,20,2.208755438,2.927604484,2.741483785,0.267060541,0.000000000,nan,nan,nan,nan,nan,nan,nan,nan,nan,8.000000000,0.300000000,1.800000000,3.000000000,nan,nan,nan,nan,nan,nan,nan,nan,nan,1.500000000,2.000000000,51,247,0
2026-06-02T23:33:17,1780327262.865608931,r1,track_association,pillar_like,accepted,selected_best_match,detection,2,97,weak_tracked,3,1,0.207952937,0.349497270,nan,nan,nan,nan,nan,nan,nan,nan,0.027659337,1.000000000,1.027940512,0.029904127,nan,nan,nan,nan,nan,nan,nan,nan,nan,0.500000000,0.300000000,0.800000000,0.600000000,1.500000000,2.000000000,101,62,0
2026-06-02T23:33:18,1780327263.264609098,r1,track_association,wall_like,accepted,selected_best_match,detection,0,53,confirmed,91,1,0.119853556,0.158360550,0.282811814,0.009514569,0.000000000,nan,nan,nan,nan,nan,nan,nan,nan,nan,8.000000000,0.300000000,1.800000000,3.000000000,nan,nan,nan,nan,nan,nan,nan,nan,nan,1.500000000,2.000000000,480,686,0
2026-06-02T23:33:18,1780327263.264609098,r1,track_association,pillar_like,accepted,selected_best_match,detection,1,97,confirmed,4,1,0.393120245,0.407133304,nan,nan,nan,nan,nan,nan,nan,nan,0.042212035,1.000000000,1.628472805,0.095217705,nan,nan,nan,nan,nan,nan,nan,nan,nan,0.500000000,0.300000000,0.800000000,0.600000000,1.500000000,2.000000000,58,101,0
2026-06-02T23:33:18,1780327263.486603975,r1,track_association,wall_like,accepted,selected_best_match,detection,0,53,confirmed,92,0,0.040514330,0.043570770,0.201763817,0.000231079,0.000000000,nan,nan,nan,nan,nan,nan,nan,nan,nan,8.000000000,0.300000000,1.800000000,3.000000000,nan,nan,nan,nan,nan,nan,nan,nan,nan,1.500000000,2.000000000,438,480,0
2026-06-02T23:33:18,1780327263.486603975,r1,track_association,pillar_like,accepted,selected_best_match,detection,1,97,confirmed,5,0,0.155367148,0.230441678,nan,nan,nan,nan,nan,nan,nan,nan,0.012430201,0.916204022,0.162106752,0.018300056,nan,nan,nan,nan,nan,nan,nan,nan,nan,0.500000000,0.300000000,0.800000000,0.600000000,1.500000000,2.000000000,59,58,0
2026-06-02T23:33:18,1780327263.885604143,r1,track_association,wall_like,accepted,selected_best_match,detection,0,53,confirmed,93,1,0.076601023,0.131265164,0.129264472,0.005006373,0.000000000,nan,nan,nan,nan,nan,nan,nan,nan,nan,8.000000000,0.300000000,1.800000000,3.000000000,nan,nan,nan,nan,nan,nan,nan,nan,nan,1.500000000,2.000000000,698,438,0
2026-06-02T23:33:18,1780327263.885604143,r1,track_association,wall_like,rejected,plane_offset,detection,1,94,weak_tracked,2,4,nan,4.493026762,1.796489733,0.381352980,1.523674372,nan,nan,nan,nan,nan,nan,nan,nan,nan,8.000000000,0.300000000,1.800000000,3.000000000,nan,nan,nan,nan,nan,nan,nan,nan,nan,1.500000000,2.000000000,105,51,0
2026-06-02T23:33:18,1780327263.885604143,r1,track_association,wall_like,accepted,selected_best_match,detection,2,77,stale,34,9,0.172564244,0.147768744,0.579158136,0.015273969,0.000000000,nan,nan,nan,nan,nan,nan,nan,nan,nan,8.000000000,0.300000000,1.800000000,3.000000000,nan,nan,nan,nan,nan,nan,nan,nan,nan,1.500000000,2.000000000,394,405,0
2026-06-02T23:33:18,1780327263.885604143,r1,track_association,pillar_like,accepted,selected_best_match,detection,3,97,confirmed,6,1,1.009505475,0.524909008,nan,nan,nan,nan,nan,nan,nan,nan,0.036084896,1.000000000,1.168336391,0.492301226,nan,nan,nan,nan,nan,nan,nan,nan,nan,0.500000000,0.300000000,0.800000000,0.600000000,1.500000000,2.000000000,98,59,0
2026-06-02T23:33:18,1780327264.065604210,r1,track_association,wall_like,accepted,selected_best_match,detection,0,77,confirmed,35,0,0.154402641,0.178636873,0.515667284,0.009119582,0.000000000,nan,nan,nan,nan,nan,nan,nan,nan,nan,8.000000000,0.300000000,1.800000000,3.000000000,nan,nan,nan,nan,nan,nan,nan,nan,nan,1.500000000,2.000000000,477,394,0
2026-06-02T23:33:19,1780327264.266603947,r1,track_association,wall_like,accepted,selected_best_match,detection,0,53,confirmed,94,1,0.092784851,0.170454253,0.134247966,0.005755731,0.000000000,nan,nan,nan,nan,nan,nan,nan,nan,nan,8.000000000,0.300000000,1.800000000,3.000000000,nan,nan,nan,nan,nan,nan,nan,nan,nan,1.500000000,2.000000000,598,698,0
2026-06-02T23:33:19,1780327264.266603947,r1,track_association,wall_like,accepted,selected_best_match,detection,1,77,confirmed,36,0,0.126409129,0.045916775,0.360907991,0.019797011,0.000000000,nan,nan,nan,nan,nan,nan,nan,nan,nan,8.000000000,0.300000000,1.800000000,3.000000000,nan,nan,nan,nan,nan,nan,nan,nan,nan,1.500000000,2.000000000,440,477,0
2026-06-02T23:33:19,1780327264.266603947,r1,track_association,wall_like,accepted,selected_best_match,detection,2,89,stale,12,14,0.640453050,0.924088981,2.384469537,0.010309409,0.000000000,nan,nan,nan,nan,nan,nan,nan,nan,nan,8.000000000,0.300000000,1.800000000,3.000000000,nan,nan,nan,nan,nan,nan,nan,nan,nan,1.500000000,2.000000000,118,189,0
2026-06-02T23:33:19,1780327264.266603947,r1,track_association,wall_like,accepted,selected_best_match,detection,3,79,stale,15,14,0.639735088,0.719088894,2.648861070,0.020679347,0.000000000,nan,nan,nan,nan,nan,nan,nan,nan,nan,8.000000000,0.300000000,1.800000000,3.000000000,nan,nan,nan,nan,nan,nan,nan,nan,nan,1.500000000,2.000000000,74,122,0
2026-06-02T23:33:19,1780327264.266603947,r1,track_association,wall_like,accepted,selected_best_match,detection,4,99,candidate,1,1,0.651912041,0.153734720,4.508447718,0.011133351,0.000000000,nan,nan,nan,nan,nan,nan,nan,nan,nan,8.000000000,0.300000000,1.800000000,3.000000000,nan,nan,nan,nan,nan,nan,nan,nan,nan,1.500000000,2.000000000,163,105,0
2026-06-02T23:33:19,1780327264.266603947,r1,track_association,pillar_like,accepted,selected_best_match,detection,5,98,weak_tracked,2,8,0.202128418,0.198418638,nan,nan,nan,nan,nan,nan,nan,nan,0.045002949,0.906746653,0.060806990,0.007673085,nan,nan,nan,nan,nan,nan,nan,nan,nan,0.500000000,0.300000000,0.800000000,0.600000000,1.500000000,2.000000000,89,85,0
2026-06-02T23:33:19,1780327264.464604139,r1,track_association,wall_like,accepted,selected_best_match,detection,0,53,confirmed,95,0,0.061650002,0.126252040,0.085938278,0.002647111,0.000000000,nan,nan,nan,nan,nan,nan,nan,nan,nan,8.000000000,0.300000000,1.800000000,3.000000000,nan,nan,nan,nan,nan,nan,nan,nan,nan,1.500000000,2.000000000,740,598,0
2026-06-02T23:33:19,1780327264.464604139,r1,track_association,wall_like,accepted,selected_best_match,detection,1,94,weak_tracked,2,7,0.661290417,0.791084518,2.961752674,0.008212948,0.000000000,nan,nan,nan,nan,nan,nan,nan,nan,nan,8.000000000,0.300000000,1.800000000,3.000000000,nan,nan,nan,nan,nan,nan,nan,nan,nan,1.500000000,2.000000000,181,51,0
2026-06-02T23:33:19,1780327264.464604139,r1,track_association,wall_like,accepted,selected_best_match,detection,2,95,candidate,1,28,1.037177915,1.063414195,1.953112590,0.131570233,0.000000000,nan,nan,nan,nan,nan,nan,nan,nan,nan,8.000000000,0.300000000,1.800000000,3.000000000,nan,nan,nan,nan,nan,nan,nan,nan,nan,1.500000000,2.000000000,53,82,0
2026-06-02T23:33:19,1780327264.665604115,r1,track_association,wall_like,accepted,selected_best_match,detection,0,53,confirmed,96,0,0.166000920,0.150185487,0.527699625,0.014992992,0.000000000,nan,nan,nan,nan,nan,nan,nan,nan,nan,8.000000000,0.300000000,1.800000000,3.000000000,nan,nan,nan,nan,nan,nan,nan,nan,nan,1.500000000,2.000000000,579,740,0
2026-06-02T23:33:19,1780327264.866604090,r1,track_association,wall_like,accepted,selected_best_match,detection,0,53,confirmed,97,0,0.169242269,0.229609310,0.372680973,0.013836213,0.000000000,nan,nan,nan,nan,nan,nan,nan,nan,nan,8.000000000,0.300000000,1.800000000,3.000000000,nan,nan,nan,nan,nan,nan,nan,nan,nan,1.500000000,2.000000000,728,579,0
2026-06-02T23:33:19,1780327264.866604090,r1,track_association,wall_like,accepted,selected_best_match,detection,1,77,confirmed,37,2,0.354174971,0.213240609,1.817962627,0.016754832,0.000000000,nan,nan,nan,nan,nan,nan,nan,nan,nan,8.000000000,0.300000000,1.800000000,3.000000000,nan,nan,nan,nan,nan,nan,nan,nan,nan,1.500000000,2.000000000,488,440,0
2026-06-02T23:33:19,1780327264.866604090,r1,track_association,wall_like,accepted,selected_best_match,detection,2,99,weak_tracked,2,2,1.041986729,0.766904689,4.543821938,0.065512227,0.000000000,nan,nan,nan,nan,nan,nan,nan,nan,nan,8.000000000,0.300000000,1.800000000,3.000000000,nan,nan,nan,nan,nan,nan,nan,nan,nan,1.500000000,2.000000000,89,163,0
2026-06-02T23:33:19,1780327264.866604090,r1,track_association,wall_like,rejected,plane_offset,detection,2,94,weak_tracked,3,1,nan,3.508703290,4.464719620,0.440502734,0.000000000,nan,nan,nan,nan,nan,nan,nan,nan,nan,8.000000000,0.300000000,1.800000000,3.000000000,nan,nan,nan,nan,nan,nan,nan,nan,nan,1.500000000,2.000000000,89,181,0
2026-06-02T23:33:19,1780327264.866604090,r1,track_association,pillar_like,accepted,selected_best_match,detection,4,98,weak_tracked,3,2,0.364328414,0.225998568,nan,nan,nan,nan,nan,nan,nan,nan,0.084726846,0.923819174,0.143703699,0.062594116,nan,nan,nan,nan,nan,nan,nan,nan,nan,0.500000000,0.300000000,0.800000000,0.600000000,1.500000000,2.000000000,102,89,0
2026-06-02T23:33:19,1780327264.866604090,r1,track_association,pillar_like,accepted,selected_best_match,detection,5,97,stale,7,4,0.793352944,0.807866429,nan,nan,nan,nan,nan,nan,nan,nan,0.012464252,0.947606242,1.440702677,0.348785162,nan,nan,nan,nan,nan,nan,nan,nan,nan,0.800000000,0.300000000,0.800000000,0.600000000,1.500000000,2.000000000,59,98,0
2026-06-02T23:33:19,1780327265.064603806,r1,track_association,wall_like,accepted,selected_best_match,detection,0,77,confirmed,38,0,0.090997935,0.130899869,0.333553346,0.001701143,0.000000000,nan,nan,nan,nan,nan,nan,nan,nan,nan,8.000000000,0.300000000,1.800000000,3.000000000,nan,nan,nan,nan,nan,nan,nan,nan,nan,1.500000000,2.000000000,396,488,0
2026-06-02T23:33:20,1780327265.265604019,r1,track_association,wall_like,accepted,selected_best_match,detection,0,53,confirmed,98,1,0.058593383,0.129951065,0.037764758,0.003166730,0.000000000,nan,nan,nan,nan,nan,nan,nan,nan,nan,8.000000000,0.300000000,1.800000000,3.000000000,nan,nan,nan,nan,nan,nan,nan,nan,nan,1.500000000,2.000000000,591,728,0
2026-06-02T23:33:20,1780327265.265604019,r1,track_association,wall_like,accepted,selected_best_match,detection,1,77,confirmed,39,0,0.100174733,0.070779639,0.122861858,0.018367136,0.000000000,nan,nan,nan,nan,nan,nan,nan,nan,nan,8.000000000,0.300000000,1.800000000,3.000000000,nan,nan,nan,nan,nan,nan,nan,nan,nan,1.500000000,2.000000000,400,396,0
2026-06-02T23:33:20,1780327265.487599134,r1,track_association,wall_like,accepted,selected_best_match,detection,0,53,confirmed,99,0,0.076121422,0.170312256,0.144888068,0.000371898,0.000000000,nan,nan,nan,nan,nan,nan,nan,nan,nan,8.000000000,0.300000000,1.800000000,3.000000000,nan,nan,nan,nan,nan,nan,nan,nan,nan,1.500000000,2.000000000,693,591,0
2026-06-02T23:33:20,1780327265.487599134,r1,track_association,wall_like,accepted,selected_best_match,detection,1,77,confirmed,40,0,0.633906441,0.815813777,1.674565045,0.045794365,0.000000000,nan,nan,nan,nan,nan,nan,nan,nan,nan,8.000000000,0.300000000,1.800000000,3.000000000,nan,nan,nan,nan,nan,nan,nan,nan,nan,1.500000000,2.000000000,212,400,0
2026-06-02T23:33:20,1780327265.487599134,r1,track_association,wall_like,accepted,selected_best_match,detection,2,99,weak_tracked,3,2,1.492327637,0.839821071,5.918770981,0.141762272,0.000000000,nan,nan,nan,nan,nan,nan,nan,nan,nan,8.000000000,0.300000000,1.800000000,3.000000000,nan,nan,nan,nan,nan,nan,nan,nan,nan,1.500000000,2.000000000,57,89,0
2026-06-02T23:33:20,1780327265.664598942,r1,track_association,wall_like,accepted,selected_best_match,detection,0,53,confirmed,100,0,0.272925229,0.264347112,1.410957036,0.002531969,0.000000000,nan,nan,nan,nan,nan,nan,nan,nan,nan,8.000000000,0.300000000,1.800000000,3.000000000,nan,nan,nan,nan,nan,nan,nan,nan,nan,1.500000000,2.000000000,504,693,0
2026-06-02T23:33:20,1780327265.664598942,r1,track_association,wall_like,accepted,selected_best_match,detection,1,95,weak_tracked,2,5,1.081663376,0.728527016,3.991359407,0.101970333,0.000000000,nan,nan,nan,nan,nan,nan,nan,nan,nan,8.000000000,0.300000000,1.800000000,3.000000000,nan,nan,nan,nan,nan,nan,nan,nan,nan,1.500000000,2.000000000,72,53,0
2026-06-02T23:33:20,1780327265.664598942,r1,track_association,pillar_like,accepted,selected_best_match,detection,2,97,confirmed,8,3,0.325690166,0.213863633,nan,nan,nan,nan,nan,nan,nan,nan,0.048099502,0.963137464,0.293758750,0.097951651,nan,nan,nan,nan,nan,nan,nan,nan,nan,0.500000000,0.300000000,0.800000000,0.600000000,1.500000000,2.000000000,84,59,0
2026-06-02T23:33:20,1780327265.865598917,r1,track_association,wall_like,accepted,selected_best_match,detection,0,77,confirmed,41,1,0.284313103,0.515453618,0.649132428,0.009406103,0.000000000,nan,nan,nan,nan,nan,nan,nan,nan,nan,8.000000000,0.300000000,1.800000000,3.000000000,nan,nan,nan,nan,nan,nan,nan,nan,nan,1.500000000,2.000000000,393,212,0
2026-06-02T23:33:20,1780327265.865598917,r1,track_association,pillar_like,accepted,selected_best_match,detection,1,98,weak_tracked,4,4,0.250568505,0.037647225,nan,nan,nan,nan,nan,nan,nan,nan,0.035873397,1.000000000,0.768619061,0.061175883,nan,nan,nan,nan,nan,nan,nan,nan,nan,0.500000000,0.300000000,0.800000000,0.600000000,1.500000000,2.000000000,91,102,0
2026-06-02T23:33:20,1780327266.063599110,r1,track_association,wall_like,accepted,selected_best_match,detection,0,53,confirmed,101,1,0.080369845,0.043724353,0.457203052,0.002593404,0.000000000,nan,nan,nan,nan,nan,nan,nan,nan,nan,8.000000000,0.300000000,1.800000000,3.000000000,nan,nan,nan,nan,nan,nan,nan,nan,nan,1.500000000,2.000000000,730,504,0
2026-06-02T23:33:20,1780327266.063599110,r1,track_association,wall_like,accepted,selected_best_match,detection,1,99,weak_tracked,4,2,1.132687267,0.584654438,7.027674922,0.017802927,0.000000000,nan,nan,nan,nan,nan,nan,nan,nan,nan,8.000000000,0.300000000,1.800000000,3.000000000,nan,nan,nan,nan,nan,nan,nan,nan,nan,1.500000000,2.000000000,71,57,0
2026-06-02T23:33:21,1780327266.267599106,r1,track_association,wall_like,accepted,selected_best_match,detection,0,53,confirmed,102,0,0.054579659,0.069495498,0.110374464,0.005285305,0.000000000,nan,nan,nan,nan,nan,nan,nan,nan,nan,8.000000000,0.300000000,1.800000000,3.000000000,nan,nan,nan,nan,nan,nan,nan,nan,nan,1.500000000,2.000000000,666,730,0
2026-06-02T23:33:21,1780327266.267599106,r1,track_association,wall_like,accepted,selected_best_match,detection,1,77,confirmed,42,1,0.462865740,0.782569293,1.295415575,0.012024709,0.000000000,nan,nan,nan,nan,nan,nan,nan,nan,nan,8.000000000,0.300000000,1.800000000,3.000000000,nan,nan,nan,nan,nan,nan,nan,nan,nan,1.500000000,2.000000000,216,393,0
2026-06-02T23:33:21,1780327266.465599060,r1,track_association,wall_like,accepted,selected_best_match,detection,0,53,confirmed,103,0,0.071276865,0.040922393,0.345246002,0.004344095,0.000000000,nan,nan,nan,nan,nan,nan,nan,nan,nan,8.000000000,0.300000000,1.800000000,3.000000000,nan,nan,nan,nan,nan,nan,nan,nan,nan,1.500000000,2.000000000,624,666,0
2026-06-02T23:33:21,1780327266.717598915,r1,track_association,wall_like,accepted,selected_best_match,detection,0,77,confirmed,43,1,0.121723172,0.192846959,0.140583690,0.011960367,0.000000000,nan,nan,nan,nan,nan,nan,nan,nan,nan,8.000000000,0.300000000,1.800000000,3.000000000,nan,nan,nan,nan,nan,nan,nan,nan,nan,1.500000000,2.000000000,423,216,0
2026-06-02T23:33:21,1780327266.864598989,r1,track_association,wall_like,accepted,selected_best_match,detection,0,53,confirmed,104,1,0.117238114,0.079848100,0.617976864,0.004012492,0.000000000,nan,nan,nan,nan,nan,nan,nan,nan,nan,8.000000000,0.300000000,1.800000000,3.000000000,nan,nan,nan,nan,nan,nan,nan,nan,nan,1.500000000,2.000000000,530,624,0
2026-06-02T23:33:21,1780327266.864598989,r1,track_association,wall_like,accepted,selected_best_match,detection,1,77,confirmed,44,0,0.107070605,0.154159434,0.419666237,0.000967754,0.000000000,nan,nan,nan,nan,nan,nan,nan,nan,nan,8.000000000,0.300000000,1.800000000,3.000000000,nan,nan,nan,nan,nan,nan,nan,nan,nan,1.500000000,2.000000000,389,423,0
2026-06-02T23:33:21,1780327266.864598989,r1,track_association,wall_like,accepted,selected_best_match,detection,2,95,weak_tracked,3,5,2.356056287,3.040710821,1.777034235,0.193570090,0.855221579,nan,nan,nan,nan,nan,nan,nan,nan,nan,8.000000000,0.300000000,1.800000000,3.000000000,nan,nan,nan,nan,nan,nan,nan,nan,nan,1.500000000,2.000000000,81,72,0
2026-06-02T23:33:21,1780327266.864598989,r1,track_association,wall_like,rejected,projected_gap,detection,2,94,weak_tracked,3,11,nan,5.737869831,3.080198436,0.186655047,2.674106489,nan,nan,nan,nan,nan,nan,nan,nan,nan,8.000000000,0.300000000,1.800000000,3.000000000,nan,nan,nan,nan,nan,nan,nan,nan,nan,1.500000000,2.000000000,81,181,0
2026-06-02T23:33:21,1780327266.864598989,r1,track_association,wall_like,accepted,selected_best_match,detection,3,94,weak_tracked,3,11,0.611111468,0.456416720,2.904411027,0.028776355,0.000000000,nan,nan,nan,nan,nan,nan,nan,nan,nan,8.000000000,0.300000000,1.800000000,3.000000000,nan,nan,nan,nan,nan,nan,nan,nan,nan,1.500000000,2.000000000,56,181,0
2026-06-02T23:33:21,1780327266.864598989,r1,track_association,pillar_like,accepted,selected_best_match,detection,4,98,stale,5,4,0.123811541,0.369132037,nan,nan,nan,nan,nan,nan,nan,nan,0.036908530,1.000000000,0.742876530,0.002032936,nan,nan,nan,nan,nan,nan,nan,nan,nan,0.800000000,0.300000000,0.800000000,0.600000000,1.500000000,2.000000000,70,91,0
2026-06-02T23:33:22,1780327267.263599157,r1,track_association,wall_like,accepted,selected_best_match,detection,0,53,confirmed,105,1,0.060422832,0.042343870,0.225119803,0.005450470,0.000000000,nan,nan,nan,nan,nan,nan,nan,nan,nan,8.000000000,0.300000000,1.800000000,3.000000000,nan,nan,nan,nan,nan,nan,nan,nan,nan,1.500000000,2.000000000,557,530,0
2026-06-02T23:33:22,1780327267.263599157,r1,track_association,wall_like,accepted,selected_best_match,detection,1,99,stale,5,5,0.885935342,0.612692436,4.803841796,0.024367292,0.000000000,nan,nan,nan,nan,nan,nan,nan,nan,nan,8.000000000,0.300000000,1.800000000,3.000000000,nan,nan,nan,nan,nan,nan,nan,nan,nan,1.500000000,2.000000000,84,71,0
2026-06-02T23:33:22,1780327267.263599157,r1,track_association,pillar_like,accepted,selected_best_match,detection,2,98,confirmed,6,1,0.169029967,0.069309000,nan,nan,nan,nan,nan,nan,nan,nan,0.023211261,1.000000000,1.189656019,0.002185106,nan,nan,nan,nan,nan,nan,nan,nan,nan,0.500000000,0.300000000,0.800000000,0.600000000,1.500000000,2.000000000,87,70,0
2026-06-02T23:33:22,1780327267.665594101,r1,track_association,wall_like,accepted,selected_best_match,detection,0,53,confirmed,106,1,0.105269677,0.177772181,0.168815940,0.007473087,0.000000000,nan,nan,nan,nan,nan,nan,nan,nan,nan,8.000000000,0.300000000,1.800000000,3.000000000,nan,nan,nan,nan,nan,nan,nan,nan,nan,1.500000000,2.000000000,462,557,0
2026-06-02T23:33:22,1780327267.866594076,r1,track_association,wall_like,accepted,selected_best_match,detection,0,53,confirmed,107,0,0.084656381,0.098279282,0.365750846,0.001853329,0.000000000,nan,nan,nan,nan,nan,nan,nan,nan,nan,8.000000000,0.300000000,1.800000000,3.000000000,nan,nan,nan,nan,nan,nan,nan,nan,nan,1.500000000,2.000000000,656,462,0
2026-06-02T23:33:22,1780327267.866594076,r1,track_association,wall_like,accepted,selected_best_match,detection,1,77,stale,45,4,0.073151376,0.100423316,0.301121544,0.000611023,0.000000000,nan,nan,nan,nan,nan,nan,nan,nan,nan,8.000000000,0.300000000,1.800000000,3.000000000,nan,nan,nan,nan,nan,nan,nan,nan,nan,1.500000000,2.000000000,344,389,0
2026-06-02T23:33:22,1780327267.866594076,r1,track_association,pillar_like,accepted,selected_best_match,detection,2,98,confirmed,7,2,0.288344525,0.696321859,nan,nan,nan,nan,nan,nan,nan,nan,0.011470345,1.000000000,1.452142477,0.072113752,nan,nan,nan,nan,nan,nan,nan,nan,nan,0.500000000,0.300000000,0.800000000,0.600000000,1.500000000,2.000000000,60,87,0
2026-06-02T23:33:22,1780327268.064594269,r1,track_association,wall_like,accepted,selected_best_match,detection,0,53,confirmed,108,0,0.647130954,0.271286169,4.055787129,0.014918652,0.000000000,nan,nan,nan,nan,nan,nan,nan,nan,nan,8.000000000,0.300000000,1.800000000,3.000000000,nan,nan,nan,nan,nan,nan,nan,nan,nan,1.500000000,2.000000000,288,656,0
2026-06-02T23:33:22,1780327268.064594269,r1,track_association,pillar_like,accepted,selected_best_match,detection,1,98,confirmed,8,0,0.441845167,0.256397153,nan,nan,nan,nan,nan,nan,nan,nan,0.024346723,1.000000000,0.565813780,0.201942205,nan,nan,nan,nan,nan,nan,nan,nan,nan,0.500000000,0.300000000,0.800000000,0.600000000,1.500000000,2.000000000,76,60,0
2026-06-02T23:33:23,1780327268.463593960,r1,track_association,wall_like,accepted,selected_best_match,detection,0,53,confirmed,109,1,0.184608239,0.097907710,1.144325436,0.002679497,0.000000000,nan,nan,nan,nan,nan,nan,nan,nan,nan,8.000000000,0.300000000,1.800000000,3.000000000,nan,nan,nan,nan,nan,nan,nan,nan,nan,1.500000000,2.000000000,538,288,0
2026-06-02T23:33:23,1780327268.664594173,r1,track_association,wall_like,accepted,selected_best_match,detection,0,53,confirmed,110,0,0.124940141,0.118482159,0.638658985,0.001684115,0.000000000,nan,nan,nan,nan,nan,nan,nan,nan,nan,8.000000000,0.300000000,1.800000000,3.000000000,nan,nan,nan,nan,nan,nan,nan,nan,nan,1.500000000,2.000000000,556,538,0
2026-06-02T23:33:23,1780327268.664594173,r1,track_association,wall_like,accepted,selected_best_match,detection,1,77,confirmed,46,3,0.162339388,0.248928729,0.318015172,0.011883374,0.000000000,nan,nan,nan,nan,nan,nan,nan,nan,nan,8.000000000,0.300000000,1.800000000,3.000000000,nan,nan,nan,nan,nan,nan,nan,nan,nan,1.500000000,2.000000000,300,344,0
2026-06-02T23:33:23,1780327269.045594215,r1,track_association,wall_like,accepted,selected_best_match,detection,0,53,confirmed,111,1,0.310220374,0.523845629,0.621431171,0.017377880,0.000000000,nan,nan,nan,nan,nan,nan,nan,nan,nan,8.000000000,0.300000000,1.800000000,3.000000000,nan,nan,nan,nan,nan,nan,nan,nan,nan,1.500000000,2.000000000,357,556,0
2026-06-02T23:33:24,1780327269.666589260,r1,track_association,wall_like,accepted,selected_best_match,detection,0,77,stale,47,4,0.086610321,0.069212369,0.191332217,0.011886901,0.000000000,nan,nan,nan,nan,nan,nan,nan,nan,nan,8.000000000,0.300000000,1.800000000,3.000000000,nan,nan,nan,nan,nan,nan,nan,nan,nan,1.500000000,2.000000000,312,300,0
2026-06-02T23:33:24,1780327270.065588951,r1,track_association,wall_like,accepted,selected_best_match,detection,0,53,stale,112,4,0.121720962,0.093674770,0.429444014,0.011044661,0.000000000,nan,nan,nan,nan,nan,nan,nan,nan,nan,8.000000000,0.300000000,1.800000000,3.000000000,nan,nan,nan,nan,nan,nan,nan,nan,nan,1.500000000,2.000000000,369,357,0
2026-06-02T23:33:25,1780327270.266589165,r1,track_association,wall_like,accepted,selected_best_match,detection,0,53,confirmed,113,0,0.225644309,0.143823923,0.549976066,0.032686798,0.000000000,nan,nan,nan,nan,nan,nan,nan,nan,nan,8.000000000,0.300000000,1.800000000,3.000000000,nan,nan,nan,nan,nan,nan,nan,nan,nan,1.500000000,2.000000000,458,369,0
2026-06-02T23:33:25,1780327270.524584055,r1,track_association,wall_like,accepted,selected_best_match,detection,2,100,candidate,1,5,0.113780321,0.245955983,0.189401103,0.002435957,0.000000000,nan,nan,nan,nan,nan,nan,nan,nan,nan,8.000000000,0.300000000,1.800000000,3.000000000,nan,nan,nan,nan,nan,nan,nan,nan,nan,1.500000000,2.000000000,441,385,0
2026-06-02T23:33:25,1780327270.668583870,r1,track_association,wall_like,accepted,selected_best_match,detection,0,53,confirmed,114,1,0.161052434,0.142110596,0.453321641,0.017105109,0.000000000,nan,nan,nan,nan,nan,nan,nan,nan,nan,8.000000000,0.300000000,1.800000000,3.000000000,nan,nan,nan,nan,nan,nan,nan,nan,nan,1.500000000,2.000000000,474,458,0
2026-06-02T23:33:25,1780327270.668583870,r1,track_association,wall_like,accepted,selected_best_match,detection,1,100,weak_tracked,2,0,0.229822407,0.412044268,0.539304070,0.007518393,0.000000000,nan,nan,nan,nan,nan,nan,nan,nan,nan,8.000000000,0.300000000,1.800000000,3.000000000,nan,nan,nan,nan,nan,nan,nan,nan,nan,1.500000000,2.000000000,500,441,0
2026-06-02T23:33:25,1780327271.064584255,r1,track_association,wall_like,accepted,selected_best_match,detection,0,100,weak_tracked,3,1,0.117592802,0.041028490,0.672766312,0.005946255,0.000000000,nan,nan,nan,nan,nan,nan,nan,nan,nan,8.000000000,0.300000000,1.800000000,3.000000000,nan,nan,nan,nan,nan,nan,nan,nan,nan,1.500000000,2.000000000,375,500,0
2026-06-02T23:33:25,1780327271.064584255,r1,track_association,pillar_like,accepted,selected_best_match,detection,1,103,candidate,1,2,0.696320096,0.095315141,nan,nan,nan,nan,nan,nan,nan,nan,0.033791594,0.958723513,0.014490128,0.351606846,nan,nan,nan,nan,nan,nan,nan,nan,nan,0.500000000,0.300000000,0.800000000,0.600000000,1.500000000,2.000000000,71,86,0
2026-06-02T23:33:26,1780327271.466583967,r1,track_association,wall_like,accepted,selected_best_match,detection,0,53,confirmed,115,3,0.182948655,0.189294332,0.396986822,0.021068157,0.000000000,nan,nan,nan,nan,nan,nan,nan,nan,nan,8.000000000,0.300000000,1.800000000,3.000000000,nan,nan,nan,nan,nan,nan,nan,nan,nan,1.500000000,2.000000000,327,474,0
2026-06-02T23:33:26,1780327271.667579174,r1,track_association,wall_like,accepted,selected_best_match,detection,0,53,confirmed,116,0,0.189020068,0.285102624,0.449525393,0.011338556,0.000000000,nan,nan,nan,nan,nan,nan,nan,nan,nan,8.000000000,0.300000000,1.800000000,3.000000000,nan,nan,nan,nan,nan,nan,nan,nan,nan,1.500000000,2.000000000,400,327,0
2026-06-02T23:33:27,1780327272.264579058,r1,track_association,wall_like,accepted,selected_best_match,detection,0,100,weak_tracked,4,5,0.178466978,0.350626893,0.439139022,0.002009691,0.000000000,nan,nan,nan,nan,nan,nan,nan,nan,nan,8.000000000,0.300000000,1.800000000,3.000000000,nan,nan,nan,nan,nan,nan,nan,nan,nan,1.500000000,2.000000000,408,375,0
2026-06-02T23:33:27,1780327272.465579033,r1,track_association,pillar_like,accepted,selected_best_match,detection,1,103,weak_tracked,2,6,0.863283703,0.245894953,nan,nan,nan,nan,nan,nan,nan,nan,0.117477492,0.917261264,0.124359727,0.319892406,nan,nan,nan,nan,nan,nan,nan,nan,nan,0.500000000,0.300000000,0.800000000,0.600000000,1.500000000,2.000000000,62,71,0
2026-06-02T23:33:27,1780327272.864574194,r1,track_association,wall_like,accepted,selected_best_match,detection,0,101,candidate,1,11,0.710246650,0.921096962,2.560437173,0.024947905,0.000000000,nan,nan,nan,nan,nan,nan,nan,nan,nan,8.000000000,0.300000000,1.800000000,3.000000000,nan,nan,nan,nan,nan,nan,nan,nan,nan,1.500000000,2.000000000,308,160,0
2026-06-02T23:33:27,1780327272.864574194,r1,track_association,wall_like,accepted,selected_best_match,detection,1,102,candidate,1,11,0.391671487,0.207651824,1.608059177,0.036434045,0.000000000,nan,nan,nan,nan,nan,nan,nan,nan,nan,8.000000000,0.300000000,1.800000000,3.000000000,nan,nan,nan,nan,nan,nan,nan,nan,nan,1.500000000,2.000000000,55,59,0
2026-06-02T23:33:27,1780327273.047574043,r1,track_association,wall_like,accepted,selected_best_match,detection,0,100,weak_tracked,5,3,0.347387459,0.815748987,0.436717420,0.006264436,0.000000000,nan,nan,nan,nan,nan,nan,nan,nan,nan,8.000000000,0.300000000,1.800000000,3.000000000,nan,nan,nan,nan,nan,nan,nan,nan,nan,1.500000000,2.000000000,370,408,0
2026-06-02T23:33:27,1780327273.047574043,r1,track_association,wall_like,accepted,selected_best_match,detection,1,104,candidate,1,3,0.275119696,0.570082907,0.500767880,0.006748823,0.000000000,nan,nan,nan,nan,nan,nan,nan,nan,nan,8.000000000,0.300000000,1.800000000,3.000000000,nan,nan,nan,nan,nan,nan,nan,nan,nan,1.500000000,2.000000000,273,146,0
2026-06-02T23:33:27,1780327273.047574043,r1,track_association,wall_like,accepted,selected_best_match,detection,2,105,candidate,1,2,0.176299427,0.382783429,0.235954992,0.005763173,0.000000000,nan,nan,nan,nan,nan,nan,nan,nan,nan,8.000000000,0.300000000,1.800000000,3.000000000,nan,nan,nan,nan,nan,nan,nan,nan,nan,1.500000000,2.000000000,215,241,0
2026-06-02T23:33:28,1780327273.467574120,r1,track_association,wall_like,accepted,selected_best_match,detection,0,100,confirmed,6,1,0.358210651,0.841800478,0.477871925,0.005362950,0.000000000,nan,nan,nan,nan,nan,nan,nan,nan,nan,8.000000000,0.300000000,1.800000000,3.000000000,nan,nan,nan,nan,nan,nan,nan,nan,nan,1.500000000,2.000000000,310,370,0
2026-06-02T23:33:28,1780327273.467574120,r1,track_association,wall_like,accepted,selected_best_match,detection,1,104,weak_tracked,2,1,0.482916914,1.159087569,0.563534268,0.007833782,0.000000000,nan,nan,nan,nan,nan,nan,nan,nan,nan,8.000000000,0.300000000,1.800000000,3.000000000,nan,nan,nan,nan,nan,nan,nan,nan,nan,1.500000000,2.000000000,289,273,0
2026-06-02T23:33:28,1780327273.686573982,r1,track_association,wall_like,accepted,selected_best_match,detection,0,104,weak_tracked,3,0,0.347666347,0.860552843,0.329183629,0.005900234,0.000000000,nan,nan,nan,nan,nan,nan,nan,nan,nan,8.000000000,0.300000000,1.800000000,3.000000000,nan,nan,nan,nan,nan,nan,nan,nan,nan,1.500000000,2.000000000,302,289,0
2026-06-02T23:33:28,1780327273.686573982,r1,track_association,wall_like,accepted,selected_best_match,detection,1,100,confirmed,7,0,0.389704206,0.980183246,0.409408514,0.003540118,0.000000000,nan,nan,nan,nan,nan,nan,nan,nan,nan,8.000000000,0.300000000,1.800000000,3.000000000,nan,nan,nan,nan,nan,nan,nan,nan,nan,1.500000000,2.000000000,268,310,0
2026-06-02T23:33:28,1780327274.064574242,r1,track_association,wall_like,accepted,selected_best_match,detection,0,99,stale,6,33,0.716516468,0.465053207,3.156294103,0.050088591,0.000000000,nan,nan,nan,nan,nan,nan,nan,nan,nan,8.000000000,0.300000000,1.800000000,3.000000000,nan,nan,nan,nan,nan,nan,nan,nan,nan,1.500000000,2.000000000,133,84,0
2026-06-02T23:33:28,1780327274.064574242,r1,track_association,wall_like,rejected,plane_offset,detection,0,95,weak_tracked,4,35,nan,3.772445097,3.168114984,0.440173560,2.066425774,nan,nan,nan,nan,nan,nan,nan,nan,nan,8.000000000,0.300000000,1.800000000,3.000000000,nan,nan,nan,nan,nan,nan,nan,nan,nan,1.500000000,2.000000000,133,81,0
2026-06-02T23:33:28,1780327274.064574242,r1,track_association,wall_like,accepted,selected_best_match,detection,1,101,weak_tracked,2,5,0.468370344,0.989080700,0.706197136,0.015120641,0.000000000,nan,nan,nan,nan,nan,nan,nan,nan,nan,8.000000000,0.300000000,1.800000000,3.000000000,nan,nan,nan,nan,nan,nan,nan,nan,nan,1.500000000,2.000000000,418,308,0
2026-06-02T23:33:29,1780327274.265574217,r1,track_association,wall_like,accepted,selected_best_match,detection,0,104,confirmed,4,2,0.155893802,0.372006387,0.200429863,0.002051382,0.000000000,nan,nan,nan,nan,nan,nan,nan,nan,nan,8.000000000,0.300000000,1.800000000,3.000000000,nan,nan,nan,nan,nan,nan,nan,nan,nan,1.500000000,2.000000000,333,302,0
2026-06-02T23:33:29,1780327274.265574217,r1,track_association,wall_like,accepted,selected_best_match,detection,2,100,confirmed,8,2,0.854281056,2.092650295,0.904751970,0.013091088,0.000000000,nan,nan,nan,nan,nan,nan,nan,nan,nan,8.000000000,0.300000000,1.800000000,3.000000000,nan,nan,nan,nan,nan,nan,nan,nan,nan,1.500000000,2.000000000,52,268,0
2026-06-02T23:33:29,1780327274.265574217,r1,track_association,pillar_like,accepted,selected_best_match,detection,3,107,candidate,1,2,0.433705682,0.318555968,nan,nan,nan,nan,nan,nan,nan,nan,0.056250538,1.000000000,1.071222067,0.128449440,nan,nan,nan,nan,nan,nan,nan,nan,nan,0.500000000,0.300000000,0.800000000,0.600000000,1.500000000,2.000000000,55,63,0
2026-06-02T23:33:29,1780327274.487574100,r1,track_association,wall_like,accepted,selected_best_match,detection,0,100,confirmed,9,0,1.201919878,3.055309882,1.185553342,0.010586725,0.000000000,nan,nan,nan,nan,nan,nan,nan,nan,nan,8.000000000,0.300000000,1.800000000,3.000000000,nan,nan,nan,nan,nan,nan,nan,nan,nan,1.500000000,2.000000000,424,52,0
2026-06-02T23:33:29,1780327274.664569139,r1,track_association,wall_like,accepted,selected_best_match,detection,0,100,confirmed,10,0,1.102081715,3.040826245,0.396101615,0.011688079,0.000000000,nan,nan,nan,nan,nan,nan,nan,nan,nan,8.000000000,0.300000000,1.800000000,3.000000000,nan,nan,nan,nan,nan,nan,nan,nan,nan,1.500000000,2.000000000,595,424,0
2026-06-02T23:33:29,1780327274.664569139,r1,track_association,wall_like,accepted,selected_best_match,detection,1,101,weak_tracked,3,2,0.483968612,0.757818153,0.939978397,0.034159579,0.000000000,nan,nan,nan,nan,nan,nan,nan,nan,nan,8.000000000,0.300000000,1.800000000,3.000000000,nan,nan,nan,nan,nan,nan,nan,nan,nan,1.500000000,2.000000000,313,418,0
2026-06-02T23:33:29,1780327274.664569139,r1,track_association,wall_like,accepted,selected_best_match,detection,2,102,weak_tracked,2,8,0.305485592,0.247163130,1.220709738,0.021152749,0.000000000,nan,nan,nan,nan,nan,nan,nan,nan,nan,8.000000000,0.300000000,1.800000000,3.000000000,nan,nan,nan,nan,nan,nan,nan,nan,nan,1.500000000,2.000000000,51,55,0
2026-06-02T23:33:29,1780327274.865569115,r1,track_association,wall_like,accepted,selected_best_match,detection,0,100,confirmed,11,0,1.249976036,2.595475330,1.453604833,0.060935097,0.000000000,nan,nan,nan,nan,nan,nan,nan,nan,nan,8.000000000,0.300000000,1.800000000,3.000000000,nan,nan,nan,nan,nan,nan,nan,nan,nan,1.500000000,2.000000000,673,595,0
2026-06-02T23:33:29,1780327274.865569115,r1,track_association,wall_like,accepted,selected_best_match,detection,1,101,weak_tracked,4,0,0.866264305,1.499547303,0.527639435,0.090138082,0.000000000,nan,nan,nan,nan,nan,nan,nan,nan,nan,8.000000000,0.300000000,1.800000000,3.000000000,nan,nan,nan,nan,nan,nan,nan,nan,nan,1.500000000,2.000000000,388,313,0
2026-06-02T23:33:29,1780327274.865569115,r1,track_association,wall_like,rejected,projected_gap,detection,1,102,weak_tracked,3,0,nan,4.664164096,0.860862620,0.099811976,2.515820484,nan,nan,nan,nan,nan,nan,nan,nan,nan,8.000000000,0.300000000,1.800000000,3.000000000,nan,nan,nan,nan,nan,nan,nan,nan,nan,1.500000000,2.000000000,388,51,0
2026-06-02T23:33:30,1780327275.288569212,r1,track_association,wall_like,accepted,selected_best_match,detection,0,100,confirmed,12,1,2.005218491,3.869832890,3.878511250,0.069138087,0.000000000,nan,nan,nan,nan,nan,nan,nan,nan,nan,8.000000000,0.300000000,1.800000000,3.000000000,nan,nan,nan,nan,nan,nan,nan,nan,nan,1.500000000,2.000000000,284,673,0
2026-06-02T23:33:30,1780327275.465569258,r1,track_association,pillar_like,accepted,selected_best_match,detection,1,107,weak_tracked,2,5,0.182650896,0.027801160,nan,nan,nan,nan,nan,nan,nan,nan,0.026841440,1.000000000,0.424085617,0.051935673,nan,nan,nan,nan,nan,nan,nan,nan,nan,0.500000000,0.300000000,0.800000000,0.600000000,1.500000000,2.000000000,84,55,0
2026-06-02T23:33:30,1780327275.666569233,r1,track_association,wall_like,accepted,selected_best_match,detection,0,101,confirmed,5,3,0.452212766,0.921258251,0.821830713,0.012719353,0.000000000,nan,nan,nan,nan,nan,nan,nan,nan,nan,8.000000000,0.300000000,1.800000000,3.000000000,nan,nan,nan,nan,nan,nan,nan,nan,nan,1.500000000,2.000000000,355,388,0
2026-06-02T23:33:30,1780327275.666569233,r1,track_association,wall_like,accepted,selected_best_match,detection,1,100,confirmed,13,1,0.261564748,0.300260844,0.824350949,0.017530180,0.000000000,nan,nan,nan,nan,nan,nan,nan,nan,nan,8.000000000,0.300000000,1.800000000,3.000000000,nan,nan,nan,nan,nan,nan,nan,nan,nan,1.500000000,2.000000000,512,284,0
2026-06-02T23:33:30,1780327275.666569233,r1,track_association,pillar_like,accepted,selected_best_match,detection,3,107,weak_tracked,3,0,0.078556433,0.128748833,nan,nan,nan,nan,nan,nan,nan,nan,0.014003086,0.974863269,0.151551723,0.006155014,nan,nan,nan,nan,nan,nan,nan,nan,nan,0.500000000,0.300000000,0.800000000,0.600000000,1.500000000,2.000000000,94,84,0
2026-06-02T23:33:31,1780327276.107569218,r1,track_association,wall_like,accepted,selected_best_match,detection,0,100,confirmed,14,1,0.763718604,1.662069877,1.243735859,0.016268499,0.000000000,nan,nan,nan,nan,nan,nan,nan,nan,nan,8.000000000,0.300000000,1.800000000,3.000000000,nan,nan,nan,nan,nan,nan,nan,nan,nan,1.500000000,2.000000000,673,512,0
2026-06-02T23:33:31,1780327276.107569218,r1,track_association,pillar_like,accepted,selected_best_match,detection,1,106,candidate,1,14,0.337291678,0.428480008,nan,nan,nan,nan,nan,nan,nan,nan,0.060619330,0.807968306,0.168187976,0.004321516,nan,nan,nan,nan,nan,nan,nan,nan,nan,0.500000000,0.300000000,0.800000000,0.600000000,1.500000000,2.000000000,74,86,0
2026-06-02T23:33:31,1780327276.266568899,r1,track_association,wall_like,accepted,selected_best_match,detection,0,100,confirmed,15,0,0.293095465,0.416755851,0.818322467,0.015565962,0.000000000,nan,nan,nan,nan,nan,nan,nan,nan,nan,8.000000000,0.300000000,1.800000000,3.000000000,nan,nan,nan,nan,nan,nan,nan,nan,nan,1.500000000,2.000000000,677,673,0
2026-06-02T23:33:31,1780327276.467568874,r1,track_association,wall_like,accepted,selected_best_match,detection,0,100,confirmed,16,0,0.394580667,0.864116904,0.578288763,0.010276681,0.000000000,nan,nan,nan,nan,nan,nan,nan,nan,nan,8.000000000,0.300000000,1.800000000,3.000000000,nan,nan,nan,nan,nan,nan,nan,nan,nan,1.500000000,2.000000000,620,677,0
2026-06-02T23:33:31,1780327276.863564014,r1,track_association,wall_like,accepted,selected_best_match,detection,0,100,confirmed,17,1,0.974897782,2.028441100,1.873844517,0.019356055,0.000000000,nan,nan,nan,nan,nan,nan,nan,nan,nan,8.000000000,0.300000000,1.800000000,3.000000000,nan,nan,nan,nan,nan,nan,nan,nan,nan,1.500000000,2.000000000,201,620,0
2026-06-02T23:33:31,1780327276.863564014,r1,track_association,wall_like,accepted,selected_best_match,detection,1,101,stale,6,5,0.562960521,1.365922717,0.672955197,0.007060065,0.000000000,nan,nan,nan,nan,nan,nan,nan,nan,nan,8.000000000,0.300000000,1.800000000,3.000000000,nan,nan,nan,nan,nan,nan,nan,nan,nan,1.500000000,2.000000000,191,355,0
2026-06-02T23:33:31,1780327276.863564014,r1,track_association,wall_like,accepted,selected_best_match,detection,2,102,weak_tracked,3,10,0.525244845,0.176263471,2.779104290,0.035730696,0.000000000,nan,nan,nan,nan,nan,nan,nan,nan,nan,8.000000000,0.300000000,1.800000000,3.000000000,nan,nan,nan,nan,nan,nan,nan,nan,nan,1.500000000,2.000000000,54,51,0
2026-06-02T23:33:31,1780327277.067564011,r1,track_association,wall_like,accepted,selected_best_match,detection,0,101,confirmed,7,0,0.632811421,0.557923012,1.162335849,0.090463531,0.000000000,nan,nan,nan,nan,nan,nan,nan,nan,nan,8.000000000,0.300000000,1.800000000,3.000000000,nan,nan,nan,nan,nan,nan,nan,nan,nan,1.500000000,2.000000000,292,191,0
2026-06-02T23:33:31,1780327277.067564011,r1,track_association,wall_like,rejected,projected_gap,detection,0,102,weak_tracked,4,0,nan,5.380815647,0.807402806,0.063948838,1.948111412,nan,nan,nan,nan,nan,nan,nan,nan,nan,8.000000000,0.300000000,1.800000000,3.000000000,nan,nan,nan,nan,nan,nan,nan,nan,nan,1.500000000,2.000000000,292,54,0
2026-06-02T23:33:32,1780327277.265564203,r1,track_association,wall_like,accepted,selected_best_match,detection,0,100,confirmed,18,1,0.530966647,0.691339221,1.429205946,0.036560849,0.000000000,nan,nan,nan,nan,nan,nan,nan,nan,nan,8.000000000,0.300000000,1.800000000,3.000000000,nan,nan,nan,nan,nan,nan,nan,nan,nan,1.500000000,2.000000000,677,201,0
2026-06-02T23:33:32,1780327277.466564178,r1,track_association,pillar_like,accepted,selected_best_match,detection,0,97,stale,9,58,0.446401920,0.298452694,nan,nan,nan,nan,nan,nan,nan,nan,0.253930433,0.943196741,0.102347374,0.037170529,nan,nan,nan,nan,nan,nan,nan,nan,nan,0.800000000,0.300000000,0.800000000,0.600000000,1.500000000,2.000000000,114,84,0
2026-06-02T23:33:32,1780327277.667564154,r1,track_association,wall_like,accepted,selected_best_match,detection,1,100,confirmed,19,1,0.571928515,1.259732272,0.831269847,0.014432708,0.000000000,nan,nan,nan,nan,nan,nan,nan,nan,nan,8.000000000,0.300000000,1.800000000,3.000000000,nan,nan,nan,nan,nan,nan,nan,nan,nan,1.500000000,2.000000000,518,677,0
2026-06-02T23:33:32,1780327277.667564154,r1,track_association,pillar_like,accepted,selected_best_match,detection,3,107,stale,4,9,0.311855510,0.181519023,nan,nan,nan,nan,nan,nan,nan,nan,0.176899384,1.000000000,0.495214224,0.024725914,nan,nan,nan,nan,nan,nan,nan,nan,nan,0.800000000,0.300000000,0.800000000,0.600000000,1.500000000,2.000000000,77,94,0
2026-06-02T23:33:32,1780327277.667564154,r1,track_association,pillar_like,accepted,selected_best_match,detection,4,106,weak_tracked,2,7,0.599351362,0.357249153,nan,nan,nan,nan,nan,nan,nan,nan,0.168715149,0.855710583,0.098689318,0.064657629,nan,nan,nan,nan,nan,nan,nan,nan,nan,0.500000000,0.300000000,0.800000000,0.600000000,1.500000000,2.000000000,76,74,0
2026-06-02T23:33:32,1780327278.087563992,r1,track_association,pillar_like,accepted,selected_best_match,detection,0,106,weak_tracked,3,1,0.420694945,0.212464658,nan,nan,nan,nan,nan,nan,nan,nan,0.134049156,0.929204304,0.069088936,0.044935226,nan,nan,nan,nan,nan,nan,nan,nan,nan,0.500000000,0.300000000,0.800000000,0.600000000,1.500000000,2.000000000,70,76,0
2026-06-02T23:33:33,1780327278.267564058,r1,track_association,pillar_like,accepted,selected_best_match,detection,0,106,weak_tracked,4,0,0.321628105,0.178766503,nan,nan,nan,nan,nan,nan,nan,nan,0.062649840,1.000000000,0.504877806,0.087504387,nan,nan,nan,nan,nan,nan,nan,nan,nan,0.500000000,0.300000000,0.800000000,0.600000000,1.500000000,2.000000000,77,70,0
2026-06-02T23:33:33,1780327278.465559006,r1,track_association,wall_like,rejected,projected_gap,detection,0,100,confirmed,20,3,nan,5.488467922,1.203805809,0.143965251,1.817894141,nan,nan,nan,nan,nan,nan,nan,nan,nan,8.000000000,0.300000000,1.800000000,3.000000000,nan,nan,nan,nan,nan,nan,nan,nan,nan,1.500000000,2.000000000,242,518,0
2026-06-02T23:33:33,1780327278.465559006,r1,track_association,wall_like,accepted,selected_best_match,detection,1,100,confirmed,20,3,2.451325838,4.237397211,1.127893919,0.043137560,1.357346688,nan,nan,nan,nan,nan,nan,nan,nan,nan,8.000000000,0.300000000,1.800000000,3.000000000,nan,nan,nan,nan,nan,nan,nan,nan,nan,1.500000000,2.000000000,292,518,0
2026-06-02T23:33:33,1780327278.465559006,r1,track_association,wall_like,accepted,selected_best_match,detection,3,110,candidate,1,3,0.135283021,0.295734539,0.210095367,0.003132876,0.000000000,nan,nan,nan,nan,nan,nan,nan,nan,nan,8.000000000,0.300000000,1.800000000,3.000000000,nan,nan,nan,nan,nan,nan,nan,nan,nan,1.500000000,2.000000000,561,501,0
2026-06-02T23:33:33,1780327278.465559006,r1,track_association,pillar_like,accepted,selected_best_match,detection,4,97,stale,10,4,0.326183373,0.207423453,nan,nan,nan,nan,nan,nan,nan,nan,0.183288271,0.980006640,0.124835372,0.038757682,nan,nan,nan,nan,nan,nan,nan,nan,nan,0.800000000,0.300000000,0.800000000,0.600000000,1.500000000,2.000000000,94,114,0
2026-06-02T23:33:33,1780327278.465559006,r1,track_association,pillar_like,accepted,selected_best_match,detection,5,106,confirmed,5,0,0.471926559,0.208484665,nan,nan,nan,nan,nan,nan,nan,nan,0.091827789,0.978602053,0.271018267,0.143862724,nan,nan,nan,nan,nan,nan,nan,nan,nan,0.500000000,0.300000000,0.800000000,0.600000000,1.500000000,2.000000000,82,77,0
2026-06-02T23:33:33,1780327278.666559219,r1,track_association,wall_like,accepted,selected_best_match,detection,0,110,weak_tracked,2,0,0.253980809,0.147688187,0.768931737,0.032590484,0.000000000,nan,nan,nan,nan,nan,nan,nan,nan,nan,8.000000000,0.300000000,1.800000000,3.000000000,nan,nan,nan,nan,nan,nan,nan,nan,nan,1.500000000,2.000000000,587,561,0
2026-06-02T23:33:33,1780327278.666559219,r1,track_association,wall_like,accepted,selected_best_match,detection,1,100,confirmed,21,0,1.978842526,3.104385356,0.637442260,0.054980320,1.225978907,nan,nan,nan,nan,nan,nan,nan,nan,nan,8.000000000,0.300000000,1.800000000,3.000000000,nan,nan,nan,nan,nan,nan,nan,nan,nan,1.500000000,2.000000000,285,292,0
2026-06-02T23:33:33,1780327278.666559219,r1,track_association,wall_like,accepted,selected_best_match,detection,3,111,candidate,1,0,2.045376470,3.044965748,2.125465234,0.164880878,0.387183253,nan,nan,nan,nan,nan,nan,nan,nan,nan,8.000000000,0.300000000,1.800000000,3.000000000,nan,nan,nan,nan,nan,nan,nan,nan,nan,1.500000000,2.000000000,65,242,0
2026-06-02T23:33:33,1780327278.666559219,r1,track_association,wall_like,accepted,selected_best_match,detection,4,101,stale,8,7,0.447779046,0.312548169,1.046249170,0.063844553,0.000000000,nan,nan,nan,nan,nan,nan,nan,nan,nan,8.000000000,0.300000000,1.800000000,3.000000000,nan,nan,nan,nan,nan,nan,nan,nan,nan,1.500000000,2.000000000,214,292,0
2026-06-02T23:33:33,1780327278.666559219,r1,track_association,pillar_like,accepted,selected_best_match,detection,6,107,stale,5,4,0.136336697,0.082021645,nan,nan,nan,nan,nan,nan,nan,nan,0.066411572,0.984283181,0.043142319,0.019974709,nan,nan,nan,nan,nan,nan,nan,nan,nan,0.800000000,0.300000000,0.800000000,0.600000000,1.500000000,2.000000000,86,77,0
2026-06-02T23:33:33,1780327278.666559219,r1,track_association,pillar_like,accepted,selected_best_match,detection,7,106,confirmed,6,0,0.242140621,0.319717039,nan,nan,nan,nan,nan,nan,nan,nan,0.058674994,1.000000000,0.698530316,0.032962561,nan,nan,nan,nan,nan,nan,nan,nan,nan,0.500000000,0.300000000,0.800000000,0.600000000,1.500000000,2.000000000,51,82,0
2026-06-02T23:33:33,1780327278.864559174,r1,track_association,wall_like,accepted,selected_best_match,detection,0,110,weak_tracked,3,0,0.435770731,0.196749061,1.490904316,0.055147401,0.000000000,nan,nan,nan,nan,nan,nan,nan,nan,nan,8.000000000,0.300000000,1.800000000,3.000000000,nan,nan,nan,nan,nan,nan,nan,nan,nan,1.500000000,2.000000000,594,587,0
2026-06-02T23:33:33,1780327278.864559174,r1,track_association,wall_like,accepted,selected_best_match,detection,1,111,weak_tracked,2,0,0.826501855,0.648936044,1.185089556,0.138616094,0.000000000,nan,nan,nan,nan,nan,nan,nan,nan,nan,8.000000000,0.300000000,1.800000000,3.000000000,nan,nan,nan,nan,nan,nan,nan,nan,nan,1.500000000,2.000000000,430,65,0
2026-06-02T23:33:33,1780327278.864559174,r1,track_association,wall_like,rejected,projected_gap,detection,1,100,confirmed,22,0,nan,5.934887499,0.712694957,0.037245380,2.181211113,nan,nan,nan,nan,nan,nan,nan,nan,nan,8.000000000,0.300000000,1.800000000,3.000000000,nan,nan,nan,nan,nan,nan,nan,nan,nan,1.500000000,2.000000000,430,285,0
2026-06-02T23:33:33,1780327278.864559174,r1,track_association,wall_like,accepted,selected_best_match,detection,2,100,confirmed,22,0,0.724432141,1.080776583,1.688775395,0.045922907,0.000000000,nan,nan,nan,nan,nan,nan,nan,nan,nan,8.000000000,0.300000000,1.800000000,3.000000000,nan,nan,nan,nan,nan,nan,nan,nan,nan,1.500000000,2.000000000,94,285,0
2026-06-02T23:33:33,1780327278.864559174,r1,track_association,pillar_like,accepted,selected_best_match,detection,4,97,confirmed,11,1,0.227137747,0.106239331,nan,nan,nan,nan,nan,nan,nan,nan,0.095882729,1.000000000,0.103399277,0.015019417,nan,nan,nan,nan,nan,nan,nan,nan,nan,0.500000000,0.300000000,0.800000000,0.600000000,1.500000000,2.000000000,95,94,0
2026-06-02T23:33:33,1780327278.864559174,r1,track_association,pillar_like,accepted,selected_best_match,detection,5,107,confirmed,6,0,0.137059092,0.097605041,nan,nan,nan,nan,nan,nan,nan,nan,0.042771903,1.000000000,0.177321672,0.020269871,nan,nan,nan,nan,nan,nan,nan,nan,nan,0.500000000,0.300000000,0.800000000,0.600000000,1.500000000,2.000000000,91,86,0
2026-06-02T23:33:33,1780327279.065559149,r1,track_association,wall_like,accepted,selected_best_match,detection,0,111,confirmed,3,0,1.337970565,2.406416419,1.708996933,0.096662143,0.000000000,nan,nan,nan,nan,nan,nan,nan,nan,nan,8.000000000,0.300000000,1.800000000,3.000000000,nan,nan,nan,nan,nan,nan,nan,nan,nan,1.500000000,2.000000000,403,430,0
2026-06-02T23:33:33,1780327279.065559149,r1,track_association,pillar_like,accepted,selected_best_match,detection,1,97,confirmed,12,0,0.443593804,0.132231590,nan,nan,nan,nan,nan,nan,nan,nan,0.095749138,0.962413085,0.044193268,0.126053572,nan,nan,nan,nan,nan,nan,nan,nan,nan,0.500000000,0.300000000,0.800000000,0.600000000,1.500000000,2.000000000,99,95,0
2026-06-02T23:33:33,1780327279.065559149,r1,track_association,pillar_like,accepted,selected_best_match,detection,2,106,confirmed,7,1,0.415179105,0.193042348,nan,nan,nan,nan,nan,nan,nan,nan,0.191048419,1.000000000,0.219234824,0.006695271,nan,nan,nan,nan,nan,nan,nan,nan,nan,0.500000000,0.300000000,0.800000000,0.600000000,1.500000000,2.000000000,51,51,0
2026-06-02T23:33:34,1780327279.266558886,r1,track_association,wall_like,accepted,selected_best_match,detection,0,111,confirmed,4,0,0.601796181,0.497857468,1.096362678,0.089639507,0.000000000,nan,nan,nan,nan,nan,nan,nan,nan,nan,8.000000000,0.300000000,1.800000000,3.000000000,nan,nan,nan,nan,nan,nan,nan,nan,nan,1.500000000,2.000000000,509,403,0
2026-06-02T23:33:34,1780327279.266558886,r1,track_association,wall_like,accepted,selected_best_match,detection,2,112,candidate,1,1,0.206942142,0.452122902,0.213787540,0.008853320,0.000000000,nan,nan,nan,nan,nan,nan,nan,nan,nan,8.000000000,0.300000000,1.800000000,3.000000000,nan,nan,nan,nan,nan,nan,nan,nan,nan,1.500000000,2.000000000,133,86,0
2026-06-02T23:33:34,1780327279.266558886,r1,track_association,wall_like,rejected,projected_gap,detection,2,100,confirmed,23,1,nan,3.552947031,0.998167418,0.083316863,2.093688355,nan,nan,nan,nan,nan,nan,nan,nan,nan,8.000000000,0.300000000,1.800000000,3.000000000,nan,nan,nan,nan,nan,nan,nan,nan,nan,1.500000000,2.000000000,133,94,0
2026-06-02T23:33:34,1780327279.266558886,r1,track_association,wall_like,accepted,selected_best_match,detection,3,110,confirmed,4,1,1.545679925,3.065353936,1.259368603,0.109942261,0.000000000,nan,nan,nan,nan,nan,nan,nan,nan,nan,8.000000000,0.300000000,1.800000000,3.000000000,nan,nan,nan,nan,nan,nan,nan,nan,nan,1.500000000,2.000000000,298,594,0
2026-06-02T23:33:34,1780327279.488554239,r1,track_association,wall_like,accepted,selected_best_match,detection,0,110,confirmed,5,0,0.565091073,1.009697083,0.898668412,0.034857548,0.000000000,nan,nan,nan,nan,nan,nan,nan,nan,nan,8.000000000,0.300000000,1.800000000,3.000000000,nan,nan,nan,nan,nan,nan,nan,nan,nan,1.500000000,2.000000000,541,298,0
2026-06-02T23:33:34,1780327279.488554239,r1,track_association,wall_like,accepted,selected_best_match,detection,1,111,confirmed,5,0,0.530774641,0.615974112,0.933395610,0.062632646,0.000000000,nan,nan,nan,nan,nan,nan,nan,nan,nan,8.000000000,0.300000000,1.800000000,3.000000000,nan,nan,nan,nan,nan,nan,nan,nan,nan,1.500000000,2.000000000,386,509,0
2026-06-02T23:33:34,1780327279.488554239,r1,track_association,wall_like,accepted,selected_best_match,detection,3,112,weak_tracked,2,0,0.420750680,0.843766477,0.938376776,0.006659427,0.000000000,nan,nan,nan,nan,nan,nan,nan,nan,nan,8.000000000,0.300000000,1.800000000,3.000000000,nan,nan,nan,nan,nan,nan,nan,nan,nan,1.500000000,2.000000000,54,133,0
2026-06-02T23:33:34,1780327279.488554239,r1,track_association,wall_like,rejected,projected_gap,detection,3,100,confirmed,23,2,nan,3.054121968,1.537389447,0.109183493,2.007359374,nan,nan,nan,nan,nan,nan,nan,nan,nan,8.000000000,0.300000000,1.800000000,3.000000000,nan,nan,nan,nan,nan,nan,nan,nan,nan,1.500000000,2.000000000,54,94,0
2026-06-02T23:33:34,1780327279.488554239,r1,track_association,pillar_like,accepted,selected_best_match,detection,4,106,confirmed,8,1,0.461595710,0.284220603,nan,nan,nan,nan,nan,nan,nan,nan,0.111181412,0.854931548,0.010282040,0.055881739,nan,nan,nan,nan,nan,nan,nan,nan,nan,0.500000000,0.300000000,0.800000000,0.600000000,1.500000000,2.000000000,53,51,0
2026-06-02T23:33:34,1780327279.665554047,r1,track_association,wall_like,accepted,selected_best_match,detection,0,101,stale,9,4,0.733666880,1.304042996,1.746102527,0.024216920,0.000000000,nan,nan,nan,nan,nan,nan,nan,nan,nan,8.000000000,0.300000000,1.800000000,3.000000000,nan,nan,nan,nan,nan,nan,nan,nan,nan,1.500000000,2.000000000,179,214,0
2026-06-02T23:33:34,1780327279.665554047,r1,track_association,pillar_like,accepted,selected_best_match,detection,1,97,confirmed,13,2,0.538620229,0.297620688,nan,nan,nan,nan,nan,nan,nan,nan,0.057546709,0.893338248,0.231850266,0.176208019,nan,nan,nan,nan,nan,nan,nan,nan,nan,0.500000000,0.300000000,0.800000000,0.600000000,1.500000000,2.000000000,87,99,0
2026-06-02T23:33:34,1780327280.067553997,r1,track_association,wall_like,accepted,selected_best_match,detection,0,111,confirmed,6,2,0.278903260,0.219701472,0.599497142,0.039219688,0.000000000,nan,nan,nan,nan,nan,nan,nan,nan,nan,8.000000000,0.300000000,1.800000000,3.000000000,nan,nan,nan,nan,nan,nan,nan,nan,nan,1.500000000,2.000000000,474,386,0
2026-06-02T23:33:34,1780327280.067553997,r1,track_association,wall_like,accepted,selected_best_match,detection,2,112,confirmed,3,2,0.403515990,0.483618549,1.683977326,0.009543792,0.000000000,nan,nan,nan,nan,nan,nan,nan,nan,nan,8.000000000,0.300000000,1.800000000,3.000000000,nan,nan,nan,nan,nan,nan,nan,nan,nan,1.500000000,2.000000000,57,54,0
2026-06-02T23:33:34,1780327280.067553997,r1,track_association,wall_like,rejected,projected_gap,detection,2,100,stale,23,5,nan,3.938094375,0.650808215,0.110125608,2.656139063,nan,nan,nan,nan,nan,nan,nan,nan,nan,8.000000000,0.300000000,1.800000000,3.000000000,nan,nan,nan,nan,nan,nan,nan,nan,nan,1.500000000,2.000000000,57,94,0
2026-06-02T23:33:34,1780327280.067553997,r1,track_association,wall_like,accepted,selected_best_match,detection,3,110,confirmed,6,2,0.619813351,1.231580638,0.872338711,0.030073240,0.000000000,nan,nan,nan,nan,nan,nan,nan,nan,nan,8.000000000,0.300000000,1.800000000,3.000000000,nan,nan,nan,nan,nan,nan,nan,nan,nan,1.500000000,2.000000000,500,541,0
2026-06-02T23:33:34,1780327280.067553997,r1,track_association,pillar_like,accepted,selected_best_match,detection,4,107,stale,7,5,0.190147317,0.064572252,nan,nan,nan,nan,nan,nan,nan,nan,0.058610856,1.000000000,0.184188604,0.059078932,nan,nan,nan,nan,nan,nan,nan,nan,nan,0.800000000,0.300000000,0.800000000,0.600000000,1.500000000,2.000000000,81,91,0
2026-06-02T23:33:35,1780327280.466554165,r1,track_association,wall_like,accepted,selected_best_match,detection,0,111,confirmed,7,1,0.302268373,0.419531504,0.707315966,0.022203013,0.000000000,nan,nan,nan,nan,nan,nan,nan,nan,nan,8.000000000,0.300000000,1.800000000,3.000000000,nan,nan,nan,nan,nan,nan,nan,nan,nan,1.500000000,2.000000000,360,474,0
2026-06-02T23:33:35,1780327280.466554165,r1,track_association,pillar_like,accepted,selected_best_match,detection,2,97,confirmed,14,3,0.151711190,0.179528500,nan,nan,nan,nan,nan,nan,nan,nan,0.042786927,0.981462778,0.287507415,0.011309624,nan,nan,nan,nan,nan,nan,nan,nan,nan,0.500000000,0.300000000,0.800000000,0.600000000,1.500000000,2.000000000,98,87,0
2026-06-02T23:33:35,1780327280.466554165,r1,track_association,pillar_like,accepted,selected_best_match,detection,3,107,confirmed,8,1,0.136055893,0.074120985,nan,nan,nan,nan,nan,nan,nan,nan,0.037756711,1.000000000,0.438380718,0.010022640,nan,nan,nan,nan,nan,nan,nan,nan,nan,0.500000000,0.300000000,0.800000000,0.600000000,1.500000000,2.000000000,65,81,0
2026-06-02T23:33:35,1780327280.667554140,r1,track_association,wall_like,accepted,selected_best_match,detection,0,111,confirmed,8,0,0.165430203,0.120833753,0.450690974,0.020644774,0.000000000,nan,nan,nan,nan,nan,nan,nan,nan,nan,8.000000000,0.300000000,1.800000000,3.000000000,nan,nan,nan,nan,nan,nan,nan,nan,nan,1.500000000,2.000000000,489,360,0
2026-06-02T23:33:35,1780327280.667554140,r1,track_association,wall_like,accepted,selected_best_match,detection,2,112,confirmed,4,2,0.156736902,0.289696554,0.141813126,0.012733423,0.000000000,nan,nan,nan,nan,nan,nan,nan,nan,nan,8.000000000,0.300000000,1.800000000,3.000000000,nan,nan,nan,nan,nan,nan,nan,nan,nan,1.500000000,2.000000000,82,57,0
2026-06-02T23:33:35,1780327280.667554140,r1,track_association,wall_like,rejected,projected_gap,detection,2,100,stale,23,8,nan,3.721773783,0.769854559,0.096773363,2.340624090,nan,nan,nan,nan,nan,nan,nan,nan,nan,8.000000000,0.300000000,1.800000000,3.000000000,nan,nan,nan,nan,nan,nan,nan,nan,nan,1.500000000,2.000000000,82,94,0
2026-06-02T23:33:35,1780327280.865553856,r1,track_association,pillar_like,accepted,selected_best_match,detection,0,107,confirmed,9,1,0.180118286,0.104342313,nan,nan,nan,nan,nan,nan,nan,nan,0.075030923,0.989004179,0.100571394,0.005402088,nan,nan,nan,nan,nan,nan,nan,nan,nan,0.500000000,0.300000000,0.800000000,0.600000000,1.500000000,2.000000000,80,65,0
2026-06-02T23:33:35,1780327280.865553856,r1,track_association,pillar_like,accepted,selected_best_match,detection,1,97,confirmed,15,1,0.394833308,0.265269038,nan,nan,nan,nan,nan,nan,nan,nan,0.085498463,0.935118568,0.288086057,0.078087807,nan,nan,nan,nan,nan,nan,nan,nan,nan,0.500000000,0.300000000,0.800000000,0.600000000,1.500000000,2.000000000,62,98,0
2026-06-02T23:33:36,1780327281.666548967,r1,track_association,wall_like,accepted,selected_best_match,detection,0,101,stale,10,9,0.369822133,0.320861084,1.774246334,0.012326294,0.000000000,nan,nan,nan,nan,nan,nan,nan,nan,nan,8.000000000,0.300000000,1.800000000,3.000000000,nan,nan,nan,nan,nan,nan,nan,nan,nan,1.500000000,2.000000000,523,179,0
2026-06-02T23:33:36,1780327281.666548967,r1,track_association,pillar_like,accepted,selected_best_match,detection,2,107,confirmed,10,3,0.198233016,0.102047430,nan,nan,nan,nan,nan,nan,nan,nan,0.077725109,1.000000000,0.151496887,0.016579866,nan,nan,nan,nan,nan,nan,nan,nan,nan,0.500000000,0.300000000,0.800000000,0.600000000,1.500000000,2.000000000,69,80,0
2026-06-02T23:33:36,1780327281.891548872,r1,track_association,wall_like,accepted,selected_best_match,detection,0,111,stale,9,5,0.982743562,0.907712422,1.890290397,0.133165937,0.000000000,nan,nan,nan,nan,nan,nan,nan,nan,nan,8.000000000,0.300000000,1.800000000,3.000000000,nan,nan,nan,nan,nan,nan,nan,nan,nan,1.500000000,2.000000000,399,489,0
2026-06-02T23:33:36,1780327281.891548872,r1,track_association,wall_like,accepted,selected_best_match,detection,1,100,stale,23,14,1.032256590,1.291630797,1.628003228,0.119463776,0.000000000,nan,nan,nan,nan,nan,nan,nan,nan,nan,8.000000000,0.300000000,1.800000000,3.000000000,nan,nan,nan,nan,nan,nan,nan,nan,nan,1.500000000,2.000000000,286,94,0
2026-06-02T23:33:36,1780327281.891548872,r1,track_association,wall_like,accepted,selected_best_match,detection,4,101,confirmed,11,0,0.456690526,0.580132609,1.320067128,0.029491380,0.000000000,nan,nan,nan,nan,nan,nan,nan,nan,nan,8.000000000,0.300000000,1.800000000,3.000000000,nan,nan,nan,nan,nan,nan,nan,nan,nan,1.500000000,2.000000000,398,523,0
2026-06-02T23:33:36,1780327282.074548960,r1,track_association,wall_like,accepted,selected_best_match,detection,0,111,confirmed,10,0,0.756397894,0.628992481,1.423640948,0.110633585,0.000000000,nan,nan,nan,nan,nan,nan,nan,nan,nan,8.000000000,0.300000000,1.800000000,3.000000000,nan,nan,nan,nan,nan,nan,nan,nan,nan,1.500000000,2.000000000,287,399,0
2026-06-02T23:33:36,1780327282.074548960,r1,track_association,wall_like,accepted,selected_best_match,detection,1,100,confirmed,24,0,0.825630394,1.083101200,1.514803847,0.082573854,0.000000000,nan,nan,nan,nan,nan,nan,nan,nan,nan,8.000000000,0.300000000,1.800000000,3.000000000,nan,nan,nan,nan,nan,nan,nan,nan,nan,1.500000000,2.000000000,241,286,0
2026-06-02T23:33:36,1780327282.074548960,r1,track_association,pillar_like,accepted,selected_best_match,detection,4,97,stale,16,5,0.231304437,0.258929897,nan,nan,nan,nan,nan,nan,nan,nan,0.113477578,0.968483141,0.361457705,0.013076901,nan,nan,nan,nan,nan,nan,nan,nan,nan,0.800000000,0.300000000,0.800000000,0.600000000,1.500000000,2.000000000,75,62,0
2026-06-02T23:33:37,1780327282.266549110,r1,track_association,wall_like,accepted,selected_best_match,detection,0,101,confirmed,12,1,0.426526308,0.504439786,1.342852239,0.027156955,0.000000000,nan,nan,nan,nan,nan,nan,nan,nan,nan,8.000000000,0.300000000,1.800000000,3.000000000,nan,nan,nan,nan,nan,nan,nan,nan,nan,1.500000000,2.000000000,412,398,0
2026-06-02T23:33:37,1780327282.266549110,r1,track_association,pillar_like,accepted,selected_best_match,detection,2,97,confirmed,17,0,0.344184468,0.246016782,nan,nan,nan,nan,nan,nan,nan,nan,0.122163364,0.926838052,0.155475378,0.006688952,nan,nan,nan,nan,nan,nan,nan,nan,nan,0.500000000,0.300000000,0.800000000,0.600000000,1.500000000,2.000000000,80,75,0
2026-06-02T23:33:37,1780327282.467548847,r1,track_association,wall_like,accepted,selected_best_match,detection,0,111,confirmed,11,1,1.072008509,1.410103328,1.593524930,0.120835035,0.000000000,nan,nan,nan,nan,nan,nan,nan,nan,nan,8.000000000,0.300000000,1.800000000,3.000000000,nan,nan,nan,nan,nan,nan,nan,nan,nan,1.500000000,2.000000000,304,287,0
2026-06-02T23:33:37,1780327282.467548847,r1,track_association,wall_like,accepted,selected_best_match,detection,1,100,confirmed,25,1,0.719478877,0.786011708,1.734442621,0.072200894,0.000000000,nan,nan,nan,nan,nan,nan,nan,nan,nan,8.000000000,0.300000000,1.800000000,3.000000000,nan,nan,nan,nan,nan,nan,nan,nan,nan,1.500000000,2.000000000,291,241,0
2026-06-02T23:33:37,1780327282.467548847,r1,track_association,wall_like,accepted,selected_best_match,detection,4,101,confirmed,13,0,0.456715211,0.630948925,1.702657685,0.010070008,0.000000000,nan,nan,nan,nan,nan,nan,nan,nan,nan,8.000000000,0.300000000,1.800000000,3.000000000,nan,nan,nan,nan,nan,nan,nan,nan,nan,1.500000000,2.000000000,573,412,0
2026-06-02T23:33:37,1780327282.467548847,r1,track_association,wall_like,rejected,plane_offset,detection,4,102,weak_tracked,4,27,nan,5.353429678,4.033693910,0.321424461,0.367658689,nan,nan,nan,nan,nan,nan,nan,nan,nan,8.000000000,0.300000000,1.800000000,3.000000000,nan,nan,nan,nan,nan,nan,nan,nan,nan,1.500000000,2.000000000,573,54,0
2026-06-02T23:33:37,1780327282.668548822,r1,track_association,wall_like,accepted,selected_best_match,detection,0,101,confirmed,14,0,0.254631273,0.149323920,0.884128174,0.028302184,0.000000000,nan,nan,nan,nan,nan,nan,nan,nan,nan,8.000000000,0.300000000,1.800000000,3.000000000,nan,nan,nan,nan,nan,nan,nan,nan,nan,1.500000000,2.000000000,417,573,0
2026-06-02T23:33:37,1780327282.668548822,r1,track_association,pillar_like,accepted,selected_best_match,detection,1,107,stale,11,4,0.322849650,0.145222751,nan,nan,nan,nan,nan,nan,nan,nan,0.134456917,1.000000000,0.310774088,0.074220657,nan,nan,nan,nan,nan,nan,nan,nan,nan,0.800000000,0.300000000,0.800000000,0.600000000,1.500000000,2.000000000,70,69,0
2026-06-02T23:33:37,1780327282.668548822,r1,track_association,pillar_like,accepted,selected_best_match,detection,2,97,confirmed,18,1,0.204635631,0.164836557,nan,nan,nan,nan,nan,nan,nan,nan,0.010318305,0.928767730,0.064580917,0.063785195,nan,nan,nan,nan,nan,nan,nan,nan,nan,0.500000000,0.300000000,0.800000000,0.600000000,1.500000000,2.000000000,61,80,0
2026-06-02T23:33:37,1780327282.866549253,r1,track_association,wall_like,accepted,selected_best_match,detection,0,111,confirmed,12,1,1.214288615,2.139537036,1.090181197,0.109451086,0.000000000,nan,nan,nan,nan,nan,nan,nan,nan,nan,8.000000000,0.300000000,1.800000000,3.000000000,nan,nan,nan,nan,nan,nan,nan,nan,nan,1.500000000,2.000000000,204,304,0
2026-06-02T23:33:37,1780327282.866549253,r1,track_association,wall_like,accepted,selected_best_match,detection,1,100,confirmed,26,1,0.823449356,1.447451114,1.639883637,0.040794059,0.000000000,nan,nan,nan,nan,nan,nan,nan,nan,nan,8.000000000,0.300000000,1.800000000,3.000000000,nan,nan,nan,nan,nan,nan,nan,nan,nan,1.500000000,2.000000000,364,291,0
2026-06-02T23:33:37,1780327282.866549253,r1,track_association,wall_like,accepted,selected_best_match,detection,4,101,confirmed,15,0,0.414810541,0.411801250,2.047659229,0.006475816,0.000000000,nan,nan,nan,nan,nan,nan,nan,nan,nan,8.000000000,0.300000000,1.800000000,3.000000000,nan,nan,nan,nan,nan,nan,nan,nan,nan,1.500000000,2.000000000,344,417,0
2026-06-02T23:33:37,1780327283.064549208,r1,track_association,wall_like,accepted,selected_best_match,detection,0,101,confirmed,16,0,0.290426988,0.346534543,1.312688781,0.003248813,0.000000000,nan,nan,nan,nan,nan,nan,nan,nan,nan,8.000000000,0.300000000,1.800000000,3.000000000,nan,nan,nan,nan,nan,nan,nan,nan,nan,1.500000000,2.000000000,402,344,0
2026-06-02T23:33:37,1780327283.064549208,r1,track_association,wall_like,accepted,selected_best_match,detection,1,100,confirmed,27,0,0.734970709,1.416260103,1.250160291,0.031984192,0.000000000,nan,nan,nan,nan,nan,nan,nan,nan,nan,8.000000000,0.300000000,1.800000000,3.000000000,nan,nan,nan,nan,nan,nan,nan,nan,nan,1.500000000,2.000000000,371,364,0
2026-06-02T23:33:37,1780327283.064549208,r1,track_association,wall_like,rejected,projected_gap,detection,1,111,confirmed,13,0,nan,5.865943872,1.130370544,0.089880794,2.253753719,nan,nan,nan,nan,nan,nan,nan,nan,nan,8.000000000,0.300000000,1.800000000,3.000000000,nan,nan,nan,nan,nan,nan,nan,nan,nan,1.500000000,2.000000000,371,204,0
2026-06-02T23:33:37,1780327283.064549208,r1,track_association,wall_like,accepted,selected_best_match,detection,3,111,confirmed,13,0,1.443771276,2.585024654,1.406950886,0.121868259,0.000000000,nan,nan,nan,nan,nan,nan,nan,nan,nan,8.000000000,0.300000000,1.800000000,3.000000000,nan,nan,nan,nan,nan,nan,nan,nan,nan,1.500000000,2.000000000,172,204,0
2026-06-02T23:33:37,1780327283.064549208,r1,track_association,pillar_like,accepted,selected_best_match,detection,4,97,confirmed,19,1,0.157155641,0.209140234,nan,nan,nan,nan,nan,nan,nan,nan,0.027335751,0.968324796,0.293008566,0.024904847,nan,nan,nan,nan,nan,nan,nan,nan,nan,0.500000000,0.300000000,0.800000000,0.600000000,1.500000000,2.000000000,60,61,0
2026-06-02T23:33:38,1780327283.469544172,r1,track_association,pillar_like,accepted,selected_best_match,detection,0,97,confirmed,20,1,0.044501100,0.015584489,nan,nan,nan,nan,nan,nan,nan,nan,0.014609219,1.000000000,0.149659634,0.000190020,nan,nan,nan,nan,nan,nan,nan,nan,nan,0.500000000,0.300000000,0.800000000,0.600000000,1.500000000,2.000000000,60,60,0
2026-06-02T23:33:38,1780327283.664544106,r1,track_association,wall_like,accepted,selected_best_match,detection,0,100,confirmed,28,2,1.065865664,2.324913024,1.581234781,0.027972093,0.000000000,nan,nan,nan,nan,nan,nan,nan,nan,nan,8.000000000,0.300000000,1.800000000,3.000000000,nan,nan,nan,nan,nan,nan,nan,nan,nan,1.500000000,2.000000000,346,371,0
2026-06-02T23:33:38,1780327283.664544106,r1,track_association,wall_like,rejected,projected_gap,detection,0,111,confirmed,14,2,nan,5.236899924,1.943405797,0.080727030,1.940234737,nan,nan,nan,nan,nan,nan,nan,nan,nan,8.000000000,0.300000000,1.800000000,3.000000000,nan,nan,nan,nan,nan,nan,nan,nan,nan,1.500000000,2.000000000,346,172,0
2026-06-02T23:33:38,1780327283.664544106,r1,track_association,pillar_like,accepted,selected_best_match,detection,3,97,confirmed,21,0,0.225771401,0.109673753,nan,nan,nan,nan,nan,nan,nan,nan,0.071852641,1.000000000,0.203800797,0.037011623,nan,nan,nan,nan,nan,nan,nan,nan,nan,0.500000000,0.300000000,0.800000000,0.600000000,1.500000000,2.000000000,53,60,0
2026-06-02T23:33:38,1780327284.066543818,r1,track_association,pillar_like,accepted,selected_best_match,detection,0,107,stale,12,6,0.126544212,0.096045276,nan,nan,nan,nan,nan,nan,nan,nan,0.057641354,0.999694897,0.152608156,0.023355961,nan,nan,nan,nan,nan,nan,nan,nan,nan,0.800000000,0.300000000,0.800000000,0.600000000,1.500000000,2.000000000,60,70,0
2026-06-02T23:33:38,1780327284.066543818,r1,track_association,pillar_like,accepted,selected_best_match,detection,1,97,confirmed,22,1,0.330176631,0.223820653,nan,nan,nan,nan,nan,nan,nan,nan,0.082461924,0.929298625,0.178306937,0.046032429,nan,nan,nan,nan,nan,nan,nan,nan,nan,0.500000000,0.300000000,0.800000000,0.600000000,1.500000000,2.000000000,56,53,0
2026-06-02T23:33:39,1780327284.264544249,r1,track_association,wall_like,rejected,normal_angle,detection,0,100,confirmed,29,2,nan,1.510373550,8.166667159,0.062891216,0.000000000,nan,nan,nan,nan,nan,nan,nan,nan,nan,8.000000000,0.300000000,1.800000000,3.000000000,nan,nan,nan,nan,nan,nan,nan,nan,nan,1.500000000,2.000000000,224,346,0
2026-06-02T23:33:39,1780327284.264544249,r1,track_association,wall_like,rejected,normal_angle,detection,0,111,stale,14,5,nan,5.464947731,8.959682452,0.057376771,1.916704465,nan,nan,nan,nan,nan,nan,nan,nan,nan,8.000000000,0.300000000,1.800000000,3.000000000,nan,nan,nan,nan,nan,nan,nan,nan,nan,1.500000000,2.000000000,224,172,0
2026-06-02T23:33:39,1780327284.264544249,r1,track_association,wall_like,accepted,selected_best_match,detection,2,100,confirmed,29,2,2.395441314,3.516142478,6.216074783,0.027622287,0.637758329,nan,nan,nan,nan,nan,nan,nan,nan,nan,8.000000000,0.300000000,1.800000000,3.000000000,nan,nan,nan,nan,nan,nan,nan,nan,nan,1.500000000,2.000000000,52,346,0
2026-06-02T23:33:39,1780327284.264544249,r1,track_association,pillar_like,accepted,selected_best_match,detection,4,97,confirmed,23,0,0.347756998,0.330001693,nan,nan,nan,nan,nan,nan,nan,nan,0.068499263,1.000000000,0.981986761,0.067535877,nan,nan,nan,nan,nan,nan,nan,nan,nan,0.500000000,0.300000000,0.800000000,0.600000000,1.500000000,2.000000000,90,56,0
2026-06-02T23:33:39,1780327284.264544249,r1,track_association,pillar_like,accepted,selected_best_match,detection,5,107,confirmed,13,0,0.318520546,0.152573931,nan,nan,nan,nan,nan,nan,nan,nan,0.146067639,1.000000000,0.234185457,0.001780033,nan,nan,nan,nan,nan,nan,nan,nan,nan,0.500000000,0.300000000,0.800000000,0.600000000,1.500000000,2.000000000,55,60,0
2026-06-02T23:33:39,1780327284.504539251,r1,track_association,wall_like,accepted,selected_best_match,detection,0,111,stale,14,6,0.956366573,1.590615696,0.866396733,0.095358525,0.000000000,nan,nan,nan,nan,nan,nan,nan,nan,nan,8.000000000,0.300000000,1.800000000,3.000000000,nan,nan,nan,nan,nan,nan,nan,nan,nan,1.500000000,2.000000000,609,172,0
2026-06-02T23:33:39,1780327284.504539251,r1,track_association,wall_like,accepted,selected_best_match,detection,2,100,confirmed,30,0,0.837958101,1.211834018,2.916558861,0.020833071,0.000000000,nan,nan,nan,nan,nan,nan,nan,nan,nan,8.000000000,0.300000000,1.800000000,3.000000000,nan,nan,nan,nan,nan,nan,nan,nan,nan,1.500000000,2.000000000,272,224,0
2026-06-02T23:33:39,1780327284.504539251,r1,track_association,pillar_like,accepted,selected_best_match,detection,4,107,confirmed,14,0,0.234033903,0.113980140,nan,nan,nan,nan,nan,nan,nan,nan,0.096871845,1.000000000,0.223515987,0.010763168,nan,nan,nan,nan,nan,nan,nan,nan,nan,0.500000000,0.300000000,0.800000000,0.600000000,1.500000000,2.000000000,55,55,0
2026-06-02T23:33:39,1780327284.504539251,r1,track_association,pillar_like,accepted,selected_best_match,detection,5,97,confirmed,24,0,0.282469433,0.079091886,nan,nan,nan,nan,nan,nan,nan,nan,0.079023435,1.000000000,0.965538144,0.016721249,nan,nan,nan,nan,nan,nan,nan,nan,nan,0.500000000,0.300000000,0.800000000,0.600000000,1.500000000,2.000000000,54,90,0
2026-06-02T23:33:39,1780327284.666538954,r1,track_association,wall_like,accepted,selected_best_match,detection,0,111,confirmed,15,0,0.746656334,1.319228326,0.662503073,0.067230202,0.000000000,nan,nan,nan,nan,nan,nan,nan,nan,nan,8.000000000,0.300000000,1.800000000,3.000000000,nan,nan,nan,nan,nan,nan,nan,nan,nan,1.500000000,2.000000000,622,609,0
2026-06-02T23:33:39,1780327284.666538954,r1,track_association,wall_like,accepted,selected_best_match,detection,2,100,confirmed,31,0,0.653288392,1.009824358,2.345876912,0.007033698,0.000000000,nan,nan,nan,nan,nan,nan,nan,nan,nan,8.000000000,0.300000000,1.800000000,3.000000000,nan,nan,nan,nan,nan,nan,nan,nan,nan,1.500000000,2.000000000,294,272,0
2026-06-02T23:33:39,1780327284.867538929,r1,track_association,wall_like,accepted,selected_best_match,detection,0,111,confirmed,16,0,0.474206353,0.880074107,0.329960562,0.041880974,0.000000000,nan,nan,nan,nan,nan,nan,nan,nan,nan,8.000000000,0.300000000,1.800000000,3.000000000,nan,nan,nan,nan,nan,nan,nan,nan,nan,1.500000000,2.000000000,597,622,0
2026-06-02T23:33:39,1780327284.867538929,r1,track_association,wall_like,accepted,selected_best_match,detection,2,100,confirmed,32,0,0.623115532,0.958020983,2.008539917,0.015812314,0.000000000,nan,nan,nan,nan,nan,nan,nan,nan,nan,8.000000000,0.300000000,1.800000000,3.000000000,nan,nan,nan,nan,nan,nan,nan,nan,nan,1.500000000,2.000000000,263,294,0
2026-06-02T23:33:39,1780327284.867538929,r1,track_association,pillar_like,accepted,selected_best_match,detection,4,97,confirmed,25,1,0.425624632,0.342169591,nan,nan,nan,nan,nan,nan,nan,nan,0.040175278,0.826965351,0.091809869,0.097835064,nan,nan,nan,nan,nan,nan,nan,nan,nan,0.500000000,0.300000000,0.800000000,0.600000000,1.500000000,2.000000000,62,54,0
2026-06-02T23:33:39,1780327284.867538929,r1,track_association,pillar_like,accepted,selected_best_match,detection,5,107,confirmed,15,1,0.176113008,0.134779659,nan,nan,nan,nan,nan,nan,nan,nan,0.067258238,1.000000000,0.242789984,0.010390520,nan,nan,nan,nan,nan,nan,nan,nan,nan,0.500000000,0.300000000,0.800000000,0.600000000,1.500000000,2.000000000,62,55,0
2026-06-02T23:33:39,1780327285.065539122,r1,track_association,wall_like,accepted,selected_best_match,detection,0,111,confirmed,17,0,1.035460630,2.144813778,0.822098579,0.065328114,0.000000000,nan,nan,nan,nan,nan,nan,nan,nan,nan,8.000000000,0.300000000,1.800000000,3.000000000,nan,nan,nan,nan,nan,nan,nan,nan,nan,1.500000000,2.000000000,276,597,0
2026-06-02T23:33:39,1780327285.065539122,r1,track_association,wall_like,accepted,selected_best_match,detection,1,100,confirmed,33,0,1.246249661,2.955536188,0.848886455,0.034636215,0.071110934,nan,nan,nan,nan,nan,nan,nan,nan,nan,8.000000000,0.300000000,1.800000000,3.000000000,nan,nan,nan,nan,nan,nan,nan,nan,nan,1.500000000,2.000000000,420,263,0
2026-06-02T23:33:39,1780327285.065539122,r1,track_association,pillar_like,accepted,selected_best_match,detection,5,107,confirmed,16,0,0.381537271,0.306223596,nan,nan,nan,nan,nan,nan,nan,nan,0.068830078,0.892372084,0.232670069,0.067789316,nan,nan,nan,nan,nan,nan,nan,nan,nan,0.500000000,0.300000000,0.800000000,0.600000000,1.500000000,2.000000000,62,62,0
2026-06-02T23:33:40,1780327285.248539209,r1,track_association,wall_like,accepted,selected_best_match,detection,0,111,confirmed,18,0,1.107515973,1.751737663,0.909159365,0.122987550,0.000000000,nan,nan,nan,nan,nan,nan,nan,nan,nan,8.000000000,0.300000000,1.800000000,3.000000000,nan,nan,nan,nan,nan,nan,nan,nan,nan,1.500000000,2.000000000,321,276,0
2026-06-02T23:33:40,1780327285.248539209,r1,track_association,wall_like,accepted,selected_best_match,detection,1,100,confirmed,34,0,0.962132024,2.046197188,1.294484769,0.035476710,0.000000000,nan,nan,nan,nan,nan,nan,nan,nan,nan,8.000000000,0.300000000,1.800000000,3.000000000,nan,nan,nan,nan,nan,nan,nan,nan,nan,1.500000000,2.000000000,401,420,0
2026-06-02T23:33:40,1780327285.464538813,r1,track_association,wall_like,accepted,selected_best_match,detection,0,111,confirmed,19,0,0.509902977,1.376941052,0.074166069,0.012495560,0.000000000,nan,nan,nan,nan,nan,nan,nan,nan,nan,8.000000000,0.300000000,1.800000000,3.000000000,nan,nan,nan,nan,nan,nan,nan,nan,nan,1.500000000,2.000000000,325,321,0
2026-06-02T23:33:40,1780327285.464538813,r1,track_association,wall_like,accepted,selected_best_match,detection,1,118,candidate,1,5,0.213770936,0.187099768,0.772205030,0.016463615,0.000000000,nan,nan,nan,nan,nan,nan,nan,nan,nan,8.000000000,0.300000000,1.800000000,3.000000000,nan,nan,nan,nan,nan,nan,nan,nan,nan,1.500000000,2.000000000,215,220,0
2026-06-02T23:33:40,1780327285.665539026,r1,track_association,wall_like,accepted,selected_best_match,detection,0,111,confirmed,20,0,0.435754187,1.025349725,0.252669606,0.018716173,0.000000000,nan,nan,nan,nan,nan,nan,nan,nan,nan,8.000000000,0.300000000,1.800000000,3.000000000,nan,nan,nan,nan,nan,nan,nan,nan,nan,1.500000000,2.000000000,325,325,0
2026-06-02T23:33:40,1780327285.665539026,r1,track_association,wall_like,accepted,selected_best_match,detection,1,100,confirmed,35,1,1.123858548,2.877623640,0.724386592,0.022230703,0.000000000,nan,nan,nan,nan,nan,nan,nan,nan,nan,8.000000000,0.300000000,1.800000000,3.000000000,nan,nan,nan,nan,nan,nan,nan,nan,nan,1.500000000,2.000000000,256,401,0
2026-06-02T23:33:40,1780327285.665539026,r1,track_association,pillar_like,accepted,selected_best_match,detection,4,97,confirmed,26,3,0.502006238,0.280560423,nan,nan,nan,nan,nan,nan,nan,nan,0.046726764,0.853633447,0.041290402,0.154834270,nan,nan,nan,nan,nan,nan,nan,nan,nan,0.500000000,0.300000000,0.800000000,0.600000000,1.500000000,2.000000000,55,62,0
2026-06-02T23:33:40,1780327285.905538797,r1,track_association,wall_like,accepted,selected_best_match,detection,0,111,confirmed,21,0,0.319619394,0.820575756,0.241471605,0.004773057,0.000000000,nan,nan,nan,nan,nan,nan,nan,nan,nan,8.000000000,0.300000000,1.800000000,3.000000000,nan,nan,nan,nan,nan,nan,nan,nan,nan,1.500000000,2.000000000,327,325,0
2026-06-02T23:33:40,1780327285.905538797,r1,track_association,wall_like,accepted,selected_best_match,detection,1,100,confirmed,36,0,0.809589842,2.080610380,0.411728618,0.019376091,0.000000000,nan,nan,nan,nan,nan,nan,nan,nan,nan,8.000000000,0.300000000,1.800000000,3.000000000,nan,nan,nan,nan,nan,nan,nan,nan,nan,1.500000000,2.000000000,250,256,0
2026-06-02T23:33:40,1780327286.088539124,r1,track_association,wall_like,accepted,selected_best_match,detection,0,111,confirmed,22,0,0.347005623,0.439064083,0.854115261,0.028165956,0.000000000,nan,nan,nan,nan,nan,nan,nan,nan,nan,8.000000000,0.300000000,1.800000000,3.000000000,nan,nan,nan,nan,nan,nan,nan,nan,nan,1.500000000,2.000000000,259,327,0
2026-06-02T23:33:40,1780327286.088539124,r1,track_association,wall_like,accepted,selected_best_match,detection,1,100,confirmed,37,0,0.640758529,1.634922078,0.453418807,0.011732146,0.000000000,nan,nan,nan,nan,nan,nan,nan,nan,nan,8.000000000,0.300000000,1.800000000,3.000000000,nan,nan,nan,nan,nan,nan,nan,nan,nan,1.500000000,2.000000000,255,250,0
2026-06-02T23:33:41,1780327286.265539169,r1,track_association,wall_like,rejected,normal_angle,detection,0,100,confirmed,38,0,nan,0.964829937,9.703038421,0.061949286,0.000000000,nan,nan,nan,nan,nan,nan,nan,nan,nan,8.000000000,0.300000000,1.800000000,3.000000000,nan,nan,nan,nan,nan,nan,nan,nan,nan,1.500000000,2.000000000,167,255,0
2026-06-02T23:33:41,1780327286.265539169,r1,track_association,wall_like,rejected,normal_angle,detection,0,111,confirmed,23,0,nan,5.729603559,10.932340275,0.057486356,2.139540177,nan,nan,nan,nan,nan,nan,nan,nan,nan,8.000000000,0.300000000,1.800000000,3.000000000,nan,nan,nan,nan,nan,nan,nan,nan,nan,1.500000000,2.000000000,167,259,0
2026-06-02T23:33:41,1780327286.265539169,r1,track_association,wall_like,accepted,selected_best_match,detection,1,111,confirmed,23,0,0.612586375,0.619934767,1.239757677,0.075291523,0.000000000,nan,nan,nan,nan,nan,nan,nan,nan,nan,8.000000000,0.300000000,1.800000000,3.000000000,nan,nan,nan,nan,nan,nan,nan,nan,nan,1.500000000,2.000000000,107,259,0
2026-06-02T23:33:41,1780327286.466534138,r1,track_association,wall_like,accepted,selected_best_match,detection,0,111,confirmed,24,0,0.817742913,0.487071090,1.587512174,0.137084059,0.000000000,nan,nan,nan,nan,nan,nan,nan,nan,nan,8.000000000,0.300000000,1.800000000,3.000000000,nan,nan,nan,nan,nan,nan,nan,nan,nan,1.500000000,2.000000000,264,107,0
2026-06-02T23:33:41,1780327286.466534138,r1,track_association,wall_like,rejected,normal_angle,detection,0,124,candidate,1,0,nan,5.243889869,10.796763167,0.164828020,1.919918198,nan,nan,nan,nan,nan,nan,nan,nan,nan,8.000000000,0.300000000,1.800000000,3.000000000,nan,nan,nan,nan,nan,nan,nan,nan,nan,1.500000000,2.000000000,264,167,0
2026-06-02T23:33:41,1780327286.466534138,r1,track_association,pillar_like,accepted,selected_best_match,detection,1,97,confirmed,27,3,0.628126167,0.425478080,nan,nan,nan,nan,nan,nan,nan,nan,0.210508095,0.932856022,0.504636645,0.053701401,nan,nan,nan,nan,nan,nan,nan,nan,nan,0.500000000,0.300000000,0.800000000,0.600000000,1.500000000,2.000000000,78,55,0
2026-06-02T23:33:41,1780327286.667534113,r1,track_association,wall_like,accepted,selected_best_match,detection,0,111,confirmed,25,0,1.285656268,2.923563573,1.041780713,0.054273746,0.000000000,nan,nan,nan,nan,nan,nan,nan,nan,nan,8.000000000,0.300000000,1.800000000,3.000000000,nan,nan,nan,nan,nan,nan,nan,nan,nan,1.500000000,2.000000000,504,264,0
2026-06-02T23:33:41,1780327286.667534113,r1,track_association,wall_like,rejected,normal_angle,detection,0,124,candidate,1,1,nan,2.606807928,10.225036928,0.062895433,0.000000000,nan,nan,nan,nan,nan,nan,nan,nan,nan,8.000000000,0.300000000,1.800000000,3.000000000,nan,nan,nan,nan,nan,nan,nan,nan,nan,1.500000000,2.000000000,504,167,0
2026-06-02T23:33:41,1780327286.667534113,r1,track_association,wall_like,accepted,selected_best_match,detection,2,100,confirmed,38,2,2.705420512,3.749079869,2.261864008,0.134232826,1.305992645,nan,nan,nan,nan,nan,nan,nan,nan,nan,8.000000000,0.300000000,1.800000000,3.000000000,nan,nan,nan,nan,nan,nan,nan,nan,nan,1.500000000,2.000000000,265,255,0
2026-06-02T23:33:41,1780327286.667534113,r1,track_association,wall_like,rejected,normal_angle,detection,2,124,candidate,1,1,nan,4.704974286,11.468613595,0.146548497,2.083156834,nan,nan,nan,nan,nan,nan,nan,nan,nan,8.000000000,0.300000000,1.800000000,3.000000000,nan,nan,nan,nan,nan,nan,nan,nan,nan,1.500000000,2.000000000,265,167,0
2026-06-02T23:33:41,1780327286.865534067,r1,track_association,wall_like,accepted,selected_best_match,detection,0,124,candidate,1,2,0.465086119,0.261564812,2.354351118,0.025081188,0.000000000,nan,nan,nan,nan,nan,nan,nan,nan,nan,8.000000000,0.300000000,1.800000000,3.000000000,nan,nan,nan,nan,nan,nan,nan,nan,nan,1.500000000,2.000000000,180,167,0
2026-06-02T23:33:41,1780327286.865534067,r1,track_association,wall_like,rejected,normal_angle,detection,0,111,confirmed,26,0,nan,4.565577323,8.596012389,0.030532035,1.135138909,nan,nan,nan,nan,nan,nan,nan,nan,nan,8.000000000,0.300000000,1.800000000,3.000000000,nan,nan,nan,nan,nan,nan,nan,nan,nan,1.500000000,2.000000000,180,504,0
2026-06-02T23:33:41,1780327286.865534067,r1,track_association,wall_like,accepted,selected_best_match,detection,1,111,confirmed,26,0,0.666222881,0.554433522,1.139494908,0.101692453,0.000000000,nan,nan,nan,nan,nan,nan,nan,nan,nan,8.000000000,0.300000000,1.800000000,3.000000000,nan,nan,nan,nan,nan,nan,nan,nan,nan,1.500000000,2.000000000,67,504,0
2026-06-02T23:33:41,1780327286.865534067,r1,track_association,wall_like,accepted,selected_best_match,detection,2,118,weak_tracked,2,6,0.530629147,0.357013597,0.350335782,0.110349793,0.000000000,nan,nan,nan,nan,nan,nan,nan,nan,nan,8.000000000,0.300000000,1.800000000,3.000000000,nan,nan,nan,nan,nan,nan,nan,nan,nan,1.500000000,2.000000000,143,215,0
2026-06-02T23:33:41,1780327287.066533804,r1,track_association,wall_like,accepted,selected_best_match,detection,0,111,confirmed,27,0,0.903522487,0.224312049,2.353086095,0.160384813,0.000000000,nan,nan,nan,nan,nan,nan,nan,nan,nan,8.000000000,0.300000000,1.800000000,3.000000000,nan,nan,nan,nan,nan,nan,nan,nan,nan,1.500000000,2.000000000,122,67,0
2026-06-02T23:33:41,1780327287.066533804,r1,track_association,wall_like,rejected,normal_angle,detection,0,124,weak_tracked,2,0,nan,4.767507210,11.270806750,0.212810571,2.165234869,nan,nan,nan,nan,nan,nan,nan,nan,nan,8.000000000,0.300000000,1.800000000,3.000000000,nan,nan,nan,nan,nan,nan,nan,nan,nan,1.500000000,2.000000000,122,180,0
2026-06-02T23:33:41,1780327287.066533804,r1,track_association,wall_like,accepted,selected_best_match,detection,1,100,confirmed,39,1,1.119298244,0.934330363,3.278327832,0.119419143,0.000000000,nan,nan,nan,nan,nan,nan,nan,nan,nan,8.000000000,0.300000000,1.800000000,3.000000000,nan,nan,nan,nan,nan,nan,nan,nan,nan,1.500000000,2.000000000,458,265,0
2026-06-02T23:33:41,1780327287.066533804,r1,track_association,wall_like,rejected,normal_angle,detection,1,124,weak_tracked,2,0,nan,1.040663018,10.226930670,0.035199585,0.000000000,nan,nan,nan,nan,nan,nan,nan,nan,nan,8.000000000,0.300000000,1.800000000,3.000000000,nan,nan,nan,nan,nan,nan,nan,nan,nan,1.500000000,2.000000000,458,180,0
2026-06-02T23:33:42,1780327287.264533997,r1,track_association,wall_like,accepted,selected_best_match,detection,0,111,confirmed,28,0,1.309245278,2.389920883,1.359619177,0.102795776,0.000000000,nan,nan,nan,nan,nan,nan,nan,nan,nan,8.000000000,0.300000000,1.800000000,3.000000000,nan,nan,nan,nan,nan,nan,nan,nan,nan,1.500000000,2.000000000,454,122,0
2026-06-02T23:33:42,1780327287.264533997,r1,track_association,wall_like,rejected,normal_angle,detection,0,124,weak_tracked,2,1,nan,2.411099864,10.404101272,0.105824646,0.000000000,nan,nan,nan,nan,nan,nan,nan,nan,nan,8.000000000,0.300000000,1.800000000,3.000000000,nan,nan,nan,nan,nan,nan,nan,nan,nan,1.500000000,2.000000000,454,180,0
2026-06-02T23:33:42,1780327287.264533997,r1,track_association,wall_like,accepted,selected_best_match,detection,2,100,confirmed,40,0,2.021431995,2.968071771,2.118387530,0.143461563,0.520327954,nan,nan,nan,nan,nan,nan,nan,nan,nan,8.000000000,0.300000000,1.800000000,3.000000000,nan,nan,nan,nan,nan,nan,nan,nan,nan,1.500000000,2.000000000,209,458,0
2026-06-02T23:33:42,1780327287.264533997,r1,track_association,wall_like,rejected,normal_angle,detection,2,124,weak_tracked,2,1,nan,4.684156830,11.083225416,0.254828305,2.180682503,nan,nan,nan,nan,nan,nan,nan,nan,nan,8.000000000,0.300000000,1.800000000,3.000000000,nan,nan,nan,nan,nan,nan,nan,nan,nan,1.500000000,2.000000000,209,180,0
2026-06-02T23:33:42,1780327287.444534063,r1,track_association,wall_like,accepted,selected_best_match,detection,0,100,confirmed,41,0,1.469780900,2.253656624,1.937200307,0.058582740,0.506045136,nan,nan,nan,nan,nan,nan,nan,nan,nan,8.000000000,0.300000000,1.800000000,3.000000000,nan,nan,nan,nan,nan,nan,nan,nan,nan,1.500000000,2.000000000,279,209,0
2026-06-02T23:33:42,1780327287.444534063,r1,track_association,wall_like,rejected,normal_angle,detection,0,124,weak_tracked,2,2,nan,4.712509193,11.326361177,0.221005953,2.250340521,nan,nan,nan,nan,nan,nan,nan,nan,nan,8.000000000,0.300000000,1.800000000,3.000000000,nan,nan,nan,nan,nan,nan,nan,nan,nan,1.500000000,2.000000000,279,180,0
2026-06-02T23:33:42,1780327287.444534063,r1,track_association,pillar_like,accepted,selected_best_match,detection,2,97,stale,28,4,0.730687450,0.750682731,nan,nan,nan,nan,nan,nan,nan,nan,0.088687214,0.698979733,0.336877584,0.171072245,nan,nan,nan,nan,nan,nan,nan,nan,nan,0.800000000,0.300000000,0.800000000,0.600000000,1.500000000,2.000000000,29,78,0
2026-06-02T23:33:42,1780327287.666534185,r1,track_association,wall_like,accepted,selected_best_match,detection,0,100,confirmed,42,0,1.767554829,3.180777598,0.952272164,0.015572805,0.965434070,nan,nan,nan,nan,nan,nan,nan,nan,nan,8.000000000,0.300000000,1.800000000,3.000000000,nan,nan,nan,nan,nan,nan,nan,nan,nan,1.500000000,2.000000000,223,279,0
2026-06-02T23:33:42,1780327287.666534185,r1,track_association,wall_like,rejected,normal_angle,detection,0,124,weak_tracked,2,3,nan,0.202736642,9.245107670,0.027849913,0.000000000,nan,nan,nan,nan,nan,nan,nan,nan,nan,8.000000000,0.300000000,1.800000000,3.000000000,nan,nan,nan,nan,nan,nan,nan,nan,nan,1.500000000,2.000000000,223,180,0
2026-06-02T23:33:42,1780327287.666534185,r1,track_association,wall_like,accepted,selected_best_match,detection,1,111,confirmed,29,1,0.195051971,0.513153935,0.146334523,0.001712653,0.000000000,nan,nan,nan,nan,nan,nan,nan,nan,nan,8.000000000,0.300000000,1.800000000,3.000000000,nan,nan,nan,nan,nan,nan,nan,nan,nan,1.500000000,2.000000000,122,454,0
2026-06-02T23:33:42,1780327287.666534185,r1,track_association,wall_like,rejected,normal_angle,detection,1,124,weak_tracked,2,3,nan,4.625211455,10.291828669,0.139292937,1.999578152,nan,nan,nan,nan,nan,nan,nan,nan,nan,8.000000000,0.300000000,1.800000000,3.000000000,nan,nan,nan,nan,nan,nan,nan,nan,nan,1.500000000,2.000000000,122,180,0
2026-06-02T23:33:42,1780327287.666534185,r1,track_association,wall_like,rejected,normal_angle,detection,2,124,weak_tracked,2,3,nan,3.560254762,9.922319767,0.029001453,1.582796626,nan,nan,nan,nan,nan,nan,nan,nan,nan,8.000000000,0.300000000,1.800000000,3.000000000,nan,nan,nan,nan,nan,nan,nan,nan,nan,1.500000000,2.000000000,87,180,0
2026-06-02T23:33:42,1780327287.666534185,r1,track_association,pillar_like,accepted,selected_best_match,detection,3,107,stale,17,12,0.479970291,0.139260188,nan,nan,nan,nan,nan,nan,nan,nan,0.124081531,1.000000000,0.278409481,0.178216457,nan,nan,nan,nan,nan,nan,nan,nan,nan,0.800000000,0.300000000,0.800000000,0.600000000,1.500000000,2.000000000,47,62,0
2026-06-02T23:33:42,1780327287.864534140,r1,track_association,wall_like,accepted,selected_best_match,detection,0,100,confirmed,43,0,1.121865735,2.359531851,2.182187318,0.018774511,0.000000000,nan,nan,nan,nan,nan,nan,nan,nan,nan,8.000000000,0.300000000,1.800000000,3.000000000,nan,nan,nan,nan,nan,nan,nan,nan,nan,1.500000000,2.000000000,206,223,0
2026-06-02T23:33:42,1780327287.864534140,r1,track_association,wall_like,accepted,selected_best_match,detection,1,111,confirmed,30,0,0.422283525,0.865778508,0.895643913,0.006520560,0.000000000,nan,nan,nan,nan,nan,nan,nan,nan,nan,8.000000000,0.300000000,1.800000000,3.000000000,nan,nan,nan,nan,nan,nan,nan,nan,nan,1.500000000,2.000000000,108,122,0
2026-06-02T23:33:42,1780327287.864534140,r1,track_association,wall_like,rejected,normal_angle,detection,1,124,weak_tracked,2,4,nan,5.108341551,11.298547749,0.036229062,1.765317559,nan,nan,nan,nan,nan,nan,nan,nan,nan,8.000000000,0.300000000,1.800000000,3.000000000,nan,nan,nan,nan,nan,nan,nan,nan,nan,1.500000000,2.000000000,108,180,0
2026-06-02T23:33:42,1780327287.864534140,r1,track_association,wall_like,accepted,selected_best_match,detection,2,124,weak_tracked,2,4,3.272644495,3.613268906,7.718157021,0.059334259,1.630207864,nan,nan,nan,nan,nan,nan,nan,nan,nan,8.000000000,0.300000000,1.800000000,3.000000000,nan,nan,nan,nan,nan,nan,nan,nan,nan,1.500000000,2.000000000,71,180,0
2026-06-02T23:33:42,1780327288.068534136,r1,track_association,wall_like,accepted,selected_best_match,detection,0,111,confirmed,31,0,1.006835238,2.623102699,0.723249439,0.012618447,0.000000000,nan,nan,nan,nan,nan,nan,nan,nan,nan,8.000000000,0.300000000,1.800000000,3.000000000,nan,nan,nan,nan,nan,nan,nan,nan,nan,1.500000000,2.000000000,451,108,0
2026-06-02T23:33:42,1780327288.068534136,r1,track_association,wall_like,rejected,normal_angle,detection,0,124,weak_tracked,3,0,nan,2.785335514,8.367823446,0.029300474,0.809788398,nan,nan,nan,nan,nan,nan,nan,nan,nan,8.000000000,0.300000000,1.800000000,3.000000000,nan,nan,nan,nan,nan,nan,nan,nan,nan,1.500000000,2.000000000,451,71,0
2026-06-02T23:33:42,1780327288.068534136,r1,track_association,wall_like,accepted,selected_best_match,detection,2,100,confirmed,44,0,0.883980106,2.034019794,0.296940423,0.019318329,0.188030744,nan,nan,nan,nan,nan,nan,nan,nan,nan,8.000000000,0.300000000,1.800000000,3.000000000,nan,nan,nan,nan,nan,nan,nan,nan,nan,1.500000000,2.000000000,108,206,0
2026-06-02T23:33:42,1780327288.068534136,r1,track_association,wall_like,rejected,normal_angle,detection,2,124,weak_tracked,3,0,nan,2.694872844,8.235059672,0.007824661,1.945450486,nan,nan,nan,nan,nan,nan,nan,nan,nan,8.000000000,0.300000000,1.800000000,3.000000000,nan,nan,nan,nan,nan,nan,nan,nan,nan,1.500000000,2.000000000,108,71,0
2026-06-02T23:33:42,1780327288.068534136,r1,track_association,wall_like,accepted,selected_best_match,detection,3,118,weak_tracked,3,5,0.652472221,0.176146922,2.260502471,0.093358131,0.000000000,nan,nan,nan,nan,nan,nan,nan,nan,nan,8.000000000,0.300000000,1.800000000,3.000000000,nan,nan,nan,nan,nan,nan,nan,nan,nan,1.500000000,2.000000000,167,143,0
2026-06-02T23:33:42,1780327288.068534136,r1,track_association,pillar_like,rejected,xy_distance,detection,4,114,candidate,1,28,nan,0.671822571,nan,nan,nan,nan,nan,nan,nan,nan,0.650474328,0.916439852,0.040467143,0.482395887,nan,nan,nan,nan,nan,nan,nan,nan,nan,0.500000000,0.300000000,0.800000000,0.600000000,1.500000000,2.000000000,61,152,0
2026-06-02T23:33:42,1780327288.068534136,r1,track_association,pillar_like,accepted,selected_best_match,detection,5,107,confirmed,18,1,0.197390413,0.159060179,nan,nan,nan,nan,nan,nan,nan,nan,0.073125714,0.968916095,0.160043478,0.002430439,nan,nan,nan,nan,nan,nan,nan,nan,nan,0.500000000,0.300000000,0.800000000,0.600000000,1.500000000,2.000000000,60,47,0
2026-06-02T23:33:43,1780327288.266533852,r1,track_association,wall_like,accepted,selected_best_match,detection,0,111,confirmed,32,0,0.818535985,1.820130307,0.687369481,0.037771409,0.000000000,nan,nan,nan,nan,nan,nan,nan,nan,nan,8.000000000,0.300000000,1.800000000,3.000000000,nan,nan,nan,nan,nan,nan,nan,nan,nan,1.500000000,2.000000000,471,451,0
2026-06-02T23:33:43,1780327288.266533852,r1,track_association,wall_like,rejected,normal_angle,detection,0,124,weak_tracked,3,1,nan,2.934272678,8.543426331,0.055854687,0.723281445,nan,nan,nan,nan,nan,nan,nan,nan,nan,8.000000000,0.300000000,1.800000000,3.000000000,nan,nan,nan,nan,nan,nan,nan,nan,nan,1.500000000,2.000000000,471,71,0
2026-06-02T23:33:43,1780327288.266533852,r1,track_association,wall_like,rejected,projected_gap,detection,0,100,confirmed,45,0,nan,4.131487778,0.738729038,0.042902293,1.978709464,nan,nan,nan,nan,nan,nan,nan,nan,nan,8.000000000,0.300000000,1.800000000,3.000000000,nan,nan,nan,nan,nan,nan,nan,nan,nan,1.500000000,2.000000000,471,108,0
2026-06-02T23:33:43,1780327288.266533852,r1,track_association,wall_like,accepted,selected_best_match,detection,2,100,confirmed,45,0,1.827329775,2.379883751,1.864670274,0.043520958,1.180586784,nan,nan,nan,nan,nan,nan,nan,nan,nan,8.000000000,0.300000000,1.800000000,3.000000000,nan,nan,nan,nan,nan,nan,nan,nan,nan,1.500000000,2.000000000,242,108,0
2026-06-02T23:33:43,1780327288.266533852,r1,track_association,wall_like,rejected,normal_angle,detection,2,124,weak_tracked,3,1,nan,3.601275168,9.855017822,0.154925036,2.376548110,nan,nan,nan,nan,nan,nan,nan,nan,nan,8.000000000,0.300000000,1.800000000,3.000000000,nan,nan,nan,nan,nan,nan,nan,nan,nan,1.500000000,2.000000000,242,71,0
2026-06-02T23:33:43,1780327288.665529013,r1,track_association,wall_like,accepted,selected_best_match,detection,0,111,confirmed,33,1,1.317973856,3.239260224,0.709855967,0.015342835,0.177022203,nan,nan,nan,nan,nan,nan,nan,nan,nan,8.000000000,0.300000000,1.800000000,3.000000000,nan,nan,nan,nan,nan,nan,nan,nan,nan,1.500000000,2.000000000,278,471,0
2026-06-02T23:33:43,1780327288.665529013,r1,track_association,wall_like,rejected,normal_angle,detection,0,124,weak_tracked,3,3,nan,1.061725733,8.151881857,0.027482121,0.000000000,nan,nan,nan,nan,nan,nan,nan,nan,nan,8.000000000,0.300000000,1.800000000,3.000000000,nan,nan,nan,nan,nan,nan,nan,nan,nan,1.500000000,2.000000000,278,71,0
2026-06-02T23:33:43,1780327288.665529013,r1,track_association,wall_like,accepted,selected_best_match,detection,1,100,confirmed,46,1,0.695978032,1.489132563,1.093493373,0.014544610,0.025977249,nan,nan,nan,nan,nan,nan,nan,nan,nan,8.000000000,0.300000000,1.800000000,3.000000000,nan,nan,nan,nan,nan,nan,nan,nan,nan,1.500000000,2.000000000,234,242,0
2026-06-02T23:33:43,1780327288.665529013,r1,track_association,wall_like,rejected,normal_angle,detection,1,124,weak_tracked,3,3,nan,3.305624741,9.485871548,0.102209697,2.317911903,nan,nan,nan,nan,nan,nan,nan,nan,nan,8.000000000,0.300000000,1.800000000,3.000000000,nan,nan,nan,nan,nan,nan,nan,nan,nan,1.500000000,2.000000000,234,71,0
2026-06-02T23:33:43,1780327288.866528988,r1,track_association,wall_like,accepted,selected_best_match,detection,0,124,weak_tracked,3,4,0.986934860,1.263286099,3.400774187,0.042222816,0.000000000,nan,nan,nan,nan,nan,nan,nan,nan,nan,8.000000000,0.300000000,1.800000000,3.000000000,nan,nan,nan,nan,nan,nan,nan,nan,nan,1.500000000,2.000000000,215,71,0
2026-06-02T23:33:43,1780327288.866528988,r1,track_association,wall_like,accepted,selected_best_match,detection,1,100,confirmed,47,0,1.224916150,0.732294091,6.179231105,0.062524269,0.000000000,nan,nan,nan,nan,nan,nan,nan,nan,nan,8.000000000,0.300000000,1.800000000,3.000000000,nan,nan,nan,nan,nan,nan,nan,nan,nan,1.500000000,2.000000000,56,234,0
2026-06-02T23:33:43,1780327288.866528988,r1,track_association,wall_like,rejected,normal_angle,detection,1,118,weak_tracked,4,3,nan,1.865579144,8.345104618,0.424109584,0.782238563,nan,nan,nan,nan,nan,nan,nan,nan,nan,8.000000000,0.300000000,1.800000000,3.000000000,nan,nan,nan,nan,nan,nan,nan,nan,nan,1.500000000,2.000000000,56,167,0
2026-06-02T23:33:43,1780327288.866528988,r1,track_association,pillar_like,accepted,selected_best_match,detection,2,97,stale,29,6,0.344224333,0.157645925,nan,nan,nan,nan,nan,nan,nan,nan,0.129523399,0.980555736,0.105191946,0.091413975,nan,nan,nan,nan,nan,nan,nan,nan,nan,0.800000000,0.300000000,0.800000000,0.600000000,1.500000000,2.000000000,59,29,0
2026-06-02T23:33:43,1780327289.067529202,r1,track_association,wall_like,accepted,selected_best_match,detection,0,111,confirmed,34,1,1.057503188,2.268097913,2.091092955,0.012025179,0.000000000,nan,nan,nan,nan,nan,nan,nan,nan,nan,8.000000000,0.300000000,1.800000000,3.000000000,nan,nan,nan,nan,nan,nan,nan,nan,nan,1.500000000,2.000000000,294,278,0
2026-06-02T23:33:43,1780327289.067529202,r1,track_association,wall_like,accepted,selected_best_match,detection,1,100,confirmed,48,0,0.422504995,0.620074063,0.970584523,0.028347173,0.000000000,nan,nan,nan,nan,nan,nan,nan,nan,nan,8.000000000,0.300000000,1.800000000,3.000000000,nan,nan,nan,nan,nan,nan,nan,nan,nan,1.500000000,2.000000000,148,215,0
2026-06-02T23:33:44,1780327289.268529177,r1,track_association,wall_like,accepted,selected_best_match,detection,0,111,confirmed,35,0,0.887135511,1.656627461,2.369245894,0.011631186,0.000000000,nan,nan,nan,nan,nan,nan,nan,nan,nan,8.000000000,0.300000000,1.800000000,3.000000000,nan,nan,nan,nan,nan,nan,nan,nan,nan,1.500000000,2.000000000,130,294,0
2026-06-02T23:33:44,1780327289.268529177,r1,track_association,wall_like,rejected,projected_gap,detection,0,100,confirmed,49,0,nan,3.655823015,1.534700513,0.043183262,1.987786932,nan,nan,nan,nan,nan,nan,nan,nan,nan,8.000000000,0.300000000,1.800000000,3.000000000,nan,nan,nan,nan,nan,nan,nan,nan,nan,1.500000000,2.000000000,130,148,0
2026-06-02T23:33:44,1780327289.487529039,r1,track_association,wall_like,accepted,selected_best_match,detection,0,111,confirmed,36,0,0.721821821,0.090997392,4.015676891,0.056858924,0.000000000,nan,nan,nan,nan,nan,nan,nan,nan,nan,8.000000000,0.300000000,1.800000000,3.000000000,nan,nan,nan,nan,nan,nan,nan,nan,nan,1.500000000,2.000000000,234,130,0
2026-06-02T23:33:44,1780327289.487529039,r1,track_association,wall_like,accepted,selected_best_match,detection,2,100,confirmed,49,1,1.010485264,0.485965492,4.941816592,0.069230908,0.000000000,nan,nan,nan,nan,nan,nan,nan,nan,nan,8.000000000,0.300000000,1.800000000,3.000000000,nan,nan,nan,nan,nan,nan,nan,nan,nan,1.500000000,2.000000000,50,148,0
2026-06-02T23:33:44,1780327289.487529039,r1,track_association,wall_like,rejected,normal_angle,detection,2,118,weak_tracked,4,6,nan,1.768040822,8.318746212,0.404365352,0.698639286,nan,nan,nan,nan,nan,nan,nan,nan,nan,8.000000000,0.300000000,1.800000000,3.000000000,nan,nan,nan,nan,nan,nan,nan,nan,nan,1.500000000,2.000000000,50,167,0
2026-06-02T23:33:44,1780327289.487529039,r1,track_association,pillar_like,accepted,selected_best_match,detection,3,107,stale,19,6,0.217188674,0.244808448,nan,nan,nan,nan,nan,nan,nan,nan,0.084480290,0.975404516,0.373119593,0.029808521,nan,nan,nan,nan,nan,nan,nan,nan,nan,0.800000000,0.300000000,0.800000000,0.600000000,1.500000000,2.000000000,60,60,0
2026-06-02T23:33:44,1780327289.664528847,r1,track_association,wall_like,accepted,selected_best_match,detection,0,111,confirmed,37,0,0.714909828,1.408764515,1.260070801,0.026343842,0.000000000,nan,nan,nan,nan,nan,nan,nan,nan,nan,8.000000000,0.300000000,1.800000000,3.000000000,nan,nan,nan,nan,nan,nan,nan,nan,nan,1.500000000,2.000000000,291,234,0
2026-06-02T23:33:44,1780327289.664528847,r1,track_association,wall_like,rejected,projected_gap,detection,0,100,confirmed,50,0,nan,3.540759286,1.854752619,0.005095486,1.925967327,nan,nan,nan,nan,nan,nan,nan,nan,nan,8.000000000,0.300000000,1.800000000,3.000000000,nan,nan,nan,nan,nan,nan,nan,nan,nan,1.500000000,2.000000000,291,50,0
2026-06-02T23:33:44,1780327289.664528847,r1,track_association,wall_like,accepted,selected_best_match,detection,2,100,confirmed,50,0,0.480181514,0.367001895,2.414866970,0.016796753,0.000000000,nan,nan,nan,nan,nan,nan,nan,nan,nan,8.000000000,0.300000000,1.800000000,3.000000000,nan,nan,nan,nan,nan,nan,nan,nan,nan,1.500000000,2.000000000,127,50,0
2026-06-02T23:33:44,1780327289.664528847,r1,track_association,pillar_like,accepted,selected_best_match,detection,3,107,confirmed,20,0,0.331200798,0.296009617,nan,nan,nan,nan,nan,nan,nan,nan,0.089680079,0.892574962,0.186739445,0.015444994,nan,nan,nan,nan,nan,nan,nan,nan,nan,0.500000000,0.300000000,0.800000000,0.600000000,1.500000000,2.000000000,74,60,0
2026-06-02T23:33:44,1780327289.664528847,r1,plane_young_span_merge,wall_like,accepted,young_span_merged_duplicate_track,track,129,111,confirmed,38,0,1.537225356,nan,0.843295737,0.072615390,0.311410964,nan,nan,nan,nan,nan,nan,nan,nan,nan,4.000000000,0.120000000,0.500000000,nan,nan,nan,nan,nan,nan,nan,nan,nan,nan,1.000000000,1.000000000,204,291,1
2026-06-02T23:33:44,1780327289.889528990,r1,track_association,wall_like,accepted,selected_best_match,detection,0,111,confirmed,39,0,2.284476681,5.021677594,0.975036473,0.023386277,0.739350600,nan,nan,nan,nan,nan,nan,nan,nan,nan,8.000000000,0.300000000,1.800000000,3.000000000,nan,nan,nan,nan,nan,nan,nan,nan,nan,1.500000000,2.000000000,363,495,0
2026-06-02T23:33:44,1780327289.889528990,r1,track_association,wall_like,rejected,projected_gap,detection,0,100,confirmed,51,0,nan,3.721494053,1.906192098,0.035409823,2.223354607,nan,nan,nan,nan,nan,nan,nan,nan,nan,8.000000000,0.300000000,1.800000000,3.000000000,nan,nan,nan,nan,nan,nan,nan,nan,nan,1.500000000,2.000000000,363,127,0
2026-06-02T23:33:44,1780327289.889528990,r1,track_association,wall_like,accepted,selected_best_match,detection,2,100,confirmed,51,0,0.459779347,0.176359306,2.438374307,0.028858837,0.000000000,nan,nan,nan,nan,nan,nan,nan,nan,nan,8.000000000,0.300000000,1.800000000,3.000000000,nan,nan,nan,nan,nan,nan,nan,nan,nan,1.500000000,2.000000000,168,127,0
2026-06-02T23:33:44,1780327289.889528990,r1,plane_young_span_merge,wall_like,accepted,young_span_merged_duplicate_track,track,130,111,confirmed,40,0,0.440342239,nan,0.574604561,0.018489318,0.061342410,nan,nan,nan,nan,nan,nan,nan,nan,nan,4.000000000,0.120000000,0.500000000,nan,nan,nan,nan,nan,nan,nan,nan,nan,nan,1.000000000,1.000000000,180,363,1
2026-06-02T23:33:45,1780327290.246529102,r1,track_association,wall_like,accepted,selected_best_match,detection,0,110,stale,7,50,1.082891137,2.561628105,1.318353022,0.019266292,0.000000000,nan,nan,nan,nan,nan,nan,nan,nan,nan,8.000000000,0.300000000,1.800000000,3.000000000,nan,nan,nan,nan,nan,nan,nan,nan,nan,1.500000000,2.000000000,321,500,0
2026-06-02T23:33:45,1780327290.468523979,r1,track_association,wall_like,accepted,selected_best_match,detection,0,111,confirmed,41,2,1.255233263,3.479045401,0.551556203,0.007982081,0.000000000,nan,nan,nan,nan,nan,nan,nan,nan,nan,8.000000000,0.300000000,1.800000000,3.000000000,nan,nan,nan,nan,nan,nan,nan,nan,nan,1.500000000,2.000000000,504,543,0
2026-06-02T23:33:45,1780327290.468523979,r1,track_association,wall_like,rejected,projected_gap,detection,0,100,confirmed,52,2,nan,5.230163510,1.438779265,0.021859929,2.091327104,nan,nan,nan,nan,nan,nan,nan,nan,nan,8.000000000,0.300000000,1.800000000,3.000000000,nan,nan,nan,nan,nan,nan,nan,nan,nan,1.500000000,2.000000000,504,168,0
2026-06-02T23:33:45,1780327290.468523979,r1,track_association,wall_like,accepted,selected_best_match,detection,1,100,confirmed,52,2,0.378349991,0.207813992,1.843153412,0.023605345,0.000000000,nan,nan,nan,nan,nan,nan,nan,nan,nan,8.000000000,0.300000000,1.800000000,3.000000000,nan,nan,nan,nan,nan,nan,nan,nan,nan,1.500000000,2.000000000,156,168,0
2026-06-02T23:33:45,1780327290.468523979,r1,track_association,wall_like,accepted,selected_best_match,detection,2,101,stale,17,36,0.520769344,0.393004931,2.246623810,0.032681917,0.000000000,nan,nan,nan,nan,nan,nan,nan,nan,nan,8.000000000,0.300000000,1.800000000,3.000000000,nan,nan,nan,nan,nan,nan,nan,nan,nan,1.500000000,2.000000000,266,402,0
2026-06-02T23:33:45,1780327290.666524172,r1,track_association,wall_like,accepted,selected_best_match,detection,0,111,confirmed,42,0,1.017721473,2.912836940,0.110476078,0.009889895,0.000000000,nan,nan,nan,nan,nan,nan,nan,nan,nan,8.000000000,0.300000000,1.800000000,3.000000000,nan,nan,nan,nan,nan,nan,nan,nan,nan,1.500000000,2.000000000,405,504,0
2026-06-02T23:33:45,1780327290.666524172,r1,track_association,wall_like,rejected,projected_gap,detection,0,100,confirmed,53,0,nan,4.952736509,1.457478000,0.022623374,2.223842957,nan,nan,nan,nan,nan,nan,nan,nan,nan,8.000000000,0.300000000,1.800000000,3.000000000,nan,nan,nan,nan,nan,nan,nan,nan,nan,1.500000000,2.000000000,405,156,0
2026-06-02T23:33:45,1780327290.666524172,r1,track_association,wall_like,accepted,selected_best_match,detection,1,100,confirmed,53,0,0.304983718,0.135394620,1.570973891,0.019044133,0.000000000,nan,nan,nan,nan,nan,nan,nan,nan,nan,8.000000000,0.300000000,1.800000000,3.000000000,nan,nan,nan,nan,nan,nan,nan,nan,nan,1.500000000,2.000000000,136,156,0
2026-06-02T23:33:45,1780327290.666524172,r1,track_association,wall_like,accepted,selected_best_match,detection,2,101,confirmed,18,0,0.437252102,0.376470290,1.767408822,0.027250771,0.000000000,nan,nan,nan,nan,nan,nan,nan,nan,nan,8.000000000,0.300000000,1.800000000,3.000000000,nan,nan,nan,nan,nan,nan,nan,nan,nan,1.500000000,2.000000000,273,266,0
2026-06-02T23:33:45,1780327290.666524172,r1,track_association,pillar_like,accepted,selected_best_match,detection,3,97,stale,30,8,0.279292817,0.200693098,nan,nan,nan,nan,nan,nan,nan,nan,0.131224551,0.928377675,0.016411781,0.025199175,nan,nan,nan,nan,nan,nan,nan,nan,nan,0.800000000,0.300000000,0.800000000,0.600000000,1.500000000,2.000000000,92,59,0
2026-06-02T23:33:45,1780327290.666524172,r1,track_association,pillar_like,accepted,selected_best_match,detection,4,107,stale,21,4,0.291803819,0.321578068,nan,nan,nan,nan,nan,nan,nan,nan,0.015981166,0.857531698,0.123857379,0.070183992,nan,nan,nan,nan,nan,nan,nan,nan,nan,0.800000000,0.300000000,0.800000000,0.600000000,1.500000000,2.000000000,79,74,0
2026-06-02T23:33:45,1780327290.888524055,r1,track_association,wall_like,accepted,selected_best_match,detection,0,111,confirmed,43,0,0.909617987,1.961877600,0.648732208,0.052370178,0.000000000,nan,nan,nan,nan,nan,nan,nan,nan,nan,8.000000000,0.300000000,1.800000000,3.000000000,nan,nan,nan,nan,nan,nan,nan,nan,nan,1.500000000,2.000000000,538,405,0
2026-06-02T23:33:45,1780327290.888524055,r1,track_association,wall_like,accepted,selected_best_match,detection,2,100,confirmed,54,0,0.298481475,0.130077473,1.194079967,0.031758697,0.000000000,nan,nan,nan,nan,nan,nan,nan,nan,nan,8.000000000,0.300000000,1.800000000,3.000000000,nan,nan,nan,nan,nan,nan,nan,nan,nan,1.500000000,2.000000000,179,136,0
2026-06-02T23:33:45,1780327290.888524055,r1,track_association,wall_like,accepted,selected_best_match,detection,3,101,confirmed,19,0,0.583512982,0.371739802,2.073403487,0.060127284,0.000000000,nan,nan,nan,nan,nan,nan,nan,nan,nan,8.000000000,0.300000000,1.800000000,3.000000000,nan,nan,nan,nan,nan,nan,nan,nan,nan,1.500000000,2.000000000,268,273,0
2026-06-02T23:33:45,1780327290.888524055,r1,track_association,pillar_like,accepted,selected_best_match,detection,4,107,confirmed,22,0,0.250000529,0.157141189,nan,nan,nan,nan,nan,nan,nan,nan,0.076496198,0.964134052,0.143998265,0.028045416,nan,nan,nan,nan,nan,nan,nan,nan,nan,0.500000000,0.300000000,0.800000000,0.600000000,1.500000000,2.000000000,73,79,0
2026-06-02T23:33:46,1780327291.104524136,r1,track_association,wall_like,accepted,selected_best_match,detection,0,111,confirmed,44,0,0.527014003,1.467509674,0.264815395,0.001422656,0.000000000,nan,nan,nan,nan,nan,nan,nan,nan,nan,8.000000000,0.300000000,1.800000000,3.000000000,nan,nan,nan,nan,nan,nan,nan,nan,nan,1.500000000,2.000000000,486,538,0
2026-06-02T23:33:46,1780327291.104524136,r1,track_association,wall_like,rejected,projected_gap,detection,0,100,confirmed,55,0,nan,5.220280861,0.720528145,0.016928223,2.037384906,nan,nan,nan,nan,nan,nan,nan,nan,nan,8.000000000,0.300000000,1.800000000,3.000000000,nan,nan,nan,nan,nan,nan,nan,nan,nan,1.500000000,2.000000000,486,179,0
2026-06-02T23:33:46,1780327291.104524136,r1,track_association,wall_like,accepted,selected_best_match,detection,1,100,confirmed,55,0,0.226532797,0.137313636,1.115131294,0.012411052,0.000000000,nan,nan,nan,nan,nan,nan,nan,nan,nan,8.000000000,0.300000000,1.800000000,3.000000000,nan,nan,nan,nan,nan,nan,nan,nan,nan,1.500000000,2.000000000,158,179,0
2026-06-02T23:33:46,1780327291.104524136,r1,track_association,wall_like,accepted,selected_best_match,detection,2,101,confirmed,20,0,0.179844754,0.141671603,0.583273129,0.017913524,0.000000000,nan,nan,nan,nan,nan,nan,nan,nan,nan,8.000000000,0.300000000,1.800000000,3.000000000,nan,nan,nan,nan,nan,nan,nan,nan,nan,1.500000000,2.000000000,374,268,0
2026-06-02T23:33:46,1780327291.266523838,r1,track_association,wall_like,accepted,selected_best_match,detection,0,111,confirmed,45,0,0.909876730,2.523320542,0.316126113,0.008776235,0.000000000,nan,nan,nan,nan,nan,nan,nan,nan,nan,8.000000000,0.300000000,1.800000000,3.000000000,nan,nan,nan,nan,nan,nan,nan,nan,nan,1.500000000,2.000000000,720,486,0
2026-06-02T23:33:46,1780327291.266523838,r1,track_association,wall_like,accepted,selected_best_match,detection,2,110,stale,8,4,1.231197576,3.049756870,1.329027312,0.014545061,0.000000000,nan,nan,nan,nan,nan,nan,nan,nan,nan,8.000000000,0.300000000,1.800000000,3.000000000,nan,nan,nan,nan,nan,nan,nan,nan,nan,1.500000000,2.000000000,314,321,0
2026-06-02T23:33:46,1780327291.266523838,r1,track_association,wall_like,accepted,selected_best_match,detection,3,131,candidate,1,4,0.357180812,0.790567839,0.599130972,0.005630048,0.000000000,nan,nan,nan,nan,nan,nan,nan,nan,nan,8.000000000,0.300000000,1.800000000,3.000000000,nan,nan,nan,nan,nan,nan,nan,nan,nan,1.500000000,2.000000000,157,53,0
2026-06-02T23:33:46,1780327291.467519045,r1,track_association,wall_like,accepted,selected_best_match,detection,0,111,confirmed,46,0,0.644997255,1.792191167,0.204574261,0.006608525,0.000000000,nan,nan,nan,nan,nan,nan,nan,nan,nan,8.000000000,0.300000000,1.800000000,3.000000000,nan,nan,nan,nan,nan,nan,nan,nan,nan,1.500000000,2.000000000,679,720,0
2026-06-02T23:33:46,1780327291.467519045,r1,track_association,wall_like,accepted,selected_best_match,detection,2,110,confirmed,9,0,0.771343577,1.862175644,1.114747187,0.003382489,0.000000000,nan,nan,nan,nan,nan,nan,nan,nan,nan,8.000000000,0.300000000,1.800000000,3.000000000,nan,nan,nan,nan,nan,nan,nan,nan,nan,1.500000000,2.000000000,259,314,0
2026-06-02T23:33:46,1780327291.467519045,r1,track_association,wall_like,accepted,selected_best_match,detection,3,131,weak_tracked,2,0,0.347177595,0.804540072,0.285421484,0.012995966,0.000000000,nan,nan,nan,nan,nan,nan,nan,nan,nan,8.000000000,0.300000000,1.800000000,3.000000000,nan,nan,nan,nan,nan,nan,nan,nan,nan,1.500000000,2.000000000,162,157,0
2026-06-02T23:33:46,1780327291.746519089,r1,track_association,wall_like,accepted,selected_best_match,detection,0,111,confirmed,56,0,0.627550635,1.465669540,0.625935519,0.018225655,0.000000000,nan,nan,nan,nan,nan,nan,nan,nan,nan,8.000000000,0.300000000,1.800000000,3.000000000,nan,nan,nan,nan,nan,nan,nan,nan,nan,1.500000000,2.000000000,695,679,0
2026-06-02T23:33:46,1780327291.746519089,r1,track_association,wall_like,accepted,selected_best_match,detection,2,110,confirmed,10,0,0.814816106,1.988134762,0.541805357,0.025313655,0.000000000,nan,nan,nan,nan,nan,nan,nan,nan,nan,8.000000000,0.300000000,1.800000000,3.000000000,nan,nan,nan,nan,nan,nan,nan,nan,nan,1.500000000,2.000000000,291,259,0
2026-06-02T23:33:46,1780327291.746519089,r1,track_association,wall_like,accepted,selected_best_match,detection,3,131,confirmed,3,0,0.747494604,0.929313548,0.951279172,0.095644057,0.000000000,nan,nan,nan,nan,nan,nan,nan,nan,nan,8.000000000,0.300000000,1.800000000,3.000000000,nan,nan,nan,nan,nan,nan,nan,nan,nan,1.500000000,2.000000000,189,162,0
2026-06-02T23:33:46,1780327291.866518974,r1,track_association,wall_like,accepted,selected_best_match,detection,0,111,confirmed,57,0,0.903029003,1.263268533,3.184809400,0.025151495,0.000000000,nan,nan,nan,nan,nan,nan,nan,nan,nan,8.000000000,0.300000000,1.800000000,3.000000000,nan,nan,nan,nan,nan,nan,nan,nan,nan,1.500000000,2.000000000,189,695,0
2026-06-02T23:33:46,1780327291.866518974,r1,track_association,wall_like,rejected,plane_offset,detection,1,118,weak_tracked,4,18,nan,1.799982770,5.875734344,0.409462681,0.401606115,nan,nan,nan,nan,nan,nan,nan,nan,nan,8.000000000,0.300000000,1.800000000,3.000000000,nan,nan,nan,nan,nan,nan,nan,nan,nan,1.500000000,2.000000000,54,167,0
2026-06-02T23:33:46,1780327291.866518974,r1,track_association,pillar_like,accepted,selected_best_match,detection,2,97,stale,31,5,0.216459661,0.242556195,nan,nan,nan,nan,nan,nan,nan,nan,0.109085722,0.999294694,0.430455208,0.021811008,nan,nan,nan,nan,nan,nan,nan,nan,nan,0.800000000,0.300000000,0.800000000,0.600000000,1.500000000,2.000000000,96,92,0
2026-06-02T23:33:46,1780327292.067518950,r1,track_association,wall_like,accepted,selected_best_match,detection,0,111,confirmed,58,0,0.581820959,1.415361561,0.685039819,0.007321138,0.000000000,nan,nan,nan,nan,nan,nan,nan,nan,nan,8.000000000,0.300000000,1.800000000,3.000000000,nan,nan,nan,nan,nan,nan,nan,nan,nan,1.500000000,2.000000000,720,189,0
2026-06-02T23:33:46,1780327292.067518950,r1,track_association,wall_like,accepted,selected_best_match,detection,1,131,confirmed,4,1,0.425144000,0.651676771,1.109202079,0.020780445,0.000000000,nan,nan,nan,nan,nan,nan,nan,nan,nan,8.000000000,0.300000000,1.800000000,3.000000000,nan,nan,nan,nan,nan,nan,nan,nan,nan,1.500000000,2.000000000,262,189,0
2026-06-02T23:33:46,1780327292.067518950,r1,track_association,wall_like,accepted,selected_best_match,detection,2,110,confirmed,11,1,0.721922606,1.779620217,0.429012699,0.022526784,0.000000000,nan,nan,nan,nan,nan,nan,nan,nan,nan,8.000000000,0.300000000,1.800000000,3.000000000,nan,nan,nan,nan,nan,nan,nan,nan,nan,1.500000000,2.000000000,210,291,0
2026-06-02T23:33:47,1780327292.265519142,r1,track_association,wall_like,accepted,selected_best_match,detection,0,111,confirmed,59,0,0.296302407,0.558194480,0.641121412,0.009029221,0.000000000,nan,nan,nan,nan,nan,nan,nan,nan,nan,8.000000000,0.300000000,1.800000000,3.000000000,nan,nan,nan,nan,nan,nan,nan,nan,nan,1.500000000,2.000000000,754,720,0
2026-06-02T23:33:47,1780327292.265519142,r1,track_association,wall_like,accepted,selected_best_match,detection,2,131,confirmed,5,0,0.324852467,0.566183192,0.692431686,0.014871233,0.000000000,nan,nan,nan,nan,nan,nan,nan,nan,nan,8.000000000,0.300000000,1.800000000,3.000000000,nan,nan,nan,nan,nan,nan,nan,nan,nan,1.500000000,2.000000000,340,262,0
2026-06-02T23:33:47,1780327292.265519142,r1,track_association,wall_like,accepted,selected_best_match,detection,3,110,confirmed,12,0,0.407999957,1.072276617,0.280821476,0.004641520,0.000000000,nan,nan,nan,nan,nan,nan,nan,nan,nan,8.000000000,0.300000000,1.800000000,3.000000000,nan,nan,nan,nan,nan,nan,nan,nan,nan,1.500000000,2.000000000,237,210,0
2026-06-02T23:33:47,1780327292.265519142,r1,track_association,wall_like,accepted,selected_best_match,detection,4,101,stale,21,5,0.195754279,0.146322179,1.006952797,0.006333336,0.000000000,nan,nan,nan,nan,nan,nan,nan,nan,nan,8.000000000,0.300000000,1.800000000,3.000000000,nan,nan,nan,nan,nan,nan,nan,nan,nan,1.500000000,2.000000000,363,374,0
2026-06-02T23:33:47,1780327292.466519117,r1,track_association,wall_like,accepted,selected_best_match,detection,0,111,confirmed,60,0,0.590516549,0.743901564,1.968113631,0.028960547,0.000000000,nan,nan,nan,nan,nan,nan,nan,nan,nan,8.000000000,0.300000000,1.800000000,3.000000000,nan,nan,nan,nan,nan,nan,nan,nan,nan,1.500000000,2.000000000,144,754,0
2026-06-02T23:33:47,1780327292.466519117,r1,track_association,wall_like,accepted,selected_best_match,detection,1,131,confirmed,6,0,0.301187455,0.495750800,0.925290110,0.006082778,0.000000000,nan,nan,nan,nan,nan,nan,nan,nan,nan,8.000000000,0.300000000,1.800000000,3.000000000,nan,nan,nan,nan,nan,nan,nan,nan,nan,1.500000000,2.000000000,356,340,0
2026-06-02T23:33:47,1780327292.466519117,r1,track_association,wall_like,accepted,selected_best_match,detection,2,110,confirmed,13,0,0.369707143,0.863926404,0.489929105,0.006147161,0.000000000,nan,nan,nan,nan,nan,nan,nan,nan,nan,8.000000000,0.300000000,1.800000000,3.000000000,nan,nan,nan,nan,nan,nan,nan,nan,nan,1.500000000,2.000000000,224,237,0
2026-06-02T23:33:47,1780327292.667519093,r1,track_association,wall_like,accepted,selected_best_match,detection,0,101,confirmed,22,1,0.184093437,0.232766665,0.699575426,0.005717286,0.000000000,nan,nan,nan,nan,nan,nan,nan,nan,nan,8.000000000,0.300000000,1.800000000,3.000000000,nan,nan,nan,nan,nan,nan,nan,nan,nan,1.500000000,2.000000000,346,363,0
2026-06-02T23:33:47,1780327292.865518808,r1,track_association,wall_like,accepted,selected_best_match,detection,0,131,confirmed,7,1,0.443217821,1.086626915,0.556989198,0.003415560,0.000000000,nan,nan,nan,nan,nan,nan,nan,nan,nan,8.000000000,0.300000000,1.800000000,3.000000000,nan,nan,nan,nan,nan,nan,nan,nan,nan,1.500000000,2.000000000,320,356,0
2026-06-02T23:33:47,1780327292.865518808,r1,track_association,wall_like,accepted,selected_best_match,detection,1,110,confirmed,14,1,0.397227667,0.552314963,1.364544189,0.012766397,0.000000000,nan,nan,nan,nan,nan,nan,nan,nan,nan,8.000000000,0.300000000,1.800000000,3.000000000,nan,nan,nan,nan,nan,nan,nan,nan,nan,1.500000000,2.000000000,175,224,0
2026-06-02T23:33:47,1780327292.865518808,r1,track_association,wall_like,accepted,selected_best_match,detection,2,111,confirmed,61,1,0.075570069,0.026938163,0.281966717,0.009403452,0.000000000,nan,nan,nan,nan,nan,nan,nan,nan,nan,8.000000000,0.300000000,1.800000000,3.000000000,nan,nan,nan,nan,nan,nan,nan,nan,nan,1.500000000,2.000000000,507,144,0
2026-06-02T23:33:47,1780327292.865518808,r1,track_association,pillar_like,accepted,selected_best_match,detection,3,97,stale,32,4,0.405414743,0.110043229,nan,nan,nan,nan,nan,nan,nan,nan,0.036927257,1.000000000,0.313645601,0.196734667,nan,nan,nan,nan,nan,nan,nan,nan,nan,0.800000000,0.300000000,0.800000000,0.600000000,1.500000000,2.000000000,110,96,0
2026-06-02T23:33:47,1780327292.865518808,r1,track_association,pillar_like,accepted,selected_best_match,detection,4,107,stale,23,9,0.162196516,0.250178429,nan,nan,nan,nan,nan,nan,nan,nan,0.036119101,0.935288913,0.276789069,0.014794588,nan,nan,nan,nan,nan,nan,nan,nan,nan,0.800000000,0.300000000,0.800000000,0.600000000,1.500000000,2.000000000,84,73,0
2026-06-02T23:33:47,1780327293.090518951,r1,track_association,wall_like,accepted,selected_best_match,detection,0,111,confirmed,62,0,0.257117779,0.090708476,1.246459264,0.021322264,0.000000000,nan,nan,nan,nan,nan,nan,nan,nan,nan,8.000000000,0.300000000,1.800000000,3.000000000,nan,nan,nan,nan,nan,nan,nan,nan,nan,1.500000000,2.000000000,770,507,0
2026-06-02T23:33:47,1780327293.090518951,r1,track_association,wall_like,accepted,selected_best_match,detection,1,134,candidate,1,3,0.364007739,0.301338047,0.557590894,0.058158859,0.000000000,nan,nan,nan,nan,nan,nan,nan,nan,nan,8.000000000,0.300000000,1.800000000,3.000000000,nan,nan,nan,nan,nan,nan,nan,nan,nan,1.500000000,2.000000000,75,58,0
2026-06-02T23:33:48,1780327293.267519236,r1,track_association,wall_like,accepted,selected_best_match,detection,0,111,confirmed,63,0,0.565935156,1.298197875,0.896516199,0.006341402,0.000000000,nan,nan,nan,nan,nan,nan,nan,nan,nan,8.000000000,0.300000000,1.800000000,3.000000000,nan,nan,nan,nan,nan,nan,nan,nan,nan,1.500000000,2.000000000,584,770,0
2026-06-02T23:33:48,1780327293.267519236,r1,track_association,wall_like,accepted,selected_best_match,detection,1,134,weak_tracked,2,0,0.976570004,1.969414517,0.666288238,0.033714070,0.223978027,nan,nan,nan,nan,nan,nan,nan,nan,nan,8.000000000,0.300000000,1.800000000,3.000000000,nan,nan,nan,nan,nan,nan,nan,nan,nan,1.500000000,2.000000000,242,75,0
2026-06-02T23:33:48,1780327293.468513966,r1,track_association,wall_like,accepted,selected_best_match,detection,0,111,confirmed,64,0,0.590289739,1.416359868,0.877768258,0.002534625,0.000000000,nan,nan,nan,nan,nan,nan,nan,nan,nan,8.000000000,0.300000000,1.800000000,3.000000000,nan,nan,nan,nan,nan,nan,nan,nan,nan,1.500000000,2.000000000,802,584,0
2026-06-02T23:33:48,1780327293.666514158,r1,track_association,wall_like,accepted,selected_best_match,detection,0,111,confirmed,65,0,0.142964065,0.235860975,0.500854111,0.000521093,0.000000000,nan,nan,nan,nan,nan,nan,nan,nan,nan,8.000000000,0.300000000,1.800000000,3.000000000,nan,nan,nan,nan,nan,nan,nan,nan,nan,1.500000000,2.000000000,759,802,0
2026-06-02T23:33:48,1780327293.666514158,r1,track_association,wall_like,accepted,selected_best_match,detection,2,131,confirmed,8,3,0.459862692,1.150849466,0.589266589,0.000776364,0.000000000,nan,nan,nan,nan,nan,nan,nan,nan,nan,8.000000000,0.300000000,1.800000000,3.000000000,nan,nan,nan,nan,nan,nan,nan,nan,nan,1.500000000,2.000000000,503,320,0
2026-06-02T23:33:48,1780327293.666514158,r1,track_association,wall_like,accepted,selected_best_match,detection,3,110,confirmed,15,3,0.504808623,1.165189126,0.757037708,0.006534760,0.000000000,nan,nan,nan,nan,nan,nan,nan,nan,nan,8.000000000,0.300000000,1.800000000,3.000000000,nan,nan,nan,nan,nan,nan,nan,nan,nan,1.500000000,2.000000000,150,175,0
2026-06-02T23:33:48,1780327293.867514133,r1,track_association,wall_like,accepted,selected_best_match,detection,0,111,confirmed,66,0,0.246782636,0.260316709,0.713211800,0.021257677,0.000000000,nan,nan,nan,nan,nan,nan,nan,nan,nan,8.000000000,0.300000000,1.800000000,3.000000000,nan,nan,nan,nan,nan,nan,nan,nan,nan,1.500000000,2.000000000,739,759,0
2026-06-02T23:33:48,1780327293.867514133,r1,track_association,wall_like,accepted,selected_best_match,detection,1,136,candidate,1,0,0.124409374,0.102236628,0.512056141,0.007897044,0.000000000,nan,nan,nan,nan,nan,nan,nan,nan,nan,8.000000000,0.300000000,1.800000000,3.000000000,nan,nan,nan,nan,nan,nan,nan,nan,nan,1.500000000,2.000000000,119,112,0
2026-06-02T23:33:48,1780327293.867514133,r1,track_association,wall_like,accepted,selected_best_match,detection,2,101,stale,23,5,0.874436163,1.685428056,1.745343348,0.028337668,0.000000000,nan,nan,nan,nan,nan,nan,nan,nan,nan,8.000000000,0.300000000,1.800000000,3.000000000,nan,nan,nan,nan,nan,nan,nan,nan,nan,1.500000000,2.000000000,315,346,0
2026-06-02T23:33:48,1780327293.867514133,r1,track_association,wall_like,rejected,projected_gap,detection,3,135,candidate,1,5,nan,4.848960107,1.489545095,0.005194348,1.950905671,nan,nan,nan,nan,nan,nan,nan,nan,nan,8.000000000,0.300000000,1.800000000,3.000000000,nan,nan,nan,nan,nan,nan,nan,nan,nan,1.500000000,2.000000000,51,55,0
2026-06-02T23:33:48,1780327294.065514088,r1,track_association,wall_like,accepted,selected_best_match,detection,0,111,confirmed,67,0,0.273638340,0.715070139,0.226871267,0.002076816,0.000000000,nan,nan,nan,nan,nan,nan,nan,nan,nan,8.000000000,0.300000000,1.800000000,3.000000000,nan,nan,nan,nan,nan,nan,nan,nan,nan,1.500000000,2.000000000,626,739,0
2026-06-02T23:33:48,1780327294.065514088,r1,track_association,wall_like,accepted,selected_best_match,detection,1,136,weak_tracked,2,0,0.057379564,0.055997042,0.289800885,0.000746632,0.000000000,nan,nan,nan,nan,nan,nan,nan,nan,nan,8.000000000,0.300000000,1.800000000,3.000000000,nan,nan,nan,nan,nan,nan,nan,nan,nan,1.500000000,2.000000000,100,119,0
2026-06-02T23:33:48,1780327294.065514088,r1,track_association,wall_like,accepted,selected_best_match,detection,2,131,confirmed,9,1,0.485751899,1.145839437,0.726794506,0.003886832,0.000000000,nan,nan,nan,nan,nan,nan,nan,nan,nan,8.000000000,0.300000000,1.800000000,3.000000000,nan,nan,nan,nan,nan,nan,nan,nan,nan,1.500000000,2.000000000,536,503,0
2026-06-02T23:33:48,1780327294.065514088,r1,track_association,wall_like,accepted,selected_best_match,detection,3,110,confirmed,16,1,0.600966847,1.731700642,0.052127396,0.005165212,0.000000000,nan,nan,nan,nan,nan,nan,nan,nan,nan,8.000000000,0.300000000,1.800000000,3.000000000,nan,nan,nan,nan,nan,nan,nan,nan,nan,1.500000000,2.000000000,122,150,0
2026-06-02T23:33:48,1780327294.065514088,r1,track_association,pillar_like,accepted,selected_best_match,detection,4,107,stale,24,5,0.325681217,0.271359566,nan,nan,nan,nan,nan,nan,nan,nan,0.015395373,0.840954680,0.007698178,0.087973118,nan,nan,nan,nan,nan,nan,nan,nan,nan,0.800000000,0.300000000,0.800000000,0.600000000,1.500000000,2.000000000,109,84,0
2026-06-02T23:33:49,1780327294.290514231,r1,track_association,wall_like,accepted,selected_best_match,detection,0,131,confirmed,10,0,0.496817587,1.152088045,0.454860002,0.016779222,0.000000000,nan,nan,nan,nan,nan,nan,nan,nan,nan,8.000000000,0.300000000,1.800000000,3.000000000,nan,nan,nan,nan,nan,nan,nan,nan,nan,1.500000000,2.000000000,472,536,0
2026-06-02T23:33:49,1780327294.290514231,r1,track_association,wall_like,accepted,selected_best_match,detection,1,110,confirmed,17,0,0.598574085,1.381710903,0.809632931,0.011039900,0.000000000,nan,nan,nan,nan,nan,nan,nan,nan,nan,8.000000000,0.300000000,1.800000000,3.000000000,nan,nan,nan,nan,nan,nan,nan,nan,nan,1.500000000,2.000000000,144,122,0
2026-06-02T23:33:49,1780327294.290514231,r1,track_association,wall_like,accepted,selected_best_match,detection,2,111,confirmed,68,0,0.104403232,0.148475099,0.247100274,0.007207199,0.000000000,nan,nan,nan,nan,nan,nan,nan,nan,nan,8.000000000,0.300000000,1.800000000,3.000000000,nan,nan,nan,nan,nan,nan,nan,nan,nan,1.500000000,2.000000000,753,626,0
2026-06-02T23:33:49,1780327294.290514231,r1,track_association,wall_like,accepted,selected_best_match,detection,3,136,confirmed,3,0,0.131232674,0.151759853,0.205239031,0.016497353,0.000000000,nan,nan,nan,nan,nan,nan,nan,nan,nan,8.000000000,0.300000000,1.800000000,3.000000000,nan,nan,nan,nan,nan,nan,nan,nan,nan,1.500000000,2.000000000,99,100,0
2026-06-02T23:33:49,1780327294.866514206,r1,track_association,wall_like,accepted,selected_best_match,detection,0,111,confirmed,69,2,0.390522137,0.493716999,1.299852890,0.019040458,0.000000000,nan,nan,nan,nan,nan,nan,nan,nan,nan,8.000000000,0.300000000,1.800000000,3.000000000,nan,nan,nan,nan,nan,nan,nan,nan,nan,1.500000000,2.000000000,382,753,0
2026-06-02T23:33:49,1780327294.866514206,r1,track_association,wall_like,accepted,selected_best_match,detection,1,136,confirmed,4,2,0.472623802,0.461861772,2.082326550,0.017513718,0.000000000,nan,nan,nan,nan,nan,nan,nan,nan,nan,8.000000000,0.300000000,1.800000000,3.000000000,nan,nan,nan,nan,nan,nan,nan,nan,nan,1.500000000,2.000000000,56,99,0
2026-06-02T23:33:49,1780327295.091514111,r1,track_association,wall_like,accepted,selected_best_match,detection,0,111,confirmed,70,0,0.454099187,1.158922024,0.373476701,0.006332177,0.000000000,nan,nan,nan,nan,nan,nan,nan,nan,nan,8.000000000,0.300000000,1.800000000,3.000000000,nan,nan,nan,nan,nan,nan,nan,nan,nan,1.500000000,2.000000000,866,382,0
2026-06-02T23:33:50,1780327295.466509104,r1,track_association,wall_like,accepted,selected_best_match,detection,0,111,confirmed,71,1,0.350275325,0.911755292,0.246395102,0.004667252,0.000000000,nan,nan,nan,nan,nan,nan,nan,nan,nan,8.000000000,0.300000000,1.800000000,3.000000000,nan,nan,nan,nan,nan,nan,nan,nan,nan,1.500000000,2.000000000,924,866,0
2026-06-02T23:33:50,1780327295.466509104,r1,track_association,wall_like,accepted,selected_best_match,detection,1,131,stale,11,5,0.680033683,1.908444472,0.175466871,0.006585650,0.000000000,nan,nan,nan,nan,nan,nan,nan,nan,nan,8.000000000,0.300000000,1.800000000,3.000000000,nan,nan,nan,nan,nan,nan,nan,nan,nan,1.500000000,2.000000000,619,472,0
2026-06-02T23:33:50,1780327295.466509104,r1,track_association,wall_like,accepted,selected_best_match,detection,3,110,stale,18,5,0.737383372,1.752300626,0.735622653,0.018399099,0.000000000,nan,nan,nan,nan,nan,nan,nan,nan,nan,8.000000000,0.300000000,1.800000000,3.000000000,nan,nan,nan,nan,nan,nan,nan,nan,nan,1.500000000,2.000000000,52,144,0
2026-06-02T23:33:50,1780327295.466509104,r1,track_association,wall_like,accepted,selected_best_match,detection,4,101,stale,24,7,0.780681673,1.613401775,0.959803203,0.036871704,0.000000000,nan,nan,nan,nan,nan,nan,nan,nan,nan,8.000000000,0.300000000,1.800000000,3.000000000,nan,nan,nan,nan,nan,nan,nan,nan,nan,1.500000000,2.000000000,262,315,0
2026-06-02T23:33:50,1780327295.466509104,r1,track_association,pillar_like,accepted,selected_best_match,detection,5,97,stale,33,12,0.327850998,0.121277153,nan,nan,nan,nan,nan,nan,nan,nan,0.056243601,1.000000000,0.380106688,0.131721497,nan,nan,nan,nan,nan,nan,nan,nan,nan,0.800000000,0.300000000,0.800000000,0.600000000,1.500000000,2.000000000,89,110,0
2026-06-02T23:33:50,1780327295.667509079,r1,track_association,wall_like,accepted,selected_best_match,detection,0,131,confirmed,12,0,0.672440355,1.810975978,0.310425419,0.008993555,0.000000000,nan,nan,nan,nan,nan,nan,nan,nan,nan,8.000000000,0.300000000,1.800000000,3.000000000,nan,nan,nan,nan,nan,nan,nan,nan,nan,1.500000000,2.000000000,544,619,0
2026-06-02T23:33:50,1780327295.865508795,r1,track_association,wall_like,accepted,selected_best_match,detection,0,131,confirmed,13,0,0.914386221,1.534365531,2.614718651,0.022827364,0.000000000,nan,nan,nan,nan,nan,nan,nan,nan,nan,8.000000000,0.300000000,1.800000000,3.000000000,nan,nan,nan,nan,nan,nan,nan,nan,nan,1.500000000,2.000000000,225,544,0
2026-06-02T23:33:50,1780327295.865508795,r1,track_association,wall_like,accepted,selected_best_match,detection,1,139,candidate,1,0,0.631194814,0.613250664,2.838029047,0.021607289,0.000000000,nan,nan,nan,nan,nan,nan,nan,nan,nan,8.000000000,0.300000000,1.800000000,3.000000000,nan,nan,nan,nan,nan,nan,nan,nan,nan,1.500000000,2.000000000,89,62,0
2026-06-02T23:33:50,1780327296.066509008,r1,track_association,wall_like,accepted,selected_best_match,detection,0,101,confirmed,25,2,0.735594207,1.544744801,0.683404980,0.040576095,0.000000000,nan,nan,nan,nan,nan,nan,nan,nan,nan,8.000000000,0.300000000,1.800000000,3.000000000,nan,nan,nan,nan,nan,nan,nan,nan,nan,1.500000000,2.000000000,226,262,0
2026-06-02T23:33:50,1780327296.066509008,r1,track_association,wall_like,accepted,selected_best_match,detection,1,137,candidate,1,10,0.773440642,0.361594139,4.233227658,0.037126742,0.000000000,nan,nan,nan,nan,nan,nan,nan,nan,nan,8.000000000,0.300000000,1.800000000,3.000000000,nan,nan,nan,nan,nan,nan,nan,nan,nan,1.500000000,2.000000000,72,51,0
2026-06-02T23:33:51,1780327296.288508892,r1,track_association,wall_like,accepted,selected_best_match,detection,0,111,confirmed,72,3,0.305846874,0.677431943,0.216589719,0.015888753,0.000000000,nan,nan,nan,nan,nan,nan,nan,nan,nan,8.000000000,0.300000000,1.800000000,3.000000000,nan,nan,nan,nan,nan,nan,nan,nan,nan,1.500000000,2.000000000,702,924,0
2026-06-02T23:33:51,1780327296.288508892,r1,track_association,wall_like,accepted,selected_best_match,detection,2,131,confirmed,14,1,0.530702931,1.427035511,0.378542205,0.002311995,0.000000000,nan,nan,nan,nan,nan,nan,nan,nan,nan,8.000000000,0.300000000,1.800000000,3.000000000,nan,nan,nan,nan,nan,nan,nan,nan,nan,1.500000000,2.000000000,375,225,0
2026-06-02T23:33:51,1780327296.288508892,r1,track_association,wall_like,accepted,selected_best_match,detection,3,139,weak_tracked,2,1,0.293899745,0.407243258,0.970363811,0.011056955,0.000000000,nan,nan,nan,nan,nan,nan,nan,nan,nan,8.000000000,0.300000000,1.800000000,3.000000000,nan,nan,nan,nan,nan,nan,nan,nan,nan,1.500000000,2.000000000,99,89,0
2026-06-02T23:33:51,1780327296.465503931,r1,track_association,wall_like,accepted,selected_best_match,detection,0,131,confirmed,15,0,0.758102953,1.751496765,1.195615648,0.007445623,0.000000000,nan,nan,nan,nan,nan,nan,nan,nan,nan,8.000000000,0.300000000,1.800000000,3.000000000,nan,nan,nan,nan,nan,nan,nan,nan,nan,1.500000000,2.000000000,546,375,0
2026-06-02T23:33:51,1780327296.465503931,r1,track_association,wall_like,accepted,selected_best_match,detection,1,139,confirmed,3,0,0.256158450,0.406993550,0.768543552,0.007327797,0.000000000,nan,nan,nan,nan,nan,nan,nan,nan,nan,8.000000000,0.300000000,1.800000000,3.000000000,nan,nan,nan,nan,nan,nan,nan,nan,nan,1.500000000,2.000000000,108,99,0
2026-06-02T23:33:51,1780327296.465503931,r1,track_association,wall_like,accepted,selected_best_match,detection,2,111,confirmed,73,0,0.171910895,0.420003407,0.211935815,0.001625335,0.000000000,nan,nan,nan,nan,nan,nan,nan,nan,nan,8.000000000,0.300000000,1.800000000,3.000000000,nan,nan,nan,nan,nan,nan,nan,nan,nan,1.500000000,2.000000000,794,702,0
2026-06-02T23:33:51,1780327296.666503906,r1,track_association,wall_like,accepted,selected_best_match,detection,0,111,confirmed,74,0,0.279673671,0.539502902,0.303517639,0.018569900,0.000000000,nan,nan,nan,nan,nan,nan,nan,nan,nan,8.000000000,0.300000000,1.800000000,3.000000000,nan,nan,nan,nan,nan,nan,nan,nan,nan,1.500000000,2.000000000,814,794,0
2026-06-02T23:33:51,1780327296.666503906,r1,track_association,wall_like,accepted,selected_best_match,detection,2,131,confirmed,16,0,0.613923771,1.410990267,0.712435328,0.016361780,0.000000000,nan,nan,nan,nan,nan,nan,nan,nan,nan,8.000000000,0.300000000,1.800000000,3.000000000,nan,nan,nan,nan,nan,nan,nan,nan,nan,1.500000000,2.000000000,679,546,0
2026-06-02T23:33:51,1780327296.666503906,r1,track_association,wall_like,accepted,selected_best_match,detection,3,139,confirmed,4,0,0.521330541,0.906661943,0.776979041,0.036596254,0.000000000,nan,nan,nan,nan,nan,nan,nan,nan,nan,8.000000000,0.300000000,1.800000000,3.000000000,nan,nan,nan,nan,nan,nan,nan,nan,nan,1.500000000,2.000000000,286,108,0
2026-06-02T23:33:51,1780327296.864504099,r1,track_association,wall_like,accepted,selected_best_match,detection,0,131,confirmed,19,0,0.527340820,1.109961305,0.963856075,0.011061513,0.000000000,nan,nan,nan,nan,nan,nan,nan,nan,nan,8.000000000,0.300000000,1.800000000,3.000000000,nan,nan,nan,nan,nan,nan,nan,nan,nan,1.500000000,2.000000000,757,679,0
2026-06-02T23:33:51,1780327296.864504099,r1,track_association,wall_like,accepted,selected_best_match,detection,1,139,confirmed,5,0,0.837291387,0.826177376,1.078762133,0.128116099,0.000000000,nan,nan,nan,nan,nan,nan,nan,nan,nan,8.000000000,0.300000000,1.800000000,3.000000000,nan,nan,nan,nan,nan,nan,nan,nan,nan,1.500000000,2.000000000,278,286,0
2026-06-02T23:33:51,1780327296.864504099,r1,track_association,wall_like,accepted,selected_best_match,detection,2,111,confirmed,75,0,0.394753318,0.524962818,1.103603774,0.024544572,0.000000000,nan,nan,nan,nan,nan,nan,nan,nan,nan,8.000000000,0.300000000,1.800000000,3.000000000,nan,nan,nan,nan,nan,nan,nan,nan,nan,1.500000000,2.000000000,648,814,0
2026-06-02T23:33:51,1780327297.065504074,r1,track_association,wall_like,accepted,selected_best_match,detection,0,111,confirmed,76,0,0.424941350,1.015423657,0.416666760,0.010315036,0.000000000,nan,nan,nan,nan,nan,nan,nan,nan,nan,8.000000000,0.300000000,1.800000000,3.000000000,nan,nan,nan,nan,nan,nan,nan,nan,nan,1.500000000,2.000000000,878,648,0
2026-06-02T23:33:51,1780327297.065504074,r1,track_association,wall_like,accepted,selected_best_match,detection,2,131,confirmed,20,0,0.515802635,1.218539417,0.573325127,0.011387157,0.000000000,nan,nan,nan,nan,nan,nan,nan,nan,nan,8.000000000,0.300000000,1.800000000,3.000000000,nan,nan,nan,nan,nan,nan,nan,nan,nan,1.500000000,2.000000000,835,757,0
2026-06-02T23:33:51,1780327297.065504074,r1,track_association,wall_like,accepted,selected_best_match,detection,3,139,confirmed,6,0,0.460572513,0.631761014,0.460205962,0.057737929,0.000000000,nan,nan,nan,nan,nan,nan,nan,nan,nan,8.000000000,0.300000000,1.800000000,3.000000000,nan,nan,nan,nan,nan,nan,nan,nan,nan,1.500000000,2.000000000,343,278,0
2026-06-02T23:33:52,1780327297.308504105,r1,track_association,wall_like,accepted,selected_best_match,detection,0,139,confirmed,21,0,3.544267096,8.799668061,1.275867458,0.135468293,0.000000000,nan,nan,nan,nan,nan,nan,nan,nan,nan,8.000000000,0.300000000,1.800000000,3.000000000,nan,nan,nan,nan,nan,nan,nan,nan,nan,1.500000000,2.000000000,854,835,0
2026-06-02T23:33:52,1780327297.308504105,r1,track_association,wall_like,accepted,selected_best_match,detection,2,111,confirmed,77,0,0.372915509,0.516732181,1.111208327,0.018531122,0.000000000,nan,nan,nan,nan,nan,nan,nan,nan,nan,8.000000000,0.300000000,1.800000000,3.000000000,nan,nan,nan,nan,nan,nan,nan,nan,nan,1.500000000,2.000000000,687,878,0
2026-06-02T23:33:52,1780327297.467504025,r1,track_association,wall_like,accepted,selected_best_match,detection,0,111,confirmed,78,0,0.433783975,0.617524857,1.359276261,0.017409847,0.000000000,nan,nan,nan,nan,nan,nan,nan,nan,nan,8.000000000,0.300000000,1.800000000,3.000000000,nan,nan,nan,nan,nan,nan,nan,nan,nan,1.500000000,2.000000000,713,687,0
2026-06-02T23:33:52,1780327297.467504025,r1,track_association,wall_like,accepted,selected_best_match,detection,1,139,confirmed,22,0,2.620409977,5.989978251,1.322008831,0.137549837,0.000000000,nan,nan,nan,nan,nan,nan,nan,nan,nan,8.000000000,0.300000000,1.800000000,3.000000000,nan,nan,nan,nan,nan,nan,nan,nan,nan,1.500000000,2.000000000,939,854,0
2026-06-02T23:33:52,1780327297.467504025,r1,track_association,wall_like,accepted,selected_best_match,detection,4,101,stale,26,6,1.624658002,2.902822001,2.319217970,0.110144526,0.000000000,nan,nan,nan,nan,nan,nan,nan,nan,nan,8.000000000,0.300000000,1.800000000,3.000000000,nan,nan,nan,nan,nan,nan,nan,nan,nan,1.500000000,2.000000000,260,226,0
2026-06-02T23:33:52,1780327297.665503979,r1,track_association,wall_like,accepted,selected_best_match,detection,0,111,confirmed,79,0,0.463093967,0.864585299,1.085811191,0.011751741,0.000000000,nan,nan,nan,nan,nan,nan,nan,nan,nan,8.000000000,0.300000000,1.800000000,3.000000000,nan,nan,nan,nan,nan,nan,nan,nan,nan,1.500000000,2.000000000,725,713,0
2026-06-02T23:33:52,1780327297.665503979,r1,track_association,wall_like,accepted,selected_best_match,detection,2,139,confirmed,23,0,1.499902524,2.887368123,1.183772153,0.116842489,0.000000000,nan,nan,nan,nan,nan,nan,nan,nan,nan,8.000000000,0.300000000,1.800000000,3.000000000,nan,nan,nan,nan,nan,nan,nan,nan,nan,1.500000000,2.000000000,1109,939,0
2026-06-02T23:33:52,1780327297.665503979,r1,track_association,wall_like,accepted,selected_best_match,detection,4,101,confirmed,27,0,0.935070048,1.184220738,2.118397693,0.082659027,0.000000000,nan,nan,nan,nan,nan,nan,nan,nan,nan,8.000000000,0.300000000,1.800000000,3.000000000,nan,nan,nan,nan,nan,nan,nan,nan,nan,1.500000000,2.000000000,335,260,0
2026-06-02T23:33:52,1780327297.665503979,r1,track_association,pillar_like,accepted,selected_best_match,detection,5,143,candidate,1,3,1.388818455,0.411294989,nan,nan,nan,nan,nan,nan,nan,nan,0.301941114,0.863074113,0.031431198,0.386920333,nan,nan,nan,nan,nan,nan,nan,nan,nan,0.500000000,0.300000000,0.800000000,0.600000000,1.500000000,2.000000000,66,47,0
2026-06-02T23:33:52,1780327297.947503805,r1,track_association,wall_like,accepted,selected_best_match,detection,0,111,confirmed,80,0,0.285054712,0.701623667,0.297745437,0.004188593,0.000000000,nan,nan,nan,nan,nan,nan,nan,nan,nan,8.000000000,0.300000000,1.800000000,3.000000000,nan,nan,nan,nan,nan,nan,nan,nan,nan,1.500000000,2.000000000,804,725,0
2026-06-02T23:33:52,1780327297.947503805,r1,track_association,wall_like,accepted,selected_best_match,detection,2,139,confirmed,24,0,1.497132188,3.553862066,1.143538488,0.050870757,0.000000000,nan,nan,nan,nan,nan,nan,nan,nan,nan,8.000000000,0.300000000,1.800000000,3.000000000,nan,nan,nan,nan,nan,nan,nan,nan,nan,1.500000000,2.000000000,836,1109,0
2026-06-02T23:33:52,1780327297.947503805,r1,track_association,pillar_like,rejected,footprint_diff,detection,4,143,weak_tracked,2,0,nan,0.177104196,nan,nan,nan,nan,nan,nan,nan,nan,0.091343807,0.922061289,0.004054189,0.601792336,nan,nan,nan,nan,nan,nan,nan,nan,nan,0.500000000,0.300000000,0.800000000,0.600000000,1.500000000,2.000000000,31,66,0
2026-06-02T23:33:52,1780327298.067504168,r1,track_association,wall_like,accepted,selected_best_match,detection,0,139,confirmed,25,0,1.298007582,3.064395543,0.841020810,0.051424440,0.000000000,nan,nan,nan,nan,nan,nan,nan,nan,nan,8.000000000,0.300000000,1.800000000,3.000000000,nan,nan,nan,nan,nan,nan,nan,nan,nan,1.500000000,2.000000000,928,836,0
2026-06-02T23:33:53,1780327298.268504143,r1,track_association,wall_like,accepted,selected_best_match,detection,0,101,confirmed,28,2,0.511108148,0.819321418,1.475075739,0.016084962,0.000000000,nan,nan,nan,nan,nan,nan,nan,nan,nan,8.000000000,0.300000000,1.800000000,3.000000000,nan,nan,nan,nan,nan,nan,nan,nan,nan,1.500000000,2.000000000,444,335,0
2026-06-02T23:33:53,1780327298.490499020,r1,track_association,wall_like,accepted,selected_best_match,detection,0,111,confirmed,81,2,0.479289123,0.934506060,1.072680547,0.010110610,0.000000000,nan,nan,nan,nan,nan,nan,nan,nan,nan,8.000000000,0.300000000,1.800000000,3.000000000,nan,nan,nan,nan,nan,nan,nan,nan,nan,1.500000000,2.000000000,315,804,0
2026-06-02T23:33:53,1780327298.490499020,r1,track_association,wall_like,accepted,selected_best_match,detection,1,139,confirmed,26,1,1.633020599,3.938695270,0.791532586,0.066354181,0.000000000,nan,nan,nan,nan,nan,nan,nan,nan,nan,8.000000000,0.300000000,1.800000000,3.000000000,nan,nan,nan,nan,nan,nan,nan,nan,nan,1.500000000,2.000000000,744,928,0
2026-06-02T23:33:53,1780327298.667499065,r1,track_association,wall_like,accepted,selected_best_match,detection,0,139,confirmed,27,0,1.303917132,3.102172450,0.765899291,0.052236671,0.000000000,nan,nan,nan,nan,nan,nan,nan,nan,nan,8.000000000,0.300000000,1.800000000,3.000000000,nan,nan,nan,nan,nan,nan,nan,nan,nan,1.500000000,2.000000000,649,744,0
2026-06-02T23:33:53,1780327299.069499254,r1,track_association,wall_like,accepted,selected_best_match,detection,4,111,confirmed,82,2,0.403113338,0.472734162,1.701175786,0.009866493,0.000000000,nan,nan,nan,nan,nan,nan,nan,nan,nan,8.000000000,0.300000000,1.800000000,3.000000000,nan,nan,nan,nan,nan,nan,nan,nan,nan,1.500000000,2.000000000,234,315,0
2026-06-02T23:33:54,1780327299.492494106,r1,track_association,wall_like,accepted,selected_best_match,detection,0,111,confirmed,83,1,0.763488864,1.321237000,1.972699118,0.022946742,0.000000000,nan,nan,nan,nan,nan,nan,nan,nan,nan,8.000000000,0.300000000,1.800000000,3.000000000,nan,nan,nan,nan,nan,nan,nan,nan,nan,1.500000000,2.000000000,861,234,0
2026-06-02T23:33:54,1780327299.666493893,r1,track_association,wall_like,accepted,selected_best_match,detection,0,139,stale,28,4,1.257212043,1.690874201,2.313192695,0.121331467,0.000000000,nan,nan,nan,nan,nan,nan,nan,nan,nan,8.000000000,0.300000000,1.800000000,3.000000000,nan,nan,nan,nan,nan,nan,nan,nan,nan,1.500000000,2.000000000,867,649,0
2026-06-02T23:33:54,1780327299.666493893,r1,track_association,wall_like,accepted,selected_best_match,detection,2,111,confirmed,84,0,0.568891854,0.392305785,2.362023667,0.042861090,0.000000000,nan,nan,nan,nan,nan,nan,nan,nan,nan,8.000000000,0.300000000,1.800000000,3.000000000,nan,nan,nan,nan,nan,nan,nan,nan,nan,1.500000000,2.000000000,731,861,0
2026-06-02T23:33:54,1780327299.666493893,r1,track_association,wall_like,accepted,selected_best_match,detection,3,147,candidate,1,2,0.500406251,0.408453550,2.045510211,0.032569887,0.000000000,nan,nan,nan,nan,nan,nan,nan,nan,nan,8.000000000,0.300000000,1.800000000,3.000000000,nan,nan,nan,nan,nan,nan,nan,nan,nan,1.500000000,2.000000000,299,423,0
2026-06-02T23:33:54,1780327299.666493893,r1,track_association,wall_like,accepted,selected_best_match,detection,4,148,candidate,1,2,1.254026699,0.425283331,2.268284429,0.248619011,0.000000000,nan,nan,nan,nan,nan,nan,nan,nan,nan,8.000000000,0.300000000,1.800000000,3.000000000,nan,nan,nan,nan,nan,nan,nan,nan,nan,1.500000000,2.000000000,52,62,0
2026-06-02T23:33:54,1780327299.864494085,r1,track_association,wall_like,accepted,selected_best_match,detection,0,111,confirmed,85,0,0.566865330,1.188425449,0.954180255,0.015435295,0.000000000,nan,nan,nan,nan,nan,nan,nan,nan,nan,8.000000000,0.300000000,1.800000000,3.000000000,nan,nan,nan,nan,nan,nan,nan,nan,nan,1.500000000,2.000000000,882,731,0
2026-06-02T23:33:54,1780327300.065494061,r1,track_association,wall_like,accepted,selected_best_match,detection,0,101,stale,29,8,0.783366966,0.343906297,3.512710046,0.068892833,0.000000000,nan,nan,nan,nan,nan,nan,nan,nan,nan,8.000000000,0.300000000,1.800000000,3.000000000,nan,nan,nan,nan,nan,nan,nan,nan,nan,1.500000000,2.000000000,223,444,0
2026-06-02T23:33:55,1780327300.266494036,r1,track_association,wall_like,accepted,selected_best_match,detection,0,111,confirmed,86,1,0.569768373,1.512372760,0.365480168,0.005987730,0.000000000,nan,nan,nan,nan,nan,nan,nan,nan,nan,8.000000000,0.300000000,1.800000000,3.000000000,nan,nan,nan,nan,nan,nan,nan,nan,nan,1.500000000,2.000000000,800,882,0
2026-06-02T23:33:55,1780327300.266494036,r1,track_association,wall_like,accepted,selected_best_match,detection,2,139,confirmed,29,2,0.983427236,2.581583558,0.263637672,0.026983402,0.000000000,nan,nan,nan,nan,nan,nan,nan,nan,nan,8.000000000,0.300000000,1.800000000,3.000000000,nan,nan,nan,nan,nan,nan,nan,nan,nan,1.500000000,2.000000000,609,867,0
2026-06-02T23:33:55,1780327300.266494036,r1,track_association,pillar_like,accepted,selected_best_match,detection,5,146,candidate,1,11,0.712321252,0.146811838,nan,nan,nan,nan,nan,nan,nan,nan,0.129872669,0.977042957,0.051074386,0.254706860,nan,nan,nan,nan,nan,nan,nan,nan,nan,0.500000000,0.300000000,0.800000000,0.600000000,1.500000000,2.000000000,32,31,0
2026-06-02T23:33:55,1780327300.467494249,r1,track_association,wall_like,accepted,selected_best_match,detection,0,111,confirmed,87,0,0.523695742,1.305453566,0.338875115,0.013855549,0.000000000,nan,nan,nan,nan,nan,nan,nan,nan,nan,8.000000000,0.300000000,1.800000000,3.000000000,nan,nan,nan,nan,nan,nan,nan,nan,nan,1.500000000,2.000000000,884,800,0
2026-06-02T23:33:55,1780327300.467494249,r1,track_association,wall_like,accepted,selected_best_match,detection,2,139,confirmed,30,0,2.533561583,7.027627653,0.125817053,0.029416539,0.139026189,nan,nan,nan,nan,nan,nan,nan,nan,nan,8.000000000,0.300000000,1.800000000,3.000000000,nan,nan,nan,nan,nan,nan,nan,nan,nan,1.500000000,2.000000000,755,609,0
2026-06-02T23:33:55,1780327300.467494249,r1,plane_young_span_merge,wall_like,accepted,young_span_merged_duplicate_track,track,155,139,confirmed,31,0,0.247085969,nan,0.674973313,0.009401117,0.000000000,nan,nan,nan,nan,nan,nan,nan,nan,nan,4.000000000,0.120000000,0.500000000,nan,nan,nan,nan,nan,nan,nan,nan,nan,nan,1.000000000,1.000000000,669,755,1
2026-06-02T23:33:55,1780327300.665493965,r1,track_association,wall_like,accepted,selected_best_match,detection,0,139,confirmed,32,0,2.971507883,7.574935840,2.883154976,0.025840469,0.000000000,nan,nan,nan,nan,nan,nan,nan,nan,nan,8.000000000,0.300000000,1.800000000,3.000000000,nan,nan,nan,nan,nan,nan,nan,nan,nan,1.500000000,2.000000000,380,1424,0
2026-06-02T23:33:55,1780327300.665493965,r1,track_association,pillar_like,accepted,selected_best_match,detection,2,150,candidate,1,7,0.689683854,0.597755408,nan,nan,nan,nan,nan,nan,nan,nan,0.173749919,0.736538609,0.161266208,0.037557602,nan,nan,nan,nan,nan,nan,nan,nan,nan,0.500000000,0.300000000,0.800000000,0.600000000,1.500000000,2.000000000,35,25,0
2026-06-02T23:33:55,1780327300.665493965,r1,plane_young_span_merge,wall_like,accepted,young_span_merged_duplicate_track,track,156,139,confirmed,33,0,0.726899884,nan,2.175742323,0.021955716,0.000000000,nan,nan,nan,nan,nan,nan,nan,nan,nan,4.000000000,0.120000000,0.500000000,nan,nan,nan,nan,nan,nan,nan,nan,nan,nan,1.000000000,1.000000000,256,380,1
2026-06-02T23:33:55,1780327300.866493940,r1,track_association,wall_like,accepted,selected_best_match,detection,0,139,confirmed,34,0,2.845502160,7.716532460,1.649555597,0.020139067,0.000000000,nan,nan,nan,nan,nan,nan,nan,nan,nan,8.000000000,0.300000000,1.800000000,3.000000000,nan,nan,nan,nan,nan,nan,nan,nan,nan,1.500000000,2.000000000,669,669,0
2026-06-02T23:33:55,1780327300.866493940,r1,track_association,wall_like,accepted,selected_best_match,detection,2,111,confirmed,88,1,0.444811206,1.011810721,0.341499018,0.019456076,0.000000000,nan,nan,nan,nan,nan,nan,nan,nan,nan,8.000000000,0.300000000,1.800000000,3.000000000,nan,nan,nan,nan,nan,nan,nan,nan,nan,1.500000000,2.000000000,782,884,0
2026-06-02T23:33:55,1780327300.866493940,r1,plane_young_span_merge,wall_like,accepted,young_span_merged_duplicate_track,track,157,139,confirmed,35,0,0.116892245,nan,0.434450642,0.000993550,0.000000000,nan,nan,nan,nan,nan,nan,nan,nan,nan,4.000000000,0.120000000,0.500000000,nan,nan,nan,nan,nan,nan,nan,nan,nan,nan,1.000000000,1.000000000,425,669,1
2026-06-02T23:33:55,1780327301.067494154,r1,track_association,wall_like,accepted,selected_best_match,detection,0,139,confirmed,36,0,2.700712673,7.775934484,0.265206107,0.022675124,0.000000000,nan,nan,nan,nan,nan,nan,nan,nan,nan,8.000000000,0.300000000,1.800000000,3.000000000,nan,nan,nan,nan,nan,nan,nan,nan,nan,1.500000000,2.000000000,803,1094,0
2026-06-02T23:33:55,1780327301.067494154,r1,plane_young_span_merge,wall_like,accepted,young_span_merged_duplicate_track,track,159,139,confirmed,37,0,0.395728867,nan,1.227296809,0.010668560,0.000000000,nan,nan,nan,nan,nan,nan,nan,nan,nan,4.000000000,0.120000000,0.500000000,nan,nan,nan,nan,nan,nan,nan,nan,nan,nan,1.000000000,1.000000000,262,803,1
2026-06-02T23:33:56,1780327301.268494129,r1,track_association,wall_like,accepted,selected_best_match,detection,0,139,confirmed,38,0,2.611062853,7.475495863,0.276832524,0.025388050,0.000000000,nan,nan,nan,nan,nan,nan,nan,nan,nan,8.000000000,0.300000000,1.800000000,3.000000000,nan,nan,nan,nan,nan,nan,nan,nan,nan,1.500000000,2.000000000,987,1065,0
2026-06-02T23:33:56,1780327301.268494129,r1,track_association,wall_like,accepted,selected_best_match,detection,2,111,confirmed,89,1,0.155449841,0.292944871,0.333976930,0.004816330,0.000000000,nan,nan,nan,nan,nan,nan,nan,nan,nan,8.000000000,0.300000000,1.800000000,3.000000000,nan,nan,nan,nan,nan,nan,nan,nan,nan,1.500000000,2.000000000,823,782,0
2026-06-02T23:33:56,1780327301.268494129,r1,plane_young_span_merge,wall_like,accepted,young_span_merged_duplicate_track,track,160,139,confirmed,39,0,0.140824192,nan,0.284428206,0.008366057,0.000000000,nan,nan,nan,nan,nan,nan,nan,nan,nan,4.000000000,0.120000000,0.500000000,nan,nan,nan,nan,nan,nan,nan,nan,nan,nan,1.000000000,1.000000000,421,987,1
2026-06-02T23:33:56,1780327301.469488859,r1,track_association,wall_like,accepted,selected_best_match,detection,0,111,confirmed,90,0,0.586643551,0.645545882,2.269488872,0.026332644,0.000000000,nan,nan,nan,nan,nan,nan,nan,nan,nan,8.000000000,0.300000000,1.800000000,3.000000000,nan,nan,nan,nan,nan,nan,nan,nan,nan,1.500000000,2.000000000,408,823,0
2026-06-02T23:33:56,1780327301.469488859,r1,track_association,wall_like,accepted,selected_best_match,detection,1,139,confirmed,40,0,2.704370990,7.368865015,0.543476598,0.054044423,0.000000000,nan,nan,nan,nan,nan,nan,nan,nan,nan,8.000000000,0.300000000,1.800000000,3.000000000,nan,nan,nan,nan,nan,nan,nan,nan,nan,1.500000000,2.000000000,912,1408,0
2026-06-02T23:33:56,1780327301.469488859,r1,track_association,pillar_like,accepted,selected_best_match,detection,3,150,weak_tracked,2,3,0.421488847,0.182036427,nan,nan,nan,nan,nan,nan,nan,nan,0.111553113,0.930939273,0.009112358,0.077046394,nan,nan,nan,nan,nan,nan,nan,nan,nan,0.500000000,0.300000000,0.800000000,0.600000000,1.500000000,2.000000000,35,35,0
2026-06-02T23:33:56,1780327301.469488859,r1,plane_young_span_merge,wall_like,accepted,young_span_merged_duplicate_track,track,161,139,confirmed,41,0,0.897675118,nan,0.710372478,0.086409840,0.000000000,nan,nan,nan,nan,nan,nan,nan,nan,nan,4.000000000,0.120000000,0.500000000,nan,nan,nan,nan,nan,nan,nan,nan,nan,nan,1.000000000,1.000000000,259,912,1
2026-06-02T23:33:56,1780327301.667489052,r1,track_association,wall_like,accepted,selected_best_match,detection,0,111,confirmed,91,0,0.244431537,0.323956363,0.983293359,0.004060324,0.000000000,nan,nan,nan,nan,nan,nan,nan,nan,nan,8.000000000,0.300000000,1.800000000,3.000000000,nan,nan,nan,nan,nan,nan,nan,nan,nan,1.500000000,2.000000000,864,408,0
2026-06-02T23:33:56,1780327301.667489052,r1,track_association,wall_like,accepted,selected_best_match,detection,1,139,confirmed,42,0,2.574274743,6.851257183,0.389505485,0.072550249,0.000000000,nan,nan,nan,nan,nan,nan,nan,nan,nan,8.000000000,0.300000000,1.800000000,3.000000000,nan,nan,nan,nan,nan,nan,nan,nan,nan,1.500000000,2.000000000,1062,1171,0
2026-06-02T23:33:56,1780327301.865489244,r1,track_association,wall_like,accepted,selected_best_match,detection,0,139,confirmed,43,0,1.874872613,4.874989969,0.385616184,0.060502180,0.000000000,nan,nan,nan,nan,nan,nan,nan,nan,nan,8.000000000,0.300000000,1.800000000,3.000000000,nan,nan,nan,nan,nan,nan,nan,nan,nan,1.500000000,2.000000000,1182,1062,0
2026-06-02T23:33:56,1780327301.865489244,r1,track_association,wall_like,accepted,selected_best_match,detection,2,111,confirmed,92,0,0.221871188,0.188048809,1.121795638,0.005689139,0.000000000,nan,nan,nan,nan,nan,nan,nan,nan,nan,8.000000000,0.300000000,1.800000000,3.000000000,nan,nan,nan,nan,nan,nan,nan,nan,nan,1.500000000,2.000000000,805,864,0
2026-06-02T23:33:56,1780327302.066489220,r1,track_association,wall_like,accepted,selected_best_match,detection,0,139,confirmed,44,0,1.160295821,2.958132818,0.427738073,0.036235287,0.000000000,nan,nan,nan,nan,nan,nan,nan,nan,nan,8.000000000,0.300000000,1.800000000,3.000000000,nan,nan,nan,nan,nan,nan,nan,nan,nan,1.500000000,2.000000000,1147,1182,0
2026-06-02T23:33:57,1780327302.246488810,r1,track_association,wall_like,accepted,selected_best_match,detection,0,139,confirmed,45,0,0.964760908,2.188259175,1.037099445,0.031711126,0.000000000,nan,nan,nan,nan,nan,nan,nan,nan,nan,8.000000000,0.300000000,1.800000000,3.000000000,nan,nan,nan,nan,nan,nan,nan,nan,nan,1.500000000,2.000000000,1190,1147,0
2026-06-02T23:33:57,1780327302.246488810,r1,track_association,wall_like,accepted,selected_best_match,detection,1,111,confirmed,93,1,0.177012314,0.315506977,0.435424432,0.005224580,0.000000000,nan,nan,nan,nan,nan,nan,nan,nan,nan,8.000000000,0.300000000,1.800000000,3.000000000,nan,nan,nan,nan,nan,nan,nan,nan,nan,1.500000000,2.000000000,845,805,0
2026-06-02T23:33:57,1780327302.465489149,r1,track_association,wall_like,accepted,selected_best_match,detection,0,139,confirmed,46,0,0.571503853,1.295388543,0.591600356,0.019727288,0.000000000,nan,nan,nan,nan,nan,nan,nan,nan,nan,8.000000000,0.300000000,1.800000000,3.000000000,nan,nan,nan,nan,nan,nan,nan,nan,nan,1.500000000,2.000000000,1257,1190,0
2026-06-02T23:33:57,1780327302.465489149,r1,track_association,wall_like,accepted,selected_best_match,detection,1,111,confirmed,94,0,0.144940526,0.200932408,0.450408654,0.006498592,0.000000000,nan,nan,nan,nan,nan,nan,nan,nan,nan,8.000000000,0.300000000,1.800000000,3.000000000,nan,nan,nan,nan,nan,nan,nan,nan,nan,1.500000000,2.000000000,778,845,0
2026-06-02T23:33:57,1780327302.666489124,r1,track_association,wall_like,accepted,selected_best_match,detection,0,111,confirmed,95,0,0.058822970,0.055494762,0.253268460,0.002599848,0.000000000,nan,nan,nan,nan,nan,nan,nan,nan,nan,8.000000000,0.300000000,1.800000000,3.000000000,nan,nan,nan,nan,nan,nan,nan,nan,nan,1.500000000,2.000000000,753,778,0
2026-06-02T23:33:57,1780327302.666489124,r1,track_association,wall_like,accepted,selected_best_match,detection,1,139,confirmed,47,0,0.311218637,0.652230461,0.502779485,0.009288314,0.000000000,nan,nan,nan,nan,nan,nan,nan,nan,nan,8.000000000,0.300000000,1.800000000,3.000000000,nan,nan,nan,nan,nan,nan,nan,nan,nan,1.500000000,2.000000000,1174,1257,0
2026-06-02T23:33:57,1780327302.888489246,r1,track_association,wall_like,accepted,selected_best_match,detection,0,139,confirmed,48,0,0.074995796,0.085259080,0.186024427,0.006996915,0.000000000,nan,nan,nan,nan,nan,nan,nan,nan,nan,8.000000000,0.300000000,1.800000000,3.000000000,nan,nan,nan,nan,nan,nan,nan,nan,nan,1.500000000,2.000000000,1406,1174,0
2026-06-02T23:33:57,1780327303.065488815,r1,track_association,wall_like,accepted,selected_best_match,detection,0,139,confirmed,49,0,0.201397927,0.077143909,1.243207872,0.006084692,0.000000000,nan,nan,nan,nan,nan,nan,nan,nan,nan,8.000000000,0.300000000,1.800000000,3.000000000,nan,nan,nan,nan,nan,nan,nan,nan,nan,1.500000000,2.000000000,1205,1406,0
2026-06-02T23:33:57,1780327303.065488815,r1,track_association,wall_like,accepted,selected_best_match,detection,1,111,confirmed,96,1,0.436678965,0.703718354,1.227898624,0.014585656,0.000000000,nan,nan,nan,nan,nan,nan,nan,nan,nan,8.000000000,0.300000000,1.800000000,3.000000000,nan,nan,nan,nan,nan,nan,nan,nan,nan,1.500000000,2.000000000,502,753,0
2026-06-02T23:33:58,1780327303.266489029,r1,track_association,wall_like,accepted,selected_best_match,detection,0,139,confirmed,50,0,0.391832606,0.811105733,0.664620462,0.011515941,0.000000000,nan,nan,nan,nan,nan,nan,nan,nan,nan,8.000000000,0.300000000,1.800000000,3.000000000,nan,nan,nan,nan,nan,nan,nan,nan,nan,1.500000000,2.000000000,1343,1205,0
2026-06-02T23:33:58,1780327303.266489029,r1,track_association,pillar_like,accepted,selected_best_match,detection,2,97,stale,34,38,0.561934698,0.500406017,nan,nan,nan,nan,nan,nan,nan,nan,0.265707467,0.820469145,0.222493649,0.016812086,nan,nan,nan,nan,nan,nan,nan,nan,nan,0.800000000,0.300000000,0.800000000,0.600000000,1.500000000,2.000000000,55,89,0
2026-06-02T23:33:58,1780327303.467484236,r1,track_association,wall_like,accepted,selected_best_match,detection,0,139,confirmed,51,0,0.370001928,0.977794979,0.172620543,0.006747810,0.000000000,nan,nan,nan,nan,nan,nan,nan,nan,nan,8.000000000,0.300000000,1.800000000,3.000000000,nan,nan,nan,nan,nan,nan,nan,nan,nan,1.500000000,2.000000000,1531,1343,0
2026-06-02T23:33:58,1780327303.467484236,r1,track_association,wall_like,accepted,selected_best_match,detection,1,147,weak_tracked,2,18,0.676425015,1.226278296,1.465965945,0.025325952,0.000000000,nan,nan,nan,nan,nan,nan,nan,nan,nan,8.000000000,0.300000000,1.800000000,3.000000000,nan,nan,nan,nan,nan,nan,nan,nan,nan,1.500000000,2.000000000,241,299,0
2026-06-02T23:33:58,1780327303.467484236,r1,track_association,pillar_like,accepted,selected_best_match,detection,2,165,candidate,1,3,0.187543759,0.248432637,nan,nan,nan,nan,nan,nan,nan,nan,0.021500246,1.000000000,0.643189907,0.048134565,nan,nan,nan,nan,nan,nan,nan,nan,nan,0.500000000,0.300000000,0.800000000,0.600000000,1.500000000,2.000000000,98,117,0
2026-06-02T23:33:58,1780327303.467484236,r1,track_association,pillar_like,accepted,selected_best_match,detection,3,97,weak_tracked,35,0,0.721231706,0.498888366,nan,nan,nan,nan,nan,nan,nan,nan,0.172285318,0.781911555,0.140850067,0.086692572,nan,nan,nan,nan,nan,nan,nan,nan,nan,0.500000000,0.300000000,0.800000000,0.600000000,1.500000000,2.000000000,68,55,0
2026-06-02T23:33:58,1780327303.668484211,r1,track_association,wall_like,accepted,selected_best_match,detection,2,139,confirmed,52,0,0.442720369,0.213761075,2.563372602,0.015313531,0.000000000,nan,nan,nan,nan,nan,nan,nan,nan,nan,8.000000000,0.300000000,1.800000000,3.000000000,nan,nan,nan,nan,nan,nan,nan,nan,nan,1.500000000,2.000000000,461,1531,0
2026-06-02T23:33:58,1780327303.866483927,r1,track_association,wall_like,accepted,selected_best_match,detection,0,139,confirmed,53,0,0.565519625,1.060574151,0.826344164,0.032610566,0.000000000,nan,nan,nan,nan,nan,nan,nan,nan,nan,8.000000000,0.300000000,1.800000000,3.000000000,nan,nan,nan,nan,nan,nan,nan,nan,nan,1.500000000,2.000000000,1019,461,0
2026-06-02T23:33:58,1780327303.866483927,r1,track_association,pillar_like,accepted,selected_best_match,detection,2,97,confirmed,36,1,0.212230477,0.112719767,nan,nan,nan,nan,nan,nan,nan,nan,0.062320221,1.000000000,0.483550787,0.023540974,nan,nan,nan,nan,nan,nan,nan,nan,nan,0.500000000,0.300000000,0.800000000,0.600000000,1.500000000,2.000000000,77,68,0
2026-06-02T23:33:58,1780327303.866483927,r1,track_association,pillar_like,accepted,selected_best_match,detection,3,165,weak_tracked,2,1,0.469228548,0.485939115,nan,nan,nan,nan,nan,nan,nan,nan,0.065574636,0.930351481,0.727904320,0.117384195,nan,nan,nan,nan,nan,nan,nan,nan,nan,0.500000000,0.300000000,0.800000000,0.600000000,1.500000000,2.000000000,64,98,0
2026-06-02T23:33:58,1780327304.067484140,r1,track_association,wall_like,accepted,selected_best_match,detection,0,139,confirmed,54,0,0.684060038,1.543942574,0.524988881,0.031136671,0.000000000,nan,nan,nan,nan,nan,nan,nan,nan,nan,8.000000000,0.300000000,1.800000000,3.000000000,nan,nan,nan,nan,nan,nan,nan,nan,nan,1.500000000,2.000000000,1155,1019,0
2026-06-02T23:33:58,1780327304.067484140,r1,track_association,pillar_like,accepted,selected_best_match,detection,2,165,weak_tracked,3,0,0.331142218,0.403207547,nan,nan,nan,nan,nan,nan,nan,nan,0.031731602,0.777294684,0.052217722,0.023851156,nan,nan,nan,nan,nan,nan,nan,nan,nan,0.500000000,0.300000000,0.800000000,0.600000000,1.500000000,2.000000000,65,64,0
2026-06-02T23:33:59,1780327304.265484095,r1,track_association,wall_like,accepted,selected_best_match,detection,0,139,confirmed,55,0,0.480765396,1.080491500,0.219246698,0.027958718,0.000000000,nan,nan,nan,nan,nan,nan,nan,nan,nan,8.000000000,0.300000000,1.800000000,3.000000000,nan,nan,nan,nan,nan,nan,nan,nan,nan,1.500000000,2.000000000,874,1155,0
2026-06-02T23:33:59,1780327304.265484095,r1,track_association,wall_like,accepted,selected_best_match,detection,3,101,stale,30,20,0.838058309,0.984866242,2.626310315,0.054444232,0.000000000,nan,nan,nan,nan,nan,nan,nan,nan,nan,8.000000000,0.300000000,1.800000000,3.000000000,nan,nan,nan,nan,nan,nan,nan,nan,nan,1.500000000,2.000000000,166,223,0
2026-06-02T23:33:59,1780327304.265484095,r1,track_association,wall_like,accepted,selected_best_match,detection,4,151,candidate,1,20,1.225932370,2.235718201,1.981419121,0.069904674,0.000000000,nan,nan,nan,nan,nan,nan,nan,nan,nan,8.000000000,0.300000000,1.800000000,3.000000000,nan,nan,nan,nan,nan,nan,nan,nan,nan,1.500000000,2.000000000,75,122,0
2026-06-02T23:33:59,1780327304.265484095,r1,track_association,pillar_like,accepted,selected_best_match,detection,6,97,confirmed,37,1,0.347400320,0.263999315,nan,nan,nan,nan,nan,nan,nan,nan,0.065278850,0.980853657,0.440096736,0.092211962,nan,nan,nan,nan,nan,nan,nan,nan,nan,0.500000000,0.300000000,0.800000000,0.600000000,1.500000000,2.000000000,67,77,0
2026-06-02T23:33:59,1780327304.466478825,r1,track_association,wall_like,accepted,selected_best_match,detection,0,139,confirmed,56,0,0.373980269,0.883968467,0.412828608,0.008316161,0.000000000,nan,nan,nan,nan,nan,nan,nan,nan,nan,8.000000000,0.300000000,1.800000000,3.000000000,nan,nan,nan,nan,nan,nan,nan,nan,nan,1.500000000,2.000000000,1239,874,0
2026-06-02T23:33:59,1780327304.466478825,r1,track_association,pillar_like,accepted,selected_best_match,detection,2,165,confirmed,4,1,0.250845275,0.279938746,nan,nan,nan,nan,nan,nan,nan,nan,0.025552743,0.853296138,0.066587448,0.027826309,nan,nan,nan,nan,nan,nan,nan,nan,nan,0.500000000,0.300000000,0.800000000,0.600000000,1.500000000,2.000000000,71,65,0
2026-06-02T23:33:59,1780327304.667479038,r1,track_association,wall_like,accepted,selected_best_match,detection,0,139,confirmed,57,0,0.231145174,0.615211891,0.133252826,0.002825382,0.000000000,nan,nan,nan,nan,nan,nan,nan,nan,nan,8.000000000,0.300000000,1.800000000,3.000000000,nan,nan,nan,nan,nan,nan,nan,nan,nan,1.500000000,2.000000000,1357,1239,0
2026-06-02T23:33:59,1780327304.889479160,r1,track_association,wall_like,accepted,selected_best_match,detection,0,139,confirmed,58,0,0.391419873,0.545358428,0.743932024,0.034992668,0.000000000,nan,nan,nan,nan,nan,nan,nan,nan,nan,8.000000000,0.300000000,1.800000000,3.000000000,nan,nan,nan,nan,nan,nan,nan,nan,nan,1.500000000,2.000000000,1046,1357,0
2026-06-02T23:33:59,1780327304.889479160,r1,track_association,wall_like,accepted,selected_best_match,detection,2,111,stale,97,8,1.049062102,2.790667387,0.584643570,0.013727758,0.000000000,nan,nan,nan,nan,nan,nan,nan,nan,nan,8.000000000,0.300000000,1.800000000,3.000000000,nan,nan,nan,nan,nan,nan,nan,nan,nan,1.500000000,2.000000000,205,502,0
2026-06-02T23:33:59,1780327304.889479160,r1,track_association,pillar_like,accepted,selected_best_match,detection,8,165,confirmed,5,1,0.232335510,0.318622828,nan,nan,nan,nan,nan,nan,nan,nan,0.053813727,1.000000000,1.192744970,0.003260136,nan,nan,nan,nan,nan,nan,nan,nan,nan,0.500000000,0.300000000,0.800000000,0.600000000,1.500000000,2.000000000,107,71,0
2026-06-02T23:33:59,1780327305.069479227,r1,track_association,wall_like,accepted,selected_best_match,detection,0,139,confirmed,59,0,0.217132155,0.340038344,0.114405070,0.026845622,0.000000000,nan,nan,nan,nan,nan,nan,nan,nan,nan,8.000000000,0.300000000,1.800000000,3.000000000,nan,nan,nan,nan,nan,nan,nan,nan,nan,1.500000000,2.000000000,1098,1046,0
2026-06-02T23:33:59,1780327305.069479227,r1,track_association,wall_like,accepted,selected_best_match,detection,2,111,confirmed,98,0,1.871796030,5.100790463,0.890229549,0.018076155,0.000000000,nan,nan,nan,nan,nan,nan,nan,nan,nan,8.000000000,0.300000000,1.800000000,3.000000000,nan,nan,nan,nan,nan,nan,nan,nan,nan,1.500000000,2.000000000,314,205,0
2026-06-02T23:33:59,1780327305.069479227,r1,track_association,wall_like,accepted,selected_best_match,detection,4,147,weak_tracked,3,7,0.273995829,0.659194168,0.269662457,0.006166990,0.000000000,nan,nan,nan,nan,nan,nan,nan,nan,nan,8.000000000,0.300000000,1.800000000,3.000000000,nan,nan,nan,nan,nan,nan,nan,nan,nan,1.500000000,2.000000000,451,241,0
2026-06-02T23:33:59,1780327305.069479227,r1,plane_young_span_merge,wall_like,accepted,young_span_merged_duplicate_track,track,169,111,confirmed,99,0,0.275337581,nan,0.479527499,0.018654685,0.000000000,nan,nan,nan,nan,nan,nan,nan,nan,nan,4.000000000,0.120000000,0.500000000,nan,nan,nan,nan,nan,nan,nan,nan,nan,nan,1.000000000,1.000000000,253,314,1
2026-06-02T23:34:00,1780327305.267478943,r1,track_association,wall_like,accepted,selected_best_match,detection,0,139,confirmed,60,0,0.165870690,0.231877312,0.352824370,0.013342562,0.000000000,nan,nan,nan,nan,nan,nan,nan,nan,nan,8.000000000,0.300000000,1.800000000,3.000000000,nan,nan,nan,nan,nan,nan,nan,nan,nan,1.500000000,2.000000000,1137,1098,0
2026-06-02T23:34:00,1780327305.468478918,r1,track_association,wall_like,accepted,selected_best_match,detection,0,139,confirmed,61,0,0.317024947,0.470427888,0.503085975,0.029198971,0.000000000,nan,nan,nan,nan,nan,nan,nan,nan,nan,8.000000000,0.300000000,1.800000000,3.000000000,nan,nan,nan,nan,nan,nan,nan,nan,nan,1.500000000,2.000000000,951,1137,0
2026-06-02T23:34:00,1780327305.468478918,r1,track_association,pillar_like,accepted,selected_best_match,detection,2,165,confirmed,6,2,0.356208468,0.056723995,nan,nan,nan,nan,nan,nan,nan,nan,0.056720368,1.000000000,1.132965088,0.077682734,nan,nan,nan,nan,nan,nan,nan,nan,nan,0.500000000,0.300000000,0.800000000,0.600000000,1.500000000,2.000000000,84,107,0
2026-06-02T23:34:00,1780327305.669478893,r1,track_association,wall_like,accepted,selected_best_match,detection,0,139,confirmed,62,0,0.726612485,0.992090810,2.245824029,0.034556263,0.000000000,nan,nan,nan,nan,nan,nan,nan,nan,nan,8.000000000,0.300000000,1.800000000,3.000000000,nan,nan,nan,nan,nan,nan,nan,nan,nan,1.500000000,2.000000000,495,951,0
2026-06-02T23:34:00,1780327305.669478893,r1,track_association,pillar_like,accepted,selected_best_match,detection,2,97,stale,38,6,0.434521320,0.690534728,nan,nan,nan,nan,nan,nan,nan,nan,0.050325120,0.639178595,0.107188106,0.000044823,nan,nan,nan,nan,nan,nan,nan,nan,nan,0.800000000,0.300000000,0.800000000,0.600000000,1.500000000,2.000000000,59,67,0
2026-06-02T23:34:00,1780327306.065479040,r1,track_association,wall_like,accepted,selected_best_match,detection,0,139,confirmed,63,1,0.653284393,1.188308653,1.063420239,0.037276194,0.000000000,nan,nan,nan,nan,nan,nan,nan,nan,nan,8.000000000,0.300000000,1.800000000,3.000000000,nan,nan,nan,nan,nan,nan,nan,nan,nan,1.500000000,2.000000000,746,495,0
2026-06-02T23:34:00,1780327306.065479040,r1,track_association,wall_like,accepted,selected_best_match,detection,2,111,stale,100,4,1.395384980,3.403753160,1.037205824,0.039344960,0.000000000,nan,nan,nan,nan,nan,nan,nan,nan,nan,8.000000000,0.300000000,1.800000000,3.000000000,nan,nan,nan,nan,nan,nan,nan,nan,nan,1.500000000,2.000000000,394,753,0
2026-06-02T23:34:00,1780327306.065479040,r1,plane_young_span_merge,wall_like,accepted,young_span_merged_duplicate_track,track,171,111,confirmed,101,0,0.781567279,nan,1.011884777,0.063431530,0.000000000,nan,nan,nan,nan,nan,nan,nan,nan,nan,4.000000000,0.120000000,0.500000000,nan,nan,nan,nan,nan,nan,nan,nan,nan,nan,1.000000000,1.000000000,113,394,1
2026-06-02T23:34:01,1780327306.266479015,r1,track_association,wall_like,accepted,selected_best_match,detection,0,139,confirmed,64,0,0.306687171,0.689754819,0.226105235,0.014551723,0.000000000,nan,nan,nan,nan,nan,nan,nan,nan,nan,8.000000000,0.300000000,1.800000000,3.000000000,nan,nan,nan,nan,nan,nan,nan,nan,nan,1.500000000,2.000000000,924,746,0
2026-06-02T23:34:01,1780327306.467474222,r1,track_association,wall_like,accepted,selected_best_match,detection,0,139,confirmed,65,0,0.672504877,0.671511306,1.333902244,0.084578998,0.000000000,nan,nan,nan,nan,nan,nan,nan,nan,nan,8.000000000,0.300000000,1.800000000,3.000000000,nan,nan,nan,nan,nan,nan,nan,nan,nan,1.500000000,2.000000000,892,924,0
2026-06-02T23:34:01,1780327306.467474222,r1,track_association,wall_like,accepted,selected_best_match,detection,2,172,candidate,1,0,0.932170830,0.987472344,2.190018694,0.098778314,0.000000000,nan,nan,nan,nan,nan,nan,nan,nan,nan,8.000000000,0.300000000,1.800000000,3.000000000,nan,nan,nan,nan,nan,nan,nan,nan,nan,1.500000000,2.000000000,218,62,0
2026-06-02T23:34:01,1780327306.467474222,r1,track_association,wall_like,accepted,selected_best_match,detection,3,111,confirmed,102,1,1.612389393,2.638290924,5.341634380,0.019576436,0.000000000,nan,nan,nan,nan,nan,nan,nan,nan,nan,8.000000000,0.300000000,1.800000000,3.000000000,nan,nan,nan,nan,nan,nan,nan,nan,nan,1.500000000,2.000000000,189,753,0
2026-06-02T23:34:01,1780327306.665474176,r1,track_association,wall_like,accepted,selected_best_match,detection,0,139,confirmed,66,0,0.728366168,1.949994562,0.327627289,0.011224371,0.000000000,nan,nan,nan,nan,nan,nan,nan,nan,nan,8.000000000,0.300000000,1.800000000,3.000000000,nan,nan,nan,nan,nan,nan,nan,nan,nan,1.500000000,2.000000000,338,892,0
2026-06-02T23:34:01,1780327306.665474176,r1,track_association,wall_like,accepted,selected_best_match,detection,1,172,weak_tracked,2,0,0.555226749,1.008054867,1.166467110,0.022020022,0.000000000,nan,nan,nan,nan,nan,nan,nan,nan,nan,8.000000000,0.300000000,1.800000000,3.000000000,nan,nan,nan,nan,nan,nan,nan,nan,nan,1.500000000,2.000000000,285,218,0
2026-06-02T23:34:01,1780327306.665474176,r1,track_association,wall_like,accepted,selected_best_match,detection,2,147,weak_tracked,4,7,0.326851043,0.391915671,0.984702760,0.021937392,0.000000000,nan,nan,nan,nan,nan,nan,nan,nan,nan,8.000000000,0.300000000,1.800000000,3.000000000,nan,nan,nan,nan,nan,nan,nan,nan,nan,1.500000000,2.000000000,246,451,0
2026-06-02T23:34:01,1780327307.067473888,r1,track_association,wall_like,accepted,selected_best_match,detection,0,172,confirmed,3,1,0.661356602,1.130235642,1.468864242,0.030301007,0.000000000,nan,nan,nan,nan,nan,nan,nan,nan,nan,8.000000000,0.300000000,1.800000000,3.000000000,nan,nan,nan,nan,nan,nan,nan,nan,nan,1.500000000,2.000000000,354,285,0
2026-06-02T23:34:01,1780327307.067473888,r1,track_association,wall_like,accepted,selected_best_match,detection,1,139,confirmed,67,1,0.606481505,1.519762842,0.711281464,0.003295112,0.000000000,nan,nan,nan,nan,nan,nan,nan,nan,nan,8.000000000,0.300000000,1.800000000,3.000000000,nan,nan,nan,nan,nan,nan,nan,nan,nan,1.500000000,2.000000000,524,338,0
2026-06-02T23:34:01,1780327307.067473888,r1,track_association,wall_like,accepted,selected_best_match,detection,3,147,weak_tracked,5,1,0.285193893,0.238258477,1.537052000,0.004092870,0.000000000,nan,nan,nan,nan,nan,nan,nan,nan,nan,8.000000000,0.300000000,1.800000000,3.000000000,nan,nan,nan,nan,nan,nan,nan,nan,nan,1.500000000,2.000000000,264,246,0
2026-06-02T23:34:02,1780327307.265474081,r1,track_association,wall_like,accepted,selected_best_match,detection,0,172,confirmed,4,0,0.797588670,1.180806074,1.544881736,0.063262929,0.000000000,nan,nan,nan,nan,nan,nan,nan,nan,nan,8.000000000,0.300000000,1.800000000,3.000000000,nan,nan,nan,nan,nan,nan,nan,nan,nan,1.500000000,2.000000000,392,354,0
2026-06-02T23:34:02,1780327307.265474081,r1,track_association,wall_like,accepted,selected_best_match,detection,1,139,confirmed,68,0,1.076832951,1.831174571,1.289589624,0.091572817,0.000000000,nan,nan,nan,nan,nan,nan,nan,nan,nan,8.000000000,0.300000000,1.800000000,3.000000000,nan,nan,nan,nan,nan,nan,nan,nan,nan,1.500000000,2.000000000,581,524,0
2026-06-02T23:34:02,1780327307.265474081,r1,track_association,wall_like,accepted,selected_best_match,detection,3,147,weak_tracked,6,0,0.766667872,0.628765564,2.622746919,0.068770796,0.000000000,nan,nan,nan,nan,nan,nan,nan,nan,nan,8.000000000,0.300000000,1.800000000,3.000000000,nan,nan,nan,nan,nan,nan,nan,nan,nan,1.500000000,2.000000000,282,264,0
2026-06-02T23:34:02,1780327307.469705820,r1,track_association,wall_like,accepted,selected_best_match,detection,0,172,confirmed,5,0,0.715399043,1.073457079,1.469202851,0.052178898,0.000000000,nan,nan,nan,nan,nan,nan,nan,nan,nan,8.000000000,0.300000000,1.800000000,3.000000000,nan,nan,nan,nan,nan,nan,nan,nan,nan,1.500000000,2.000000000,411,392,0
2026-06-02T23:34:02,1780327307.469705820,r1,track_association,wall_like,accepted,selected_best_match,detection,1,139,confirmed,69,0,0.849205484,1.508205919,1.414706637,0.050889555,0.000000000,nan,nan,nan,nan,nan,nan,nan,nan,nan,8.000000000,0.300000000,1.800000000,3.000000000,nan,nan,nan,nan,nan,nan,nan,nan,nan,1.500000000,2.000000000,570,581,0
2026-06-02T23:34:02,1780327307.469705820,r1,track_association,wall_like,accepted,selected_best_match,detection,6,111,stale,103,4,0.837842918,1.894947101,1.135884329,0.019262503,0.000000000,nan,nan,nan,nan,nan,nan,nan,nan,nan,8.000000000,0.300000000,1.800000000,3.000000000,nan,nan,nan,nan,nan,nan,nan,nan,nan,1.500000000,2.000000000,505,189,0
2026-06-02T23:34:02,1780327307.469705820,r1,track_association,wall_like,rejected,normal_angle,detection,7,147,confirmed,7,0,nan,3.026656490,10.254277830,0.337982398,0.000000000,nan,nan,nan,nan,nan,nan,nan,nan,nan,8.000000000,0.300000000,1.800000000,3.000000000,nan,nan,nan,nan,nan,nan,nan,nan,nan,1.500000000,2.000000000,84,282,0
2026-06-02T23:34:02,1780327307.667706013,r1,track_association,wall_like,accepted,selected_best_match,detection,0,172,confirmed,6,0,0.508905610,0.950978070,0.989021621,0.020485565,0.000000000,nan,nan,nan,nan,nan,nan,nan,nan,nan,8.000000000,0.300000000,1.800000000,3.000000000,nan,nan,nan,nan,nan,nan,nan,nan,nan,1.500000000,2.000000000,653,411,0
2026-06-02T23:34:02,1780327307.667706013,r1,track_association,wall_like,accepted,selected_best_match,detection,1,139,confirmed,70,0,0.800593802,1.574989542,1.044328371,0.043516873,0.000000000,nan,nan,nan,nan,nan,nan,nan,nan,nan,8.000000000,0.300000000,1.800000000,3.000000000,nan,nan,nan,nan,nan,nan,nan,nan,nan,1.500000000,2.000000000,398,570,0
2026-06-02T23:34:02,1780327307.667706013,r1,track_association,wall_like,rejected,plane_offset,detection,3,147,confirmed,7,1,nan,3.824407541,2.468505560,0.354320361,0.555326000,nan,nan,nan,nan,nan,nan,nan,nan,nan,8.000000000,0.300000000,1.800000000,3.000000000,nan,nan,nan,nan,nan,nan,nan,nan,nan,1.500000000,2.000000000,52,282,0
2026-06-02T23:34:02,1780327307.667706013,r1,track_association,pillar_like,accepted,selected_best_match,detection,4,150,weak_tracked,3,30,0.652442588,0.219202682,nan,nan,nan,nan,nan,nan,nan,nan,0.144071384,0.958110160,0.161430359,0.183760166,nan,nan,nan,nan,nan,nan,nan,nan,nan,0.500000000,0.300000000,0.800000000,0.600000000,1.500000000,2.000000000,35,35,0
2026-06-02T23:34:02,1780327307.865706205,r1,track_association,wall_like,accepted,selected_best_match,detection,0,172,confirmed,7,0,0.461154343,1.028359282,0.755617841,0.007174706,0.000000000,nan,nan,nan,nan,nan,nan,nan,nan,nan,8.000000000,0.300000000,1.800000000,3.000000000,nan,nan,nan,nan,nan,nan,nan,nan,nan,1.500000000,2.000000000,852,653,0
2026-06-02T23:34:02,1780327307.865706205,r1,track_association,wall_like,accepted,selected_best_match,detection,1,139,confirmed,71,0,0.534535934,1.389069408,0.347137795,0.008436172,0.000000000,nan,nan,nan,nan,nan,nan,nan,nan,nan,8.000000000,0.300000000,1.800000000,3.000000000,nan,nan,nan,nan,nan,nan,nan,nan,nan,1.500000000,2.000000000,501,398,0
2026-06-02T23:34:02,1780327307.865706205,r1,track_association,pillar_like,accepted,selected_best_match,detection,3,165,stale,7,11,0.309196593,0.259946330,nan,nan,nan,nan,nan,nan,nan,nan,0.047540148,0.941815159,0.309448957,0.096385002,nan,nan,nan,nan,nan,nan,nan,nan,nan,0.800000000,0.300000000,0.800000000,0.600000000,1.500000000,2.000000000,96,84,0
2026-06-02T23:34:02,1780327308.090706110,r1,track_association,wall_like,accepted,selected_best_match,detection,0,172,confirmed,8,0,0.602736517,1.288553850,0.981770406,0.015149180,0.000000000,nan,nan,nan,nan,nan,nan,nan,nan,nan,8.000000000,0.300000000,1.800000000,3.000000000,nan,nan,nan,nan,nan,nan,nan,nan,nan,1.500000000,2.000000000,850,852,0
2026-06-02T23:34:02,1780327308.090706110,r1,track_association,wall_like,accepted,selected_best_match,detection,2,139,confirmed,72,0,0.133651549,0.113287659,0.279459185,0.018286979,0.000000000,nan,nan,nan,nan,nan,nan,nan,nan,nan,8.000000000,0.300000000,1.800000000,3.000000000,nan,nan,nan,nan,nan,nan,nan,nan,nan,1.500000000,2.000000000,243,501,0
2026-06-02T23:34:02,1780327308.090706110,r1,track_association,pillar_like,accepted,selected_best_match,detection,5,165,confirmed,8,0,0.244028473,0.325100059,nan,nan,nan,nan,nan,nan,nan,nan,0.068182372,0.963227740,0.485524416,0.013403416,nan,nan,nan,nan,nan,nan,nan,nan,nan,0.500000000,0.300000000,0.800000000,0.600000000,1.500000000,2.000000000,90,96,0
2026-06-02T23:34:03,1780327308.267706156,r1,track_association,wall_like,accepted,selected_best_match,detection,0,172,confirmed,9,0,0.529163581,1.192485121,0.647511174,0.015218893,0.000000000,nan,nan,nan,nan,nan,nan,nan,nan,nan,8.000000000,0.300000000,1.800000000,3.000000000,nan,nan,nan,nan,nan,nan,nan,nan,nan,1.500000000,2.000000000,1055,850,0
2026-06-02T23:34:03,1780327308.267706156,r1,track_association,wall_like,accepted,selected_best_match,detection,1,176,candidate,1,0,0.473486203,1.380979918,0.085615792,0.000737277,0.000000000,nan,nan,nan,nan,nan,nan,nan,nan,nan,8.000000000,0.300000000,1.800000000,3.000000000,nan,nan,nan,nan,nan,nan,nan,nan,nan,1.500000000,2.000000000,240,133,0
2026-06-02T23:34:03,1780327308.468705893,r1,track_association,wall_like,accepted,selected_best_match,detection,0,172,confirmed,10,0,0.417437847,1.060284313,0.357558600,0.005794475,0.000000000,nan,nan,nan,nan,nan,nan,nan,nan,nan,8.000000000,0.300000000,1.800000000,3.000000000,nan,nan,nan,nan,nan,nan,nan,nan,nan,1.500000000,2.000000000,1113,1055,0
2026-06-02T23:34:03,1780327308.690706015,r1,track_association,wall_like,accepted,selected_best_match,detection,0,172,confirmed,11,0,0.787694650,1.583692136,1.461706781,0.023125177,0.000000000,nan,nan,nan,nan,nan,nan,nan,nan,nan,8.000000000,0.300000000,1.800000000,3.000000000,nan,nan,nan,nan,nan,nan,nan,nan,nan,1.500000000,2.000000000,1152,1113,0
2026-06-02T23:34:03,1780327308.891705990,r1,track_association,wall_like,accepted,selected_best_match,detection,0,172,confirmed,73,0,0.965686594,2.610778948,0.383757997,0.014237158,0.000000000,nan,nan,nan,nan,nan,nan,nan,nan,nan,8.000000000,0.300000000,1.800000000,3.000000000,nan,nan,nan,nan,nan,nan,nan,nan,nan,1.500000000,2.000000000,864,1152,0
2026-06-02T23:34:03,1780327309.068706036,r1,track_association,wall_like,accepted,selected_best_match,detection,0,172,confirmed,74,0,0.821430297,1.947472364,1.026996909,0.013169469,0.000000000,nan,nan,nan,nan,nan,nan,nan,nan,nan,8.000000000,0.300000000,1.800000000,3.000000000,nan,nan,nan,nan,nan,nan,nan,nan,nan,1.500000000,2.000000000,882,864,0
2026-06-02T23:34:04,1780327309.266706228,r1,track_association,wall_like,accepted,selected_best_match,detection,0,172,confirmed,75,0,0.495445020,0.754692389,1.134010109,0.030638888,0.000000000,nan,nan,nan,nan,nan,nan,nan,nan,nan,8.000000000,0.300000000,1.800000000,3.000000000,nan,nan,nan,nan,nan,nan,nan,nan,nan,1.500000000,2.000000000,1321,882,0
2026-06-02T23:34:04,1780327309.467701197,r1,track_association,wall_like,accepted,selected_best_match,detection,0,172,confirmed,76,0,0.571394138,1.064141172,1.335193332,0.014934374,0.000000000,nan,nan,nan,nan,nan,nan,nan,nan,nan,8.000000000,0.300000000,1.800000000,3.000000000,nan,nan,nan,nan,nan,nan,nan,nan,nan,1.500000000,2.000000000,1016,1321,0
2026-06-02T23:34:04,1780327309.467701197,r1,track_association,wall_like,accepted,selected_best_match,detection,1,177,candidate,1,0,0.808943616,1.043008018,0.983662685,0.101494932,0.000000000,nan,nan,nan,nan,nan,nan,nan,nan,nan,8.000000000,0.300000000,1.800000000,3.000000000,nan,nan,nan,nan,nan,nan,nan,nan,nan,1.500000000,2.000000000,114,97,0
2026-06-02T23:34:04,1780327309.467701197,r1,track_association,wall_like,accepted,selected_best_match,detection,2,147,stale,7,10,0.710190577,1.232063808,1.898993807,0.018638525,0.000000000,nan,nan,nan,nan,nan,nan,nan,nan,nan,8.000000000,0.300000000,1.800000000,3.000000000,nan,nan,nan,nan,nan,nan,nan,nan,nan,1.500000000,2.000000000,217,282,0
2026-06-02T23:34:04,1780327309.467701197,r1,track_association,wall_like,rejected,normal_angle,detection,2,174,candidate,1,9,nan,3.958144130,11.800108318,0.297307231,0.000000000,nan,nan,nan,nan,nan,nan,nan,nan,nan,8.000000000,0.300000000,1.800000000,3.000000000,nan,nan,nan,nan,nan,nan,nan,nan,nan,1.500000000,2.000000000,217,84,0
2026-06-02T23:34:04,1780327309.665701151,r1,track_association,wall_like,accepted,selected_best_match,detection,0,172,confirmed,77,0,0.185311595,0.329014878,0.575867073,0.001096975,0.000000000,nan,nan,nan,nan,nan,nan,nan,nan,nan,8.000000000,0.300000000,1.800000000,3.000000000,nan,nan,nan,nan,nan,nan,nan,nan,nan,1.500000000,2.000000000,1443,1016,0
2026-06-02T23:34:04,1780327309.665701151,r1,track_association,wall_like,accepted,selected_best_match,detection,1,177,weak_tracked,2,0,0.450090103,0.773953012,0.243875378,0.048486403,0.000000000,nan,nan,nan,nan,nan,nan,nan,nan,nan,8.000000000,0.300000000,1.800000000,3.000000000,nan,nan,nan,nan,nan,nan,nan,nan,nan,1.500000000,2.000000000,200,114,0
2026-06-02T23:34:04,1780327309.665701151,r1,track_association,wall_like,accepted,selected_best_match,detection,2,147,confirmed,8,0,0.387643111,0.570306226,0.920526578,0.024742564,0.000000000,nan,nan,nan,nan,nan,nan,nan,nan,nan,8.000000000,0.300000000,1.800000000,3.000000000,nan,nan,nan,nan,nan,nan,nan,nan,nan,1.500000000,2.000000000,268,217,0
2026-06-02T23:34:04,1780327309.665701151,r1,track_association,wall_like,rejected,normal_angle,detection,2,174,candidate,1,10,nan,3.809768201,9.964654416,0.400410931,0.000000000,nan,nan,nan,nan,nan,nan,nan,nan,nan,8.000000000,0.300000000,1.800000000,3.000000000,nan,nan,nan,nan,nan,nan,nan,nan,nan,1.500000000,2.000000000,268,84,0
2026-06-02T23:34:04,1780327309.665701151,r1,track_association,wall_like,rejected,plane_offset,detection,2,175,candidate,1,9,nan,3.069673147,1.663141242,0.318766359,0.000000000,nan,nan,nan,nan,nan,nan,nan,nan,nan,8.000000000,0.300000000,1.800000000,3.000000000,nan,nan,nan,nan,nan,nan,nan,nan,nan,1.500000000,2.000000000,268,52,0
2026-06-02T23:34:04,1780327309.866700888,r1,track_association,wall_like,accepted,selected_best_match,detection,0,172,confirmed,78,0,0.547941945,0.544404121,2.247843813,0.025648028,0.000000000,nan,nan,nan,nan,nan,nan,nan,nan,nan,8.000000000,0.300000000,1.800000000,3.000000000,nan,nan,nan,nan,nan,nan,nan,nan,nan,1.500000000,2.000000000,1457,1443,0
2026-06-02T23:34:04,1780327309.866700888,r1,track_association,wall_like,accepted,selected_best_match,detection,1,177,confirmed,3,0,0.844304659,0.917251136,1.368925654,0.110231572,0.000000000,nan,nan,nan,nan,nan,nan,nan,nan,nan,8.000000000,0.300000000,1.800000000,3.000000000,nan,nan,nan,nan,nan,nan,nan,nan,nan,1.500000000,2.000000000,268,200,0
2026-06-02T23:34:04,1780327309.866700888,r1,track_association,pillar_like,accepted,selected_best_match,detection,4,178,candidate,1,0,0.511694160,0.171561982,nan,nan,nan,nan,nan,nan,nan,nan,0.137817820,1.000000000,0.282373905,0.124692678,nan,nan,nan,nan,nan,nan,nan,nan,nan,0.500000000,0.300000000,0.800000000,0.600000000,1.500000000,2.000000000,86,113,0
2026-06-02T23:34:04,1780327310.067700863,r1,track_association,wall_like,accepted,selected_best_match,detection,0,172,confirmed,79,0,0.611338479,1.693061216,0.188735644,0.007017836,0.000000000,nan,nan,nan,nan,nan,nan,nan,nan,nan,8.000000000,0.300000000,1.800000000,3.000000000,nan,nan,nan,nan,nan,nan,nan,nan,nan,1.500000000,2.000000000,1825,1457,0
2026-06-02T23:34:04,1780327310.067700863,r1,track_association,pillar_like,accepted,selected_best_match,detection,2,178,weak_tracked,2,0,0.181518826,0.118998408,nan,nan,nan,nan,nan,nan,nan,nan,0.017441518,0.991445121,0.202880263,0.070675731,nan,nan,nan,nan,nan,nan,nan,nan,nan,0.500000000,0.300000000,0.800000000,0.600000000,1.500000000,2.000000000,101,86,0
2026-06-02T23:34:05,1780327310.265701056,r1,track_association,wall_like,accepted,selected_best_match,detection,0,172,confirmed,80,0,0.172560837,0.381753682,0.172363390,0.007129256,0.000000000,nan,nan,nan,nan,nan,nan,nan,nan,nan,8.000000000,0.300000000,1.800000000,3.000000000,nan,nan,nan,nan,nan,nan,nan,nan,nan,1.500000000,2.000000000,1358,1825,0
2026-06-02T23:34:05,1780327310.265701056,r1,track_association,wall_like,accepted,selected_best_match,detection,2,147,confirmed,9,2,0.817756380,1.635799814,1.631132894,0.020579449,0.000000000,nan,nan,nan,nan,nan,nan,nan,nan,nan,8.000000000,0.300000000,1.800000000,3.000000000,nan,nan,nan,nan,nan,nan,nan,nan,nan,1.500000000,2.000000000,202,268,0
2026-06-02T23:34:05,1780327310.265701056,r1,track_association,wall_like,rejected,normal_angle,detection,2,174,candidate,1,13,nan,2.058586787,11.398137705,0.312404988,0.000000000,nan,nan,nan,nan,nan,nan,nan,nan,nan,8.000000000,0.300000000,1.800000000,3.000000000,nan,nan,nan,nan,nan,nan,nan,nan,nan,1.500000000,2.000000000,202,84,0
2026-06-02T23:34:05,1780327310.265701056,r1,track_association,wall_like,accepted,selected_best_match,detection,3,175,candidate,1,12,2.468248015,2.880960906,0.135630521,0.171197172,1.656569983,nan,nan,nan,nan,nan,nan,nan,nan,nan,8.000000000,0.300000000,1.800000000,3.000000000,nan,nan,nan,nan,nan,nan,nan,nan,nan,1.500000000,2.000000000,50,52,0
2026-06-02T23:34:05,1780327310.265701056,r1,track_association,wall_like,accepted,selected_best_match,detection,4,111,stale,104,13,1.756589995,3.675081901,1.299108251,0.110752249,0.000000000,nan,nan,nan,nan,nan,nan,nan,nan,nan,8.000000000,0.300000000,1.800000000,3.000000000,nan,nan,nan,nan,nan,nan,nan,nan,nan,1.500000000,2.000000000,221,505,0
2026-06-02T23:34:05,1780327310.265701056,r1,track_association,pillar_like,accepted,selected_best_match,detection,5,170,candidate,1,21,0.995943302,0.331196297,nan,nan,nan,nan,nan,nan,nan,nan,0.071055602,0.825461093,0.028365016,0.405874014,nan,nan,nan,nan,nan,nan,nan,nan,nan,0.500000000,0.300000000,0.800000000,0.600000000,1.500000000,2.000000000,40,34,0
2026-06-02T23:34:05,1780327310.466701031,r1,track_association,wall_like,accepted,selected_best_match,detection,0,172,confirmed,81,0,0.692683599,1.217802945,1.499221307,0.029803986,0.000000000,nan,nan,nan,nan,nan,nan,nan,nan,nan,8.000000000,0.300000000,1.800000000,3.000000000,nan,nan,nan,nan,nan,nan,nan,nan,nan,1.500000000,2.000000000,1827,1358,0
2026-06-02T23:34:05,1780327310.667701244,r1,track_association,wall_like,accepted,selected_best_match,detection,0,172,confirmed,82,0,0.250724754,0.537986285,0.384020946,0.007018012,0.000000000,nan,nan,nan,nan,nan,nan,nan,nan,nan,8.000000000,0.300000000,1.800000000,3.000000000,nan,nan,nan,nan,nan,nan,nan,nan,nan,1.500000000,2.000000000,1580,1827,0
2026-06-02T23:34:05,1780327310.865700960,r1,track_association,wall_like,accepted,selected_best_match,detection,0,172,confirmed,83,0,0.382692609,0.861583022,0.502437965,0.009808057,0.000000000,nan,nan,nan,nan,nan,nan,nan,nan,nan,8.000000000,0.300000000,1.800000000,3.000000000,nan,nan,nan,nan,nan,nan,nan,nan,nan,1.500000000,2.000000000,1768,1580,0
2026-06-02T23:34:05,1780327311.069700956,r1,track_association,wall_like,accepted,selected_best_match,detection,0,172,confirmed,84,0,0.757317026,0.802076045,3.196504769,0.027118574,0.000000000,nan,nan,nan,nan,nan,nan,nan,nan,nan,8.000000000,0.300000000,1.800000000,3.000000000,nan,nan,nan,nan,nan,nan,nan,nan,nan,1.500000000,2.000000000,829,1768,0
2026-06-02T23:34:06,1780327311.267700911,r1,track_association,wall_like,accepted,selected_best_match,detection,0,172,confirmed,85,0,0.252467497,0.377190106,0.936947092,0.002885723,0.000000000,nan,nan,nan,nan,nan,nan,nan,nan,nan,8.000000000,0.300000000,1.800000000,3.000000000,nan,nan,nan,nan,nan,nan,nan,nan,nan,1.500000000,2.000000000,1610,829,0
2026-06-02T23:34:06,1780327311.468696117,r1,track_association,wall_like,accepted,selected_best_match,detection,0,172,confirmed,86,0,0.710262212,1.275387317,1.480712865,0.030013199,0.000000000,nan,nan,nan,nan,nan,nan,nan,nan,nan,8.000000000,0.300000000,1.800000000,3.000000000,nan,nan,nan,nan,nan,nan,nan,nan,nan,1.500000000,2.000000000,1235,1610,0
2026-06-02T23:34:06,1780327311.468696117,r1,track_association,wall_like,accepted,selected_best_match,detection,2,111,stale,105,5,0.193770280,0.151238020,0.495548616,0.024424209,0.000000000,nan,nan,nan,nan,nan,nan,nan,nan,nan,8.000000000,0.300000000,1.800000000,3.000000000,nan,nan,nan,nan,nan,nan,nan,nan,nan,1.500000000,2.000000000,549,221,0
2026-06-02T23:34:06,1780327311.666695833,r1,track_association,wall_like,accepted,selected_best_match,detection,0,172,confirmed,87,0,0.772699362,1.190226584,1.868141456,0.042731846,0.000000000,nan,nan,nan,nan,nan,nan,nan,nan,nan,8.000000000,0.300000000,1.800000000,3.000000000,nan,nan,nan,nan,nan,nan,nan,nan,nan,1.500000000,2.000000000,1200,1235,0
2026-06-02T23:34:06,1780327311.666695833,r1,track_association,wall_like,accepted,selected_best_match,detection,3,147,stale,10,6,0.666401093,0.790640483,1.360095672,0.069852692,0.000000000,nan,nan,nan,nan,nan,nan,nan,nan,nan,8.000000000,0.300000000,1.800000000,3.000000000,nan,nan,nan,nan,nan,nan,nan,nan,nan,1.500000000,2.000000000,229,202,0
2026-06-02T23:34:06,1780327311.666695833,r1,track_association,wall_like,rejected,normal_angle,detection,3,174,candidate,1,20,nan,3.796981653,10.649181213,0.392436111,0.000000000,nan,nan,nan,nan,nan,nan,nan,nan,nan,8.000000000,0.300000000,1.800000000,3.000000000,nan,nan,nan,nan,nan,nan,nan,nan,nan,1.500000000,2.000000000,229,84,0
2026-06-02T23:34:06,1780327311.666695833,r1,track_association,wall_like,accepted,selected_best_match,detection,4,111,confirmed,106,0,0.299032726,0.490845808,0.664097390,0.015721585,0.000000000,nan,nan,nan,nan,nan,nan,nan,nan,nan,8.000000000,0.300000000,1.800000000,3.000000000,nan,nan,nan,nan,nan,nan,nan,nan,nan,1.500000000,2.000000000,493,549,0
2026-06-02T23:34:06,1780327311.867696047,r1,track_association,wall_like,accepted,selected_best_match,detection,0,172,confirmed,88,0,0.537217055,0.791842839,1.476953951,0.026595060,0.000000000,nan,nan,nan,nan,nan,nan,nan,nan,nan,8.000000000,0.300000000,1.800000000,3.000000000,nan,nan,nan,nan,nan,nan,nan,nan,nan,1.500000000,2.000000000,1117,1200,0
2026-06-02T23:34:06,1780327311.867696047,r1,track_association,wall_like,accepted,selected_best_match,detection,2,181,candidate,1,0,0.449986212,0.848343098,1.093957331,0.009138154,0.000000000,nan,nan,nan,nan,nan,nan,nan,nan,nan,8.000000000,0.300000000,1.800000000,3.000000000,nan,nan,nan,nan,nan,nan,nan,nan,nan,1.500000000,2.000000000,92,294,0
2026-06-02T23:34:06,1780327311.867696047,r1,track_association,pillar_like,accepted,selected_best_match,detection,3,178,stale,3,8,0.299309117,0.202737498,nan,nan,nan,nan,nan,nan,nan,nan,0.194625114,0.993818031,0.091161132,0.024437785,nan,nan,nan,nan,nan,nan,nan,nan,nan,0.800000000,0.300000000,0.800000000,0.600000000,1.500000000,2.000000000,88,101,0
2026-06-02T23:34:06,1780327312.068696022,r1,track_association,wall_like,accepted,selected_best_match,detection,0,172,confirmed,89,0,0.486233537,0.885613132,1.237059570,0.010919014,0.000000000,nan,nan,nan,nan,nan,nan,nan,nan,nan,8.000000000,0.300000000,1.800000000,3.000000000,nan,nan,nan,nan,nan,nan,nan,nan,nan,1.500000000,2.000000000,1601,1117,0
2026-06-02T23:34:06,1780327312.068696022,r1,track_association,wall_like,accepted,selected_best_match,detection,2,111,confirmed,107,1,0.249757359,0.412464045,0.631911951,0.009984105,0.000000000,nan,nan,nan,nan,nan,nan,nan,nan,nan,8.000000000,0.300000000,1.800000000,3.000000000,nan,nan,nan,nan,nan,nan,nan,nan,nan,1.500000000,2.000000000,555,493,0
2026-06-02T23:34:06,1780327312.068696022,r1,track_association,pillar_like,accepted,selected_best_match,detection,4,165,stale,9,19,0.396905678,0.068540244,nan,nan,nan,nan,nan,nan,nan,nan,0.055279876,1.000000000,0.772990346,0.150304079,nan,nan,nan,nan,nan,nan,nan,nan,nan,0.800000000,0.300000000,0.800000000,0.600000000,1.500000000,2.000000000,135,90,0
2026-06-02T23:34:07,1780327312.269696236,r1,track_association,wall_like,accepted,selected_best_match,detection,0,172,confirmed,90,0,0.539696552,1.021948605,1.100464066,0.018446702,0.000000000,nan,nan,nan,nan,nan,nan,nan,nan,nan,8.000000000,0.300000000,1.800000000,3.000000000,nan,nan,nan,nan,nan,nan,nan,nan,nan,1.500000000,2.000000000,1231,1601,0
2026-06-02T23:34:07,1780327312.269696236,r1,track_association,wall_like,accepted,selected_best_match,detection,3,111,confirmed,108,0,0.100553072,0.088590144,0.497298766,0.002658203,0.000000000,nan,nan,nan,nan,nan,nan,nan,nan,nan,8.000000000,0.300000000,1.800000000,3.000000000,nan,nan,nan,nan,nan,nan,nan,nan,nan,1.500000000,2.000000000,614,555,0
2026-06-02T23:34:07,1780327312.269696236,r1,track_association,wall_like,accepted,selected_best_match,detection,4,147,confirmed,11,2,0.630510189,0.913887732,1.159484107,0.054283629,0.000000000,nan,nan,nan,nan,nan,nan,nan,nan,nan,8.000000000,0.300000000,1.800000000,3.000000000,nan,nan,nan,nan,nan,nan,nan,nan,nan,1.500000000,2.000000000,400,229,0
2026-06-02T23:34:07,1780327312.269696236,r1,track_association,wall_like,rejected,normal_angle,detection,4,174,candidate,1,23,nan,3.739349431,10.738799535,0.253390832,0.000000000,nan,nan,nan,nan,nan,nan,nan,nan,nan,8.000000000,0.300000000,1.800000000,3.000000000,nan,nan,nan,nan,nan,nan,nan,nan,nan,1.500000000,2.000000000,400,84,0
2026-06-02T23:34:07,1780327312.488690853,r1,track_association,wall_like,accepted,selected_best_match,detection,0,172,confirmed,91,0,0.368068331,0.666298851,0.786493752,0.014297098,0.000000000,nan,nan,nan,nan,nan,nan,nan,nan,nan,8.000000000,0.300000000,1.800000000,3.000000000,nan,nan,nan,nan,nan,nan,nan,nan,nan,1.500000000,2.000000000,1287,1231,0
2026-06-02T23:34:07,1780327312.488690853,r1,track_association,wall_like,accepted,selected_best_match,detection,2,183,candidate,1,0,0.263952574,0.430181914,0.294727543,0.025115298,0.000000000,nan,nan,nan,nan,nan,nan,nan,nan,nan,8.000000000,0.300000000,1.800000000,3.000000000,nan,nan,nan,nan,nan,nan,nan,nan,nan,1.500000000,2.000000000,298,189,0
2026-06-02T23:34:07,1780327312.488690853,r1,track_association,wall_like,accepted,selected_best_match,detection,3,147,confirmed,12,0,1.052229045,0.935668993,3.283304491,0.098977896,0.000000000,nan,nan,nan,nan,nan,nan,nan,nan,nan,8.000000000,0.300000000,1.800000000,3.000000000,nan,nan,nan,nan,nan,nan,nan,nan,nan,1.500000000,2.000000000,97,400,0
2026-06-02T23:34:07,1780327312.488690853,r1,track_association,pillar_like,accepted,selected_best_match,detection,5,178,stale,4,2,0.340392871,0.184533946,nan,nan,nan,nan,nan,nan,nan,nan,0.181364529,1.000000000,0.188737035,0.056888103,nan,nan,nan,nan,nan,nan,nan,nan,nan,0.800000000,0.300000000,0.800000000,0.600000000,1.500000000,2.000000000,88,88,0
2026-06-02T23:34:07,1780327312.668691158,r1,track_association,wall_like,accepted,selected_best_match,detection,0,172,confirmed,92,0,0.249297923,0.425382837,0.597511720,0.009844404,0.000000000,nan,nan,nan,nan,nan,nan,nan,nan,nan,8.000000000,0.300000000,1.800000000,3.000000000,nan,nan,nan,nan,nan,nan,nan,nan,nan,1.500000000,2.000000000,1136,1287,0
2026-06-02T23:34:07,1780327312.668691158,r1,track_association,wall_like,accepted,selected_best_match,detection,2,183,weak_tracked,2,0,0.235240764,0.300051353,0.497282968,0.021918983,0.000000000,nan,nan,nan,nan,nan,nan,nan,nan,nan,8.000000000,0.300000000,1.800000000,3.000000000,nan,nan,nan,nan,nan,nan,nan,nan,nan,1.500000000,2.000000000,202,298,0
2026-06-02T23:34:07,1780327312.668691158,r1,track_association,wall_like,accepted,selected_best_match,detection,3,111,confirmed,109,1,0.163575992,0.200375624,0.388121073,0.014480695,0.000000000,nan,nan,nan,nan,nan,nan,nan,nan,nan,8.000000000,0.300000000,1.800000000,3.000000000,nan,nan,nan,nan,nan,nan,nan,nan,nan,1.500000000,2.000000000,676,614,0
2026-06-02T23:34:07,1780327312.869691133,r1,track_association,wall_like,accepted,selected_best_match,detection,0,172,confirmed,93,0,0.139751062,0.215439455,0.506535671,0.001386286,0.000000000,nan,nan,nan,nan,nan,nan,nan,nan,nan,8.000000000,0.300000000,1.800000000,3.000000000,nan,nan,nan,nan,nan,nan,nan,nan,nan,1.500000000,2.000000000,1146,1136,0
2026-06-02T23:34:07,1780327312.869691133,r1,track_association,wall_like,accepted,selected_best_match,detection,2,183,confirmed,3,0,0.151830313,0.283380182,0.306554632,0.005715277,0.000000000,nan,nan,nan,nan,nan,nan,nan,nan,nan,8.000000000,0.300000000,1.800000000,3.000000000,nan,nan,nan,nan,nan,nan,nan,nan,nan,1.500000000,2.000000000,292,202,0
2026-06-02T23:34:07,1780327313.067690849,r1,track_association,wall_like,accepted,selected_best_match,detection,0,172,confirmed,94,0,0.130171211,0.161879814,0.399847538,0.007869099,0.000000000,nan,nan,nan,nan,nan,nan,nan,nan,nan,8.000000000,0.300000000,1.800000000,3.000000000,nan,nan,nan,nan,nan,nan,nan,nan,nan,1.500000000,2.000000000,1302,1146,0
2026-06-02T23:34:07,1780327313.067690849,r1,track_association,wall_like,accepted,selected_best_match,detection,2,183,confirmed,4,0,0.136273391,0.173284246,0.193743363,0.016288217,0.000000000,nan,nan,nan,nan,nan,nan,nan,nan,nan,8.000000000,0.300000000,1.800000000,3.000000000,nan,nan,nan,nan,nan,nan,nan,nan,nan,1.500000000,2.000000000,287,292,0
2026-06-02T23:34:07,1780327313.067690849,r1,track_association,pillar_like,accepted,selected_best_match,detection,3,178,stale,5,2,0.242088795,0.133026012,nan,nan,nan,nan,nan,nan,nan,nan,0.121342338,1.000000000,0.242274642,0.039710045,nan,nan,nan,nan,nan,nan,nan,nan,nan,0.800000000,0.300000000,0.800000000,0.600000000,1.500000000,2.000000000,108,88,0
2026-06-02T23:34:08,1780327313.265690804,r1,track_association,wall_like,accepted,selected_best_match,detection,0,172,confirmed,95,0,0.110008452,0.113545909,0.339180581,0.008928673,0.000000000,nan,nan,nan,nan,nan,nan,nan,nan,nan,8.000000000,0.300000000,1.800000000,3.000000000,nan,nan,nan,nan,nan,nan,nan,nan,nan,1.500000000,2.000000000,1307,1302,0
2026-06-02T23:34:08,1780327313.265690804,r1,track_association,wall_like,accepted,selected_best_match,detection,2,183,confirmed,5,0,0.106218510,0.098510922,0.105055971,0.018074862,0.000000000,nan,nan,nan,nan,nan,nan,nan,nan,nan,8.000000000,0.300000000,1.800000000,3.000000000,nan,nan,nan,nan,nan,nan,nan,nan,nan,1.500000000,2.000000000,290,287,0
2026-06-02T23:34:08,1780327313.469690800,r1,track_association,wall_like,accepted,selected_best_match,detection,0,172,confirmed,96,0,0.198745036,0.400328978,0.346831022,0.006584450,0.000000000,nan,nan,nan,nan,nan,nan,nan,nan,nan,8.000000000,0.300000000,1.800000000,3.000000000,nan,nan,nan,nan,nan,nan,nan,nan,nan,1.500000000,2.000000000,1207,1307,0
2026-06-02T23:34:08,1780327313.469690800,r1,track_association,wall_like,accepted,selected_best_match,detection,2,183,confirmed,6,0,0.049769491,0.067496247,0.100846463,0.004399480,0.000000000,nan,nan,nan,nan,nan,nan,nan,nan,nan,8.000000000,0.300000000,1.800000000,3.000000000,nan,nan,nan,nan,nan,nan,nan,nan,nan,1.500000000,2.000000000,286,290,0
2026-06-02T23:34:08,1780327313.469690800,r1,track_association,wall_like,accepted,selected_best_match,detection,3,111,confirmed,110,3,0.175349470,0.188029135,0.442529785,0.017207060,0.000000000,nan,nan,nan,nan,nan,nan,nan,nan,nan,8.000000000,0.300000000,1.800000000,3.000000000,nan,nan,nan,nan,nan,nan,nan,nan,nan,1.500000000,2.000000000,637,676,0
2026-06-02T23:34:08,1780327313.667691231,r1,track_association,wall_like,accepted,selected_best_match,detection,0,172,confirmed,97,0,0.141110430,0.094952660,0.704304808,0.006426433,0.000000000,nan,nan,nan,nan,nan,nan,nan,nan,nan,8.000000000,0.300000000,1.800000000,3.000000000,nan,nan,nan,nan,nan,nan,nan,nan,nan,1.500000000,2.000000000,1226,1207,0
2026-06-02T23:34:08,1780327313.667691231,r1,track_association,wall_like,accepted,selected_best_match,detection,2,183,confirmed,7,0,0.450398762,0.494688060,1.957234214,0.012254540,0.000000000,nan,nan,nan,nan,nan,nan,nan,nan,nan,8.000000000,0.300000000,1.800000000,3.000000000,nan,nan,nan,nan,nan,nan,nan,nan,nan,1.500000000,2.000000000,128,286,0
2026-06-02T23:34:08,1780327313.667691231,r1,track_association,pillar_like,accepted,selected_best_match,detection,3,165,stale,10,7,0.215356398,0.226477976,nan,nan,nan,nan,nan,nan,nan,nan,0.042408540,0.898775789,0.089638710,0.031294584,nan,nan,nan,nan,nan,nan,nan,nan,nan,0.800000000,0.300000000,0.800000000,0.600000000,1.500000000,2.000000000,161,135,0
2026-06-02T23:34:08,1780327313.868691206,r1,track_association,wall_like,accepted,selected_best_match,detection,0,172,confirmed,98,0,0.274355206,0.580500271,0.565136738,0.003063907,0.000000000,nan,nan,nan,nan,nan,nan,nan,nan,nan,8.000000000,0.300000000,1.800000000,3.000000000,nan,nan,nan,nan,nan,nan,nan,nan,nan,1.500000000,2.000000000,916,1226,0
2026-06-02T23:34:08,1780327313.868691206,r1,track_association,wall_like,accepted,selected_best_match,detection,2,183,confirmed,8,0,0.343857719,0.340953191,1.239559097,0.022578530,0.000000000,nan,nan,nan,nan,nan,nan,nan,nan,nan,8.000000000,0.300000000,1.800000000,3.000000000,nan,nan,nan,nan,nan,nan,nan,nan,nan,1.500000000,2.000000000,246,128,0
2026-06-02T23:34:08,1780327314.066690922,r1,track_association,wall_like,accepted,selected_best_match,detection,0,172,confirmed,99,0,0.155253943,0.316342557,0.282255387,0.004357350,0.000000000,nan,nan,nan,nan,nan,nan,nan,nan,nan,8.000000000,0.300000000,1.800000000,3.000000000,nan,nan,nan,nan,nan,nan,nan,nan,nan,1.500000000,2.000000000,1170,916,0
2026-06-02T23:34:08,1780327314.066690922,r1,track_association,wall_like,accepted,selected_best_match,detection,2,183,confirmed,9,0,0.553408777,1.238363733,0.529781317,0.022319460,0.000000000,nan,nan,nan,nan,nan,nan,nan,nan,nan,8.000000000,0.300000000,1.800000000,3.000000000,nan,nan,nan,nan,nan,nan,nan,nan,nan,1.500000000,2.000000000,51,246,0
2026-06-02T23:34:08,1780327314.066690922,r1,track_association,wall_like,accepted,selected_best_match,detection,3,111,confirmed,111,2,0.509740672,0.224204820,2.638001661,0.031576657,0.000000000,nan,nan,nan,nan,nan,nan,nan,nan,nan,8.000000000,0.300000000,1.800000000,3.000000000,nan,nan,nan,nan,nan,nan,nan,nan,nan,1.500000000,2.000000000,348,637,0
2026-06-02T23:34:09,1780327314.267690897,r1,track_association,wall_like,accepted,selected_best_match,detection,0,172,confirmed,100,0,0.260977016,0.173471569,1.506148997,0.004465360,0.000000000,nan,nan,nan,nan,nan,nan,nan,nan,nan,8.000000000,0.300000000,1.800000000,3.000000000,nan,nan,nan,nan,nan,nan,nan,nan,nan,1.500000000,2.000000000,865,1170,0
2026-06-02T23:34:09,1780327314.468691111,r1,track_association,wall_like,accepted,selected_best_match,detection,0,172,confirmed,101,0,0.153931859,0.285795246,0.325602913,0.005389924,0.000000000,nan,nan,nan,nan,nan,nan,nan,nan,nan,8.000000000,0.300000000,1.800000000,3.000000000,nan,nan,nan,nan,nan,nan,nan,nan,nan,1.500000000,2.000000000,1295,865,0
2026-06-02T23:34:09,1780327314.468691111,r1,track_association,wall_like,accepted,selected_best_match,detection,1,183,confirmed,10,1,0.192794342,0.472523139,0.051835048,0.008642174,0.000000000,nan,nan,nan,nan,nan,nan,nan,nan,nan,8.000000000,0.300000000,1.800000000,3.000000000,nan,nan,nan,nan,nan,nan,nan,nan,nan,1.500000000,2.000000000,251,51,0
2026-06-02T23:34:09,1780327314.468691111,r1,track_association,wall_like,accepted,selected_best_match,detection,2,111,confirmed,112,1,0.163546059,0.201533225,0.151875493,0.023215164,0.000000000,nan,nan,nan,nan,nan,nan,nan,nan,nan,8.000000000,0.300000000,1.800000000,3.000000000,nan,nan,nan,nan,nan,nan,nan,nan,nan,1.500000000,2.000000000,536,348,0
2026-06-02T23:34:09,1780327314.468691111,r1,track_association,pillar_like,accepted,selected_best_match,detection,3,178,stale,6,6,0.179408629,0.126909793,nan,nan,nan,nan,nan,nan,nan,nan,0.109417231,1.000000000,0.358358026,0.004080772,nan,nan,nan,nan,nan,nan,nan,nan,nan,0.800000000,0.300000000,0.800000000,0.600000000,1.500000000,2.000000000,78,108,0
2026-06-02T23:34:09,1780327314.666685820,r1,track_association,wall_like,accepted,selected_best_match,detection,0,183,confirmed,102,0,3.368064414,9.013100013,1.848562033,0.039788247,0.000000000,nan,nan,nan,nan,nan,nan,nan,nan,nan,8.000000000,0.300000000,1.800000000,3.000000000,nan,nan,nan,nan,nan,nan,nan,nan,nan,1.500000000,2.000000000,742,1295,0
2026-06-02T23:34:09,1780327314.906685829,r1,track_association,wall_like,accepted,selected_best_match,detection,0,183,confirmed,103,0,1.871092992,5.159541167,0.989953558,0.008250522,0.000000000,nan,nan,nan,nan,nan,nan,nan,nan,nan,8.000000000,0.300000000,1.800000000,3.000000000,nan,nan,nan,nan,nan,nan,nan,nan,nan,1.500000000,2.000000000,1261,742,0
2026-06-02T23:34:09,1780327314.906685829,r1,track_association,wall_like,accepted,selected_best_match,detection,2,111,confirmed,113,1,0.147829166,0.184802040,0.414824557,0.010312625,0.000000000,nan,nan,nan,nan,nan,nan,nan,nan,nan,8.000000000,0.300000000,1.800000000,3.000000000,nan,nan,nan,nan,nan,nan,nan,nan,nan,1.500000000,2.000000000,549,536,0
2026-06-02T23:34:09,1780327314.906685829,r1,track_association,pillar_like,accepted,selected_best_match,detection,5,178,confirmed,7,1,0.232267358,0.166978158,nan,nan,nan,nan,nan,nan,nan,nan,0.066885411,0.919857240,0.004064202,0.010768414,nan,nan,nan,nan,nan,nan,nan,nan,nan,0.500000000,0.300000000,0.800000000,0.600000000,1.500000000,2.000000000,71,78,0
2026-06-02T23:34:09,1780327314.906685829,r1,track_association,pipe_like,rejected,axial_overlap_gap,detection,6,182,candidate,1,14,nan,1.005256328,nan,nan,nan,1.340139171,0.078384910,0.004069705,0.000000000,0.312029872,nan,nan,nan,nan,nan,nan,nan,nan,14.000000000,0.120000000,0.030000000,0.200000000,0.250000000,nan,nan,nan,nan,1.500000000,2.000000000,10,10,0
2026-06-02T23:34:09,1780327314.906685829,r1,pipe_track_deduplication,pipe_like,rejected,young_mature_policy,track,182,186,candidate,1,0,1.940588240,1.005256328,nan,nan,nan,1.340139171,0.078384910,0.004069705,0.000000000,0.312029872,nan,nan,nan,nan,nan,nan,nan,nan,14.000000000,0.170000000,0.030000000,0.200000000,0.250000000,nan,nan,nan,nan,1.500000000,2.000000000,10,10,1
2026-06-02T23:34:09,1780327315.068686247,r1,pipe_track_deduplication,pipe_like,rejected,young_mature_policy,track,182,186,candidate,1,0,1.940588240,1.005256328,nan,nan,nan,1.340139171,0.078384910,0.004069705,0.000000000,0.312029872,nan,nan,nan,nan,nan,nan,nan,nan,14.000000000,0.170000000,0.030000000,0.200000000,0.250000000,nan,nan,nan,nan,1.500000000,2.000000000,10,10,1
2026-06-02T23:34:09,1780327315.068686247,r1,track_association,wall_like,accepted,selected_best_match,detection,0,183,confirmed,104,0,1.857287851,5.289711623,0.431236585,0.012043821,0.000000000,nan,nan,nan,nan,nan,nan,nan,nan,nan,8.000000000,0.300000000,1.800000000,3.000000000,nan,nan,nan,nan,nan,nan,nan,nan,nan,1.500000000,2.000000000,1421,1261,0
2026-06-02T23:34:09,1780327315.068686247,r1,track_association,wall_like,accepted,selected_best_match,detection,2,111,confirmed,114,0,0.143577700,0.281003862,0.355687732,0.001634634,0.000000000,nan,nan,nan,nan,nan,nan,nan,nan,nan,8.000000000,0.300000000,1.800000000,3.000000000,nan,nan,nan,nan,nan,nan,nan,nan,nan,1.500000000,2.000000000,489,549,0
2026-06-02T23:34:09,1780327315.068686247,r1,track_association,wall_like,accepted,selected_best_match,detection,3,147,stale,13,12,0.566511852,0.589269240,2.632681857,0.012301062,0.000000000,nan,nan,nan,nan,nan,nan,nan,nan,nan,8.000000000,0.300000000,1.800000000,3.000000000,nan,nan,nan,nan,nan,nan,nan,nan,nan,1.500000000,2.000000000,183,97,0
2026-06-02T23:34:09,1780327315.068686247,r1,track_association,wall_like,rejected,normal_angle,detection,3,174,candidate,1,37,nan,3.649669686,10.148920843,0.407240249,0.000000000,nan,nan,nan,nan,nan,nan,nan,nan,nan,8.000000000,0.300000000,1.800000000,3.000000000,nan,nan,nan,nan,nan,nan,nan,nan,nan,1.500000000,2.000000000,183,84,0
2026-06-02T23:34:09,1780327315.068686247,r1,track_association,pillar_like,accepted,selected_best_match,detection,4,178,confirmed,8,0,0.257414618,0.168118185,nan,nan,nan,nan,nan,nan,nan,nan,0.067588301,0.930718887,0.046294570,0.028996468,nan,nan,nan,nan,nan,nan,nan,nan,nan,0.500000000,0.300000000,0.800000000,0.600000000,1.500000000,2.000000000,88,71,0
2026-06-02T23:34:09,1780327315.068686247,r1,pipe_track_deduplication,pipe_like,rejected,young_mature_policy,track,182,186,candidate,1,0,1.940588240,1.005256328,nan,nan,nan,1.340139171,0.078384910,0.004069705,0.000000000,0.312029872,nan,nan,nan,nan,nan,nan,nan,nan,14.000000000,0.170000000,0.030000000,0.200000000,0.250000000,nan,nan,nan,nan,1.500000000,2.000000000,10,10,1
2026-06-02T23:34:10,1780327315.266686201,r1,pipe_track_deduplication,pipe_like,rejected,young_mature_policy,track,182,186,candidate,1,1,1.940588240,1.005256328,nan,nan,nan,1.340139171,0.078384910,0.004069705,0.000000000,0.312029872,nan,nan,nan,nan,nan,nan,nan,nan,14.000000000,0.170000000,0.030000000,0.200000000,0.250000000,nan,nan,nan,nan,1.500000000,2.000000000,10,10,1
2026-06-02T23:34:10,1780327315.266686201,r1,track_association,wall_like,accepted,selected_best_match,detection,0,183,confirmed,105,0,1.419182699,4.113269387,0.157495592,0.008521786,0.000000000,nan,nan,nan,nan,nan,nan,nan,nan,nan,8.000000000,0.300000000,1.800000000,3.000000000,nan,nan,nan,nan,nan,nan,nan,nan,nan,1.500000000,2.000000000,1269,1421,0
2026-06-02T23:34:10,1780327315.266686201,r1,pipe_track_deduplication,pipe_like,rejected,young_mature_policy,track,182,186,candidate,1,1,1.940588240,1.005256328,nan,nan,nan,1.340139171,0.078384910,0.004069705,0.000000000,0.312029872,nan,nan,nan,nan,nan,nan,nan,nan,14.000000000,0.170000000,0.030000000,0.200000000,0.250000000,nan,nan,nan,nan,1.500000000,2.000000000,10,10,1
2026-06-02T23:34:10,1780327315.488680840,r1,pipe_track_deduplication,pipe_like,rejected,young_mature_policy,track,182,186,candidate,1,2,1.940588240,1.005256328,nan,nan,nan,1.340139171,0.078384910,0.004069705,0.000000000,0.312029872,nan,nan,nan,nan,nan,nan,nan,nan,14.000000000,0.170000000,0.030000000,0.200000000,0.250000000,nan,nan,nan,nan,1.500000000,2.000000000,10,10,1
2026-06-02T23:34:10,1780327315.488680840,r1,track_association,wall_like,accepted,selected_best_match,detection,0,183,confirmed,106,0,1.128338999,3.093658938,0.404977458,0.013949151,0.000000000,nan,nan,nan,nan,nan,nan,nan,nan,nan,8.000000000,0.300000000,1.800000000,3.000000000,nan,nan,nan,nan,nan,nan,nan,nan,nan,1.500000000,2.000000000,1168,1269,0
2026-06-02T23:34:10,1780327315.488680840,r1,pipe_track_deduplication,pipe_like,rejected,young_mature_policy,track,182,186,candidate,1,2,1.940588240,1.005256328,nan,nan,nan,1.340139171,0.078384910,0.004069705,0.000000000,0.312029872,nan,nan,nan,nan,nan,nan,nan,nan,14.000000000,0.170000000,0.030000000,0.200000000,0.250000000,nan,nan,nan,nan,1.500000000,2.000000000,10,10,1
2026-06-02T23:34:10,1780327315.665681124,r1,pipe_track_deduplication,pipe_like,rejected,young_mature_policy,track,182,186,candidate,1,3,1.940588240,1.005256328,nan,nan,nan,1.340139171,0.078384910,0.004069705,0.000000000,0.312029872,nan,nan,nan,nan,nan,nan,nan,nan,14.000000000,0.170000000,0.030000000,0.200000000,0.250000000,nan,nan,nan,nan,1.500000000,2.000000000,10,10,1
2026-06-02T23:34:10,1780327315.665681124,r1,track_association,wall_like,accepted,selected_best_match,detection,0,183,confirmed,107,0,0.792653553,2.167774196,0.373484474,0.007012979,0.000000000,nan,nan,nan,nan,nan,nan,nan,nan,nan,8.000000000,0.300000000,1.800000000,3.000000000,nan,nan,nan,nan,nan,nan,nan,nan,nan,1.500000000,2.000000000,1400,1168,0
2026-06-02T23:34:10,1780327315.665681124,r1,track_association,pillar_like,accepted,selected_best_match,detection,2,178,confirmed,9,2,0.302937645,0.209559557,nan,nan,nan,nan,nan,nan,nan,nan,0.060578693,0.942364461,0.201513052,0.062396049,nan,nan,nan,nan,nan,nan,nan,nan,nan,0.500000000,0.300000000,0.800000000,0.600000000,1.500000000,2.000000000,81,88,0
2026-06-02T23:34:10,1780327315.665681124,r1,pipe_track_deduplication,pipe_like,rejected,young_mature_policy,track,182,186,candidate,1,3,1.940588240,1.005256328,nan,nan,nan,1.340139171,0.078384910,0.004069705,0.000000000,0.312029872,nan,nan,nan,nan,nan,nan,nan,nan,14.000000000,0.170000000,0.030000000,0.200000000,0.250000000,nan,nan,nan,nan,1.500000000,2.000000000,10,10,1
2026-06-02T23:34:10,1780327315.866681099,r1,pipe_track_deduplication,pipe_like,rejected,young_mature_policy,track,182,186,candidate,1,4,1.940588240,1.005256328,nan,nan,nan,1.340139171,0.078384910,0.004069705,0.000000000,0.312029872,nan,nan,nan,nan,nan,nan,nan,nan,14.000000000,0.170000000,0.030000000,0.200000000,0.250000000,nan,nan,nan,nan,1.500000000,2.000000000,10,10,1
2026-06-02T23:34:10,1780327315.866681099,r1,track_association,wall_like,accepted,selected_best_match,detection,0,183,confirmed,108,0,0.707966097,1.755259106,0.855897658,0.004767756,0.000000000,nan,nan,nan,nan,nan,nan,nan,nan,nan,8.000000000,0.300000000,1.800000000,3.000000000,nan,nan,nan,nan,nan,nan,nan,nan,nan,1.500000000,2.000000000,1160,1400,0
2026-06-02T23:34:10,1780327315.866681099,r1,track_association,wall_like,accepted,selected_best_match,detection,1,111,confirmed,115,3,0.312672783,0.132492625,1.843023600,0.011439188,0.000000000,nan,nan,nan,nan,nan,nan,nan,nan,nan,8.000000000,0.300000000,1.800000000,3.000000000,nan,nan,nan,nan,nan,nan,nan,nan,nan,1.500000000,2.000000000,311,489,0
2026-06-02T23:34:10,1780327315.866681099,r1,pipe_track_deduplication,pipe_like,rejected,young_mature_policy,track,182,186,candidate,1,4,1.940588240,1.005256328,nan,nan,nan,1.340139171,0.078384910,0.004069705,0.000000000,0.312029872,nan,nan,nan,nan,nan,nan,nan,nan,14.000000000,0.170000000,0.030000000,0.200000000,0.250000000,nan,nan,nan,nan,1.500000000,2.000000000,10,10,1
2026-06-02T23:34:10,1780327316.067681074,r1,pipe_track_deduplication,pipe_like,rejected,young_mature_policy,track,182,186,candidate,1,5,1.940588240,1.005256328,nan,nan,nan,1.340139171,0.078384910,0.004069705,0.000000000,0.312029872,nan,nan,nan,nan,nan,nan,nan,nan,14.000000000,0.170000000,0.030000000,0.200000000,0.250000000,nan,nan,nan,nan,1.500000000,2.000000000,10,10,1
2026-06-02T23:34:10,1780327316.067681074,r1,track_association,wall_like,accepted,selected_best_match,detection,0,183,confirmed,109,0,0.487317205,1.363218452,0.117793592,0.005456057,0.000000000,nan,nan,nan,nan,nan,nan,nan,nan,nan,8.000000000,0.300000000,1.800000000,3.000000000,nan,nan,nan,nan,nan,nan,nan,nan,nan,1.500000000,2.000000000,1275,1160,0
2026-06-02T23:34:10,1780327316.067681074,r1,track_association,pillar_like,accepted,selected_best_match,detection,2,178,confirmed,10,1,0.212452244,0.046277478,nan,nan,nan,nan,nan,nan,nan,nan,0.041885374,1.000000000,0.251776338,0.062102318,nan,nan,nan,nan,nan,nan,nan,nan,nan,0.500000000,0.300000000,0.800000000,0.600000000,1.500000000,2.000000000,86,81,0
2026-06-02T23:34:10,1780327316.067681074,r1,pipe_track_deduplication,pipe_like,rejected,young_mature_policy,track,182,186,candidate,1,5,1.940588240,1.005256328,nan,nan,nan,1.340139171,0.078384910,0.004069705,0.000000000,0.312029872,nan,nan,nan,nan,nan,nan,nan,nan,14.000000000,0.170000000,0.030000000,0.200000000,0.250000000,nan,nan,nan,nan,1.500000000,2.000000000,10,10,1
2026-06-02T23:34:11,1780327316.268680811,r1,pipe_track_deduplication,pipe_like,rejected,young_mature_policy,track,182,186,candidate,1,6,1.940588240,1.005256328,nan,nan,nan,1.340139171,0.078384910,0.004069705,0.000000000,0.312029872,nan,nan,nan,nan,nan,nan,nan,nan,14.000000000,0.170000000,0.030000000,0.200000000,0.250000000,nan,nan,nan,nan,1.500000000,2.000000000,10,10,1
2026-06-02T23:34:11,1780327316.268680811,r1,track_association,wall_like,accepted,selected_best_match,detection,0,183,confirmed,110,0,0.629474155,1.332520456,0.980651421,0.018815772,0.000000000,nan,nan,nan,nan,nan,nan,nan,nan,nan,8.000000000,0.300000000,1.800000000,3.000000000,nan,nan,nan,nan,nan,nan,nan,nan,nan,1.500000000,2.000000000,1201,1275,0
2026-06-02T23:34:11,1780327316.268680811,r1,track_association,pillar_like,accepted,selected_best_match,detection,2,178,confirmed,11,0,0.292067348,0.163845186,nan,nan,nan,nan,nan,nan,nan,nan,0.109545598,0.996115169,0.230050087,0.027651787,nan,nan,nan,nan,nan,nan,nan,nan,nan,0.500000000,0.300000000,0.800000000,0.600000000,1.500000000,2.000000000,77,86,0
2026-06-02T23:34:11,1780327316.268680811,r1,pipe_track_deduplication,pipe_like,rejected,young_mature_policy,track,182,186,candidate,1,6,1.940588240,1.005256328,nan,nan,nan,1.340139171,0.078384910,0.004069705,0.000000000,0.312029872,nan,nan,nan,nan,nan,nan,nan,nan,14.000000000,0.170000000,0.030000000,0.200000000,0.250000000,nan,nan,nan,nan,1.500000000,2.000000000,10,10,1
2026-06-02T23:34:11,1780327316.478681087,r1,pipe_track_deduplication,pipe_like,rejected,young_mature_policy,track,182,186,candidate,1,7,1.940588240,1.005256328,nan,nan,nan,1.340139171,0.078384910,0.004069705,0.000000000,0.312029872,nan,nan,nan,nan,nan,nan,nan,nan,14.000000000,0.170000000,0.030000000,0.200000000,0.250000000,nan,nan,nan,nan,1.500000000,2.000000000,10,10,1
2026-06-02T23:34:11,1780327316.478681087,r1,track_association,wall_like,accepted,selected_best_match,detection,0,183,confirmed,111,0,0.553693552,1.162376380,0.938913598,0.014661168,0.000000000,nan,nan,nan,nan,nan,nan,nan,nan,nan,8.000000000,0.300000000,1.800000000,3.000000000,nan,nan,nan,nan,nan,nan,nan,nan,nan,1.500000000,2.000000000,1435,1201,0
2026-06-02T23:34:11,1780327316.478681087,r1,track_association,pillar_like,accepted,selected_best_match,detection,2,178,confirmed,12,0,0.283903542,0.178950705,nan,nan,nan,nan,nan,nan,nan,nan,0.099203613,0.923970220,0.031118870,0.003812790,nan,nan,nan,nan,nan,nan,nan,nan,nan,0.500000000,0.300000000,0.800000000,0.600000000,1.500000000,2.000000000,86,77,0
2026-06-02T23:34:11,1780327316.478681087,r1,pipe_track_deduplication,pipe_like,rejected,young_mature_policy,track,182,186,candidate,1,7,1.940588240,1.005256328,nan,nan,nan,1.340139171,0.078384910,0.004069705,0.000000000,0.312029872,nan,nan,nan,nan,nan,nan,nan,nan,14.000000000,0.170000000,0.030000000,0.200000000,0.250000000,nan,nan,nan,nan,1.500000000,2.000000000,10,10,1
2026-06-02T23:34:11,1780327316.688681126,r1,pipe_track_deduplication,pipe_like,rejected,young_mature_policy,track,182,186,candidate,1,8,1.940588240,1.005256328,nan,nan,nan,1.340139171,0.078384910,0.004069705,0.000000000,0.312029872,nan,nan,nan,nan,nan,nan,nan,nan,14.000000000,0.170000000,0.030000000,0.200000000,0.250000000,nan,nan,nan,nan,1.500000000,2.000000000,10,10,1
2026-06-02T23:34:11,1780327316.688681126,r1,track_association,wall_like,accepted,selected_best_match,detection,0,183,confirmed,112,0,0.353635763,0.858382121,0.415201445,0.004682463,0.000000000,nan,nan,nan,nan,nan,nan,nan,nan,nan,8.000000000,0.300000000,1.800000000,3.000000000,nan,nan,nan,nan,nan,nan,nan,nan,nan,1.500000000,2.000000000,1465,1435,0
2026-06-02T23:34:11,1780327316.688681126,r1,pipe_track_deduplication,pipe_like,rejected,young_mature_policy,track,182,186,candidate,1,8,1.940588240,1.005256328,nan,nan,nan,1.340139171,0.078384910,0.004069705,0.000000000,0.312029872,nan,nan,nan,nan,nan,nan,nan,nan,14.000000000,0.170000000,0.030000000,0.200000000,0.250000000,nan,nan,nan,nan,1.500000000,2.000000000,10,10,1
2026-06-02T23:34:11,1780327316.868681192,r1,pipe_track_deduplication,pipe_like,rejected,young_mature_policy,track,182,186,candidate,1,9,1.940588240,1.005256328,nan,nan,nan,1.340139171,0.078384910,0.004069705,0.000000000,0.312029872,nan,nan,nan,nan,nan,nan,nan,nan,14.000000000,0.170000000,0.030000000,0.200000000,0.250000000,nan,nan,nan,nan,1.500000000,2.000000000,10,10,1
2026-06-02T23:34:11,1780327316.868681192,r1,track_association,wall_like,accepted,selected_best_match,detection,0,183,confirmed,113,0,0.516754511,1.280783246,0.451594025,0.010013253,0.000000000,nan,nan,nan,nan,nan,nan,nan,nan,nan,8.000000000,0.300000000,1.800000000,3.000000000,nan,nan,nan,nan,nan,nan,nan,nan,nan,1.500000000,2.000000000,1261,1465,0
2026-06-02T23:34:11,1780327316.868681192,r1,track_association,wall_like,accepted,selected_best_match,detection,2,147,stale,14,8,0.410063072,0.307168905,1.989285203,0.017703836,0.000000000,nan,nan,nan,nan,nan,nan,nan,nan,nan,8.000000000,0.300000000,1.800000000,3.000000000,nan,nan,nan,nan,nan,nan,nan,nan,nan,1.500000000,2.000000000,150,183,0
2026-06-02T23:34:11,1780327316.868681192,r1,track_association,wall_like,rejected,normal_angle,detection,2,174,candidate,1,46,nan,2.959822944,9.398834125,0.318220826,0.000000000,nan,nan,nan,nan,nan,nan,nan,nan,nan,8.000000000,0.300000000,1.800000000,3.000000000,nan,nan,nan,nan,nan,nan,nan,nan,nan,1.500000000,2.000000000,150,84,0
2026-06-02T23:34:11,1780327316.868681192,r1,track_association,wall_like,accepted,selected_best_match,detection,3,111,stale,116,4,0.224494695,0.397929629,0.714164043,0.000774294,0.000000000,nan,nan,nan,nan,nan,nan,nan,nan,nan,8.000000000,0.300000000,1.800000000,3.000000000,nan,nan,nan,nan,nan,nan,nan,nan,nan,1.500000000,2.000000000,462,311,0
2026-06-02T23:34:11,1780327316.868681192,r1,track_association,pillar_like,accepted,selected_best_match,detection,4,194,candidate,1,1,0.208745338,0.097772469,nan,nan,nan,nan,nan,nan,nan,nan,0.079550891,0.984813904,0.061210155,0.017001867,nan,nan,nan,nan,nan,nan,nan,nan,nan,0.500000000,0.300000000,0.800000000,0.600000000,1.500000000,2.000000000,91,79,0
2026-06-02T23:34:11,1780327316.868681192,r1,track_association,pillar_like,accepted,selected_best_match,detection,5,173,candidate,1,47,1.157591659,0.259305813,nan,nan,nan,nan,nan,nan,nan,nan,0.239570452,1.000000000,0.223927617,0.393634796,nan,nan,nan,nan,nan,nan,nan,nan,nan,0.500000000,0.300000000,0.800000000,0.600000000,1.500000000,2.000000000,84,59,0
2026-06-02T23:34:11,1780327316.868681192,r1,pipe_track_deduplication,pipe_like,rejected,young_mature_policy,track,182,186,candidate,1,9,1.940588240,1.005256328,nan,nan,nan,1.340139171,0.078384910,0.004069705,0.000000000,0.312029872,nan,nan,nan,nan,nan,nan,nan,nan,14.000000000,0.170000000,0.030000000,0.200000000,0.250000000,nan,nan,nan,nan,1.500000000,2.000000000,10,10,1
2026-06-02T23:34:11,1780327317.069681168,r1,pipe_track_deduplication,pipe_like,rejected,young_mature_policy,track,182,186,candidate,1,10,1.940588240,1.005256328,nan,nan,nan,1.340139171,0.078384910,0.004069705,0.000000000,0.312029872,nan,nan,nan,nan,nan,nan,nan,nan,14.000000000,0.170000000,0.030000000,0.200000000,0.250000000,nan,nan,nan,nan,1.500000000,2.000000000,10,10,1
2026-06-02T23:34:11,1780327317.069681168,r1,track_association,wall_like,accepted,selected_best_match,detection,0,183,confirmed,114,0,0.728502385,1.426238321,1.317333100,0.026526892,0.000000000,nan,nan,nan,nan,nan,nan,nan,nan,nan,8.000000000,0.300000000,1.800000000,3.000000000,nan,nan,nan,nan,nan,nan,nan,nan,nan,1.500000000,2.000000000,1158,1261,0
2026-06-02T23:34:11,1780327317.069681168,r1,track_association,wall_like,accepted,selected_best_match,detection,2,111,confirmed,117,0,0.234286119,0.257201706,0.980989767,0.007778549,0.000000000,nan,nan,nan,nan,nan,nan,nan,nan,nan,8.000000000,0.300000000,1.800000000,3.000000000,nan,nan,nan,nan,nan,nan,nan,nan,nan,1.500000000,2.000000000,524,462,0
2026-06-02T23:34:11,1780327317.069681168,r1,track_association,pillar_like,accepted,selected_best_match,detection,3,178,confirmed,13,2,0.415395798,0.391146502,nan,nan,nan,nan,nan,nan,nan,nan,0.100054952,0.794212424,0.036443472,0.003512383,nan,nan,nan,nan,nan,nan,nan,nan,nan,0.500000000,0.300000000,0.800000000,0.600000000,1.500000000,2.000000000,69,86,0
2026-06-02T23:34:11,1780327317.069681168,r1,pipe_track_deduplication,pipe_like,rejected,young_mature_policy,track,182,186,candidate,1,10,1.940588240,1.005256328,nan,nan,nan,1.340139171,0.078384910,0.004069705,0.000000000,0.312029872,nan,nan,nan,nan,nan,nan,nan,nan,14.000000000,0.170000000,0.030000000,0.200000000,0.250000000,nan,nan,nan,nan,1.500000000,2.000000000,10,10,1
2026-06-02T23:34:12,1780327317.267680883,r1,pipe_track_deduplication,pipe_like,rejected,young_mature_policy,track,182,186,candidate,1,11,1.940588240,1.005256328,nan,nan,nan,1.340139171,0.078384910,0.004069705,0.000000000,0.312029872,nan,nan,nan,nan,nan,nan,nan,nan,14.000000000,0.170000000,0.030000000,0.200000000,0.250000000,nan,nan,nan,nan,1.500000000,2.000000000,10,10,1
2026-06-02T23:34:12,1780327317.267680883,r1,track_association,wall_like,accepted,selected_best_match,detection,0,183,confirmed,115,0,0.501814530,0.148943838,2.258070484,0.050972332,0.000000000,nan,nan,nan,nan,nan,nan,nan,nan,nan,8.000000000,0.300000000,1.800000000,3.000000000,nan,nan,nan,nan,nan,nan,nan,nan,nan,1.500000000,2.000000000,1524,1158,0
2026-06-02T23:34:12,1780327317.267680883,r1,pipe_track_deduplication,pipe_like,rejected,young_mature_policy,track,182,186,candidate,1,11,1.940588240,1.005256328,nan,nan,nan,1.340139171,0.078384910,0.004069705,0.000000000,0.312029872,nan,nan,nan,nan,nan,nan,nan,nan,14.000000000,0.170000000,0.030000000,0.200000000,0.250000000,nan,nan,nan,nan,1.500000000,2.000000000,10,10,1
2026-06-02T23:34:12,1780327317.465681076,r1,pipe_track_deduplication,pipe_like,rejected,young_mature_policy,track,182,186,candidate,1,12,1.940588240,1.005256328,nan,nan,nan,1.340139171,0.078384910,0.004069705,0.000000000,0.312029872,nan,nan,nan,nan,nan,nan,nan,nan,14.000000000,0.170000000,0.030000000,0.200000000,0.250000000,nan,nan,nan,nan,1.500000000,2.000000000,10,10,1
2026-06-02T23:34:12,1780327317.465681076,r1,track_association,wall_like,accepted,selected_best_match,detection,0,183,confirmed,116,0,0.261277463,0.238729413,1.036127620,0.015655512,0.000000000,nan,nan,nan,nan,nan,nan,nan,nan,nan,8.000000000,0.300000000,1.800000000,3.000000000,nan,nan,nan,nan,nan,nan,nan,nan,nan,1.500000000,2.000000000,1414,1524,0
2026-06-02T23:34:12,1780327317.465681076,r1,track_association,pipe_like,rejected,axis_distance,detection,2,195,candidate,1,3,nan,0.294745220,nan,nan,nan,0.606856296,0.147745480,0.001195248,0.932501716,0.000000000,nan,nan,nan,nan,nan,nan,nan,nan,14.000000000,0.120000000,0.030000000,0.200000000,0.250000000,nan,nan,nan,nan,1.500000000,2.000000000,15,10,0
2026-06-02T23:34:12,1780327317.465681076,r1,pipe_track_deduplication,pipe_like,rejected,young_mature_policy,track,195,197,candidate,1,0,0.952279545,0.294745220,nan,nan,nan,0.606856296,0.147745480,0.001195248,0.932501716,0.000000000,nan,nan,nan,nan,nan,nan,nan,nan,14.000000000,0.170000000,0.030000000,0.200000000,0.250000000,nan,nan,nan,nan,1.500000000,2.000000000,10,15,1
2026-06-02T23:34:12,1780327317.465681076,r1,pipe_track_deduplication,pipe_like,rejected,young_mature_policy,track,182,186,candidate,1,12,1.940588240,1.005256328,nan,nan,nan,1.340139171,0.078384910,0.004069705,0.000000000,0.312029872,nan,nan,nan,nan,nan,nan,nan,nan,14.000000000,0.170000000,0.030000000,0.200000000,0.250000000,nan,nan,nan,nan,1.500000000,2.000000000,10,10,1
2026-06-02T23:34:12,1780327317.669676065,r1,pipe_track_deduplication,pipe_like,rejected,young_mature_policy,track,195,197,candidate,1,0,0.952279545,0.294745220,nan,nan,nan,0.606856296,0.147745480,0.001195248,0.932501716,0.000000000,nan,nan,nan,nan,nan,nan,nan,nan,14.000000000,0.170000000,0.030000000,0.200000000,0.250000000,nan,nan,nan,nan,1.500000000,2.000000000,10,15,1
2026-06-02T23:34:12,1780327317.669676065,r1,pipe_track_deduplication,pipe_like,rejected,young_mature_policy,track,182,186,candidate,1,13,1.940588240,1.005256328,nan,nan,nan,1.340139171,0.078384910,0.004069705,0.000000000,0.312029872,nan,nan,nan,nan,nan,nan,nan,nan,14.000000000,0.170000000,0.030000000,0.200000000,0.250000000,nan,nan,nan,nan,1.500000000,2.000000000,10,10,1
2026-06-02T23:34:12,1780327317.669676065,r1,track_association,wall_like,accepted,selected_best_match,detection,0,183,confirmed,117,0,0.258278421,0.126120939,1.080168297,0.024365121,0.000000000,nan,nan,nan,nan,nan,nan,nan,nan,nan,8.000000000,0.300000000,1.800000000,3.000000000,nan,nan,nan,nan,nan,nan,nan,nan,nan,1.500000000,2.000000000,1785,1414,0
2026-06-02T23:34:12,1780327317.669676065,r1,track_association,wall_like,accepted,selected_best_match,detection,2,184,candidate,1,25,0.588163235,0.509308146,1.850212732,0.056135179,0.000000000,nan,nan,nan,nan,nan,nan,nan,nan,nan,8.000000000,0.300000000,1.800000000,3.000000000,nan,nan,nan,nan,nan,nan,nan,nan,nan,1.500000000,2.000000000,162,56,0
2026-06-02T23:34:12,1780327317.669676065,r1,track_association,wall_like,rejected,plane_offset,detection,2,147,confirmed,15,3,nan,4.785768773,1.545137155,0.422853154,1.206894180,nan,nan,nan,nan,nan,nan,nan,nan,nan,8.000000000,0.300000000,1.800000000,3.000000000,nan,nan,nan,nan,nan,nan,nan,nan,nan,1.500000000,2.000000000,162,150,0
2026-06-02T23:34:12,1780327317.669676065,r1,pipe_track_deduplication,pipe_like,rejected,young_mature_policy,track,195,197,candidate,1,0,0.952279545,0.294745220,nan,nan,nan,0.606856296,0.147745480,0.001195248,0.932501716,0.000000000,nan,nan,nan,nan,nan,nan,nan,nan,14.000000000,0.170000000,0.030000000,0.200000000,0.250000000,nan,nan,nan,nan,1.500000000,2.000000000,10,15,1
2026-06-02T23:34:12,1780327317.669676065,r1,pipe_track_deduplication,pipe_like,rejected,young_mature_policy,track,182,186,candidate,1,13,1.940588240,1.005256328,nan,nan,nan,1.340139171,0.078384910,0.004069705,0.000000000,0.312029872,nan,nan,nan,nan,nan,nan,nan,nan,14.000000000,0.170000000,0.030000000,0.200000000,0.250000000,nan,nan,nan,nan,1.500000000,2.000000000,10,10,1
2026-06-02T23:34:12,1780327317.867676020,r1,pipe_track_deduplication,pipe_like,rejected,young_mature_policy,track,195,197,candidate,1,1,0.952279545,0.294745220,nan,nan,nan,0.606856296,0.147745480,0.001195248,0.932501716,0.000000000,nan,nan,nan,nan,nan,nan,nan,nan,14.000000000,0.170000000,0.030000000,0.200000000,0.250000000,nan,nan,nan,nan,1.500000000,2.000000000,10,15,1
2026-06-02T23:34:12,1780327317.867676020,r1,pipe_track_deduplication,pipe_like,rejected,young_mature_policy,track,182,186,candidate,1,14,1.940588240,1.005256328,nan,nan,nan,1.340139171,0.078384910,0.004069705,0.000000000,0.312029872,nan,nan,nan,nan,nan,nan,nan,nan,14.000000000,0.170000000,0.030000000,0.200000000,0.250000000,nan,nan,nan,nan,1.500000000,2.000000000,10,10,1
2026-06-02T23:34:12,1780327317.867676020,r1,track_association,wall_like,accepted,selected_best_match,detection,0,183,confirmed,118,0,0.099740021,0.140098601,0.206339120,0.008174429,0.000000000,nan,nan,nan,nan,nan,nan,nan,nan,nan,8.000000000,0.300000000,1.800000000,3.000000000,nan,nan,nan,nan,nan,nan,nan,nan,nan,1.500000000,2.000000000,1693,1785,0
2026-06-02T23:34:12,1780327317.867676020,r1,pipe_track_deduplication,pipe_like,rejected,young_mature_policy,track,195,197,candidate,1,1,0.952279545,0.294745220,nan,nan,nan,0.606856296,0.147745480,0.001195248,0.932501716,0.000000000,nan,nan,nan,nan,nan,nan,nan,nan,14.000000000,0.170000000,0.030000000,0.200000000,0.250000000,nan,nan,nan,nan,1.500000000,2.000000000,10,15,1
2026-06-02T23:34:12,1780327317.867676020,r1,pipe_track_deduplication,pipe_like,rejected,young_mature_policy,track,182,186,candidate,1,14,1.940588240,1.005256328,nan,nan,nan,1.340139171,0.078384910,0.004069705,0.000000000,0.312029872,nan,nan,nan,nan,nan,nan,nan,nan,14.000000000,0.170000000,0.030000000,0.200000000,0.250000000,nan,nan,nan,nan,1.500000000,2.000000000,10,10,1
2026-06-02T23:34:12,1780327318.068675995,r1,pipe_track_deduplication,pipe_like,rejected,young_mature_policy,track,195,197,candidate,1,2,0.952279545,0.294745220,nan,nan,nan,0.606856296,0.147745480,0.001195248,0.932501716,0.000000000,nan,nan,nan,nan,nan,nan,nan,nan,14.000000000,0.170000000,0.030000000,0.200000000,0.250000000,nan,nan,nan,nan,1.500000000,2.000000000,10,15,1
2026-06-02T23:34:12,1780327318.068675995,r1,pipe_track_deduplication,pipe_like,rejected,young_mature_policy,track,182,186,candidate,1,15,1.940588240,1.005256328,nan,nan,nan,1.340139171,0.078384910,0.004069705,0.000000000,0.312029872,nan,nan,nan,nan,nan,nan,nan,nan,14.000000000,0.170000000,0.030000000,0.200000000,0.250000000,nan,nan,nan,nan,1.500000000,2.000000000,10,10,1
2026-06-02T23:34:12,1780327318.068675995,r1,track_association,wall_like,accepted,selected_best_match,detection,0,183,confirmed,119,0,0.835972859,1.668315734,1.758509279,0.018016186,0.000000000,nan,nan,nan,nan,nan,nan,nan,nan,nan,8.000000000,0.300000000,1.800000000,3.000000000,nan,nan,nan,nan,nan,nan,nan,nan,nan,1.500000000,2.000000000,1208,1693,0
2026-06-02T23:34:12,1780327318.068675995,r1,track_association,pillar_like,accepted,selected_best_match,detection,3,178,stale,14,4,0.782529170,0.863415390,nan,nan,nan,nan,nan,nan,nan,nan,0.056272156,0.663058194,0.544573545,0.192473888,nan,nan,nan,nan,nan,nan,nan,nan,nan,0.800000000,0.300000000,0.800000000,0.600000000,1.500000000,2.000000000,89,69,0
2026-06-02T23:34:12,1780327318.068675995,r1,pipe_track_deduplication,pipe_like,rejected,young_mature_policy,track,195,197,candidate,1,2,0.952279545,0.294745220,nan,nan,nan,0.606856296,0.147745480,0.001195248,0.932501716,0.000000000,nan,nan,nan,nan,nan,nan,nan,nan,14.000000000,0.170000000,0.030000000,0.200000000,0.250000000,nan,nan,nan,nan,1.500000000,2.000000000,10,15,1
2026-06-02T23:34:12,1780327318.068675995,r1,pipe_track_deduplication,pipe_like,rejected,young_mature_policy,track,182,186,candidate,1,15,1.940588240,1.005256328,nan,nan,nan,1.340139171,0.078384910,0.004069705,0.000000000,0.312029872,nan,nan,nan,nan,nan,nan,nan,nan,14.000000000,0.170000000,0.030000000,0.200000000,0.250000000,nan,nan,nan,nan,1.500000000,2.000000000,10,10,1
2026-06-02T23:34:13,1780327318.266676188,r1,pipe_track_deduplication,pipe_like,rejected,young_mature_policy,track,195,197,candidate,1,3,0.952279545,0.294745220,nan,nan,nan,0.606856296,0.147745480,0.001195248,0.932501716,0.000000000,nan,nan,nan,nan,nan,nan,nan,nan,14.000000000,0.170000000,0.030000000,0.200000000,0.250000000,nan,nan,nan,nan,1.500000000,2.000000000,10,15,1
2026-06-02T23:34:13,1780327318.266676188,r1,pipe_track_deduplication,pipe_like,rejected,young_mature_policy,track,182,186,candidate,1,16,1.940588240,1.005256328,nan,nan,nan,1.340139171,0.078384910,0.004069705,0.000000000,0.312029872,nan,nan,nan,nan,nan,nan,nan,nan,14.000000000,0.170000000,0.030000000,0.200000000,0.250000000,nan,nan,nan,nan,1.500000000,2.000000000,10,10,1
2026-06-02T23:34:13,1780327318.266676188,r1,track_association,wall_like,accepted,selected_best_match,detection,0,183,confirmed,120,0,0.357533109,0.349626330,1.368816898,0.020966666,0.000000000,nan,nan,nan,nan,nan,nan,nan,nan,nan,8.000000000,0.300000000,1.800000000,3.000000000,nan,nan,nan,nan,nan,nan,nan,nan,nan,1.500000000,2.000000000,1700,1208,0
2026-06-02T23:34:13,1780327318.266676188,r1,pipe_track_deduplication,pipe_like,rejected,young_mature_policy,track,195,197,candidate,1,3,0.952279545,0.294745220,nan,nan,nan,0.606856296,0.147745480,0.001195248,0.932501716,0.000000000,nan,nan,nan,nan,nan,nan,nan,nan,14.000000000,0.170000000,0.030000000,0.200000000,0.250000000,nan,nan,nan,nan,1.500000000,2.000000000,10,15,1
2026-06-02T23:34:13,1780327318.266676188,r1,pipe_track_deduplication,pipe_like,rejected,young_mature_policy,track,182,186,candidate,1,16,1.940588240,1.005256328,nan,nan,nan,1.340139171,0.078384910,0.004069705,0.000000000,0.312029872,nan,nan,nan,nan,nan,nan,nan,nan,14.000000000,0.170000000,0.030000000,0.200000000,0.250000000,nan,nan,nan,nan,1.500000000,2.000000000,10,10,1
2026-06-02T23:34:13,1780327318.467676163,r1,pipe_track_deduplication,pipe_like,rejected,young_mature_policy,track,195,197,candidate,1,4,0.952279545,0.294745220,nan,nan,nan,0.606856296,0.147745480,0.001195248,0.932501716,0.000000000,nan,nan,nan,nan,nan,nan,nan,nan,14.000000000,0.170000000,0.030000000,0.200000000,0.250000000,nan,nan,nan,nan,1.500000000,2.000000000,10,15,1
2026-06-02T23:34:13,1780327318.467676163,r1,pipe_track_deduplication,pipe_like,rejected,young_mature_policy,track,182,186,candidate,1,17,1.940588240,1.005256328,nan,nan,nan,1.340139171,0.078384910,0.004069705,0.000000000,0.312029872,nan,nan,nan,nan,nan,nan,nan,nan,14.000000000,0.170000000,0.030000000,0.200000000,0.250000000,nan,nan,nan,nan,1.500000000,2.000000000,10,10,1
2026-06-02T23:34:13,1780327318.467676163,r1,track_association,wall_like,accepted,selected_best_match,detection,1,183,confirmed,121,0,0.287567578,0.244595825,1.606126919,0.001580931,0.000000000,nan,nan,nan,nan,nan,nan,nan,nan,nan,8.000000000,0.300000000,1.800000000,3.000000000,nan,nan,nan,nan,nan,nan,nan,nan,nan,1.500000000,2.000000000,790,1700,0
2026-06-02T23:34:13,1780327318.467676163,r1,track_association,wall_like,accepted,selected_best_match,detection,3,111,stale,118,6,0.190261065,0.467679401,0.113305075,0.006061439,0.000000000,nan,nan,nan,nan,nan,nan,nan,nan,nan,8.000000000,0.300000000,1.800000000,3.000000000,nan,nan,nan,nan,nan,nan,nan,nan,nan,1.500000000,2.000000000,337,524,0
2026-06-02T23:34:13,1780327318.467676163,r1,pipe_track_deduplication,pipe_like,rejected,young_mature_policy,track,195,197,candidate,1,4,0.952279545,0.294745220,nan,nan,nan,0.606856296,0.147745480,0.001195248,0.932501716,0.000000000,nan,nan,nan,nan,nan,nan,nan,nan,14.000000000,0.170000000,0.030000000,0.200000000,0.250000000,nan,nan,nan,nan,1.500000000,2.000000000,10,15,1
2026-06-02T23:34:13,1780327318.467676163,r1,pipe_track_deduplication,pipe_like,rejected,young_mature_policy,track,182,186,candidate,1,17,1.940588240,1.005256328,nan,nan,nan,1.340139171,0.078384910,0.004069705,0.000000000,0.312029872,nan,nan,nan,nan,nan,nan,nan,nan,14.000000000,0.170000000,0.030000000,0.200000000,0.250000000,nan,nan,nan,nan,1.500000000,2.000000000,10,10,1
2026-06-02T23:34:13,1780327318.665671110,r1,pipe_track_deduplication,pipe_like,rejected,young_mature_policy,track,195,197,candidate,1,5,0.952279545,0.294745220,nan,nan,nan,0.606856296,0.147745480,0.001195248,0.932501716,0.000000000,nan,nan,nan,nan,nan,nan,nan,nan,14.000000000,0.170000000,0.030000000,0.200000000,0.250000000,nan,nan,nan,nan,1.500000000,2.000000000,10,15,1
2026-06-02T23:34:13,1780327318.665671110,r1,pipe_track_deduplication,pipe_like,rejected,young_mature_policy,track,182,186,candidate,1,18,1.940588240,1.005256328,nan,nan,nan,1.340139171,0.078384910,0.004069705,0.000000000,0.312029872,nan,nan,nan,nan,nan,nan,nan,nan,14.000000000,0.170000000,0.030000000,0.200000000,0.250000000,nan,nan,nan,nan,1.500000000,2.000000000,10,10,1
2026-06-02T23:34:13,1780327318.665671110,r1,track_association,wall_like,accepted,selected_best_match,detection,0,183,confirmed,122,0,0.864847791,1.735337732,1.340340093,0.035657811,0.000000000,nan,nan,nan,nan,nan,nan,nan,nan,nan,8.000000000,0.300000000,1.800000000,3.000000000,nan,nan,nan,nan,nan,nan,nan,nan,nan,1.500000000,2.000000000,1138,790,0
2026-06-02T23:34:13,1780327318.665671110,r1,track_association,pillar_like,accepted,selected_best_match,detection,3,194,weak_tracked,2,8,0.154027670,0.076850883,nan,nan,nan,nan,nan,nan,nan,nan,0.068582404,1.000000000,0.087717295,0.004854679,nan,nan,nan,nan,nan,nan,nan,nan,nan,0.500000000,0.300000000,0.800000000,0.600000000,1.500000000,2.000000000,120,91,0
2026-06-02T23:34:13,1780327318.665671110,r1,pipe_track_deduplication,pipe_like,rejected,young_mature_policy,track,195,197,candidate,1,5,0.952279545,0.294745220,nan,nan,nan,0.606856296,0.147745480,0.001195248,0.932501716,0.000000000,nan,nan,nan,nan,nan,nan,nan,nan,14.000000000,0.170000000,0.030000000,0.200000000,0.250000000,nan,nan,nan,nan,1.500000000,2.000000000,10,15,1
2026-06-02T23:34:13,1780327318.665671110,r1,pipe_track_deduplication,pipe_like,rejected,young_mature_policy,track,182,186,candidate,1,18,1.940588240,1.005256328,nan,nan,nan,1.340139171,0.078384910,0.004069705,0.000000000,0.312029872,nan,nan,nan,nan,nan,nan,nan,nan,14.000000000,0.170000000,0.030000000,0.200000000,0.250000000,nan,nan,nan,nan,1.500000000,2.000000000,10,10,1
2026-06-02T23:34:13,1780327318.866671085,r1,pipe_track_deduplication,pipe_like,rejected,young_mature_policy,track,195,197,candidate,1,6,0.952279545,0.294745220,nan,nan,nan,0.606856296,0.147745480,0.001195248,0.932501716,0.000000000,nan,nan,nan,nan,nan,nan,nan,nan,14.000000000,0.170000000,0.030000000,0.200000000,0.250000000,nan,nan,nan,nan,1.500000000,2.000000000,10,15,1
2026-06-02T23:34:13,1780327318.866671085,r1,pipe_track_deduplication,pipe_like,rejected,young_mature_policy,track,186,182,candidate,1,34,1.940588240,1.005256328,nan,nan,nan,1.340139171,0.078384910,0.004069705,0.000000000,0.312029872,nan,nan,nan,nan,nan,nan,nan,nan,14.000000000,0.170000000,0.030000000,0.200000000,0.250000000,nan,nan,nan,nan,1.500000000,2.000000000,10,10,1
2026-06-02T23:34:13,1780327318.866671085,r1,track_association,wall_like,accepted,selected_best_match,detection,0,183,confirmed,123,0,0.285765248,0.545748696,0.397953498,0.016231449,0.000000000,nan,nan,nan,nan,nan,nan,nan,nan,nan,8.000000000,0.300000000,1.800000000,3.000000000,nan,nan,nan,nan,nan,nan,nan,nan,nan,1.500000000,2.000000000,1453,1138,0
2026-06-02T23:34:13,1780327318.866671085,r1,pipe_track_deduplication,pipe_like,rejected,young_mature_policy,track,195,197,candidate,1,6,0.952279545,0.294745220,nan,nan,nan,0.606856296,0.147745480,0.001195248,0.932501716,0.000000000,nan,nan,nan,nan,nan,nan,nan,nan,14.000000000,0.170000000,0.030000000,0.200000000,0.250000000,nan,nan,nan,nan,1.500000000,2.000000000,10,15,1
2026-06-02T23:34:13,1780327318.866671085,r1,pipe_track_deduplication,pipe_like,rejected,young_mature_policy,track,186,182,candidate,1,34,1.940588240,1.005256328,nan,nan,nan,1.340139171,0.078384910,0.004069705,0.000000000,0.312029872,nan,nan,nan,nan,nan,nan,nan,nan,14.000000000,0.170000000,0.030000000,0.200000000,0.250000000,nan,nan,nan,nan,1.500000000,2.000000000,10,10,1
2026-06-02T23:34:13,1780327319.070671082,r1,pipe_track_deduplication,pipe_like,rejected,young_mature_policy,track,195,197,candidate,1,7,0.952279545,0.294745220,nan,nan,nan,0.606856296,0.147745480,0.001195248,0.932501716,0.000000000,nan,nan,nan,nan,nan,nan,nan,nan,14.000000000,0.170000000,0.030000000,0.200000000,0.250000000,nan,nan,nan,nan,1.500000000,2.000000000,10,15,1
2026-06-02T23:34:13,1780327319.070671082,r1,pipe_track_deduplication,pipe_like,rejected,young_mature_policy,track,186,182,candidate,1,35,1.940588240,1.005256328,nan,nan,nan,1.340139171,0.078384910,0.004069705,0.000000000,0.312029872,nan,nan,nan,nan,nan,nan,nan,nan,14.000000000,0.170000000,0.030000000,0.200000000,0.250000000,nan,nan,nan,nan,1.500000000,2.000000000,10,10,1
2026-06-02T23:34:13,1780327319.070671082,r1,track_association,wall_like,accepted,selected_best_match,detection,0,183,confirmed,124,0,0.374173256,0.720967283,0.406883863,0.024897104,0.000000000,nan,nan,nan,nan,nan,nan,nan,nan,nan,8.000000000,0.300000000,1.800000000,3.000000000,nan,nan,nan,nan,nan,nan,nan,nan,nan,1.500000000,2.000000000,1662,1453,0
2026-06-02T23:34:13,1780327319.070671082,r1,pipe_track_deduplication,pipe_like,rejected,young_mature_policy,track,195,197,candidate,1,7,0.952279545,0.294745220,nan,nan,nan,0.606856296,0.147745480,0.001195248,0.932501716,0.000000000,nan,nan,nan,nan,nan,nan,nan,nan,14.000000000,0.170000000,0.030000000,0.200000000,0.250000000,nan,nan,nan,nan,1.500000000,2.000000000,10,15,1
2026-06-02T23:34:13,1780327319.070671082,r1,pipe_track_deduplication,pipe_like,rejected,young_mature_policy,track,186,182,candidate,1,35,1.940588240,1.005256328,nan,nan,nan,1.340139171,0.078384910,0.004069705,0.000000000,0.312029872,nan,nan,nan,nan,nan,nan,nan,nan,14.000000000,0.170000000,0.030000000,0.200000000,0.250000000,nan,nan,nan,nan,1.500000000,2.000000000,10,10,1
2026-06-02T23:34:14,1780327319.292671204,r1,pipe_track_deduplication,pipe_like,rejected,young_mature_policy,track,195,197,candidate,1,8,0.952279545,0.294745220,nan,nan,nan,0.606856296,0.147745480,0.001195248,0.932501716,0.000000000,nan,nan,nan,nan,nan,nan,nan,nan,14.000000000,0.170000000,0.030000000,0.200000000,0.250000000,nan,nan,nan,nan,1.500000000,2.000000000,10,15,1
2026-06-02T23:34:14,1780327319.292671204,r1,pipe_track_deduplication,pipe_like,rejected,young_mature_policy,track,186,182,candidate,1,36,1.940588240,1.005256328,nan,nan,nan,1.340139171,0.078384910,0.004069705,0.000000000,0.312029872,nan,nan,nan,nan,nan,nan,nan,nan,14.000000000,0.170000000,0.030000000,0.200000000,0.250000000,nan,nan,nan,nan,1.500000000,2.000000000,10,10,1
2026-06-02T23:34:14,1780327319.292671204,r1,track_association,wall_like,accepted,selected_best_match,detection,0,183,confirmed,125,0,0.348663767,0.666742929,0.464424929,0.020508902,0.000000000,nan,nan,nan,nan,nan,nan,nan,nan,nan,8.000000000,0.300000000,1.800000000,3.000000000,nan,nan,nan,nan,nan,nan,nan,nan,nan,1.500000000,2.000000000,1405,1662,0
2026-06-02T23:34:14,1780327319.292671204,r1,pipe_track_deduplication,pipe_like,rejected,young_mature_policy,track,195,197,candidate,1,8,0.952279545,0.294745220,nan,nan,nan,0.606856296,0.147745480,0.001195248,0.932501716,0.000000000,nan,nan,nan,nan,nan,nan,nan,nan,14.000000000,0.170000000,0.030000000,0.200000000,0.250000000,nan,nan,nan,nan,1.500000000,2.000000000,10,15,1
2026-06-02T23:34:14,1780327319.292671204,r1,pipe_track_deduplication,pipe_like,rejected,young_mature_policy,track,186,182,candidate,1,36,1.940588240,1.005256328,nan,nan,nan,1.340139171,0.078384910,0.004069705,0.000000000,0.312029872,nan,nan,nan,nan,nan,nan,nan,nan,14.000000000,0.170000000,0.030000000,0.200000000,0.250000000,nan,nan,nan,nan,1.500000000,2.000000000,10,10,1
2026-06-02T23:34:14,1780327319.469671011,r1,pipe_track_deduplication,pipe_like,rejected,young_mature_policy,track,195,197,candidate,1,9,0.952279545,0.294745220,nan,nan,nan,0.606856296,0.147745480,0.001195248,0.932501716,0.000000000,nan,nan,nan,nan,nan,nan,nan,nan,14.000000000,0.170000000,0.030000000,0.200000000,0.250000000,nan,nan,nan,nan,1.500000000,2.000000000,10,15,1
2026-06-02T23:34:14,1780327319.469671011,r1,pipe_track_deduplication,pipe_like,rejected,young_mature_policy,track,186,182,candidate,1,37,1.940588240,1.005256328,nan,nan,nan,1.340139171,0.078384910,0.004069705,0.000000000,0.312029872,nan,nan,nan,nan,nan,nan,nan,nan,14.000000000,0.170000000,0.030000000,0.200000000,0.250000000,nan,nan,nan,nan,1.500000000,2.000000000,10,10,1
2026-06-02T23:34:14,1780327319.469671011,r1,track_association,wall_like,accepted,selected_best_match,detection,0,183,confirmed,126,0,0.308816360,0.628367122,0.342774597,0.016954148,0.000000000,nan,nan,nan,nan,nan,nan,nan,nan,nan,8.000000000,0.300000000,1.800000000,3.000000000,nan,nan,nan,nan,nan,nan,nan,nan,nan,1.500000000,2.000000000,1684,1405,0
2026-06-02T23:34:14,1780327319.469671011,r1,pipe_track_deduplication,pipe_like,rejected,young_mature_policy,track,195,197,candidate,1,9,0.952279545,0.294745220,nan,nan,nan,0.606856296,0.147745480,0.001195248,0.932501716,0.000000000,nan,nan,nan,nan,nan,nan,nan,nan,14.000000000,0.170000000,0.030000000,0.200000000,0.250000000,nan,nan,nan,nan,1.500000000,2.000000000,10,15,1
2026-06-02T23:34:14,1780327319.469671011,r1,pipe_track_deduplication,pipe_like,rejected,young_mature_policy,track,186,182,candidate,1,37,1.940588240,1.005256328,nan,nan,nan,1.340139171,0.078384910,0.004069705,0.000000000,0.312029872,nan,nan,nan,nan,nan,nan,nan,nan,14.000000000,0.170000000,0.030000000,0.200000000,0.250000000,nan,nan,nan,nan,1.500000000,2.000000000,10,10,1
2026-06-02T23:34:14,1780327319.664671183,r1,pipe_track_deduplication,pipe_like,rejected,young_mature_policy,track,195,197,candidate,1,10,0.952279545,0.294745220,nan,nan,nan,0.606856296,0.147745480,0.001195248,0.932501716,0.000000000,nan,nan,nan,nan,nan,nan,nan,nan,14.000000000,0.170000000,0.030000000,0.200000000,0.250000000,nan,nan,nan,nan,1.500000000,2.000000000,10,15,1
2026-06-02T23:34:14,1780327319.664671183,r1,pipe_track_deduplication,pipe_like,rejected,young_mature_policy,track,186,182,candidate,1,38,1.940588240,1.005256328,nan,nan,nan,1.340139171,0.078384910,0.004069705,0.000000000,0.312029872,nan,nan,nan,nan,nan,nan,nan,nan,14.000000000,0.170000000,0.030000000,0.200000000,0.250000000,nan,nan,nan,nan,1.500000000,2.000000000,10,10,1
2026-06-02T23:34:14,1780327319.664671183,r1,track_association,wall_like,accepted,selected_best_match,detection,0,183,confirmed,127,0,0.690719310,1.432087314,1.064076027,0.024104211,0.000000000,nan,nan,nan,nan,nan,nan,nan,nan,nan,8.000000000,0.300000000,1.800000000,3.000000000,nan,nan,nan,nan,nan,nan,nan,nan,nan,1.500000000,2.000000000,1027,1684,0
2026-06-02T23:34:14,1780327319.664671183,r1,pipe_track_deduplication,pipe_like,rejected,young_mature_policy,track,195,197,candidate,1,10,0.952279545,0.294745220,nan,nan,nan,0.606856296,0.147745480,0.001195248,0.932501716,0.000000000,nan,nan,nan,nan,nan,nan,nan,nan,14.000000000,0.170000000,0.030000000,0.200000000,0.250000000,nan,nan,nan,nan,1.500000000,2.000000000,10,15,1
2026-06-02T23:34:14,1780327319.664671183,r1,pipe_track_deduplication,pipe_like,rejected,young_mature_policy,track,186,182,candidate,1,38,1.940588240,1.005256328,nan,nan,nan,1.340139171,0.078384910,0.004069705,0.000000000,0.312029872,nan,nan,nan,nan,nan,nan,nan,nan,14.000000000,0.170000000,0.030000000,0.200000000,0.250000000,nan,nan,nan,nan,1.500000000,2.000000000,10,10,1
2026-06-02T23:34:14,1780327319.892670870,r1,pipe_track_deduplication,pipe_like,rejected,young_mature_policy,track,195,197,candidate,1,11,0.952279545,0.294745220,nan,nan,nan,0.606856296,0.147745480,0.001195248,0.932501716,0.000000000,nan,nan,nan,nan,nan,nan,nan,nan,14.000000000,0.170000000,0.030000000,0.200000000,0.250000000,nan,nan,nan,nan,1.500000000,2.000000000,10,15,1
2026-06-02T23:34:14,1780327319.892670870,r1,pipe_track_deduplication,pipe_like,rejected,young_mature_policy,track,186,182,candidate,1,39,1.940588240,1.005256328,nan,nan,nan,1.340139171,0.078384910,0.004069705,0.000000000,0.312029872,nan,nan,nan,nan,nan,nan,nan,nan,14.000000000,0.170000000,0.030000000,0.200000000,0.250000000,nan,nan,nan,nan,1.500000000,2.000000000,10,10,1
2026-06-02T23:34:14,1780327319.892670870,r1,track_association,wall_like,accepted,selected_best_match,detection,0,183,confirmed,128,0,0.559732254,0.967335983,1.749280397,0.005588063,0.000000000,nan,nan,nan,nan,nan,nan,nan,nan,nan,8.000000000,0.300000000,1.800000000,3.000000000,nan,nan,nan,nan,nan,nan,nan,nan,nan,1.500000000,2.000000000,999,1027,0
2026-06-02T23:34:14,1780327319.892670870,r1,pipe_track_deduplication,pipe_like,rejected,young_mature_policy,track,195,197,candidate,1,11,0.952279545,0.294745220,nan,nan,nan,0.606856296,0.147745480,0.001195248,0.932501716,0.000000000,nan,nan,nan,nan,nan,nan,nan,nan,14.000000000,0.170000000,0.030000000,0.200000000,0.250000000,nan,nan,nan,nan,1.500000000,2.000000000,10,15,1
2026-06-02T23:34:14,1780327319.892670870,r1,pipe_track_deduplication,pipe_like,rejected,young_mature_policy,track,186,182,candidate,1,39,1.940588240,1.005256328,nan,nan,nan,1.340139171,0.078384910,0.004069705,0.000000000,0.312029872,nan,nan,nan,nan,nan,nan,nan,nan,14.000000000,0.170000000,0.030000000,0.200000000,0.250000000,nan,nan,nan,nan,1.500000000,2.000000000,10,10,1
2026-06-02T23:34:14,1780327320.069671154,r1,pipe_track_deduplication,pipe_like,rejected,young_mature_policy,track,195,197,candidate,1,12,0.952279545,0.294745220,nan,nan,nan,0.606856296,0.147745480,0.001195248,0.932501716,0.000000000,nan,nan,nan,nan,nan,nan,nan,nan,14.000000000,0.170000000,0.030000000,0.200000000,0.250000000,nan,nan,nan,nan,1.500000000,2.000000000,10,15,1
2026-06-02T23:34:14,1780327320.069671154,r1,pipe_track_deduplication,pipe_like,rejected,young_mature_policy,track,186,182,candidate,1,40,1.940588240,1.005256328,nan,nan,nan,1.340139171,0.078384910,0.004069705,0.000000000,0.312029872,nan,nan,nan,nan,nan,nan,nan,nan,14.000000000,0.170000000,0.030000000,0.200000000,0.250000000,nan,nan,nan,nan,1.500000000,2.000000000,10,10,1
2026-06-02T23:34:14,1780327320.069671154,r1,track_association,wall_like,accepted,selected_best_match,detection,0,183,confirmed,129,0,0.166969588,0.356990083,0.175676056,0.007804016,0.000000000,nan,nan,nan,nan,nan,nan,nan,nan,nan,8.000000000,0.300000000,1.800000000,3.000000000,nan,nan,nan,nan,nan,nan,nan,nan,nan,1.500000000,2.000000000,1674,999,0
2026-06-02T23:34:14,1780327320.069671154,r1,track_association,wall_like,accepted,selected_best_match,detection,2,111,stale,119,7,0.196831047,0.219625911,0.668315134,0.012024905,0.000000000,nan,nan,nan,nan,nan,nan,nan,nan,nan,8.000000000,0.300000000,1.800000000,3.000000000,nan,nan,nan,nan,nan,nan,nan,nan,nan,1.500000000,2.000000000,319,337,0
2026-06-02T23:34:14,1780327320.069671154,r1,pipe_track_deduplication,pipe_like,rejected,young_mature_policy,track,195,197,candidate,1,12,0.952279545,0.294745220,nan,nan,nan,0.606856296,0.147745480,0.001195248,0.932501716,0.000000000,nan,nan,nan,nan,nan,nan,nan,nan,14.000000000,0.170000000,0.030000000,0.200000000,0.250000000,nan,nan,nan,nan,1.500000000,2.000000000,10,15,1
2026-06-02T23:34:14,1780327320.069671154,r1,pipe_track_deduplication,pipe_like,rejected,young_mature_policy,track,186,182,candidate,1,40,1.940588240,1.005256328,nan,nan,nan,1.340139171,0.078384910,0.004069705,0.000000000,0.312029872,nan,nan,nan,nan,nan,nan,nan,nan,14.000000000,0.170000000,0.030000000,0.200000000,0.250000000,nan,nan,nan,nan,1.500000000,2.000000000,10,10,1
2026-06-02T23:34:15,1780327320.270671129,r1,pipe_track_deduplication,pipe_like,rejected,young_mature_policy,track,195,197,candidate,1,13,0.952279545,0.294745220,nan,nan,nan,0.606856296,0.147745480,0.001195248,0.932501716,0.000000000,nan,nan,nan,nan,nan,nan,nan,nan,14.000000000,0.170000000,0.030000000,0.200000000,0.250000000,nan,nan,nan,nan,1.500000000,2.000000000,10,15,1
2026-06-02T23:34:15,1780327320.270671129,r1,pipe_track_deduplication,pipe_like,rejected,young_mature_policy,track,186,182,candidate,1,41,1.940588240,1.005256328,nan,nan,nan,1.340139171,0.078384910,0.004069705,0.000000000,0.312029872,nan,nan,nan,nan,nan,nan,nan,nan,14.000000000,0.170000000,0.030000000,0.200000000,0.250000000,nan,nan,nan,nan,1.500000000,2.000000000,10,10,1
2026-06-02T23:34:15,1780327320.270671129,r1,track_association,wall_like,accepted,selected_best_match,detection,0,183,confirmed,130,0,0.192660366,0.429925637,0.156474353,0.008937758,0.000000000,nan,nan,nan,nan,nan,nan,nan,nan,nan,8.000000000,0.300000000,1.800000000,3.000000000,nan,nan,nan,nan,nan,nan,nan,nan,nan,1.500000000,2.000000000,1504,1674,0
2026-06-02T23:34:15,1780327320.270671129,r1,pipe_track_deduplication,pipe_like,rejected,young_mature_policy,track,195,197,candidate,1,13,0.952279545,0.294745220,nan,nan,nan,0.606856296,0.147745480,0.001195248,0.932501716,0.000000000,nan,nan,nan,nan,nan,nan,nan,nan,14.000000000,0.170000000,0.030000000,0.200000000,0.250000000,nan,nan,nan,nan,1.500000000,2.000000000,10,15,1
2026-06-02T23:34:15,1780327320.270671129,r1,pipe_track_deduplication,pipe_like,rejected,young_mature_policy,track,186,182,candidate,1,41,1.940588240,1.005256328,nan,nan,nan,1.340139171,0.078384910,0.004069705,0.000000000,0.312029872,nan,nan,nan,nan,nan,nan,nan,nan,14.000000000,0.170000000,0.030000000,0.200000000,0.250000000,nan,nan,nan,nan,1.500000000,2.000000000,10,10,1
2026-06-02T23:34:15,1780327320.471670866,r1,pipe_track_deduplication,pipe_like,rejected,young_mature_policy,track,195,197,candidate,1,14,0.952279545,0.294745220,nan,nan,nan,0.606856296,0.147745480,0.001195248,0.932501716,0.000000000,nan,nan,nan,nan,nan,nan,nan,nan,14.000000000,0.170000000,0.030000000,0.200000000,0.250000000,nan,nan,nan,nan,1.500000000,2.000000000,10,15,1
2026-06-02T23:34:15,1780327320.471670866,r1,pipe_track_deduplication,pipe_like,rejected,young_mature_policy,track,186,182,candidate,1,42,1.940588240,1.005256328,nan,nan,nan,1.340139171,0.078384910,0.004069705,0.000000000,0.312029872,nan,nan,nan,nan,nan,nan,nan,nan,14.000000000,0.170000000,0.030000000,0.200000000,0.250000000,nan,nan,nan,nan,1.500000000,2.000000000,10,10,1
2026-06-02T23:34:15,1780327320.471670866,r1,track_association,wall_like,accepted,selected_best_match,detection,0,183,confirmed,131,0,0.197820951,0.483904305,0.180013435,0.004205351,0.000000000,nan,nan,nan,nan,nan,nan,nan,nan,nan,8.000000000,0.300000000,1.800000000,3.000000000,nan,nan,nan,nan,nan,nan,nan,nan,nan,1.500000000,2.000000000,1683,1504,0
2026-06-02T23:34:15,1780327320.471670866,r1,pipe_track_deduplication,pipe_like,rejected,young_mature_policy,track,195,197,candidate,1,14,0.952279545,0.294745220,nan,nan,nan,0.606856296,0.147745480,0.001195248,0.932501716,0.000000000,nan,nan,nan,nan,nan,nan,nan,nan,14.000000000,0.170000000,0.030000000,0.200000000,0.250000000,nan,nan,nan,nan,1.500000000,2.000000000,10,15,1
2026-06-02T23:34:15,1780327320.471670866,r1,pipe_track_deduplication,pipe_like,rejected,young_mature_policy,track,186,182,candidate,1,42,1.940588240,1.005256328,nan,nan,nan,1.340139171,0.078384910,0.004069705,0.000000000,0.312029872,nan,nan,nan,nan,nan,nan,nan,nan,14.000000000,0.170000000,0.030000000,0.200000000,0.250000000,nan,nan,nan,nan,1.500000000,2.000000000,10,10,1
2026-06-02T23:34:15,1780327320.669666052,r1,pipe_track_deduplication,pipe_like,rejected,young_mature_policy,track,195,197,candidate,1,15,0.952279545,0.294745220,nan,nan,nan,0.606856296,0.147745480,0.001195248,0.932501716,0.000000000,nan,nan,nan,nan,nan,nan,nan,nan,14.000000000,0.170000000,0.030000000,0.200000000,0.250000000,nan,nan,nan,nan,1.500000000,2.000000000,10,15,1
2026-06-02T23:34:15,1780327320.669666052,r1,pipe_track_deduplication,pipe_like,rejected,young_mature_policy,track,186,182,candidate,1,43,1.940588240,1.005256328,nan,nan,nan,1.340139171,0.078384910,0.004069705,0.000000000,0.312029872,nan,nan,nan,nan,nan,nan,nan,nan,14.000000000,0.170000000,0.030000000,0.200000000,0.250000000,nan,nan,nan,nan,1.500000000,2.000000000,10,10,1
2026-06-02T23:34:15,1780327320.669666052,r1,track_association,wall_like,accepted,selected_best_match,detection,0,183,confirmed,132,0,0.103711190,0.189040461,0.179086988,0.005493549,0.000000000,nan,nan,nan,nan,nan,nan,nan,nan,nan,8.000000000,0.300000000,1.800000000,3.000000000,nan,nan,nan,nan,nan,nan,nan,nan,nan,1.500000000,2.000000000,1596,1683,0
2026-06-02T23:34:15,1780327320.669666052,r1,pipe_track_deduplication,pipe_like,rejected,young_mature_policy,track,195,197,candidate,1,15,0.952279545,0.294745220,nan,nan,nan,0.606856296,0.147745480,0.001195248,0.932501716,0.000000000,nan,nan,nan,nan,nan,nan,nan,nan,14.000000000,0.170000000,0.030000000,0.200000000,0.250000000,nan,nan,nan,nan,1.500000000,2.000000000,10,15,1
2026-06-02T23:34:15,1780327320.669666052,r1,pipe_track_deduplication,pipe_like,rejected,young_mature_policy,track,186,182,candidate,1,43,1.940588240,1.005256328,nan,nan,nan,1.340139171,0.078384910,0.004069705,0.000000000,0.312029872,nan,nan,nan,nan,nan,nan,nan,nan,14.000000000,0.170000000,0.030000000,0.200000000,0.250000000,nan,nan,nan,nan,1.500000000,2.000000000,10,10,1
2026-06-02T23:34:15,1780327320.870666027,r1,pipe_track_deduplication,pipe_like,rejected,young_mature_policy,track,195,197,candidate,1,16,0.952279545,0.294745220,nan,nan,nan,0.606856296,0.147745480,0.001195248,0.932501716,0.000000000,nan,nan,nan,nan,nan,nan,nan,nan,14.000000000,0.170000000,0.030000000,0.200000000,0.250000000,nan,nan,nan,nan,1.500000000,2.000000000,10,15,1
2026-06-02T23:34:15,1780327320.870666027,r1,pipe_track_deduplication,pipe_like,rejected,young_mature_policy,track,186,182,candidate,1,44,1.940588240,1.005256328,nan,nan,nan,1.340139171,0.078384910,0.004069705,0.000000000,0.312029872,nan,nan,nan,nan,nan,nan,nan,nan,14.000000000,0.170000000,0.030000000,0.200000000,0.250000000,nan,nan,nan,nan,1.500000000,2.000000000,10,10,1
2026-06-02T23:34:15,1780327320.870666027,r1,track_association,wall_like,accepted,selected_best_match,detection,0,183,confirmed,133,0,0.162055285,0.402394025,0.160885244,0.002343986,0.000000000,nan,nan,nan,nan,nan,nan,nan,nan,nan,8.000000000,0.300000000,1.800000000,3.000000000,nan,nan,nan,nan,nan,nan,nan,nan,nan,1.500000000,2.000000000,1648,1596,0
2026-06-02T23:34:15,1780327320.870666027,r1,pipe_track_deduplication,pipe_like,rejected,young_mature_policy,track,195,197,candidate,1,16,0.952279545,0.294745220,nan,nan,nan,0.606856296,0.147745480,0.001195248,0.932501716,0.000000000,nan,nan,nan,nan,nan,nan,nan,nan,14.000000000,0.170000000,0.030000000,0.200000000,0.250000000,nan,nan,nan,nan,1.500000000,2.000000000,10,15,1
2026-06-02T23:34:15,1780327320.870666027,r1,pipe_track_deduplication,pipe_like,rejected,young_mature_policy,track,186,182,candidate,1,44,1.940588240,1.005256328,nan,nan,nan,1.340139171,0.078384910,0.004069705,0.000000000,0.312029872,nan,nan,nan,nan,nan,nan,nan,nan,14.000000000,0.170000000,0.030000000,0.200000000,0.250000000,nan,nan,nan,nan,1.500000000,2.000000000,10,10,1
2026-06-02T23:34:15,1780327321.047665834,r1,pipe_track_deduplication,pipe_like,rejected,young_mature_policy,track,195,197,candidate,1,17,0.952279545,0.294745220,nan,nan,nan,0.606856296,0.147745480,0.001195248,0.932501716,0.000000000,nan,nan,nan,nan,nan,nan,nan,nan,14.000000000,0.170000000,0.030000000,0.200000000,0.250000000,nan,nan,nan,nan,1.500000000,2.000000000,10,15,1
2026-06-02T23:34:15,1780327321.047665834,r1,pipe_track_deduplication,pipe_like,rejected,young_mature_policy,track,186,182,candidate,1,45,1.940588240,1.005256328,nan,nan,nan,1.340139171,0.078384910,0.004069705,0.000000000,0.312029872,nan,nan,nan,nan,nan,nan,nan,nan,14.000000000,0.170000000,0.030000000,0.200000000,0.250000000,nan,nan,nan,nan,1.500000000,2.000000000,10,10,1
2026-06-02T23:34:15,1780327321.047665834,r1,track_association,wall_like,accepted,selected_best_match,detection,0,183,confirmed,134,0,0.090279696,0.256698358,0.028023796,0.000363181,0.000000000,nan,nan,nan,nan,nan,nan,nan,nan,nan,8.000000000,0.300000000,1.800000000,3.000000000,nan,nan,nan,nan,nan,nan,nan,nan,nan,1.500000000,2.000000000,1712,1648,0
2026-06-02T23:34:15,1780327321.047665834,r1,track_association,pillar_like,accepted,selected_best_match,detection,2,194,weak_tracked,3,11,0.162098531,0.073844660,nan,nan,nan,nan,nan,nan,nan,nan,0.061018392,0.978329663,0.009876490,0.010442257,nan,nan,nan,nan,nan,nan,nan,nan,nan,0.500000000,0.300000000,0.800000000,0.600000000,1.500000000,2.000000000,91,120,0
2026-06-02T23:34:15,1780327321.047665834,r1,track_association,pillar_like,accepted,selected_best_match,detection,3,170,weak_tracked,2,53,1.398870232,0.900595231,nan,nan,nan,nan,nan,nan,nan,nan,0.210219896,0.561301917,0.171704888,0.313537121,nan,nan,nan,nan,nan,nan,nan,nan,nan,0.500000000,0.300000000,0.800000000,0.600000000,1.500000000,2.000000000,30,40,0
2026-06-02T23:34:15,1780327321.047665834,r1,pipe_track_deduplication,pipe_like,rejected,young_mature_policy,track,195,197,candidate,1,17,0.952279545,0.294745220,nan,nan,nan,0.606856296,0.147745480,0.001195248,0.932501716,0.000000000,nan,nan,nan,nan,nan,nan,nan,nan,14.000000000,0.170000000,0.030000000,0.200000000,0.250000000,nan,nan,nan,nan,1.500000000,2.000000000,10,15,1
2026-06-02T23:34:15,1780327321.047665834,r1,pipe_track_deduplication,pipe_like,rejected,young_mature_policy,track,186,182,candidate,1,45,1.940588240,1.005256328,nan,nan,nan,1.340139171,0.078384910,0.004069705,0.000000000,0.312029872,nan,nan,nan,nan,nan,nan,nan,nan,14.000000000,0.170000000,0.030000000,0.200000000,0.250000000,nan,nan,nan,nan,1.500000000,2.000000000,10,10,1
2026-06-02T23:34:16,1780327321.269665956,r1,pipe_track_deduplication,pipe_like,rejected,young_mature_policy,track,195,197,candidate,1,18,0.952279545,0.294745220,nan,nan,nan,0.606856296,0.147745480,0.001195248,0.932501716,0.000000000,nan,nan,nan,nan,nan,nan,nan,nan,14.000000000,0.170000000,0.030000000,0.200000000,0.250000000,nan,nan,nan,nan,1.500000000,2.000000000,10,15,1
2026-06-02T23:34:16,1780327321.269665956,r1,pipe_track_deduplication,pipe_like,rejected,young_mature_policy,track,186,182,candidate,1,46,1.940588240,1.005256328,nan,nan,nan,1.340139171,0.078384910,0.004069705,0.000000000,0.312029872,nan,nan,nan,nan,nan,nan,nan,nan,14.000000000,0.170000000,0.030000000,0.200000000,0.250000000,nan,nan,nan,nan,1.500000000,2.000000000,10,10,1
2026-06-02T23:34:16,1780327321.269665956,r1,track_association,wall_like,accepted,selected_best_match,detection,0,183,confirmed,135,0,0.381689133,1.021920070,0.187831625,0.005271047,0.000000000,nan,nan,nan,nan,nan,nan,nan,nan,nan,8.000000000,0.300000000,1.800000000,3.000000000,nan,nan,nan,nan,nan,nan,nan,nan,nan,1.500000000,2.000000000,1397,1712,0
2026-06-02T23:34:16,1780327321.269665956,r1,pipe_track_deduplication,pipe_like,rejected,young_mature_policy,track,195,197,candidate,1,18,0.952279545,0.294745220,nan,nan,nan,0.606856296,0.147745480,0.001195248,0.932501716,0.000000000,nan,nan,nan,nan,nan,nan,nan,nan,14.000000000,0.170000000,0.030000000,0.200000000,0.250000000,nan,nan,nan,nan,1.500000000,2.000000000,10,15,1
2026-06-02T23:34:16,1780327321.269665956,r1,pipe_track_deduplication,pipe_like,rejected,young_mature_policy,track,186,182,candidate,1,46,1.940588240,1.005256328,nan,nan,nan,1.340139171,0.078384910,0.004069705,0.000000000,0.312029872,nan,nan,nan,nan,nan,nan,nan,nan,14.000000000,0.170000000,0.030000000,0.200000000,0.250000000,nan,nan,nan,nan,1.500000000,2.000000000,10,10,1
2026-06-02T23:34:16,1780327321.467666149,r1,pipe_track_deduplication,pipe_like,rejected,young_mature_policy,track,197,195,candidate,1,23,0.952279545,0.294745220,nan,nan,nan,0.606856296,0.147745480,0.001195248,0.932501716,0.000000000,nan,nan,nan,nan,nan,nan,nan,nan,14.000000000,0.170000000,0.030000000,0.200000000,0.250000000,nan,nan,nan,nan,1.500000000,2.000000000,15,10,1
2026-06-02T23:34:16,1780327321.467666149,r1,pipe_track_deduplication,pipe_like,rejected,young_mature_policy,track,186,182,candidate,1,47,1.940588240,1.005256328,nan,nan,nan,1.340139171,0.078384910,0.004069705,0.000000000,0.312029872,nan,nan,nan,nan,nan,nan,nan,nan,14.000000000,0.170000000,0.030000000,0.200000000,0.250000000,nan,nan,nan,nan,1.500000000,2.000000000,10,10,1
2026-06-02T23:34:16,1780327321.467666149,r1,track_association,wall_like,accepted,selected_best_match,detection,0,183,confirmed,136,0,0.588344091,1.276941958,1.280091033,0.000805618,0.000000000,nan,nan,nan,nan,nan,nan,nan,nan,nan,8.000000000,0.300000000,1.800000000,3.000000000,nan,nan,nan,nan,nan,nan,nan,nan,nan,1.500000000,2.000000000,1132,1397,0
2026-06-02T23:34:16,1780327321.467666149,r1,pipe_track_deduplication,pipe_like,rejected,young_mature_policy,track,197,195,candidate,1,23,0.952279545,0.294745220,nan,nan,nan,0.606856296,0.147745480,0.001195248,0.932501716,0.000000000,nan,nan,nan,nan,nan,nan,nan,nan,14.000000000,0.170000000,0.030000000,0.200000000,0.250000000,nan,nan,nan,nan,1.500000000,2.000000000,15,10,1
2026-06-02T23:34:16,1780327321.467666149,r1,pipe_track_deduplication,pipe_like,rejected,young_mature_policy,track,186,182,candidate,1,47,1.940588240,1.005256328,nan,nan,nan,1.340139171,0.078384910,0.004069705,0.000000000,0.312029872,nan,nan,nan,nan,nan,nan,nan,nan,14.000000000,0.170000000,0.030000000,0.200000000,0.250000000,nan,nan,nan,nan,1.500000000,2.000000000,10,10,1
2026-06-02T23:34:16,1780327321.668660879,r1,pipe_track_deduplication,pipe_like,rejected,young_mature_policy,track,197,195,candidate,1,24,0.952279545,0.294745220,nan,nan,nan,0.606856296,0.147745480,0.001195248,0.932501716,0.000000000,nan,nan,nan,nan,nan,nan,nan,nan,14.000000000,0.170000000,0.030000000,0.200000000,0.250000000,nan,nan,nan,nan,1.500000000,2.000000000,15,10,1
2026-06-02T23:34:16,1780327321.668660879,r1,pipe_track_deduplication,pipe_like,rejected,young_mature_policy,track,186,182,candidate,1,48,1.940588240,1.005256328,nan,nan,nan,1.340139171,0.078384910,0.004069705,0.000000000,0.312029872,nan,nan,nan,nan,nan,nan,nan,nan,14.000000000,0.170000000,0.030000000,0.200000000,0.250000000,nan,nan,nan,nan,1.500000000,2.000000000,10,10,1
2026-06-02T23:34:16,1780327321.668660879,r1,track_association,wall_like,accepted,selected_best_match,detection,0,183,confirmed,137,0,0.309159579,0.776569264,0.384333143,0.000678454,0.000000000,nan,nan,nan,nan,nan,nan,nan,nan,nan,8.000000000,0.300000000,1.800000000,3.000000000,nan,nan,nan,nan,nan,nan,nan,nan,nan,1.500000000,2.000000000,1704,1132,0
2026-06-02T23:34:16,1780327321.668660879,r1,track_association,wall_like,accepted,selected_best_match,detection,2,111,stale,120,7,0.259605889,0.439092496,0.358388551,0.020532947,0.000000000,nan,nan,nan,nan,nan,nan,nan,nan,nan,8.000000000,0.300000000,1.800000000,3.000000000,nan,nan,nan,nan,nan,nan,nan,nan,nan,1.500000000,2.000000000,301,319,0
2026-06-02T23:34:16,1780327321.668660879,r1,pipe_track_deduplication,pipe_like,rejected,young_mature_policy,track,197,195,candidate,1,24,0.952279545,0.294745220,nan,nan,nan,0.606856296,0.147745480,0.001195248,0.932501716,0.000000000,nan,nan,nan,nan,nan,nan,nan,nan,14.000000000,0.170000000,0.030000000,0.200000000,0.250000000,nan,nan,nan,nan,1.500000000,2.000000000,15,10,1
2026-06-02T23:34:16,1780327321.668660879,r1,pipe_track_deduplication,pipe_like,rejected,young_mature_policy,track,186,182,candidate,1,48,1.940588240,1.005256328,nan,nan,nan,1.340139171,0.078384910,0.004069705,0.000000000,0.312029872,nan,nan,nan,nan,nan,nan,nan,nan,14.000000000,0.170000000,0.030000000,0.200000000,0.250000000,nan,nan,nan,nan,1.500000000,2.000000000,10,10,1
2026-06-02T23:34:16,1780327321.869661093,r1,pipe_track_deduplication,pipe_like,rejected,young_mature_policy,track,197,195,candidate,1,25,0.952279545,0.294745220,nan,nan,nan,0.606856296,0.147745480,0.001195248,0.932501716,0.000000000,nan,nan,nan,nan,nan,nan,nan,nan,14.000000000,0.170000000,0.030000000,0.200000000,0.250000000,nan,nan,nan,nan,1.500000000,2.000000000,15,10,1
2026-06-02T23:34:16,1780327321.869661093,r1,pipe_track_deduplication,pipe_like,rejected,young_mature_policy,track,186,182,candidate,1,49,1.940588240,1.005256328,nan,nan,nan,1.340139171,0.078384910,0.004069705,0.000000000,0.312029872,nan,nan,nan,nan,nan,nan,nan,nan,14.000000000,0.170000000,0.030000000,0.200000000,0.250000000,nan,nan,nan,nan,1.500000000,2.000000000,10,10,1
2026-06-02T23:34:16,1780327321.869661093,r1,track_association,wall_like,accepted,selected_best_match,detection,0,183,confirmed,138,0,0.121883507,0.256898794,0.267826185,0.000831691,0.000000000,nan,nan,nan,nan,nan,nan,nan,nan,nan,8.000000000,0.300000000,1.800000000,3.000000000,nan,nan,nan,nan,nan,nan,nan,nan,nan,1.500000000,2.000000000,1529,1704,0
2026-06-02T23:34:16,1780327321.869661093,r1,track_association,pillar_like,accepted,selected_best_match,detection,3,194,weak_tracked,4,3,0.094298332,0.046360900,nan,nan,nan,nan,nan,nan,nan,nan,0.046310002,0.999673005,0.003237486,0.000616550,nan,nan,nan,nan,nan,nan,nan,nan,nan,0.500000000,0.300000000,0.800000000,0.600000000,1.500000000,2.000000000,106,91,0
2026-06-02T23:34:16,1780327321.869661093,r1,pipe_track_deduplication,pipe_like,rejected,young_mature_policy,track,197,195,candidate,1,25,0.952279545,0.294745220,nan,nan,nan,0.606856296,0.147745480,0.001195248,0.932501716,0.000000000,nan,nan,nan,nan,nan,nan,nan,nan,14.000000000,0.170000000,0.030000000,0.200000000,0.250000000,nan,nan,nan,nan,1.500000000,2.000000000,15,10,1
2026-06-02T23:34:16,1780327321.869661093,r1,pipe_track_deduplication,pipe_like,rejected,young_mature_policy,track,186,182,candidate,1,49,1.940588240,1.005256328,nan,nan,nan,1.340139171,0.078384910,0.004069705,0.000000000,0.312029872,nan,nan,nan,nan,nan,nan,nan,nan,14.000000000,0.170000000,0.030000000,0.200000000,0.250000000,nan,nan,nan,nan,1.500000000,2.000000000,10,10,1
2026-06-02T23:34:16,1780327322.070661068,r1,pipe_track_deduplication,pipe_like,rejected,young_mature_policy,track,197,195,candidate,1,26,0.952279545,0.294745220,nan,nan,nan,0.606856296,0.147745480,0.001195248,0.932501716,0.000000000,nan,nan,nan,nan,nan,nan,nan,nan,14.000000000,0.170000000,0.030000000,0.200000000,0.250000000,nan,nan,nan,nan,1.500000000,2.000000000,15,10,1
2026-06-02T23:34:16,1780327322.070661068,r1,pipe_track_deduplication,pipe_like,rejected,young_mature_policy,track,186,182,candidate,1,50,1.940588240,1.005256328,nan,nan,nan,1.340139171,0.078384910,0.004069705,0.000000000,0.312029872,nan,nan,nan,nan,nan,nan,nan,nan,14.000000000,0.170000000,0.030000000,0.200000000,0.250000000,nan,nan,nan,nan,1.500000000,2.000000000,10,10,1
2026-06-02T23:34:16,1780327322.070661068,r1,track_association,wall_like,accepted,selected_best_match,detection,0,183,confirmed,139,0,0.182028864,0.395787867,0.378218811,0.000846667,0.000000000,nan,nan,nan,nan,nan,nan,nan,nan,nan,8.000000000,0.300000000,1.800000000,3.000000000,nan,nan,nan,nan,nan,nan,nan,nan,nan,1.500000000,2.000000000,1668,1529,0
2026-06-02T23:34:16,1780327322.070661068,r1,track_association,pillar_like,accepted,selected_best_match,detection,2,170,weak_tracked,3,4,0.576667175,0.597388476,nan,nan,nan,nan,nan,nan,nan,nan,0.122473057,0.704302269,0.007493019,0.021164417,nan,nan,nan,nan,nan,nan,nan,nan,nan,0.500000000,0.300000000,0.800000000,0.600000000,1.500000000,2.000000000,35,30,0
2026-06-02T23:34:16,1780327322.070661068,r1,pipe_track_deduplication,pipe_like,rejected,young_mature_policy,track,197,195,candidate,1,26,0.952279545,0.294745220,nan,nan,nan,0.606856296,0.147745480,0.001195248,0.932501716,0.000000000,nan,nan,nan,nan,nan,nan,nan,nan,14.000000000,0.170000000,0.030000000,0.200000000,0.250000000,nan,nan,nan,nan,1.500000000,2.000000000,15,10,1
2026-06-02T23:34:16,1780327322.070661068,r1,pipe_track_deduplication,pipe_like,rejected,young_mature_policy,track,186,182,candidate,1,50,1.940588240,1.005256328,nan,nan,nan,1.340139171,0.078384910,0.004069705,0.000000000,0.312029872,nan,nan,nan,nan,nan,nan,nan,nan,14.000000000,0.170000000,0.030000000,0.200000000,0.250000000,nan,nan,nan,nan,1.500000000,2.000000000,10,10,1
2026-06-02T23:34:17,1780327322.268661022,r1,pipe_track_deduplication,pipe_like,rejected,young_mature_policy,track,197,195,candidate,1,27,0.952279545,0.294745220,nan,nan,nan,0.606856296,0.147745480,0.001195248,0.932501716,0.000000000,nan,nan,nan,nan,nan,nan,nan,nan,14.000000000,0.170000000,0.030000000,0.200000000,0.250000000,nan,nan,nan,nan,1.500000000,2.000000000,15,10,1
2026-06-02T23:34:17,1780327322.268661022,r1,pipe_track_deduplication,pipe_like,rejected,young_mature_policy,track,186,182,candidate,1,51,1.940588240,1.005256328,nan,nan,nan,1.340139171,0.078384910,0.004069705,0.000000000,0.312029872,nan,nan,nan,nan,nan,nan,nan,nan,14.000000000,0.170000000,0.030000000,0.200000000,0.250000000,nan,nan,nan,nan,1.500000000,2.000000000,10,10,1
2026-06-02T23:34:17,1780327322.268661022,r1,track_association,wall_like,accepted,selected_best_match,detection,0,183,confirmed,140,0,0.258893590,0.699725013,0.136518119,0.002576146,0.000000000,nan,nan,nan,nan,nan,nan,nan,nan,nan,8.000000000,0.300000000,1.800000000,3.000000000,nan,nan,nan,nan,nan,nan,nan,nan,nan,1.500000000,2.000000000,1444,1668,0
2026-06-02T23:34:17,1780327322.268661022,r1,pipe_track_deduplication,pipe_like,rejected,young_mature_policy,track,197,195,candidate,1,27,0.952279545,0.294745220,nan,nan,nan,0.606856296,0.147745480,0.001195248,0.932501716,0.000000000,nan,nan,nan,nan,nan,nan,nan,nan,14.000000000,0.170000000,0.030000000,0.200000000,0.250000000,nan,nan,nan,nan,1.500000000,2.000000000,15,10,1
2026-06-02T23:34:17,1780327322.268661022,r1,pipe_track_deduplication,pipe_like,rejected,young_mature_policy,track,186,182,candidate,1,51,1.940588240,1.005256328,nan,nan,nan,1.340139171,0.078384910,0.004069705,0.000000000,0.312029872,nan,nan,nan,nan,nan,nan,nan,nan,14.000000000,0.170000000,0.030000000,0.200000000,0.250000000,nan,nan,nan,nan,1.500000000,2.000000000,10,10,1
2026-06-02T23:34:17,1780327322.469661236,r1,pipe_track_deduplication,pipe_like,rejected,young_mature_policy,track,197,195,candidate,1,28,0.952279545,0.294745220,nan,nan,nan,0.606856296,0.147745480,0.001195248,0.932501716,0.000000000,nan,nan,nan,nan,nan,nan,nan,nan,14.000000000,0.170000000,0.030000000,0.200000000,0.250000000,nan,nan,nan,nan,1.500000000,2.000000000,15,10,1
2026-06-02T23:34:17,1780327322.469661236,r1,pipe_track_deduplication,pipe_like,rejected,young_mature_policy,track,186,182,candidate,1,52,1.940588240,1.005256328,nan,nan,nan,1.340139171,0.078384910,0.004069705,0.000000000,0.312029872,nan,nan,nan,nan,nan,nan,nan,nan,14.000000000,0.170000000,0.030000000,0.200000000,0.250000000,nan,nan,nan,nan,1.500000000,2.000000000,10,10,1
2026-06-02T23:34:17,1780327322.469661236,r1,track_association,wall_like,accepted,selected_best_match,detection,0,183,confirmed,141,0,0.193794748,0.499220203,0.201828823,0.000647823,0.000000000,nan,nan,nan,nan,nan,nan,nan,nan,nan,8.000000000,0.300000000,1.800000000,3.000000000,nan,nan,nan,nan,nan,nan,nan,nan,nan,1.500000000,2.000000000,1576,1444,0
2026-06-02T23:34:17,1780327322.469661236,r1,track_association,pillar_like,accepted,selected_best_match,detection,2,170,weak_tracked,4,1,0.450487423,0.529009501,nan,nan,nan,nan,nan,nan,nan,nan,0.095485240,0.761147511,0.195486546,0.000669479,nan,nan,nan,nan,nan,nan,nan,nan,nan,0.500000000,0.300000000,0.800000000,0.600000000,1.500000000,2.000000000,31,35,0
2026-06-02T23:34:17,1780327322.469661236,r1,pipe_track_deduplication,pipe_like,rejected,young_mature_policy,track,197,195,candidate,1,28,0.952279545,0.294745220,nan,nan,nan,0.606856296,0.147745480,0.001195248,0.932501716,0.000000000,nan,nan,nan,nan,nan,nan,nan,nan,14.000000000,0.170000000,0.030000000,0.200000000,0.250000000,nan,nan,nan,nan,1.500000000,2.000000000,15,10,1
2026-06-02T23:34:17,1780327322.469661236,r1,pipe_track_deduplication,pipe_like,rejected,young_mature_policy,track,186,182,candidate,1,52,1.940588240,1.005256328,nan,nan,nan,1.340139171,0.078384910,0.004069705,0.000000000,0.312029872,nan,nan,nan,nan,nan,nan,nan,nan,14.000000000,0.170000000,0.030000000,0.200000000,0.250000000,nan,nan,nan,nan,1.500000000,2.000000000,10,10,1
2026-06-02T23:34:17,1780327322.670660973,r1,pipe_track_deduplication,pipe_like,rejected,young_mature_policy,track,197,195,candidate,1,29,0.952279545,0.294745220,nan,nan,nan,0.606856296,0.147745480,0.001195248,0.932501716,0.000000000,nan,nan,nan,nan,nan,nan,nan,nan,14.000000000,0.170000000,0.030000000,0.200000000,0.250000000,nan,nan,nan,nan,1.500000000,2.000000000,15,10,1
2026-06-02T23:34:17,1780327322.670660973,r1,pipe_track_deduplication,pipe_like,rejected,young_mature_policy,track,186,182,candidate,1,53,1.940588240,1.005256328,nan,nan,nan,1.340139171,0.078384910,0.004069705,0.000000000,0.312029872,nan,nan,nan,nan,nan,nan,nan,nan,14.000000000,0.170000000,0.030000000,0.200000000,0.250000000,nan,nan,nan,nan,1.500000000,2.000000000,10,10,1
2026-06-02T23:34:17,1780327322.670660973,r1,track_association,wall_like,accepted,selected_best_match,detection,0,183,confirmed,142,0,0.482431454,1.332938358,0.125831204,0.006716930,0.000000000,nan,nan,nan,nan,nan,nan,nan,nan,nan,8.000000000,0.300000000,1.800000000,3.000000000,nan,nan,nan,nan,nan,nan,nan,nan,nan,1.500000000,2.000000000,1260,1576,0
2026-06-02T23:34:17,1780327322.670660973,r1,track_association,pillar_like,accepted,selected_best_match,detection,1,165,stale,11,44,0.907624475,0.265512321,nan,nan,nan,nan,nan,nan,nan,nan,0.254981470,0.990836151,0.116395354,0.340856552,nan,nan,nan,nan,nan,nan,nan,nan,nan,0.800000000,0.300000000,0.800000000,0.600000000,1.500000000,2.000000000,67,161,0
2026-06-02T23:34:17,1780327322.670660973,r1,pipe_track_deduplication,pipe_like,rejected,young_mature_policy,track,197,195,candidate,1,29,0.952279545,0.294745220,nan,nan,nan,0.606856296,0.147745480,0.001195248,0.932501716,0.000000000,nan,nan,nan,nan,nan,nan,nan,nan,14.000000000,0.170000000,0.030000000,0.200000000,0.250000000,nan,nan,nan,nan,1.500000000,2.000000000,15,10,1
2026-06-02T23:34:17,1780327322.670660973,r1,pipe_track_deduplication,pipe_like,rejected,young_mature_policy,track,186,182,candidate,1,53,1.940588240,1.005256328,nan,nan,nan,1.340139171,0.078384910,0.004069705,0.000000000,0.312029872,nan,nan,nan,nan,nan,nan,nan,nan,14.000000000,0.170000000,0.030000000,0.200000000,0.250000000,nan,nan,nan,nan,1.500000000,2.000000000,10,10,1
2026-06-02T23:34:17,1780327322.907660961,r1,pipe_track_deduplication,pipe_like,rejected,young_mature_policy,track,197,195,candidate,1,30,0.952279545,0.294745220,nan,nan,nan,0.606856296,0.147745480,0.001195248,0.932501716,0.000000000,nan,nan,nan,nan,nan,nan,nan,nan,14.000000000,0.170000000,0.030000000,0.200000000,0.250000000,nan,nan,nan,nan,1.500000000,2.000000000,15,10,1
2026-06-02T23:34:17,1780327322.907660961,r1,pipe_track_deduplication,pipe_like,rejected,young_mature_policy,track,186,182,candidate,1,54,1.940588240,1.005256328,nan,nan,nan,1.340139171,0.078384910,0.004069705,0.000000000,0.312029872,nan,nan,nan,nan,nan,nan,nan,nan,14.000000000,0.170000000,0.030000000,0.200000000,0.250000000,nan,nan,nan,nan,1.500000000,2.000000000,10,10,1
2026-06-02T23:34:17,1780327322.907660961,r1,track_association,wall_like,accepted,selected_best_match,detection,0,183,confirmed,143,0,0.231746615,0.524199619,0.415880724,0.001508495,0.000000000,nan,nan,nan,nan,nan,nan,nan,nan,nan,8.000000000,0.300000000,1.800000000,3.000000000,nan,nan,nan,nan,nan,nan,nan,nan,nan,1.500000000,2.000000000,1268,1260,0
2026-06-02T23:34:17,1780327322.907660961,r1,pipe_track_deduplication,pipe_like,rejected,young_mature_policy,track,197,195,candidate,1,30,0.952279545,0.294745220,nan,nan,nan,0.606856296,0.147745480,0.001195248,0.932501716,0.000000000,nan,nan,nan,nan,nan,nan,nan,nan,14.000000000,0.170000000,0.030000000,0.200000000,0.250000000,nan,nan,nan,nan,1.500000000,2.000000000,15,10,1
2026-06-02T23:34:17,1780327322.907660961,r1,pipe_track_deduplication,pipe_like,rejected,young_mature_policy,track,186,182,candidate,1,54,1.940588240,1.005256328,nan,nan,nan,1.340139171,0.078384910,0.004069705,0.000000000,0.312029872,nan,nan,nan,nan,nan,nan,nan,nan,14.000000000,0.170000000,0.030000000,0.200000000,0.250000000,nan,nan,nan,nan,1.500000000,2.000000000,10,10,1
