stamp_sec,stamp_nanosec,stamp,message_frame_id,plane_group,plane_id,plane_frame_id,nx_map,ny_map,nz_map,d_map,nx_odom,ny_odom,nz_odom,d_odom,point_count,centroid_x_map,centroid_y_map,centroid_z_map,centroid_x_odom,centroid_y_odom,centroid_z_odom,extent_x_map,extent_y_map,extent_z_map,data_source,map_to_odom_available,odom2map_stamp,odom2map_dt,odom2map_frame_id,odom2map_child_frame_id
1780326690,934662062,1780326690.934662,,x,4,,-0.8143988866171352,0.5803053988243982,0.00031236521388346177,4.392207145690918,-0.8143988866171352,0.5803053988243982,0.00031236521388346177,4.392206945554213,842,-2.4790774530016613,-11.021942411069348,-1.8959152474822454,-2.479077004899761,-11.02194143732203,-1.8959152488674627,6.399866580963135,8.96374797821045,2.813068389892578,Online,true,1780326690.934662,0.0,map,odom
1780326690,934662062,1780326690.934662,,x,4,,-0.8143988866171352,0.5803053988243982,0.00031236521388346177,4.392207145690918,-0.8143988866171352,0.5803053988243982,0.00031236521388346177,4.392206945554213,842,-2.4790774530016613,-11.021942411069348,-1.8959152474822454,-2.479077004899761,-11.02194143732203,-1.8959152488674627,6.399866580963135,8.96374797821045,2.813068389892578,Online,true,1780326690.934662,0.0,map,odom
1780326698,733865871,1780326698.733866,,x,4,,-0.8143988866171352,0.5803053988243982,0.00031236521388346177,4.392207145690918,-0.8143988866171352,0.5803053988243982,0.00031236521388359063,4.3922070431435705,1287,-2.4859463746175345,-11.127834635366279,-1.7570460536448458,-2.48594423024435,-11.127831449257636,-1.7570460330449087,6.46968412399292,8.96374797821045,2.813068389892578,Online,true,1780326698.733866,0.0,map,odom
1780326702,132639370,1780326702.1326394,,x,4,,-0.817292409037032,0.5762224315715372,-0.0009096616018167313,4.353364944458008,-0.8187939646365354,0.5740873154158809,0.00044469469397117407,4.457271433930974,1287,-2.4859463746175345,-11.127834635366279,-1.7570460536448458,-2.3765800555569827,-11.196585298590486,-1.7603373674801146,6.46968412399292,8.96374797821045,2.813068389892578,Online,true,1780326702.1326394,0.0,map,odom
1780326702,132639370,1780326702.1326394,,x,4,,-0.817292409037032,0.5762224315715372,-0.0009096616018167313,4.353364944458008,-0.8187939646365354,0.5740873154158809,0.00044469469397117407,4.457271433930974,1287,-2.4859463746175345,-11.127834635366279,-1.7570460536448458,-2.3765800555569827,-11.196585298590486,-1.7603373674801146,6.46968412399292,8.96374797821045,2.813068389892578,Online,true,1780326702.1326394,0.0,map,odom
1780326705,934618345,1780326705.9346182,,x,4,,-0.817292410306221,0.576222432466364,-0.0009079528590978436,4.35336971282959,-0.8187940502469024,0.5740872001879266,0.0004357300320196997,4.457247913528636,1287,-2.4859463746175345,-11.127834635366279,-1.7570460536448458,-2.3765936343244047,-11.196590618785278,-1.7604722566229707,6.46968412399292,8.96374797821045,2.813068389892578,Online,true,1780326705.9346182,0.0,map,odom
1780326709,734292893,1780326709.734293,,x,4,,-0.8172923834220539,0.5762224731166412,-0.0009063529334808962,4.353374004364014,-0.8187940532790798,0.5740871980043244,0.00043289994113302204,4.457237478118172,1287,-2.4859463746175345,-11.127834635366279,-1.7570460536448458,-2.3766057817999156,-11.196596801022471,-1.760505680954541,6.46968412399292,8.96374797821045,2.813068389892578,Online,true,1780326709.734293,0.0,map,odom
1780326713,334690460,1780326713.3346906,,x,4,,-0.8172923622304495,0.5762225001993093,-0.0009082421639908025,4.35336971282959,-0.8187307449140464,0.5741157102921169,-0.008433180199005876,4.434550013785195,1287,-2.4859463746175345,-11.127834635366279,-1.7570460536448458,-2.381128360759455,-11.189777840220597,-1.752134747337398,6.46968412399292,8.96374797821045,2.813068389892578,Online,true,1780326713.3346906,0.0,map,odom
1780326717,134257894,1780326717.1342578,,x,4,,-0.8172923622304495,0.5762225001993093,-0.0009082421639908025,4.35336971282959,-0.8187134885254255,0.5741727448537743,-0.005820891135437986,4.442329147687576,1287,-2.4859463746175345,-11.127834635366279,-1.7570460536448458,-2.376737755002813,-11.188323201978633,-1.792794640228873,6.46968412399292,8.96374797821045,2.813068389892578,Online,true,1780326717.1342578,0.0,map,odom
1780326717,134257894,1780326717.1342578,,y,16,,0.6066706587221836,0.7945836534393578,-0.02423900848951009,15.30380630493164,0.6047014936256495,0.7958343497152643,-0.03136544946578927,15.281286115633701,114,-16.667860541427345,-6.6086844268598055,-2.465077891684415,-16.569901036118203,-6.710613748127747,-2.537745140580915,1.7624015808105469,1.3408865928649902,1.5157395601272583,Online,true,1780326717.1342578,0.0,map,odom
1780326720,636932493,1780326720.6369326,,x,19,,-0.8170518939084704,0.5765635416344275,-0.0008277188818506892,-8.658652305603027,-0.8184921792033079,0.5745132270352848,-0.0022593239084301607,-8.560194909719723,115,-15.191712810682214,-6.515737351127293,-2.5173203489054803,-15.093422565299244,-6.6150011040036985,-2.5957596562617375,0.6604290008544922,0.9295763969421387,1.6149835586547852,Online,true,1780326720.6369326,0.0,map,odom
1780326720,636932493,1780326720.6369326,,x,4,,-0.8172923622304495,0.5762225001993093,-0.0009082421639908025,4.35336971282959,-0.8187320250369969,0.574171063471996,-0.0023368890122397864,4.451820226479738,1287,-2.4859463746175345,-11.127834635366279,-1.7570460536448458,-2.3739961911931706,-11.190375392188976,-1.8420342899283964,6.46968412399292,8.96374797821045,2.813068389892578,Online,true,1780326720.6369326,0.0,map,odom
1780326720,636932493,1780326720.6369326,,y,16,,0.6067641373808826,0.7945148940088139,-0.024152945712619635,15.305075645446777,0.6047000052356603,0.7958429767589553,-0.031174669387782974,15.281812382383754,114,-16.667860541427345,-6.6086844268598055,-2.465077891684415,-16.569175315366866,-6.7112683127916855,-2.538601967472377,1.7624015808105469,1.3408865928649902,1.5157395601272583,Online,true,1780326720.6369326,0.0,map,odom
1780326720,636932493,1780326720.6369326,,x,19,,-0.8170518939084704,0.5765635416344275,-0.0008277188818506892,-8.658652305603027,-0.8184921792033079,0.5745132270352848,-0.0022593239084301607,-8.560194909719723,115,-15.191712810682214,-6.515737351127293,-2.5173203489054803,-15.093422565299244,-6.6150011040036985,-2.5957596562617375,0.6604290008544922,0.9295763969421387,1.6149835586547852,Online,true,1780326720.6369326,0.0,map,odom
1780326720,636932493,1780326720.6369326,,x,4,,-0.8172923622304495,0.5762225001993093,-0.0009082421639908025,4.35336971282959,-0.8187320250369969,0.574171063471996,-0.0023368890122397864,4.451820226479738,1287,-2.4859463746175345,-11.127834635366279,-1.7570460536448458,-2.3739961911931706,-11.190375392188976,-1.8420342899283964,6.46968412399292,8.96374797821045,2.813068389892578,Online,true,1780326720.6369326,0.0,map,odom
1780326720,636932493,1780326720.6369326,,y,16,,0.6067641373808826,0.7945148940088139,-0.024152945712619635,15.305075645446777,0.6047000052356603,0.7958429767589553,-0.031174669387782974,15.281812382383754,114,-16.667860541427345,-6.6086844268598055,-2.465077891684415,-16.569175315366866,-6.7112683127916855,-2.538601967472377,1.7624015808105469,1.3408865928649902,1.5157395601272583,Online,true,1780326720.6369326,0.0,map,odom
1780326726,334127332,1780326726.3341274,,x,19,,-0.817051893386796,0.5765635412663009,-0.0008284899000042075,-8.65865421295166,-0.8184921859099795,0.574513217481281,-0.0022593237063606164,-8.560208093211935,115,-15.191712810682214,-6.515737351127293,-2.5173203489054803,-15.093439241272865,-6.61500215376172,-2.5957603470260473,0.6604290008544922,0.9295763969421387,1.6149835586547852,Online,true,1780326726.3341274,0.0,map,odom
1780326726,334127332,1780326726.3341274,,x,4,,-0.8172923622304495,0.5762225001993093,-0.0009082421639908025,4.35336971282959,-0.8187320300903431,0.5741710594049735,-0.0023361177016788972,4.451809073414157,1287,-2.4859463746175345,-11.127834635366279,-1.7570460536448458,-2.3740122501009737,-11.190376539813053,-1.8420459880943725,6.46968412399292,8.96374797821045,2.813068389892578,Online,true,1780326726.3341274,0.0,map,odom
1780326726,334127332,1780326726.3341274,,y,16,,0.6067641799820991,0.7945148717440246,-0.024152607897016284,15.305076599121094,0.6047000199470067,0.7958429672263645,-0.03117462738230736,15.281823149446442,114,-16.667860541427345,-6.6086844268598055,-2.465077891684415,-16.569191945951353,-6.7112693836569735,-2.53860152189699,1.7624015808105469,1.3408865928649902,1.5157395601272583,Online,true,1780326726.3341274,0.0,map,odom
1780326729,133942038,1780326729.1339421,,x,19,,-0.8170518933862837,0.5765635412659394,-0.0008284906567032854,-8.65865421295166,-0.8184921853758244,0.5745132182413953,-0.0022593239303344346,-8.560213912004533,115,-15.191712810682214,-6.515737351127293,-2.5173203489054803,-15.093445182368658,-6.615000464691608,-2.5957603768791353,0.6604290008544922,0.9295763969421387,1.6149835586547852,Online,true,1780326729.1339421,0.0,map,odom
1780326729,133942038,1780326729.1339421,,x,4,,-0.8172923622304495,0.5762225001993093,-0.0009082421639908025,4.35336971282959,-0.8187320295548269,0.5741710601707521,-0.002336117169292948,4.451803253894179,1287,-2.4859463746175345,-11.127834635366279,-1.7570460536448458,-2.374018195465526,-11.190374863306888,-1.842046022177973,6.46968412399292,8.96374797821045,2.813068389892578,Online,true,1780326729.1339421,0.0,map,odom
1780326729,133942038,1780326729.1339421,,y,16,,0.6067641799820991,0.7945148717440246,-0.024152607897016284,15.305076599121094,0.6047000206893248,0.7958429666913704,-0.031174626641042938,15.281825406451256,114,-16.667860541427345,-6.6086844268598055,-2.465077891684415,-16.569197887137044,-6.711267693263628,-2.5386015518424356,1.7624015808105469,1.3408865928649902,1.5157395601272583,Online,true,1780326729.1339421,0.0,map,odom
1780326731,934178498,1780326731.9341786,,x,19,,-0.8170518933864808,0.5765635412660784,-0.0008284903656651785,-8.65865421295166,-0.8184921855574139,0.5745132179798202,-0.0022593246601093466,-8.560216207779801,115,-15.191712810682214,-6.515737351127293,-2.5173203489054803,-15.093445774331013,-6.614997324295902,-2.5957603608871858,0.6604290008544922,0.9295763969421387,1.6149835586547852,Online,true,1780326731.9341786,0.0,map,odom
1780326731,934178498,1780326731.9341786,,x,4,,-0.8172923622304495,0.5762225001993093,-0.0009082421639908025,4.35336971282959,-0.8187320297368859,0.574171059906994,-0.0023361181901238232,4.451800959006177,1287,-2.4859463746175345,-11.127834635366279,-1.7570460536448458,-2.374018786617657,-11.190371718429452,-1.8420459926530304,6.46968412399292,8.96374797821045,2.813068389892578,Online,true,1780326731.9341786,0.0,map,odom
1780326731,934178498,1780326731.9341786,,y,16,,0.6067641799820991,0.7945148717440246,-0.024152607897016284,15.305076599121094,0.604700020461321,0.7958429668685625,-0.03117462654022117,15.28182326364008,114,-16.667860541427345,-6.6086844268598055,-2.465077891684415,-16.56919847911834,-6.711264553310484,-2.5386015370848707,1.7624015808105469,1.3408865928649902,1.5157395601272583,Online,true,1780326731.9341786,0.0,map,odom
1780326735,534788983,1780326735.534789,,x,19,,-0.8170518933865201,0.5765635412661063,-0.0008284903074575571,-8.65865421295166,-0.8184921860924281,0.5745132172185916,-0.002259324408202086,-8.560217398283337,115,-15.191712810682214,-6.515737351127293,-2.5173203489054803,-15.093446657468045,-6.614996532272443,-2.5957603749953413,0.6604290008544922,0.9295763969421387,1.6149835586547852,Online,true,1780326735.534789,0.0,map,odom
1780326735,534788983,1780326735.534789,,x,4,,-0.8172923622304495,0.5762225001993093,-0.0009082421639908025,4.35336971282959,-0.8187320302717291,0.5741710591451291,-0.002336117996366376,4.451799768554281,1287,-2.4859463746175345,-11.127834635366279,-1.7570460536448458,-2.374019665319286,-11.19037091457079,-1.8420460097666893,6.46968412399292,8.96374797821045,2.813068389892578,Online,true,1780326735.534789,0.0,map,odom
1780326735,534788983,1780326735.534789,,y,16,,0.6067641799820991,0.7945148717440246,-0.024152607897016284,15.305076599121094,0.6047000197133987,0.7958429674312965,-0.031174626682029766,15.281823158972601,114,-16.667860541427345,-6.6086844268598055,-2.465077891684415,-16.569199362152307,-6.711263762660341,-2.5386015508449837,1.7624015808105469,1.3408865928649902,1.5157395601272583,Online,true,1780326735.534789,0.0,map,odom
1780326735,534788983,1780326735.534789,,x,19,,-0.8170518933865201,0.5765635412661063,-0.0008284903074575571,-8.65865421295166,-0.8184921860924281,0.5745132172185916,-0.002259324408202086,-8.560217398283337,115,-15.191712810682214,-6.515737351127293,-2.5173203489054803,-15.093446657468045,-6.614996532272443,-2.5957603749953413,0.6604290008544922,0.9295763969421387,1.6149835586547852,Online,true,1780326735.534789,0.0,map,odom
1780326735,534788983,1780326735.534789,,x,4,,-0.8172923622304495,0.5762225001993093,-0.0009082421639908025,4.35336971282959,-0.8187320302717291,0.5741710591451291,-0.002336117996366376,4.451799768554281,1287,-2.4859463746175345,-11.127834635366279,-1.7570460536448458,-2.374019665319286,-11.19037091457079,-1.8420460097666893,6.46968412399292,8.96374797821045,2.813068389892578,Online,true,1780326735.534789,0.0,map,odom
1780326735,534788983,1780326735.534789,,y,16,,0.6067641799820991,0.7945148717440246,-0.024152607897016284,15.305076599121094,0.6047000197133987,0.7958429674312965,-0.031174626682029766,15.281823158972601,114,-16.667860541427345,-6.6086844268598055,-2.465077891684415,-16.569199362152307,-6.711263762660341,-2.5386015508449837,1.7624015808105469,1.3408865928649902,1.5157395601272583,Online,true,1780326735.534789,0.0,map,odom
1780326740,134512676,1780326740.1345127,,x,19,,-0.8170518933865201,0.5765635412661063,-0.0008284903074575571,-8.65865421295166,-0.8184921860925116,0.5745132172192214,-0.002259324217800284,-8.560217705898697,115,-15.191712810682214,-6.515737351127293,-2.5173203489054803,-15.09344705293327,-6.6149965594179,-2.5957603850564492,0.6604290008544922,0.9295763969421387,1.6149835586547852,Online,true,1780326740.1345127,0.0,map,odom
1780326740,134512676,1780326740.1345127,,x,4,,-0.8172923622304495,0.5762225001993093,-0.0009082421639908025,4.35336971282959,-0.8187320302718308,0.574171059145759,-0.0023361178059086328,4.451799460833881,1287,-2.4859463746175345,-11.127834635366279,-1.7570460536448458,-2.374020060612549,-11.190370941725826,-1.8420460227879192,6.46968412399292,8.96374797821045,2.813068389892578,Online,true,1780326740.1345127,0.0,map,odom
1780326740,134512676,1780326740.1345127,,y,16,,0.6067641799820991,0.7945148717440246,-0.024152607897016284,15.305076599121094,0.6047000197067531,0.7958429674308216,-0.03117462682305254,15.281823418930795,114,-16.667860541427345,-6.6086844268598055,-2.465077891684415,-16.5691997576043,-6.711263789804645,-2.5386015605624666,1.7624015808105469,1.3408865928649902,1.5157395601272583,Online,true,1780326740.1345127,0.0,map,odom
1780326743,334109501,1780326743.3341095,,x,19,,-0.8170518933865201,0.5765635412661063,-0.0008284903074575571,-8.65865421295166,-0.8184921860925116,0.5745132172192214,-0.002259324217800284,-8.560217756390562,115,-15.191712810682214,-6.515737351127293,-2.5173203489054803,-15.093447119969346,-6.6149965670349316,-2.595760384811709,0.6604290008544922,0.9295763969421387,1.6149835586547852,Online,true,1780326743.3341095,0.0,map,odom
1780326743,334109501,1780326743.3341095,,x,4,,-0.8172923622304495,0.5762225001993093,-0.0009082421639908025,4.35336971282959,-0.8187320302718308,0.574171059145759,-0.0023361178059086328,4.451799410323349,1287,-2.4859463746175345,-11.127834635366279,-1.7570460536448458,-2.374020127648624,-11.190370949342856,-1.842046022543179,6.46968412399292,8.96374797821045,2.813068389892578,Online,true,1780326743.3341095,0.0,map,odom
1780326743,334109501,1780326743.3341095,,y,16,,0.6067641799820991,0.7945148717440246,-0.024152607897016284,15.305076599121094,0.6047000197067531,0.7958429674308216,-0.03117462682305254,15.281823465537101,114,-16.667860541427345,-6.6086844268598055,-2.465077891684415,-16.56919982464037,-6.711263797421676,-2.5386015603177263,1.7624015808105469,1.3408865928649902,1.5157395601272583,Online,true,1780326743.3341095,0.0,map,odom
1780326746,735655516,1780326746.7356555,,x,19,,-0.8170518933865201,0.5765635412661063,-0.0008284903074575571,-8.65865421295166,-0.8184921860925116,0.5745132172192214,-0.002259324217800284,-8.560217756390562,115,-15.191712810682214,-6.515737351127293,-2.5173203489054803,-15.093447119969346,-6.6149965670349316,-2.595760384811709,0.6604290008544922,0.9295763969421387,1.6149835586547852,Online,true,1780326746.7356555,0.0,map,odom
1780326746,735655516,1780326746.7356555,,x,4,,-0.8172923622304495,0.5762225001993093,-0.0009082421639908025,4.35336971282959,-0.8187320302718308,0.574171059145759,-0.0023361178059086328,4.451799410323349,1287,-2.4859463746175345,-11.127834635366279,-1.7570460536448458,-2.374020127648624,-11.190370949342856,-1.842046022543179,6.46968412399292,8.96374797821045,2.813068389892578,Online,true,1780326746.7356555,0.0,map,odom
1780326746,735655516,1780326746.7356555,,y,16,,0.6067641799820991,0.7945148717440246,-0.024152607897016284,15.305076599121094,0.6047000197067531,0.7958429674308216,-0.03117462682305254,15.281823465537101,114,-16.667860541427345,-6.6086844268598055,-2.465077891684415,-16.56919982464037,-6.711263797421676,-2.5386015603177263,1.7624015808105469,1.3408865928649902,1.5157395601272583,Online,true,1780326746.7356555,0.0,map,odom
1780326750,533784385,1780326750.5337844,,x,32,,0.7108562649947993,0.7022661627250364,0.03880215469656966,16.856975555419922,0.709204838687986,0.7042719966889283,0.03208506601735711,16.83077963384802,143,-17.976070964253033,-5.65329498344368,-2.806707908223559,-17.880783366053087,-5.7614107749326315,-2.8827267983082896,0.9899539947509766,1.055403232574463,1.7747617959976196,Online,true,1780326750.5337844,0.0,map,odom
1780326750,533784385,1780326750.5337844,,x,19,,-0.8170518933865201,0.5765635412661063,-0.0008284903074575571,-8.65865421295166,-0.8184921860925116,0.5745132172192214,-0.002259324217800284,-8.560217681904742,115,-15.191712810682214,-6.515737351127293,-2.5173203489054803,-15.093447015708628,-6.614996548149733,-2.5957603852389473,0.6604290008544922,0.9295763969421387,1.6149835586547852,Online,true,1780326750.5337844,0.0,map,odom
1780326750,533784385,1780326750.5337844,,x,4,,-0.8172923622304495,0.5762225001993093,-0.0009082421639908025,4.35336971282959,-0.8187320302718308,0.574171059145759,-0.0023361178059086328,4.451799484840605,1287,-2.4859463746175345,-11.127834635366279,-1.7570460536448458,-2.374020023387907,-11.190370930457659,-1.8420460229704172,6.46968412399292,8.96374797821045,2.813068389892578,Online,true,1780326750.5337844,0.0,map,odom
1780326750,533784385,1780326750.5337844,,y,16,,0.6067641799820991,0.7945148717440246,-0.024152607897016284,15.305076599121094,0.6047000197067531,0.7958429674308216,-0.03117462682305254,15.281823387447673,114,-16.667860541427345,-6.6086844268598055,-2.465077891684415,-16.569199720379657,-6.711263778536479,-2.5386015607449646,1.7624015808105469,1.3408865928649902,1.5157395601272583,Online,true,1780326750.5337844,0.0,map,odom
1780326750,533784385,1780326750.5337844,,x,32,,0.7108562649947993,0.7022661627250364,0.03880215469656966,16.856975555419922,0.709204838687986,0.7042719966889283,0.03208506601735711,16.83077963384802,143,-17.976070964253033,-5.65329498344368,-2.806707908223559,-17.880783366053087,-5.7614107749326315,-2.8827267983082896,0.9899539947509766,1.055403232574463,1.7747617959976196,Online,true,1780326750.5337844,0.0,map,odom
1780326750,533784385,1780326750.5337844,,x,19,,-0.8170518933865201,0.5765635412661063,-0.0008284903074575571,-8.65865421295166,-0.8184921860925116,0.5745132172192214,-0.002259324217800284,-8.560217681904742,115,-15.191712810682214,-6.515737351127293,-2.5173203489054803,-15.093447015708628,-6.614996548149733,-2.5957603852389473,0.6604290008544922,0.9295763969421387,1.6149835586547852,Online,true,1780326750.5337844,0.0,map,odom
1780326750,533784385,1780326750.5337844,,x,4,,-0.8172923622304495,0.5762225001993093,-0.0009082421639908025,4.35336971282959,-0.8187320302718308,0.574171059145759,-0.0023361178059086328,4.451799484840605,1287,-2.4859463746175345,-11.127834635366279,-1.7570460536448458,-2.374020023387907,-11.190370930457659,-1.8420460229704172,6.46968412399292,8.96374797821045,2.813068389892578,Online,true,1780326750.5337844,0.0,map,odom
1780326750,533784385,1780326750.5337844,,y,16,,0.6067641799820991,0.7945148717440246,-0.024152607897016284,15.305076599121094,0.6047000197067531,0.7958429674308216,-0.03117462682305254,15.281823387447673,114,-16.667860541427345,-6.6086844268598055,-2.465077891684415,-16.569199720379657,-6.711263778536479,-2.5386015607449646,1.7624015808105469,1.3408865928649902,1.5157395601272583,Online,true,1780326750.5337844,0.0,map,odom
1780326755,333832446,1780326755.3338325,,x,32,,0.7108562649947993,0.7022661627250364,0.03880215469656966,16.856975555419922,0.709204838687986,0.7042719966889283,0.03208506601735711,16.83077963384802,143,-17.976070964253033,-5.65329498344368,-2.806707908223559,-17.880783366053087,-5.7614107749326315,-2.8827267983082896,0.9899539947509766,1.055403232574463,1.7747617959976196,Online,true,1780326755.3338325,0.0,map,odom
1780326755,333832446,1780326755.3338325,,x,19,,-0.8170518933865201,0.5765635412661063,-0.0008284903074575571,-8.65865421295166,-0.8184921860925116,0.5745132172192214,-0.002259324217800284,-8.560217681904742,115,-15.191712810682214,-6.515737351127293,-2.5173203489054803,-15.093447015708628,-6.614996548149733,-2.5957603852389473,0.6604290008544922,0.9295763969421387,1.6149835586547852,Online,true,1780326755.3338325,0.0,map,odom
1780326755,333832446,1780326755.3338325,,x,4,,-0.8172923622304495,0.5762225001993093,-0.0009082421639908025,4.35336971282959,-0.8187320302718308,0.574171059145759,-0.0023361178059086328,4.451799484840605,1287,-2.4859463746175345,-11.127834635366279,-1.7570460536448458,-2.374020023387907,-11.190370930457659,-1.8420460229704172,6.46968412399292,8.96374797821045,2.813068389892578,Online,true,1780326755.3338325,0.0,map,odom
1780326755,333832446,1780326755.3338325,,y,16,,0.6067641799820991,0.7945148717440246,-0.024152607897016284,15.305076599121094,0.6047000197067531,0.7958429674308216,-0.03117462682305254,15.281823387447673,114,-16.667860541427345,-6.6086844268598055,-2.465077891684415,-16.569199720379657,-6.711263778536479,-2.5386015607449646,1.7624015808105469,1.3408865928649902,1.5157395601272583,Online,true,1780326755.3338325,0.0,map,odom
1780326755,333832446,1780326755.3338325,,x,32,,0.7108562649947993,0.7022661627250364,0.03880215469656966,16.856975555419922,0.709204838687986,0.7042719966889283,0.03208506601735711,16.83077963384802,143,-17.976070964253033,-5.65329498344368,-2.806707908223559,-17.880783366053087,-5.7614107749326315,-2.8827267983082896,0.9899539947509766,1.055403232574463,1.7747617959976196,Online,true,1780326755.3338325,0.0,map,odom
1780326755,333832446,1780326755.3338325,,x,19,,-0.8170518933865201,0.5765635412661063,-0.0008284903074575571,-8.65865421295166,-0.8184921860925116,0.5745132172192214,-0.002259324217800284,-8.560217681904742,115,-15.191712810682214,-6.515737351127293,-2.5173203489054803,-15.093447015708628,-6.614996548149733,-2.5957603852389473,0.6604290008544922,0.9295763969421387,1.6149835586547852,Online,true,1780326755.3338325,0.0,map,odom
1780326755,333832446,1780326755.3338325,,x,4,,-0.8172923622304495,0.5762225001993093,-0.0009082421639908025,4.35336971282959,-0.8187320302718308,0.574171059145759,-0.0023361178059086328,4.451799484840605,1287,-2.4859463746175345,-11.127834635366279,-1.7570460536448458,-2.374020023387907,-11.190370930457659,-1.8420460229704172,6.46968412399292,8.96374797821045,2.813068389892578,Online,true,1780326755.3338325,0.0,map,odom
1780326755,333832446,1780326755.3338325,,y,16,,0.6067641799820991,0.7945148717440246,-0.024152607897016284,15.305076599121094,0.6047000197067531,0.7958429674308216,-0.03117462682305254,15.281823387447673,114,-16.667860541427345,-6.6086844268598055,-2.465077891684415,-16.569199720379657,-6.711263778536479,-2.5386015607449646,1.7624015808105469,1.3408865928649902,1.5157395601272583,Online,true,1780326755.3338325,0.0,map,odom
1780326760,534867578,1780326760.5348675,,x,32,,0.7108562649947993,0.7022661627250364,0.03880215469656966,16.856975555419922,0.709204838687986,0.7042719966889283,0.03208506601735711,16.83077979496892,143,-17.976070964253033,-5.65329498344368,-2.806707908223559,-17.88078354474443,-5.7614108238045585,-2.8827267974667867,0.9899539947509766,1.055403232574463,1.7747617959976196,Online,true,1780326760.5348675,0.0,map,odom
1780326760,534867578,1780326760.5348675,,x,19,,-0.8170518933865201,0.5765635412661063,-0.0008284903074575571,-8.65865421295166,-0.8184921860925116,0.5745132172192214,-0.002259324217800284,-8.560217800082741,115,-15.191712810682214,-6.515737351127293,-2.5173203489054803,-15.093447194399971,-6.61499659702166,-2.5957603843974444,0.6604290008544922,0.9295763969421387,1.6149835586547852,Online,true,1780326760.5348675,0.0,map,odom
1780326760,534867578,1780326760.5348675,,x,4,,-0.8172923622304495,0.5762225001993093,-0.0009082421639908025,4.35336971282959,-0.8187320302718308,0.574171059145759,-0.0023361178059086328,4.451799366603092,1287,-2.4859463746175345,-11.127834635366279,-1.7570460536448458,-2.374020202079249,-11.190370979329586,-1.8420460221289146,6.46968412399292,8.96374797821045,2.813068389892578,Online,true,1780326760.5348675,0.0,map,odom
1780326760,534867578,1780326760.5348675,,y,16,,0.6067641799820991,0.7945148717440246,-0.024152607897016284,15.305076599121094,0.6047000197067531,0.7958429674308216,-0.03117462682305254,15.281823534422944,114,-16.667860541427345,-6.6086844268598055,-2.465077891684415,-16.569199899071,-6.711263827408405,-2.5386015599034617,1.7624015808105469,1.3408865928649902,1.5157395601272583,Online,true,1780326760.5348675,0.0,map,odom
1780326763,934929131,1780326763.9349291,,x,32,,0.7103364654170253,0.7026819175246555,0.040745903876594214,16.853239059448242,0.7096762818894929,0.7031456856138883,0.04411031314874127,16.877296126023836,143,-17.976070964253033,-5.65329498344368,-2.806707908223559,-17.886235370111013,-5.7605487614673105,-3.0832645425139202,0.9899539947509766,1.055403232574463,1.7747617959976196,Online,true,1780326763.9349291,0.0,map,odom
1780326763,934929131,1780326763.9349291,,x,19,,-0.8170518933865201,0.5765635412661063,-0.0008284903074575571,-8.65865421295166,-0.8179397065892261,0.5748817249786257,0.022037211037937873,-8.4787111915261,115,-15.191712810682214,-6.515737351127293,-2.5173203489054803,-15.096566754807533,-6.622994829223843,-2.8505885415551626,0.6604290008544922,0.9295763969421387,1.6149835586547852,Online,true,1780326763.9349291,0.0,map,odom
1780326763,934929131,1780326763.9349291,,x,4,,-0.8172923622304495,0.5762225001993093,-0.0009082421639908025,4.35336971282959,-0.8181807289980605,0.5745418186344683,0.021954346640247535,4.533262741713848,1287,-2.4859463746175345,-11.127834635366279,-1.7570460536448458,-2.3735011118856204,-11.224174101440868,-2.3620099481161247,6.46968412399292,8.96374797821045,2.813068389892578,Online,true,1780326763.9349291,0.0,map,odom
1780326763,934929131,1780326763.9349291,,y,16,,0.6067641799820991,0.7945148717440246,-0.024152607897016284,15.305076599121094,0.6050278320905966,0.7960117864029534,-0.01750880645080451,15.32715365648879,114,-16.667860541427345,-6.6086844268598055,-2.465077891684415,-16.57165282310539,-6.7198037667267085,-2.7789667785157803,1.7624015808105469,1.3408865928649902,1.5157395601272583,Online,true,1780326763.9349291,0.0,map,odom
1780326768,133741516,1780326768.1337416,,x,32,,0.710341516069463,0.702676597138499,0.04074960591216038,16.853313446044922,0.7096482688491705,0.7032521998754079,0.04284481170194242,16.874644697449867,143,-17.976070964253033,-5.65329498344368,-2.806707908223559,-17.885420096541136,-5.760341421753679,-3.1266537190391936,0.9899539947509766,1.055403232574463,1.7747617959976196,Online,true,1780326768.1337416,0.0,map,odom
1780326768,133741516,1780326768.1337416,,x,19,,-0.8170518933865201,0.5765635412661063,-0.0008284903074575571,-8.65865421295166,-0.8179801405965965,0.5748101241993798,0.022401131834480687,-8.477205136104523,115,-15.191712810682214,-6.515737351127293,-2.5173203489054803,-15.095425277619373,-6.6222994692406925,-2.896090150403104,0.6604290008544922,0.9295763969421387,1.6149835586547852,Online,true,1780326768.1337416,0.0,map,odom
1780326768,133741516,1780326768.1337416,,x,4,,-0.8172923622304495,0.5762225001993093,-0.0009082421639908025,4.35336971282959,-0.8182212087226882,0.5744701260425397,0.022318778663981947,4.5347657205783785,1287,-2.4859463746175345,-11.127834635366279,-1.7570460536448458,-2.3713726893438727,-11.221706954951397,-2.4166158525160726,6.46968412399292,8.96374797821045,2.813068389892578,Online,true,1780326768.1337416,0.0,map,odom
1780326768,133741516,1780326768.1337416,,y,16,,0.6067641799820991,0.7945148717440246,-0.024152607897016284,15.305076599121094,0.6049228304562073,0.7960633998120675,-0.018746537613735053,15.32028501151138,114,-16.667860541427345,-6.6086844268598055,-2.465077891684415,-16.570428213855344,-6.719211883245649,-2.822913116336931,1.7624015808105469,1.3408865928649902,1.5157395601272583,Online,true,1780326768.1337416,0.0,map,odom
1780326768,133741516,1780326768.1337416,,x,32,,0.710341516069463,0.702676597138499,0.04074960591216038,16.853313446044922,0.7096482688491705,0.7032521998754079,0.04284481170194242,16.874644697449867,143,-17.976070964253033,-5.65329498344368,-2.806707908223559,-17.885420096541136,-5.760341421753679,-3.1266537190391936,0.9899539947509766,1.055403232574463,1.7747617959976196,Online,true,1780326768.1337416,0.0,map,odom
1780326768,133741516,1780326768.1337416,,x,19,,-0.8170518933865201,0.5765635412661063,-0.0008284903074575571,-8.65865421295166,-0.8179801405965965,0.5748101241993798,0.022401131834480687,-8.477205136104523,115,-15.191712810682214,-6.515737351127293,-2.5173203489054803,-15.095425277619373,-6.6222994692406925,-2.896090150403104,0.6604290008544922,0.9295763969421387,1.6149835586547852,Online,true,1780326768.1337416,0.0,map,odom
1780326768,133741516,1780326768.1337416,,x,4,,-0.8172923622304495,0.5762225001993093,-0.0009082421639908025,4.35336971282959,-0.8182212087226882,0.5744701260425397,0.022318778663981947,4.5347657205783785,1287,-2.4859463746175345,-11.127834635366279,-1.7570460536448458,-2.3713726893438727,-11.221706954951397,-2.4166158525160726,6.46968412399292,8.96374797821045,2.813068389892578,Online,true,1780326768.1337416,0.0,map,odom
1780326768,133741516,1780326768.1337416,,y,16,,0.6067641799820991,0.7945148717440246,-0.024152607897016284,15.305076599121094,0.6049228304562073,0.7960633998120675,-0.018746537613735053,15.32028501151138,114,-16.667860541427345,-6.6086844268598055,-2.465077891684415,-16.570428213855344,-6.719211883245649,-2.822913116336931,1.7624015808105469,1.3408865928649902,1.5157395601272583,Online,true,1780326768.1337416,0.0,map,odom
1780326771,936932016,1780326771.936932,,x,32,,0.6865676779546207,0.7257618454031997,0.04352662799876012,16.904983520507812,0.7392840695232629,0.6723157683720037,0.038086377452914426,17.046595472561872,143,-17.847090514389784,-6.259056508124291,-2.517323951621156,-18.033829627801705,-5.355595893232879,-2.9991811518525364,1.023965835571289,1.012331485748291,1.7710912227630615,Online,true,1780326771.936932,0.0,map,odom
1780326771,936932016,1780326771.936932,,x,19,,-0.8399672077241058,0.5424595581786399,0.013882279668834345,-8.929603576660156,-0.7968914540433548,0.6037054201544734,0.022444958203983484,-8.439349963982298,115,-15.09302167477815,-6.847005898019542,-2.4453635609668236,-15.33088720513265,-6.1479296046950145,-2.9537113196813785,0.6360197067260742,0.9553680419921875,1.6112558841705322,Online,true,1780326771.936932,0.0,map,odom
1780326771,936932016,1780326771.936932,,x,4,,-0.8172933515988549,0.5762215296671213,-0.0005711220477287227,4.3542399406433105,-0.7718906435777436,0.6357071599067581,0.007825675716543195,4.8432998636924856,1287,-2.523901083808401,-11.104340828937806,-1.7565064260731766,-3.1094744502911222,-11.33436496379546,-2.387870495491485,6.399871587753296,8.963740348815918,2.8131046295166016,Online,true,1780326771.936932,0.0,map,odom
1780326771,936932016,1780326771.936932,,y,16,,0.5764006293237239,0.8164885522530971,-0.03329802629070259,15.181928634643555,0.6355066440166455,0.7711800236995278,-0.037585588428233965,15.346249487891782,114,-16.591184549164353,-6.979498587156597,-2.3966887258646783,-16.834251154387196,-6.168152557973329,-2.8912339743585167,1.8188037872314453,1.2755436897277832,1.5165596008300781,Online,true,1780326771.936932,0.0,map,odom
1780326775,533863622,1780326775.5338635,,x,32,,0.6865676779546207,0.7257618454031997,0.04352662799876012,16.904983520507812,0.7169257604925592,0.6962127317327713,0.0361287436172084,16.93250459345809,143,-17.847090514389784,-6.259056508124291,-2.517323951621156,-17.948003209932203,-5.685955875606985,-2.9586101452969404,1.023965835571289,1.012331485748291,1.7710912227630615,Online,true,1780326775.5338635,0.0,map,odom
1780326775,533863622,1780326775.5338635,,x,19,,-0.8399672077241058,0.5424595581786399,0.013882279668834345,-8.929603576660156,-0.8161958861374911,0.5773539118088769,0.022062093536735067,-8.669868397825011,115,-15.09302167477815,-6.847005898019542,-2.4453635609668236,-15.220546485390583,-6.389351434027989,-2.9141977555008096,0.6360197067260742,0.9553680419921875,1.6112558841705322,Online,true,1780326775.5338635,0.0,map,odom
1780326775,533863622,1780326775.5338635,,x,4,,-0.8172933515988549,0.5762215296671213,-0.0005711220477287227,4.3542399406433105,-0.7922683069622917,0.6101284874016002,0.007359255678369725,4.606685657104216,1287,-2.523901083808401,-11.104340828937806,-1.7565064260731766,-2.835501746927824,-11.172102807084405,-2.350129119204362,6.399871587753296,8.963740348815918,2.8131046295166016,Online,true,1780326775.5338635,0.0,map,odom
1780326775,533863622,1780326775.5338635,,y,43,,-0.6711377073626119,0.7413272447393663,0.00284498913823799,6.317933559417725,-0.6392628105409727,0.7689333666684462,0.009194383241163458,6.574450909318843,451,-2.873480878225187,-10.717746445979353,-1.334450941392429,-3.1641918174001105,-10.771054026269724,-1.924788320868967,8.45851755142212,7.070703506469727,1.4007952213287354,Online,true,1780326775.5338635,0.0,map,odom
1780326775,533863622,1780326775.5338635,,y,16,,0.5764006293237239,0.8164885522530971,-0.03329802629070259,15.181928634643555,0.6099029012758784,0.7914845814863806,-0.039630900628110505,15.197861614622054,114,-16.591184549164353,-6.979498587156597,-2.3966887258646783,-16.722388500451338,-6.458626501453877,-2.850267502353214,1.8188037872314453,1.2755436897277832,1.5165596008300781,Online,true,1780326775.5338635,0.0,map,odom
1780326775,533863622,1780326775.5338635,,x,32,,0.6865676779546207,0.7257618454031997,0.04352662799876012,16.904983520507812,0.7169257604925592,0.6962127317327713,0.0361287436172084,16.93250459345809,143,-17.847090514389784,-6.259056508124291,-2.517323951621156,-17.948003209932203,-5.685955875606985,-2.9586101452969404,1.023965835571289,1.012331485748291,1.7710912227630615,Online,true,1780326775.5338635,0.0,map,odom
1780326775,533863622,1780326775.5338635,,x,19,,-0.8399672077241058,0.5424595581786399,0.013882279668834345,-8.929603576660156,-0.8161958861374911,0.5773539118088769,0.022062093536735067,-8.669868397825011,115,-15.09302167477815,-6.847005898019542,-2.4453635609668236,-15.220546485390583,-6.389351434027989,-2.9141977555008096,0.6360197067260742,0.9553680419921875,1.6112558841705322,Online,true,1780326775.5338635,0.0,map,odom
1780326775,533863622,1780326775.5338635,,x,4,,-0.8172933515988549,0.5762215296671213,-0.0005711220477287227,4.3542399406433105,-0.7922683069622917,0.6101284874016002,0.007359255678369725,4.606685657104216,1287,-2.523901083808401,-11.104340828937806,-1.7565064260731766,-2.835501746927824,-11.172102807084405,-2.350129119204362,6.399871587753296,8.963740348815918,2.8131046295166016,Online,true,1780326775.5338635,0.0,map,odom
1780326775,533863622,1780326775.5338635,,y,43,,-0.6711377073626119,0.7413272447393663,0.00284498913823799,6.317933559417725,-0.6392628105409727,0.7689333666684462,0.009194383241163458,6.574450909318843,451,-2.873480878225187,-10.717746445979353,-1.334450941392429,-3.1641918174001105,-10.771054026269724,-1.924788320868967,8.45851755142212,7.070703506469727,1.4007952213287354,Online,true,1780326775.5338635,0.0,map,odom
1780326775,533863622,1780326775.5338635,,y,16,,0.5764006293237239,0.8164885522530971,-0.03329802629070259,15.181928634643555,0.6099029012758784,0.7914845814863806,-0.039630900628110505,15.197861614622054,114,-16.591184549164353,-6.979498587156597,-2.3966887258646783,-16.722388500451338,-6.458626501453877,-2.850267502353214,1.8188037872314453,1.2755436897277832,1.5165596008300781,Online,true,1780326775.5338635,0.0,map,odom
1780326781,41528287,1780326781.0415282,,x,32,,0.6865676779546207,0.7257618454031997,0.04352662799876012,16.904983520507812,0.7170292069709183,0.6960410528699023,0.03736266947655244,16.93659734838018,143,-17.847090514389784,-6.259056508124291,-2.517323951621156,-17.94832777830335,-5.684074170348184,-2.975701246821365,1.023965835571289,1.012331485748291,1.7710912227630615,Online,true,1780326781.0415282,0.0,map,odom
1780326781,41528287,1780326781.0415282,,x,19,,-0.8399672077241058,0.5424595581786399,0.013882279668834345,-8.929603576660156,-0.8160992418216664,0.577517501581467,0.02134391869366259,-8.670315267122598,115,-15.09302167477815,-6.847005898019542,-2.4453635609668236,-15.22107816808433,-6.388075755613264,-2.928274590545178,0.6360197067260742,0.9553680419921875,1.6112558841705322,Online,true,1780326781.0415282,0.0,map,odom
1780326781,41528287,1780326781.0415282,,x,4,,-0.8172933515988549,0.5762215296671213,-0.0005711220477287227,4.3542399406433105,-0.7921465341955699,0.6102943155658902,0.006687058389791038,4.606534146480183,1287,-2.523901083808401,-11.104340828937806,-1.7565064260731766,-2.837760428278837,-11.173760333600905,-2.3513151711054165,6.399871587753296,8.963740348815918,2.8131046295166016,Online,true,1780326781.0415282,0.0,map,odom
1780326781,41528287,1780326781.0415282,,y,43,,-0.6713866506181567,0.7411006594945381,0.0031269583453947913,6.315445899963379,-0.639365312157544,0.768849559250055,0.009074847143760565,6.5729455124719225,451,-2.873480878225187,-10.717746445979353,-1.334450941392429,-3.1668897349144434,-10.772854327490396,-1.9261794803822128,8.45851755142212,7.070703506469727,1.4007952213287354,Online,true,1780326781.0415282,0.0,map,odom
1780326781,41528287,1780326781.0415282,,y,16,,0.5764006293237239,0.8164885522530971,-0.03329802629070259,15.181928634643555,0.6101202966269528,0.7913737522170646,-0.03848126746513403,15.202585779435879,114,-16.591184549164353,-6.979498587156597,-2.3966887258646783,-16.723012716262186,-6.457061331489225,-2.86623304199137,1.8188037872314453,1.2755436897277832,1.5165596008300781,Online,true,1780326781.0415282,0.0,map,odom
1780326786,734672378,1780326786.7346723,,x,32,,0.6865676779546207,0.7257618454031997,0.04352662799876012,16.904983520507812,0.717024140476176,0.6960838335325682,0.036656222786929864,16.934615956949244,143,-17.847090514389784,-6.259056508124291,-2.517323951621156,-17.9484240129112,-5.683527652656625,-2.9833389433550037,1.023965835571289,1.012331485748291,1.7710912227630615,Online,true,1780326786.7346723,0.0,map,odom
1780326786,734672378,1780326786.7346723,,x,19,,-0.8399672077241058,0.5424595581786399,0.013882279668834345,-8.929603576660156,-0.8160997825344573,0.5775565995317881,0.02023658282639005,-8.673637458147914,115,-15.09302167477815,-6.847005898019542,-2.4453635609668236,-15.22120098915641,-6.387495379282049,-2.9339226020021645,0.6360197067260742,0.9553680419921875,1.6112558841705322,Online,true,1780326786.7346723,0.0,map,odom
1780326786,734672378,1780326786.7346723,,x,4,,-0.8172933515988549,0.5762215296671213,-0.0005711220477287227,4.3542399406433105,-0.792141249397288,0.6103126394195654,0.005542848367667361,4.602960883262348,1287,-2.523901083808401,-11.104340828937806,-1.7565064260731766,-2.8381575824553744,-11.172520072191118,-2.345711778692233,6.399871587753296,8.963740348815918,2.8131046295166016,Online,true,1780326786.7346723,0.0,map,odom
1780326786,734672378,1780326786.7346723,,y,43,,-0.6714023390032479,0.7410863680269028,0.0031455215246402896,6.315304279327393,-0.6393750392904264,0.7688556172273631,0.007784535329514524,6.568724603896303,451,-2.873480878225187,-10.717746445979353,-1.334450941392429,-3.1674388337387347,-10.771017235495806,-1.921257527414792,8.45851755142212,7.070703506469727,1.4007952213287354,Online,true,1780326786.7346723,0.0,map,odom
1780326786,734672378,1780326786.7346723,,y,16,,0.5764006293237239,0.8164885522530971,-0.03329802629070259,15.181928634643555,0.6101444536093912,0.7913119006936068,-0.039360151808257526,15.199378121156217,114,-16.591184549164353,-6.979498587156597,-2.3966887258646783,-16.72315922052692,-6.456376137673457,-2.8723396272615025,1.8188037872314453,1.2755436897277832,1.5165596008300781,Online,true,1780326786.7346723,0.0,map,odom
1780326789,533633660,1780326789.5336337,,x,32,,0.6865676779546207,0.7257618454031997,0.04352662799876012,16.904983520507812,0.7169637256948108,0.6959762307822702,0.039750499668813756,16.94437570608227,143,-17.847090514389784,-6.259056508124291,-2.517323951621156,-17.948618184877503,-5.684991684162045,-3.01016226262895,1.023965835571289,1.012331485748291,1.7710912227630615,Online,true,1780326789.5336337,0.0,map,odom
1780326789,533633660,1780326789.5336337,,x,19,,-0.8399672077241058,0.5424595581786399,0.013882279668834345,-8.929603576660156,-0.8161386368989114,0.5774617657276159,0.021345596349859434,-8.670305749350751,115,-15.09302167477815,-6.847005898019542,-2.4453635609668236,-15.221425292550492,-6.389045218011268,-2.9603074159582787,0.6360197067260742,0.9553680419921875,1.6112558841705322,Online,true,1780326789.5336337,0.0,map,odom
1780326789,533633660,1780326789.5336337,,x,4,,-0.8172933515988549,0.5762215296671213,-0.0005711220477287227,4.3542399406433105,-0.7921659728156258,0.6102679754588426,0.006787462150083889,4.606898090160199,1287,-2.523901083808401,-11.104340828937806,-1.7565064260731766,-2.8388441751204603,-11.175680539826976,-2.3754788403381637,6.399871587753296,8.963740348815918,2.8131046295166016,Online,true,1780326789.5336337,0.0,map,odom
1780326789,533633660,1780326789.5336337,,y,43,,-0.6714021515626858,0.7410865373188595,0.0031456448844647687,6.315307140350342,-0.639407010165845,0.7688069557626113,0.009723174471416123,6.574918182048137,451,-2.873480878225187,-10.717746445979353,-1.334450941392429,-3.168576697886369,-10.775624374601511,-1.950010146020785,8.45851755142212,7.070703506469727,1.4007952213287354,Online,true,1780326789.5336337,0.0,map,odom
1780326789,533633660,1780326789.5336337,,y,16,,0.5764006293237239,0.8164885522530971,-0.03329802629070259,15.181928634643555,0.6101596289028897,0.7914577326227008,-0.036053914195570684,15.210653070285133,114,-16.591184549164353,-6.979498587156597,-2.3966887258646783,-16.723444175360893,-6.4581763299689605,-2.9005101294260305,1.8188037872314453,1.2755436897277832,1.5165596008300781,Online,true,1780326789.5336337,0.0,map,odom
1780326792,533951542,1780326792.5339515,,x,32,,0.6865676779546207,0.7257618454031997,0.04352662799876012,16.904983520507812,0.716963729161324,0.6959762272458804,0.03975049906200499,16.944374380487307,143,-17.847090514389784,-6.259056508124291,-2.517323951621156,-17.94861643783802,-5.684991521527374,-3.0101622593751904,1.023965835571289,1.012331485748291,1.7710912227630615,Online,true,1780326792.5339515,0.0,map,odom
1780326792,533951542,1780326792.5339515,,x,19,,-0.8399672077241058,0.5424595581786399,0.013882279668834345,-8.929603576660156,-0.8161386340337401,0.5774617697461195,0.02134559718585007,-8.6703043407216,115,-15.09302167477815,-6.847005898019542,-2.4453635609668236,-15.221423548932254,-6.389045068817601,-2.9603074153680886,0.6360197067260742,0.9553680419921875,1.6112558841705322,Online,true,1780326792.5339515,0.0,map,odom
1780326792,533951542,1780326792.5339515,,x,4,,-0.8172933515988549,0.5762215296671213,-0.0005711220477287227,4.3542399406433105,-0.7921659698026522,0.6102679793607869,0.006787462966796165,4.606899453552276,1287,-2.523901083808401,-11.104340828937806,-1.7565064260731766,-2.838842454528759,-11.175680451699023,-2.3754788520102736,6.399871587753296,8.963740348815918,2.8131046295166016,Online,true,1780326792.5339515,0.0,map,odom
1780326792,533951542,1780326792.5339515,,y,43,,-0.6714021515626858,0.7410865373188595,0.0031456448844647687,6.315307140350342,-0.6394070063690306,0.7688069589116657,0.009723175159926553,6.574919262173566,451,-2.873480878225187,-10.717746445979353,-1.334450941392429,-3.1685749749198666,-10.775624284894223,-1.9500101573374595,8.45851755142212,7.070703506469727,1.4007952213287354,Online,true,1780326792.5339515,0.0,map,odom
1780326792,533951542,1780326792.5339515,,y,16,,0.5764006293237239,0.8164885522530971,-0.03329802629070259,15.181928634643555,0.6101596327678388,0.7914577296205275,-0.03605391469086596,15.210651926523255,114,-16.591184549164353,-6.979498587156597,-2.3966887258646783,-16.723442432026467,-6.458176173381828,-2.9005101274173115,1.8188037872314453,1.2755436897277832,1.5165596008300781,Online,true,1780326792.5339515,0.0,map,odom
1780326795,735132763,1780326795.7351327,,x,32,,0.6865676779546207,0.7257618454031997,0.04352662799876012,16.904983520507812,0.7169607457442075,0.6960170304541378,0.039084298378168396,16.942689531531872,143,-17.847090514389784,-6.259056508124291,-2.517323951621156,-17.948607903302353,-5.684609722924815,-3.0207537958883948,1.023965835571289,1.012331485748291,1.7710912227630615,Online,true,1780326795.7351327,0.0,map,odom
1780326795,735132763,1780326795.7351327,,x,19,,-0.8399672077241058,0.5424595581786399,0.013882279668834345,-8.929603576660156,-0.8161386439035898,0.5774924777690712,0.020497610771707187,-8.67267893898565,115,-15.09302167477815,-6.847005898019542,-2.4453635609668236,-15.221430916621145,-6.38862461196476,-2.969502692997112,0.6360197067260742,0.9553680419921875,1.6112558841705322,Online,true,1780326795.7351327,0.0,map,odom
1780326795,735132763,1780326795.7351327,,x,4,,-0.8172933515988549,0.5762215296671213,-0.0005711220477287227,4.3542399406433105,-0.7921626820601826,0.6102814137414608,0.005906030218525803,4.604217892812458,1287,-2.523901083808401,-11.104340828937806,-1.7565064260731766,-2.839009246991042,-11.174662993303853,-2.376470228055781,6.399871587753296,8.963740348815918,2.8131046295166016,Online,true,1780326795.7351327,0.0,map,odom
1780326795,735132763,1780326795.7351327,,y,53,,-0.54375070588009,-0.8391104975878255,0.015124241892264023,-3.709343433380127,-0.57864329729895,-0.8153726385943342,0.018422668718522467,-3.7562745054690487,221,-13.620728035318367,4.360709333851327,-2.6987419851225427,-13.27812368208159,4.7470524578966735,-3.2244205097148666,3.579854965209961,2.29482364654541,2.1583281755447388,Online,true,1780326795.7351327,0.0,map,odom
1780326795,735132763,1780326795.7351327,,y,43,,-0.6714021515626858,0.7410865373188595,0.0031456448844647687,6.315307140350342,-0.6394031176822219,0.7688225904357638,0.008687780723320278,6.571765157111692,451,-2.873480878225187,-10.717746445979353,-1.334450941392429,-3.168827705876789,-10.774105689746909,-1.951539983787348,8.45851755142212,7.070703506469727,1.4007952213287354,Online,true,1780326795.7351327,0.0,map,odom
1780326795,735132763,1780326795.7351327,,y,16,,0.5764006293237239,0.8164885522530971,-0.03329802629070259,15.181928634643555,0.6101732460724814,0.7914103640071567,-0.03685438263532184,15.207519743544355,114,-16.591184549164353,-6.979498587156597,-2.3966887258646783,-16.723462809484896,-6.457674367168022,-2.9099386555028355,1.8188037872314453,1.2755436897277832,1.5165596008300781,Online,true,1780326795.7351327,0.0,map,odom
1780326795,735132763,1780326795.7351327,,x,32,,0.6865676779546207,0.7257618454031997,0.04352662799876012,16.904983520507812,0.7169607457442075,0.6960170304541378,0.039084298378168396,16.942689531531872,143,-17.847090514389784,-6.259056508124291,-2.517323951621156,-17.948607903302353,-5.684609722924815,-3.0207537958883948,1.023965835571289,1.012331485748291,1.7710912227630615,Online,true,1780326795.7351327,0.0,map,odom
1780326795,735132763,1780326795.7351327,,x,19,,-0.8399672077241058,0.5424595581786399,0.013882279668834345,-8.929603576660156,-0.8161386439035898,0.5774924777690712,0.020497610771707187,-8.67267893898565,115,-15.09302167477815,-6.847005898019542,-2.4453635609668236,-15.221430916621145,-6.38862461196476,-2.969502692997112,0.6360197067260742,0.9553680419921875,1.6112558841705322,Online,true,1780326795.7351327,0.0,map,odom
1780326795,735132763,1780326795.7351327,,x,4,,-0.8172933515988549,0.5762215296671213,-0.0005711220477287227,4.3542399406433105,-0.7921626820601826,0.6102814137414608,0.005906030218525803,4.604217892812458,1287,-2.523901083808401,-11.104340828937806,-1.7565064260731766,-2.839009246991042,-11.174662993303853,-2.376470228055781,6.399871587753296,8.963740348815918,2.8131046295166016,Online,true,1780326795.7351327,0.0,map,odom
1780326795,735132763,1780326795.7351327,,y,53,,-0.54375070588009,-0.8391104975878255,0.015124241892264023,-3.709343433380127,-0.57864329729895,-0.8153726385943342,0.018422668718522467,-3.7562745054690487,221,-13.620728035318367,4.360709333851327,-2.6987419851225427,-13.27812368208159,4.7470524578966735,-3.2244205097148666,3.579854965209961,2.29482364654541,2.1583281755447388,Online,true,1780326795.7351327,0.0,map,odom
1780326795,735132763,1780326795.7351327,,y,43,,-0.6714021515626858,0.7410865373188595,0.0031456448844647687,6.315307140350342,-0.6394031176822219,0.7688225904357638,0.008687780723320278,6.571765157111692,451,-2.873480878225187,-10.717746445979353,-1.334450941392429,-3.168827705876789,-10.774105689746909,-1.951539983787348,8.45851755142212,7.070703506469727,1.4007952213287354,Online,true,1780326795.7351327,0.0,map,odom
1780326795,735132763,1780326795.7351327,,y,16,,0.5764006293237239,0.8164885522530971,-0.03329802629070259,15.181928634643555,0.6101732460724814,0.7914103640071567,-0.03685438263532184,15.207519743544355,114,-16.591184549164353,-6.979498587156597,-2.3966887258646783,-16.723462809484896,-6.457674367168022,-2.9099386555028355,1.8188037872314453,1.2755436897277832,1.5165596008300781,Online,true,1780326795.7351327,0.0,map,odom
1780326799,134858182,1780326799.1348581,,x,32,,0.6865676779546207,0.7257618454031997,0.04352662799876012,16.904983520507812,0.7194029291299313,0.6935992295698781,0.03714208259301912,17.02677621939065,143,-17.847090514389784,-6.259056508124291,-2.517323951621156,-18.000631489615085,-5.717733260946535,-3.0063153252471544,1.023965835571289,1.012331485748291,1.7710912227630615,Online,true,1780326799.1348581,0.0,map,odom
1780326799,134858182,1780326799.1348581,,x,19,,-0.8399672077241058,0.5424595581786399,0.013882279668834345,-8.929603576660156,-0.8141162166147792,0.5803423738750499,0.020433182079885516,-8.643798537144423,115,-15.09302167477815,-6.847005898019542,-2.4453635609668236,-15.275847379714127,-6.431081813619503,-2.956885040484684,0.6360197067260742,0.9553680419921875,1.6112558841705322,Online,true,1780326799.1348581,0.0,map,odom
1780326799,134858182,1780326799.1348581,,x,4,,-0.8172933515988549,0.5762215296671213,-0.0005711220477287227,4.3542399406433105,-0.7900432516731483,0.6130240392735778,0.0057608817402785605,4.6365324792142815,1287,-2.523901083808401,-11.104340828937806,-1.7565064260731766,-2.9093829180331,-11.25888977337144,-2.3694803091567187,6.399871587753296,8.963740348815918,2.8131046295166016,Online,true,1780326799.1348581,0.0,map,odom
1780326799,134858182,1780326799.1348581,,y,53,,-0.5549905330850041,-0.831544105839489,0.022801496214673825,-3.884385347366333,-0.5922521365336008,-0.8052599171687267,0.02817574440544277,-4.012604972450674,663,-13.71335210555639,4.299435693214382,-2.8305147781990594,-13.390809412564817,4.640340542016468,-3.363368266080908,4.325735092163086,3.3447635173797607,2.689453601837158,Online,true,1780326799.1348581,0.0,map,odom
1780326799,134858182,1780326799.1348581,,y,43,,-0.6714021515626858,0.7410865373188595,0.0031456448844647687,6.315307140350342,-0.6367340750692139,0.771040800605304,0.00811180914990265,6.622837834274578,451,-2.873480878225187,-10.717746445979353,-1.334450941392429,-3.237347486201201,-10.856491538988053,-1.9448546095811352,8.45851755142212,7.070703506469727,1.4007952213287354,Online,true,1780326799.1348581,0.0,map,odom
1780326799,134858182,1780326799.1348581,,y,16,,0.5764006293237239,0.8164885522530971,-0.03329802629070259,15.181928634643555,0.6128618949595019,0.7892350233214978,-0.03883781236583267,15.296006121114338,114,-16.591184549164353,-6.979498587156597,-2.3966887258646783,-16.778042230729312,-6.494842079487238,-2.8955596092505043,1.8188037872314453,1.2755436897277832,1.5165596008300781,Online,true,1780326799.1348581,0.0,map,odom
1780326802,533772646,1780326802.5337727,,x,32,,0.6865676779546207,0.7257618454031997,0.04352662799876012,16.904983520507812,0.7176053171198619,0.6953670624526509,0.03882341171604561,16.98551814045287,143,-17.847090514389784,-6.259056508124291,-2.517323951621156,-17.973882555852498,-5.710056341475367,-3.018445224441441,1.023965835571289,1.012331485748291,1.7710912227630615,Online,true,1780326802.5337727,0.0,map,odom
1780326802,533772646,1780326802.5337727,,x,19,,-0.8399672077241058,0.5424595581786399,0.013882279668834345,-8.929603576660156,-0.8156048991905114,0.5782467255843599,0.020478592905814635,-8.66481579112249,115,-15.09302167477815,-6.847005898019542,-2.4453635609668236,-15.24734631525785,-6.416564537285752,-2.9674133305138426,0.6360197067260742,0.9553680419921875,1.6112558841705322,Online,true,1780326802.5337727,0.0,map,odom
1780326802,533772646,1780326802.5337727,,x,4,,-0.8172933515988549,0.5762215296671213,-0.0005711220477287227,4.3542399406433105,-0.7916008706747008,0.6110102561057217,0.0058760939982342025,4.613881522095436,1287,-2.523901083808401,-11.104340828937806,-1.7565064260731766,-2.869243629901141,-11.21383969018921,-2.3750094862060824,6.399871587753296,8.963740348815918,2.8131046295166016,Online,true,1780326802.5337727,0.0,map,odom
1780326802,533772646,1780326802.5337727,,y,53,,-0.5534660188739701,-0.8326134038408491,0.020743328960250856,-3.8645787239074707,-0.5887728034538806,-0.8079306007569528,0.024387092355746164,-3.9499152924162746,945,-14.049569279302364,4.583852080693321,-2.774785792007648,-13.713193498103843,4.958803353911945,-3.2978774147324232,4.917585372924805,3.55673885345459,2.750287890434265,Online,true,1780326802.5337727,0.0,map,odom
1780326802,533772646,1780326802.5337727,,y,43,,-0.6714021515626858,0.7410865373188595,0.0031456448844647687,6.315307140350342,-0.6386953368414147,0.7694116638654545,0.008599895628706347,6.590968280138756,451,-2.873480878225187,-10.717746445979353,-1.334450941392429,-3.1986344196408507,-10.812881593727584,-1.9501255087897411,8.45851755142212,7.070703506469727,1.4007952213287354,Online,true,1780326802.5337727,0.0,map,odom
1780326802,533772646,1780326802.5337727,,y,16,,0.5764006293237239,0.8164885522530971,-0.03329802629070259,15.181928634643555,0.6108948555116674,0.7908409499706597,-0.03712232965323543,15.252075412643999,114,-16.591184549164353,-6.979498587156597,-2.3966887258646783,-16.749432645469135,-6.484220622170058,-2.9076231874579603,1.8188037872314453,1.2755436897277832,1.5165596008300781,Online,true,1780326802.5337727,0.0,map,odom
1780326806,334603612,1780326806.3346035,,x,57,,0.8429455725894736,-0.5376340130904067,0.01980983644831346,23.154232025146484,0.8190397224448477,-0.5735851044102523,0.013193220082555968,22.911271597196443,157,-21.998752994901814,8.475868455923287,-2.6852311586878104,-21.48581548505445,9.19070178284787,-3.1466299127540456,1.1858577728271484,1.7589244842529297,2.8489878177642822,Online,true,1780326806.3346035,0.0,map,odom
1780326806,334603612,1780326806.3346035,,x,32,,0.6865676779546207,0.7257618454031997,0.04352662799876012,16.904983520507812,0.7176052538976754,0.6953671288628016,0.03882339083023111,16.98551864141048,143,-17.847090514389784,-6.259056508124291,-2.517323951621156,-17.973889054816926,-5.7100515312622155,-3.018445284092016,1.023965835571289,1.012331485748291,1.7710912227630615,Online,true,1780326806.3346035,0.0,map,odom
1780326806,334603612,1780326806.3346035,,x,19,,-0.8399672077241058,0.5424595581786399,0.013882279668834345,-8.929603576660156,-0.8156049514809539,0.5782466536449441,0.02047854165156385,-8.664825377326698,115,-15.09302167477815,-6.847005898019542,-2.4453635609668236,-15.247352752157976,-6.4165594800342545,-2.9674132860332,0.6360197067260742,0.9553680419921875,1.6112558841705322,Online,true,1780326806.3346035,0.0,map,odom
1780326806,334603612,1780326806.3346035,,x,4,,-0.8172933515988549,0.5762215296671213,-0.0005711220477287227,4.3542399406433105,-0.7916009255497308,0.6110101855164206,0.005876041524603443,4.613871890995442,1287,-2.523901083808401,-11.104340828937806,-1.7565064260731766,-2.86924965127686,-11.213833491651009,-2.3750088818681117,6.399871587753296,8.963740348815918,2.8131046295166016,Online,true,1780326806.3346035,0.0,map,odom
1780326806,334603612,1780326806.3346035,,y,58,,-0.5309032084324061,-0.8473889640274473,-0.008586438182787686,-3.4923911094665527,-0.5670885946391863,-0.8236408927815735,-0.005119137439590591,-3.6031144990856507,132,-15.688150723775228,5.741466283798218,-3.176640971140428,-15.303151400064365,6.186533555887224,-3.6867946499767763,1.7843847274780273,1.1097345352172852,2.397854447364807,Online,true,1780326806.3346035,0.0,map,odom
1780326806,334603612,1780326806.3346035,,y,53,,-0.5534660880509841,-0.8326133586365139,0.02074329765404534,-3.8645801544189453,-0.5887727990540657,-0.8079306039819008,0.024387091738907116,-3.949915572283079,945,-14.049569279302364,4.583852080693321,-2.774785792007648,-13.713200946075995,4.958808530484101,-3.297877956766164,4.917585372924805,3.55673885345459,2.750287890434265,Online,true,1780326806.3346035,0.0,map,odom
1780326806,334603612,1780326806.3346035,,y,43,,-0.6714021515626858,0.7410865373188595,0.0031456448844647687,6.315307140350342,-0.6386954059713307,0.769411607122621,0.008599838143979022,6.590958688706915,451,-2.873480878225187,-10.717746445979353,-1.334450941392429,-3.198640487128427,-10.81287540141419,-1.9501249343256553,8.45851755142212,7.070703506469727,1.4007952213287354,Online,true,1780326806.3346035,0.0,map,odom
1780326806,334603612,1780326806.3346035,,y,16,,0.5764006293237239,0.8164885522530971,-0.03329802629070259,15.181928634643555,0.6108947855591279,0.7908410026602176,-0.037122358330916795,15.252074533478922,114,-16.591184549164353,-6.979498587156597,-2.3966887258646783,-16.74943907774319,-6.484215696198588,-2.907623175309439,1.8188037872314453,1.2755436897277832,1.5165596008300781,Online,true,1780326806.3346035,0.0,map,odom
1780326809,136225563,1780326809.1362255,,x,61,,0.9247364546171133,-0.3804927229672564,0.009368952509981309,26.085405349731445,0.9074673893774932,-0.4201165856705198,0.0022342025293500553,25.85808104477258,123,-25.63513698422812,6.202337020780982,-2.0327970429164606,-25.21214233828188,7.075890142922109,-2.468383409463569,0.9313011169433594,2.275801181793213,1.081472396850586,Online,true,1780326809.1362255,0.0,map,odom
1780326809,136225563,1780326809.1362255,,x,57,,0.8429455727449916,-0.5376340131895967,0.019809827138742533,23.154232025146484,0.8190397116388757,-0.5735851197213261,0.013193225260704308,22.91128711957323,157,-21.998752994901814,8.475868455923287,-2.6852311586878104,-21.485828034542074,9.190711019447837,-3.1466299352831495,1.1858577728271484,1.7589244842529297,2.8489878177642822,Online,true,1780326809.1362255,0.0,map,odom
1780326809,136225563,1780326809.1362255,,x,32,,0.6865676779546207,0.7257618454031997,0.04352662799876012,16.904983520507812,0.717605266232582,0.6953671156078969,0.03882340024288098,16.985521641501197,143,-17.847090514389784,-6.259056508124291,-2.517323951621156,-17.97390188376682,-5.710042359700466,-3.0184452104130024,1.023965835571289,1.012331485748291,1.7710912227630615,Online,true,1780326809.1362255,0.0,map,odom
1780326809,136225563,1780326809.1362255,,x,19,,-0.8399672077241058,0.5424595581786399,0.013882279668834345,-8.929603576660156,-0.8156049410374178,0.5782466688869845,0.020478527204286206,-8.664840914480004,115,-15.09302167477815,-6.847005898019542,-2.4453635609668236,-15.24736559506735,-6.416550359098723,-2.967413167417594,0.6360197067260742,0.9553680419921875,1.6112558841705322,Online,true,1780326809.1362255,0.0,map,odom
1780326809,136225563,1780326809.1362255,,x,4,,-0.8172933515988549,0.5762215296671213,-0.0005711220477287227,4.3542399406433105,-0.7916009142658618,0.611010200271521,0.005876027366146318,4.613856375567129,1287,-2.523901083808401,-11.104340828937806,-1.7565064260731766,-2.869262592850815,-11.213824599563397,-2.3750085548912105,6.399871587753296,8.963740348815918,2.8131046295166016,Online,true,1780326809.1362255,0.0,map,odom
1780326809,136225563,1780326809.1362255,,y,58,,-0.5309032084451426,-0.8473889640477763,-0.008586435389026013,-3.492391347885132,-0.5670886098868313,-0.8236408822591506,-0.005119141333221336,-3.6031146906120735,132,-15.688150723775228,5.741466283798218,-3.176640971140428,-15.303163996968184,6.186542675890949,-3.68679456676713,1.7843847274780273,1.1097345352172852,2.397854447364807,Online,true,1780326809.1362255,0.0,map,odom
1780326809,136225563,1780326809.1362255,,y,53,,-0.5534660880723686,-0.8326133586686839,0.020743295792201636,-3.864579677581787,-0.5887728145183386,-0.8079305929821103,0.024387082804832448,-3.9499154774352494,945,-14.049569279302364,4.583852080693321,-2.774785792007648,-13.713213571972851,4.958817621949595,-3.297877845117541,4.917585372924805,3.55673885345459,2.750287890434265,Online,true,1780326809.1362255,0.0,map,odom
1780326809,136225563,1780326809.1362255,,y,43,,-0.6714021515626858,0.7410865373188595,0.0031456448844647687,6.315307140350342,-0.6386953917811065,0.7694116190381994,0.008599825963108817,6.590943723900735,451,-2.873480878225187,-10.717746445979353,-1.334450941392429,-3.1986534279378382,-10.812866502029616,-1.9501246136421058,8.45851755142212,7.070703506469727,1.4007952213287354,Online,true,1780326809.1362255,0.0,map,odom
1780326809,136225563,1780326809.1362255,,y,16,,0.5764006293237239,0.8164885522530971,-0.03329802629070259,15.181928634643555,0.6108948008694511,0.7908409911841282,-0.037122350862782726,15.252075352305008,114,-16.591184549164353,-6.979498587156597,-2.3966887258646783,-16.749451922855236,-6.484206547131564,-2.9076230801984018,1.8188037872314453,1.2755436897277832,1.5165596008300781,Online,true,1780326809.1362255,0.0,map,odom
1780326809,136225563,1780326809.1362255,,x,61,,0.9247364546171133,-0.3804927229672564,0.009368952509981309,26.085405349731445,0.9074673893774932,-0.4201165856705198,0.0022342025293500553,25.85808104477258,123,-25.63513698422812,6.202337020780982,-2.0327970429164606,-25.21214233828188,7.075890142922109,-2.468383409463569,0.9313011169433594,2.275801181793213,1.081472396850586,Online,true,1780326809.1362255,0.0,map,odom
1780326809,136225563,1780326809.1362255,,x,57,,0.8429455727449916,-0.5376340131895967,0.019809827138742533,23.154232025146484,0.8190397116388757,-0.5735851197213261,0.013193225260704308,22.91128711957323,157,-21.998752994901814,8.475868455923287,-2.6852311586878104,-21.485828034542074,9.190711019447837,-3.1466299352831495,1.1858577728271484,1.7589244842529297,2.8489878177642822,Online,true,1780326809.1362255,0.0,map,odom
1780326809,136225563,1780326809.1362255,,x,32,,0.6865676779546207,0.7257618454031997,0.04352662799876012,16.904983520507812,0.717605266232582,0.6953671156078969,0.03882340024288098,16.985521641501197,143,-17.847090514389784,-6.259056508124291,-2.517323951621156,-17.97390188376682,-5.710042359700466,-3.0184452104130024,1.023965835571289,1.012331485748291,1.7710912227630615,Online,true,1780326809.1362255,0.0,map,odom
1780326809,136225563,1780326809.1362255,,x,19,,-0.8399672077241058,0.5424595581786399,0.013882279668834345,-8.929603576660156,-0.8156049410374178,0.5782466688869845,0.020478527204286206,-8.664840914480004,115,-15.09302167477815,-6.847005898019542,-2.4453635609668236,-15.24736559506735,-6.416550359098723,-2.967413167417594,0.6360197067260742,0.9553680419921875,1.6112558841705322,Online,true,1780326809.1362255,0.0,map,odom
1780326809,136225563,1780326809.1362255,,x,4,,-0.8172933515988549,0.5762215296671213,-0.0005711220477287227,4.3542399406433105,-0.7916009142658618,0.611010200271521,0.005876027366146318,4.613856375567129,1287,-2.523901083808401,-11.104340828937806,-1.7565064260731766,-2.869262592850815,-11.213824599563397,-2.3750085548912105,6.399871587753296,8.963740348815918,2.8131046295166016,Online,true,1780326809.1362255,0.0,map,odom
1780326809,136225563,1780326809.1362255,,y,58,,-0.5309032084451426,-0.8473889640477763,-0.008586435389026013,-3.492391347885132,-0.5670886098868313,-0.8236408822591506,-0.005119141333221336,-3.6031146906120735,132,-15.688150723775228,5.741466283798218,-3.176640971140428,-15.303163996968184,6.186542675890949,-3.68679456676713,1.7843847274780273,1.1097345352172852,2.397854447364807,Online,true,1780326809.1362255,0.0,map,odom
1780326809,136225563,1780326809.1362255,,y,53,,-0.5534660880723686,-0.8326133586686839,0.020743295792201636,-3.864579677581787,-0.5887728145183386,-0.8079305929821103,0.024387082804832448,-3.9499154774352494,945,-14.049569279302364,4.583852080693321,-2.774785792007648,-13.713213571972851,4.958817621949595,-3.297877845117541,4.917585372924805,3.55673885345459,2.750287890434265,Online,true,1780326809.1362255,0.0,map,odom
1780326809,136225563,1780326809.1362255,,y,43,,-0.6714021515626858,0.7410865373188595,0.0031456448844647687,6.315307140350342,-0.6386953917811065,0.7694116190381994,0.008599825963108817,6.590943723900735,451,-2.873480878225187,-10.717746445979353,-1.334450941392429,-3.1986534279378382,-10.812866502029616,-1.9501246136421058,8.45851755142212,7.070703506469727,1.4007952213287354,Online,true,1780326809.1362255,0.0,map,odom
1780326809,136225563,1780326809.1362255,,y,16,,0.5764006293237239,0.8164885522530971,-0.03329802629070259,15.181928634643555,0.6108948008694511,0.7908409911841282,-0.037122350862782726,15.252075352305008,114,-16.591184549164353,-6.979498587156597,-2.3966887258646783,-16.749451922855236,-6.484206547131564,-2.9076230801984018,1.8188037872314453,1.2755436897277832,1.5165596008300781,Online,true,1780326809.1362255,0.0,map,odom
1780326809,136225563,1780326809.1362255,,x,61,,0.9247364546171133,-0.3804927229672564,0.009368952509981309,26.085405349731445,0.9074673893774932,-0.4201165856705198,0.0022342025293500553,25.85808104477258,123,-25.63513698422812,6.202337020780982,-2.0327970429164606,-25.21214233828188,7.075890142922109,-2.468383409463569,0.9313011169433594,2.275801181793213,1.081472396850586,Online,true,1780326809.1362255,0.0,map,odom
1780326809,136225563,1780326809.1362255,,x,57,,0.8429455727449916,-0.5376340131895967,0.019809827138742533,23.154232025146484,0.8190397116388757,-0.5735851197213261,0.013193225260704308,22.91128711957323,157,-21.998752994901814,8.475868455923287,-2.6852311586878104,-21.485828034542074,9.190711019447837,-3.1466299352831495,1.1858577728271484,1.7589244842529297,2.8489878177642822,Online,true,1780326809.1362255,0.0,map,odom
1780326809,136225563,1780326809.1362255,,x,32,,0.6865676779546207,0.7257618454031997,0.04352662799876012,16.904983520507812,0.717605266232582,0.6953671156078969,0.03882340024288098,16.985521641501197,143,-17.847090514389784,-6.259056508124291,-2.517323951621156,-17.97390188376682,-5.710042359700466,-3.0184452104130024,1.023965835571289,1.012331485748291,1.7710912227630615,Online,true,1780326809.1362255,0.0,map,odom
1780326809,136225563,1780326809.1362255,,x,19,,-0.8399672077241058,0.5424595581786399,0.013882279668834345,-8.929603576660156,-0.8156049410374178,0.5782466688869845,0.020478527204286206,-8.664840914480004,115,-15.09302167477815,-6.847005898019542,-2.4453635609668236,-15.24736559506735,-6.416550359098723,-2.967413167417594,0.6360197067260742,0.9553680419921875,1.6112558841705322,Online,true,1780326809.1362255,0.0,map,odom
1780326809,136225563,1780326809.1362255,,x,4,,-0.8172933515988549,0.5762215296671213,-0.0005711220477287227,4.3542399406433105,-0.7916009142658618,0.611010200271521,0.005876027366146318,4.613856375567129,1287,-2.523901083808401,-11.104340828937806,-1.7565064260731766,-2.869262592850815,-11.213824599563397,-2.3750085548912105,6.399871587753296,8.963740348815918,2.8131046295166016,Online,true,1780326809.1362255,0.0,map,odom
1780326809,136225563,1780326809.1362255,,y,58,,-0.5309032084451426,-0.8473889640477763,-0.008586435389026013,-3.492391347885132,-0.5670886098868313,-0.8236408822591506,-0.005119141333221336,-3.6031146906120735,132,-15.688150723775228,5.741466283798218,-3.176640971140428,-15.303163996968184,6.186542675890949,-3.68679456676713,1.7843847274780273,1.1097345352172852,2.397854447364807,Online,true,1780326809.1362255,0.0,map,odom
1780326809,136225563,1780326809.1362255,,y,53,,-0.5534660880723686,-0.8326133586686839,0.020743295792201636,-3.864579677581787,-0.5887728145183386,-0.8079305929821103,0.024387082804832448,-3.9499154774352494,945,-14.049569279302364,4.583852080693321,-2.774785792007648,-13.713213571972851,4.958817621949595,-3.297877845117541,4.917585372924805,3.55673885345459,2.750287890434265,Online,true,1780326809.1362255,0.0,map,odom
1780326809,136225563,1780326809.1362255,,y,43,,-0.6714021515626858,0.7410865373188595,0.0031456448844647687,6.315307140350342,-0.6386953917811065,0.7694116190381994,0.008599825963108817,6.590943723900735,451,-2.873480878225187,-10.717746445979353,-1.334450941392429,-3.1986534279378382,-10.812866502029616,-1.9501246136421058,8.45851755142212,7.070703506469727,1.4007952213287354,Online,true,1780326809.1362255,0.0,map,odom
1780326809,136225563,1780326809.1362255,,y,16,,0.5764006293237239,0.8164885522530971,-0.03329802629070259,15.181928634643555,0.6108948008694511,0.7908409911841282,-0.037122350862782726,15.252075352305008,114,-16.591184549164353,-6.979498587156597,-2.3966887258646783,-16.749451922855236,-6.484206547131564,-2.9076230801984018,1.8188037872314453,1.2755436897277832,1.5165596008300781,Online,true,1780326809.1362255,0.0,map,odom
1780326809,136225563,1780326809.1362255,,x,61,,0.9247364546171133,-0.3804927229672564,0.009368952509981309,26.085405349731445,0.9074673893774932,-0.4201165856705198,0.0022342025293500553,25.85808104477258,123,-25.63513698422812,6.202337020780982,-2.0327970429164606,-25.21214233828188,7.075890142922109,-2.468383409463569,0.9313011169433594,2.275801181793213,1.081472396850586,Online,true,1780326809.1362255,0.0,map,odom
1780326809,136225563,1780326809.1362255,,x,57,,0.8429455727449916,-0.5376340131895967,0.019809827138742533,23.154232025146484,0.8190397116388757,-0.5735851197213261,0.013193225260704308,22.91128711957323,157,-21.998752994901814,8.475868455923287,-2.6852311586878104,-21.485828034542074,9.190711019447837,-3.1466299352831495,1.1858577728271484,1.7589244842529297,2.8489878177642822,Online,true,1780326809.1362255,0.0,map,odom
1780326809,136225563,1780326809.1362255,,x,32,,0.6865676779546207,0.7257618454031997,0.04352662799876012,16.904983520507812,0.717605266232582,0.6953671156078969,0.03882340024288098,16.985521641501197,143,-17.847090514389784,-6.259056508124291,-2.517323951621156,-17.97390188376682,-5.710042359700466,-3.0184452104130024,1.023965835571289,1.012331485748291,1.7710912227630615,Online,true,1780326809.1362255,0.0,map,odom
1780326809,136225563,1780326809.1362255,,x,19,,-0.8399672077241058,0.5424595581786399,0.013882279668834345,-8.929603576660156,-0.8156049410374178,0.5782466688869845,0.020478527204286206,-8.664840914480004,115,-15.09302167477815,-6.847005898019542,-2.4453635609668236,-15.24736559506735,-6.416550359098723,-2.967413167417594,0.6360197067260742,0.9553680419921875,1.6112558841705322,Online,true,1780326809.1362255,0.0,map,odom
1780326809,136225563,1780326809.1362255,,x,4,,-0.8172933515988549,0.5762215296671213,-0.0005711220477287227,4.3542399406433105,-0.7916009142658618,0.611010200271521,0.005876027366146318,4.613856375567129,1287,-2.523901083808401,-11.104340828937806,-1.7565064260731766,-2.869262592850815,-11.213824599563397,-2.3750085548912105,6.399871587753296,8.963740348815918,2.8131046295166016,Online,true,1780326809.1362255,0.0,map,odom
1780326809,136225563,1780326809.1362255,,y,58,,-0.5309032084451426,-0.8473889640477763,-0.008586435389026013,-3.492391347885132,-0.5670886098868313,-0.8236408822591506,-0.005119141333221336,-3.6031146906120735,132,-15.688150723775228,5.741466283798218,-3.176640971140428,-15.303163996968184,6.186542675890949,-3.68679456676713,1.7843847274780273,1.1097345352172852,2.397854447364807,Online,true,1780326809.1362255,0.0,map,odom
1780326809,136225563,1780326809.1362255,,y,53,,-0.5534660880723686,-0.8326133586686839,0.020743295792201636,-3.864579677581787,-0.5887728145183386,-0.8079305929821103,0.024387082804832448,-3.9499154774352494,945,-14.049569279302364,4.583852080693321,-2.774785792007648,-13.713213571972851,4.958817621949595,-3.297877845117541,4.917585372924805,3.55673885345459,2.750287890434265,Online,true,1780326809.1362255,0.0,map,odom
1780326809,136225563,1780326809.1362255,,y,43,,-0.6714021515626858,0.7410865373188595,0.0031456448844647687,6.315307140350342,-0.6386953917811065,0.7694116190381994,0.008599825963108817,6.590943723900735,451,-2.873480878225187,-10.717746445979353,-1.334450941392429,-3.1986534279378382,-10.812866502029616,-1.9501246136421058,8.45851755142212,7.070703506469727,1.4007952213287354,Online,true,1780326809.1362255,0.0,map,odom
1780326809,136225563,1780326809.1362255,,y,16,,0.5764006293237239,0.8164885522530971,-0.03329802629070259,15.181928634643555,0.6108948008694511,0.7908409911841282,-0.037122350862782726,15.252075352305008,114,-16.591184549164353,-6.979498587156597,-2.3966887258646783,-16.749451922855236,-6.484206547131564,-2.9076230801984018,1.8188037872314453,1.2755436897277832,1.5165596008300781,Online,true,1780326809.1362255,0.0,map,odom
1780326820,534670098,1780326820.53467,,x,63,,0.9504714031044853,-0.3038148289999388,-0.06557942939923293,23.8659610748291,0.9359347379714141,-0.34455436701533176,-0.07285914101226165,23.604549700427828,159,-22.670689624810368,8.226986786104598,-2.7754466998502143,-22.168546171837907,8.971197253067677,-3.231968766521619,0.9996623992919922,3.094216823577881,0.8628919124603271,Online,true,1780326820.53467,0.0,map,odom
1780326820,534670098,1780326820.53467,,x,61,,0.9247364544880123,-0.38049272291413644,0.009368967409834748,26.085405349731445,0.9074673893840117,-0.4201165856523867,0.0022342032913992135,25.858082887409346,123,-25.63513698422812,6.202337020780982,-2.0327970429164606,-25.212140288227612,7.075899016639345,-2.468383288924465,0.9313011169433594,2.275801181793213,1.081472396850586,Online,true,1780326820.53467,0.0,map,odom
1780326820,534670098,1780326820.53467,,x,57,,0.8429455995709689,-0.5376339706946645,0.0198098389450435,23.154233932495117,0.8190397405254459,-0.5735850785250222,0.01319322301237983,22.91129241921,157,-21.998752994901814,8.475868455923287,-2.6852311586878104,-21.485825993215993,9.19071989700863,-3.1466298507125647,1.1858577728271484,1.7589244842529297,2.8489878177642822,Online,true,1780326820.53467,0.0,map,odom
1780326820,534670098,1780326820.53467,,x,32,,0.6865676779546207,0.7257618454031997,0.04352662799876012,16.904983520507812,0.7176052667448481,0.6953671153734561,0.03882339497331619,16.985513996767462,143,-17.847090514389784,-6.259056508124291,-2.517323951621156,-17.97389984101598,-5.710033482931451,-3.0184452569165994,1.023965835571289,1.012331485748291,1.7710912227630615,Online,true,1780326820.53467,0.0,map,odom
1780326820,534670098,1780326820.53467,,x,19,,-0.8399672077241058,0.5424595581786399,0.013882279668834345,-8.929603576660156,-0.8156049407639294,0.5782466687818353,0.02047854106564924,-8.664844334257108,115,-15.09302167477815,-6.847005898019542,-2.4453635609668236,-15.24736355166828,-6.4165414826655205,-2.9674132532039956,0.6360197067260742,0.9553680419921875,1.6112558841705322,Online,true,1780326820.53467,0.0,map,odom
1780326820,534670098,1780326820.53467,,x,4,,-0.8172933515988549,0.5762215296671213,-0.0005711220477287227,4.3542399406433105,-0.7916009141804874,0.6110102002499944,0.005876041105905626,4.6138526119717005,1287,-2.523901083808401,-11.104340828937806,-1.7565064260731766,-2.86926054187398,-11.213815726729658,-2.3750088281609827,6.399871587753296,8.963740348815918,2.8131046295166016,Online,true,1780326820.53467,0.0,map,odom
1780326820,534670098,1780326820.53467,,y,58,,-0.5309031656490466,-0.8473889908763563,-0.008586433798229879,-3.4923908710479736,-0.5670885683587842,-0.8236409108756904,-0.005119137490602977,-3.603105749572836,132,-15.688150723775228,5.741466283798218,-3.176640971140428,-15.303161962666035,6.186551556462955,-3.686794579338786,1.7843847274780273,1.1097345352172852,2.397854447364807,Online,true,1780326820.53467,0.0,map,odom
1780326820,534670098,1780326820.53467,,y,53,,-0.5534660880509841,-0.8326133586365139,0.02074329765404534,-3.864579916000366,-0.5887728141792478,-0.807930593083742,0.024387087624433413,-3.949907325398033,945,-14.049569279302364,4.583852080693321,-2.774785792007648,-13.713211532666065,4.958826500259873,-3.297877885288702,4.917585372924805,3.55673885345459,2.750287890434265,Online,true,1780326820.53467,0.0,map,odom
1780326820,534670098,1780326820.53467,,y,43,,-0.6714021515626858,0.7410865373188595,0.0031456448844647687,6.315307140350342,-0.6386953916580929,0.7694116189986347,0.0085998386389113,6.590938239353317,451,-2.873480878225187,-10.717746445979353,-1.334450941392429,-3.1986513714665237,-10.812857631634737,-1.9501248803507643,8.45851755142212,7.070703506469727,1.4007952213287354,Online,true,1780326820.53467,0.0,map,odom
1780326820,534670098,1780326820.53467,,y,16,,0.5764006293237239,0.8164885522530971,-0.03329802629070259,15.181928634643555,0.6108948004021993,0.7908409913881876,-0.03712235420478554,15.252067065239212,114,-16.591184549164353,-6.979498587156597,-2.3966887258646783,-16.749449878684906,-6.4841976710189915,-2.907623146971383,1.8188037872314453,1.2755436897277832,1.5165596008300781,Online,true,1780326820.53467,0.0,map,odom
1780326823,734337841,1780326823.7343378,,x,63,,0.9098056698790852,-0.41374952255877073,-0.03263396448883357,23.949552536010742,0.8770834263449211,-0.47933523547434,-0.031022496092555224,23.66929684718478,507,-22.597618516850517,8.447289062439808,-2.7653405337173793,-22.070925550118158,9.23433820714384,-3.235817243074715,1.8172283172607422,3.379119873046875,1.8166173696517944,Online,true,1780326823.7343378,0.0,map,odom
1780326823,734337841,1780326823.7343378,,x,61,,0.9247364543104982,-0.38049272284109636,0.009368987897133219,26.085405349731445,0.8944209502562318,-0.447094492604471,0.010847968726459472,25.852945271702147,123,-25.63513698422812,6.202337020780982,-2.0327970429164606,-25.26432624034375,7.22056358472655,-2.4942972657998532,0.9313011169433594,2.275801181793213,1.081472396850586,Online,true,1780326823.7343378,0.0,map,odom
1780326823,734337841,1780326823.7343378,,x,57,,0.8429455723406448,-0.5376340129317027,0.019809851343626936,23.154233932495117,0.8013549525607077,-0.5977876181754573,0.021913547465889742,22.787067330560006,157,-21.998752994901814,8.475868455923287,-2.6852311586878104,-21.47154852241889,9.219338900502631,-3.1558397053214367,1.1858577728271484,1.7589244842529297,2.8489878177642822,Online,true,1780326823.7343378,0.0,map,odom
1780326823,734337841,1780326823.7343378,,x,32,,0.6865676779546207,0.7257618454031997,0.04352662799876012,16.904983520507812,0.737843736360011,0.6737475152731032,0.040631347228690766,17.5953005625391,143,-17.847090514389784,-6.259056508124291,-2.517323951621156,-18.40908302895736,-5.7790835255361435,-2.92970322033211,1.023965835571289,1.012331485748291,1.7710912227630615,Online,true,1780326823.7343378,0.0,map,odom
1780326823,734337841,1780326823.7343378,,x,19,,-0.8399672077241058,0.5424595581786399,0.013882279668834345,-8.929603576660156,-0.7980207220813159,0.6025152697269105,0.011759118790266499,-8.543256948687082,115,-15.09302167477815,-6.847005898019542,-2.4453635609668236,-15.70539219159777,-6.566679467120515,-2.855497796010739,0.6360197067260742,0.9553680419921875,1.6112558841705322,Online,true,1780326823.7343378,0.0,map,odom
1780326823,734337841,1780326823.7343378,,x,4,,-0.8172933515988549,0.5762215296671213,-0.0005711220477287227,4.3542399406433105,-0.7729419729386904,0.6344704135811798,-0.002828561431487852,4.764600659900687,1287,-2.523901083808401,-11.104340828937806,-1.7565064260731766,-3.481241669581012,-11.729514470146158,-2.150163801890889,6.399871587753296,8.963740348815918,2.8131046295166016,Online,true,1780326823.7343378,0.0,map,odom
1780326823,734337841,1780326823.7343378,,y,58,,-0.530903208483352,-0.8473889641087634,-0.008586427007740998,-3.4923911094665527,-0.5914845305469388,-0.8062994852791189,-0.005214418692004227,-4.255479868642545,132,-15.688150723775228,5.741466283798218,-3.176640971140428,-15.378088677575503,6.028610084120348,-3.6366063915986833,1.7843847274780273,1.1097345352172852,2.397854447364807,Online,true,1780326823.7343378,0.0,map,odom
1780326823,734337841,1780326823.7343378,,y,53,,-0.5534660881151375,-0.8326133587330239,0.020743292068514226,-3.864579916000366,-0.612896454046466,-0.7897969271703562,0.024057232790400847,-4.604347637640559,945,-14.049569279302364,4.583852080693321,-2.774785792007648,-13.82847091530691,4.755801554793931,-3.2302191170287213,4.917585372924805,3.55673885345459,2.750287890434265,Online,true,1780326823.7343378,0.0,map,odom
1780326823,734337841,1780326823.7343378,,y,43,,-0.6714021515626858,0.7410865373188595,0.0031456448844647687,6.315307140350342,-0.6153778171202534,0.7882322556831851,0.0002308612347637589,6.878856057618323,451,-2.873480878225187,-10.717746445979353,-1.334450941392429,-3.801463204676621,-11.316715020058432,-1.7296321571637743,8.45851755142212,7.070703506469727,1.4007952213287354,Online,true,1780326823.7343378,0.0,map,odom
1780326823,734337841,1780326823.7343378,,y,16,,0.5764006293237239,0.8164885522530971,-0.03329802629070259,15.181928634643555,0.634585689271286,0.7719878208783628,-0.036548698849119626,15.904674262505107,114,-16.591184549164353,-6.979498587156597,-2.3966887258646783,-17.20921801346638,-6.589005472263491,-2.806253533282143,1.8188037872314453,1.2755436897277832,1.5165596008300781,Online,true,1780326823.7343378,0.0,map,odom
1780326826,534562901,1780326826.5345628,,x,63,,0.8854770656308254,-0.4642887411356079,-0.01913977786014089,23.820438385009766,0.8576851523940604,-0.5136934623515774,-0.02225322673290479,23.61580407800703,771,-22.58943976811707,8.47728666288225,-2.745386079900769,-22.10596549449539,9.330678042216144,-3.231328564685947,1.757659912109375,3.370250701904297,2.8834351301193237,Online,true,1780326826.5345628,0.0,map,odom
1780326826,534562901,1780326826.5345628,,x,61,,0.9215642315725202,-0.3880631966586394,0.011239327614610835,26.06004524230957,0.8980731500211305,-0.43976608635382314,0.008390858368828365,25.905049737662967,123,-25.63513698422812,6.202337020780982,-2.0327970429164606,-25.275035961557183,7.229220862782541,-2.5239950932898982,0.9313011169433594,2.275801181793213,1.081472396850586,Online,true,1780326826.5345628,0.0,map,odom
1780326826,534562901,1780326826.5345628,,x,57,,0.8429455723406448,-0.5376340129317027,0.019809851343626936,23.154233932495117,0.8111042298343044,-0.5846702323544757,0.01645137512377842,22.939273975333204,157,-21.998752994901814,8.475868455923287,-2.6852311586878104,-21.51624381766927,9.295497811354892,-3.1719805643278414,1.1858577728271484,1.7589244842529297,2.8489878177642822,Online,true,1780326826.5345628,0.0,map,odom
1780326826,534562901,1780326826.5345628,,x,32,,0.6865676779546207,0.7257618454031997,0.04352662799876012,16.904983520507812,0.7266891932341671,0.6854521392824932,0.04558707261635622,17.244537942258038,143,-17.847090514389784,-6.259056508124291,-2.517323951621156,-18.207134727812488,-5.6518094035590325,-3.0704328770173523,1.023965835571289,1.012331485748291,1.7710912227630615,Online,true,1780326826.5345628,0.0,map,odom
1780326826,534562901,1780326826.5345628,,x,19,,-0.8399672077241058,0.5424595581786399,0.013882279668834345,-8.929603576660156,-0.8078191589215121,0.5891777549139979,0.01725629142781589,-8.694031616480546,115,-15.09302167477815,-6.847005898019542,-2.4453635609668236,-15.490783700489644,-6.395358244565013,-3.00462882226467,0.6360197067260742,0.9553680419921875,1.6112558841705322,Online,true,1780326826.5345628,0.0,map,odom
1780326826,534562901,1780326826.5345628,,x,4,,-0.8172933515988549,0.5762215296671213,-0.0005711220477287227,4.3542399406433105,-0.7832823868623467,0.6216592522298849,0.0029114512198339087,4.596494022845049,1287,-2.523901083808401,-11.104340828937806,-1.7565064260731766,-3.182707122995172,-11.361785473119337,-2.3503591204928367,6.399871587753296,8.963740348815918,2.8131046295166016,Online,true,1780326826.5345628,0.0,map,odom
1780326826,534562901,1780326826.5345628,,y,58,,-0.530903208483352,-0.8473889641087634,-0.008586427007740998,-3.4923911094665527,-0.5781375355869853,-0.8158602531343793,-0.011359458654092904,-3.864036371810439,132,-15.688150723775228,5.741466283798218,-3.176640971140428,-15.371509992736176,6.209556710739811,-3.683208117676405,1.7843847274780273,1.1097345352172852,2.397854447364807,Online,true,1780326826.5345628,0.0,map,odom
1780326826,534562901,1780326826.5345628,,y,53,,-0.5532024008536258,-0.83286882979908,0.017222544495383685,-3.8677735328674316,-0.5995480420420488,-0.8002066939105124,0.014539336448177774,-4.219127504302912,1102,-14.323432811591672,4.781429998671294,-2.819032088490017,-14.063063094957945,5.17214992230627,-3.331408981020333,5.106054306030273,3.724724292755127,2.7532265186309814,Online,true,1780326826.5345628,0.0,map,odom
1780326826,534562901,1780326826.5345628,,y,43,,-0.6714021515626858,0.7410865373188595,0.0031456448844647687,6.315307140350342,-0.6282678078444159,0.777964658485021,0.0071099771206710695,6.631243046543476,451,-2.873480878225187,-10.717746445979353,-1.334450941392429,-3.509316049489573,-10.95775322853235,-1.9262404623123843,8.45851755142212,7.070703506469727,1.4007952213287354,Online,true,1780326826.5345628,0.0,map,odom
1780326826,534562901,1780326826.5345628,,y,16,,0.5764006293237239,0.8164885522530971,-0.03329802629070259,15.181928634643555,0.6217614859346468,0.7826041964106666,-0.03071361862032549,15.517549158017935,114,-16.591184549164353,-6.979498587156597,-2.3966887258646783,-16.993995206962474,-6.4428432831625795,-2.954470190373409,1.8188037872314453,1.2755436897277832,1.5165596008300781,Online,true,1780326826.5345628,0.0,map,odom
1780326829,334878889,1780326829.334879,,x,63,,0.8853522091744586,-0.46442884986556304,-0.021384787173505667,23.811281204223633,0.8574051919242974,-0.5141165106118507,-0.023249739300763926,23.60937707484073,771,-22.58943976811707,8.47728666288225,-2.745386079900769,-22.098718929424425,9.344423344793016,-3.2510212937512146,1.757659912109375,3.370250701904297,2.8834351301193237,Online,true,1780326829.334879,0.0,map,odom
1780326829,334878889,1780326829.334879,,x,61,,0.9215480676543408,-0.38810282909032884,0.01119611783759938,26.059770584106445,0.8979353032107256,-0.4400272741782509,0.00939091194297949,25.907270483802023,123,-25.63513698422812,6.202337020780982,-2.0327970429164606,-25.268255426473182,7.245747139921043,-2.537545910199981,0.9313011169433594,2.275801181793213,1.081472396850586,Online,true,1780326829.334879,0.0,map,odom
1780326829,334878889,1780326829.334879,,x,57,,0.8429455723406448,-0.5376340129317027,0.019809851343626936,23.154233932495117,0.810946340025573,-0.584846731100847,0.017897897077072365,22.94461948764982,157,-21.998752994901814,8.475868455923287,-2.6852311586878104,-21.508997672086398,9.309240816673983,-3.19167048695486,1.1858577728271484,1.7589244842529297,2.8489878177642822,Online,true,1780326829.334879,0.0,map,odom
1780326829,334878889,1780326829.334879,,x,32,,0.6865676779546207,0.7257618454031997,0.04352662799876012,16.904983520507812,0.7268843403742693,0.6853725591103106,0.04363039006526648,17.229442844525433,143,-17.847090514389784,-6.259056508124291,-2.517323951621156,-18.20397401615796,-5.638647954685923,-3.0504338373392983,1.023965835571289,1.012331485748291,1.7710912227630615,Online,true,1780326829.334879,0.0,map,odom
1780326829,334878889,1780326829.334879,,x,19,,-0.8399672077241058,0.5424595581786399,0.013882279668834345,-8.929603576660156,-0.8076547718373857,0.5894439955625781,0.015797013120338214,-8.69953557163625,115,-15.09302167477815,-6.847005898019542,-2.4453635609668236,-15.48781686295255,-6.382763517015889,-2.9830520504045,0.6360197067260742,0.9553680419921875,1.6112558841705322,Online,true,1780326829.334879,0.0,map,odom
1780326829,334878889,1780326829.334879,,x,4,,-0.8172933515988549,0.5762215296671213,-0.0005711220477287227,4.3542399406433105,-0.7831113277750356,0.6218800494111715,0.0013610491467271621,4.5903591437308195,1287,-2.523901083808401,-11.104340828937806,-1.7565064260731766,-3.1810014346559496,-11.350794993849348,-2.317338481605424,6.399871587753296,8.963740348815918,2.8131046295166016,Online,true,1780326829.334879,0.0,map,odom
1780326829,334878889,1780326829.334879,,y,58,,-0.528035537169,-0.849196995650308,-0.006552409109360045,-3.4173765182495117,-0.5756006156525494,-0.8177005940211025,-0.007047680323497984,-3.772254888463105,599,-14.62241415746622,5.259597032814471,-3.144378157410279,-14.328620642016109,5.678354259632795,-3.665422525620116,4.607150077819824,2.8082098960876465,2.397854447364807,Online,true,1780326829.334879,0.0,map,odom
1780326829,334878889,1780326829.334879,,y,53,,-0.5527662207258459,-0.8331614390601588,0.017074006198625973,-3.8611440658569336,-0.5993466988662705,-0.8003166911553921,0.016635156031397057,-4.196502932220243,1102,-14.323432811591672,4.781429998671294,-2.819032088490017,-14.05697353222108,5.183431131783358,-3.341165578826613,5.106054306030273,3.724724292755127,2.7532265186309814,Online,true,1780326829.334879,0.0,map,odom
1780326829,334878889,1780326829.334879,,y,43,,-0.6714021515626858,0.7410865373188595,0.0031456448844647687,6.315307140350342,-0.6280532154489138,0.7781535803486955,0.005115071337380849,6.621733855301949,451,-2.873480878225187,-10.717746445979353,-1.334450941392429,-3.5074332983490386,-10.945533755513567,-1.894257344213294,8.45851755142212,7.070703506469727,1.4007952213287354,Online,true,1780326829.334879,0.0,map,odom
1780326829,334878889,1780326829.334879,,y,16,,0.5764006293237239,0.8164885522530971,-0.03329802629070259,15.181928634643555,0.621971385943951,0.7823478738239038,-0.0329150328904307,15.501558419907752,114,-16.591184549164353,-6.979498587156597,-2.3966887258646783,-16.991033494907317,-6.429700405862393,-2.932532387736474,1.8188037872314453,1.2755436897277832,1.5165596008300781,Online,true,1780326829.334879,0.0,map,odom
1780326832,133646830,1780326832.1336467,,x,63,,0.8854094910021827,-0.4643022207201857,-0.02175962034502533,23.81036949157715,0.8558231856959931,-0.5167279356272488,-0.023641390981998883,23.5956652923317,771,-22.58943976811707,8.47728666288225,-2.745386079900769,-22.079670547735272,9.372566572624319,-3.2517685450157785,1.757659912109375,3.370250701904297,2.8834351301193237,Online,true,1780326832.1336467,0.0,map,odom
1780326832,133646830,1780326832.1336467,,x,61,,0.9215480676543408,-0.38810282909032884,0.01119611783759938,26.059770584106445,0.8966925544032273,-0.4425734136678285,0.00844016541428463,25.89588984458412,123,-25.63513698422812,6.202337020780982,-2.0327970429164606,-25.251148535222924,7.290121069805319,-2.5003707511517956,0.9313011169433594,2.275801181793213,1.081472396850586,Online,true,1780326832.1336467,0.0,map,odom
1780326832,133646830,1780326832.1336467,,x,57,,0.8429455723406448,-0.5376340129317027,0.019809851343626936,23.154233932495117,0.8093335164989622,-0.5870479060835891,0.018815287249941724,22.93364830871377,157,-21.998752994901814,8.475868455923287,-2.6852311586878104,-21.489723536047553,9.336202564017965,-3.195450943971545,1.1858577728271484,1.7589244842529297,2.8489878177642822,Online,true,1780326832.1336467,0.0,map,odom
1780326832,133646830,1780326832.1336467,,x,32,,0.6865676779546207,0.7257618454031997,0.04352662799876012,16.904983520507812,0.7291099864042306,0.6836011348149943,0.032986606452840295,17.2274740834327,143,-17.847090514389784,-6.259056508124291,-2.517323951621156,-18.227373961627745,-5.619393656714874,-2.9313963756088115,1.023965835571289,1.012331485748291,1.7710912227630615,Online,true,1780326832.1336467,0.0,map,odom
1780326832,133646830,1780326832.1336467,,x,19,,-0.8399672077241058,0.5424595581786399,0.013882279668834345,-8.929603576660156,-0.8058355748543656,0.5919539978802031,0.014815218283194997,-8.687278570934055,115,-15.09302167477815,-6.847005898019542,-2.4453635609668236,-15.513047969487781,-6.370871103447187,-2.872455628521902,0.6360197067260742,0.9553680419921875,1.6112558841705322,Online,true,1780326832.1336467,0.0,map,odom
1780326832,133646830,1780326832.1336467,,x,4,,-0.8172933515988549,0.5762215296671213,-0.0005711220477287227,4.3542399406433105,-0.7812811541542933,0.6241792640263155,-6.725252826740419e-05,4.60199103442517,1287,-2.523901083808401,-11.104340828937806,-1.7565064260731766,-3.2171009909670465,-11.368770713757444,-2.2298790312839882,6.399871587753296,8.963740348815918,2.8131046295166016,Online,true,1780326832.1336467,0.0,map,odom
1780326832,133646830,1780326832.1336467,,y,70,,-0.5071756833728684,-0.8616606582898437,-0.01771259864551222,-3.063002586364746,-0.5580071800073478,-0.8298048341086254,-0.007205855272217842,-3.4287499410289075,143,-15.361140731331352,5.575454658561653,-3.0243748884934645,-15.040369828003826,6.04030786094768,-3.553543224967722,1.8538551330566406,1.126225471496582,1.298471450805664,Online,true,1780326832.1336467,0.0,map,odom
1780326832,133646830,1780326832.1336467,,y,58,,-0.5288080504507726,-0.8487371692268323,0.002695060532981603,-3.405263900756836,-0.5786829039352598,-0.815445260147762,0.013233457431975302,-3.7534543056668093,948,-14.602777991113783,5.082534311189933,-3.0895261656382917,-14.313380557499267,5.502288781796119,-3.61950741644397,4.6320953369140625,2.8967678546905518,2.397854447364807,Online,true,1780326832.1336467,0.0,map,odom
1780326832,133646830,1780326832.1336467,,y,53,,-0.5525878154459518,-0.8332945233085728,0.01633841010040632,-3.8603711128234863,-0.6013985165432384,-0.7984961612742186,0.026901760721730374,-4.1938981158891,1102,-14.323432811591672,4.781429998671294,-2.819032088490017,-14.050693032348724,5.187133838590716,-3.3483299689758197,5.106054306030273,3.724724292755127,2.7532265186309814,Online,true,1780326832.1336467,0.0,map,odom
1780326832,133646830,1780326832.1336467,,y,43,,-0.6714021515626858,0.7410865373188595,0.0031456448844647687,6.315307140350342,-0.6257508424372137,0.780021882881703,0.00132114147630634,6.632789187338633,451,-2.873480878225187,-10.717746445979353,-1.334450941392429,-3.5399245920445255,-10.95856079350367,-1.8088032356588173,8.45851755142212,7.070703506469727,1.4007952213287354,Online,true,1780326832.1336467,0.0,map,odom
1780326832,133646830,1780326832.1336467,,y,16,,0.5764006293237239,0.8164885522530971,-0.03329802629070259,15.181928634643555,0.6240422119347308,0.7801578721252979,-0.04387496193201902,15.49827842113166,114,-16.591184549164353,-6.979498587156597,-2.3966887258646783,-17.016080400947327,-6.412880335275112,-2.812921731806321,1.8188037872314453,1.2755436897277832,1.5165596008300781,Online,true,1780326832.1336467,0.0,map,odom
1780326835,135481752,1780326835.1354818,,x,63,,0.8853128658265075,-0.46447468359177335,-0.022009041423436054,23.8088436126709,0.8657716520060859,-0.500258562145941,-0.013446842838703649,23.713631744293657,771,-22.58943976811707,8.47728666288225,-2.745386079900769,-22.203675289762085,9.198790630824387,-3.3104347662017632,1.757659912109375,3.370250701904297,2.8834351301193237,Online,true,1780326835.1354818,0.0,map,odom
1780326835,135481752,1780326835.1354818,,x,61,,0.9215480676543408,-0.38810282909032884,0.01119611783759938,26.059770584106445,0.9046584529158271,-0.42563352603008164,0.020716782741102745,25.992357199391254,123,-25.63513698422812,6.202337020780982,-2.0327970429164606,-25.34914260087708,7.046532109010974,-2.6522028982843695,0.9313011169433594,2.275801181793213,1.081472396850586,Online,true,1780326835.1354818,0.0,map,odom
1780326835,135481752,1780326835.1354818,,x,57,,0.8429455723406448,-0.5376340129317027,0.019809851343626936,23.154233932495117,0.8198932706509424,-0.5718629223026513,0.027346349605976223,23.056121912896028,157,-21.998752994901814,8.475868455923287,-2.6852311586878104,-21.614392993999687,9.172792740081174,-3.242596904454278,1.1858577728271484,1.7589244842529297,2.8489878177642822,Online,true,1780326835.1354818,0.0,map,odom
1780326835,135481752,1780326835.1354818,,x,32,,0.6865676779546207,0.7257618454031997,0.04352662799876012,16.904983520507812,0.7150624956560959,0.6967226826476867,0.05712381981526383,17.085912185575634,143,-17.847090514389784,-6.259056508124291,-2.517323951621156,-18.071984120931774,-5.720749069245708,-3.1150836571794382,1.023965835571289,1.012331485748291,1.7710912227630615,Online,true,1780326835.1354818,0.0,map,odom
1780326835,135481752,1780326835.1354818,,x,19,,-0.8399672077241058,0.5424595581786399,0.013882279668834345,-8.929603576660156,-0.8171677224970778,0.5763642942923158,0.006411986732649474,-8.819496744319519,115,-15.09302167477815,-6.847005898019542,-2.4453635609668236,-15.345490741534924,-6.421577103943675,-3.01100736733577,0.6360197067260742,0.9553680419921875,1.6112558841705322,Online,true,1780326835.1354818,0.0,map,odom
1780326835,135481752,1780326835.1354818,,x,4,,-0.8172933515988549,0.5762215296671213,-0.0005711220477287227,4.3542399406433105,-0.7929408127567836,0.6092521631536189,-0.007527891952451733,4.467297902386361,1287,-2.523901083808401,-11.104340828937806,-1.7565064260731766,-2.9714415818156854,-11.194836828422146,-2.1857096682151633,6.399871587753296,8.963740348815918,2.8131046295166016,Online,true,1780326835.1354818,0.0,map,odom
1780326835,135481752,1780326835.1354818,,y,70,,-0.513471257268565,-0.8580768896642356,-0.007163754824845251,-3.1222174167633057,-0.548025859654983,-0.8362373785053716,-0.019357270982263287,-3.317582536207949,143,-15.361140731331352,5.575454658561653,-3.0243748884934645,-15.097154024733333,6.0046130240228655,-3.5137955975299224,1.8538551330566406,1.126225471496582,1.298471450805664,Online,true,1780326835.1354818,0.0,map,odom
1780326835,135481752,1780326835.1354818,,y,58,,-0.5271093941313659,-0.8497935688205849,0.0025645681192385823,-3.3702127933502197,-0.5614415198641328,-0.8274589219230196,-0.00975460417683228,-3.560827103866132,1377,-14.415704563032827,4.896039502553171,-3.05232967660318,-14.18003440904106,5.287167473844868,-3.533782237105698,4.644039154052734,2.8775458335876465,2.397854447364807,Online,true,1780326835.1354818,0.0,map,odom
1780326835,135481752,1780326835.1354818,,y,53,,-0.5529017568798961,-0.8330808463270679,0.01661176456914135,-3.864731788635254,-0.5867124611688876,-0.8097851486862152,0.00406212707715426,-4.04754323962725,1102,-14.323432811591672,4.781429998671294,-2.819032088490017,-14.095639005665197,5.167501653323322,-3.30004159793181,5.106054306030273,3.724724292755127,2.7532265186309814,Online,true,1780326835.1354818,0.0,map,odom
1780326835,135481752,1780326835.1354818,,y,43,,-0.6714021515626858,0.7410865373188595,0.0031456448844647687,6.315307140350342,-0.640485384879341,0.7679698849605888,-0.0008529651707829731,6.467325230650827,451,-2.873480878225187,-10.717746445979353,-1.334450941392429,-3.3104790845739522,-10.7967147341701,-1.765775802540563,8.45851755142212,7.070703506469727,1.4007952213287354,Online,true,1780326835.1354818,0.0,map,odom
1780326835,135481752,1780326835.1354818,,y,16,,0.5764006293237239,0.8164885522530971,-0.03329802629070259,15.181928634643555,0.6097320261895461,0.7923412691087154,-0.02054676388098537,15.356076547612485,114,-16.591184549164353,-6.979498587156597,-2.3966887258646783,-16.848335787210868,-6.492793191206808,-2.9827127028507383,1.8188037872314453,1.2755436897277832,1.5165596008300781,Online,true,1780326835.1354818,0.0,map,odom
1780326838,333608520,1780326838.3336086,,x,75,,0.8752905312862239,-0.48344410473648197,-0.012177168645508052,12.625524520874023,0.8584850259545257,-0.5128374710286999,-0.0010901929850819243,12.571963181001372,209,-10.756134941247092,6.998665209592244,-1.8563093722722177,-10.514655390420495,7.210664267809994,-2.3229479259646078,1.7338552474975586,3.314502239227295,1.8263649940490723,Online,true,1780326838.3336086,0.0,map,odom
1780326838,333608520,1780326838.3336086,,x,63,,0.8853131587405527,-0.4644741742717853,-0.022008007528356667,23.808849334716797,0.8692530448890126,-0.4942481273628765,-0.010859675385120539,23.754983025528265,771,-22.58943976811707,8.47728666288225,-2.745386079900769,-22.28048001916453,9.086341345226325,-3.3481738653051543,1.757659912109375,3.370250701904297,2.8834351301193237,Online,true,1780326838.3336086,0.0,map,odom
1780326838,333608520,1780326838.3336086,,x,61,,0.9215480676543408,-0.38810282909032884,0.01119611783759938,26.059770584106445,0.9076854013712845,-0.4190454987336701,0.022540677197016214,26.02844640938175,123,-25.63513698422812,6.202337020780982,-2.0327970429164606,-25.409230403249836,6.918021803720442,-2.6635119473023936,0.9313011169433594,2.275801181793213,1.081472396850586,Online,true,1780326838.3336086,0.0,map,odom
1780326838,333608520,1780326838.3336086,,x,57,,0.8429455723406448,-0.5376340129317027,0.019809851343626936,23.154233932495117,0.8239698905931621,-0.5658024118737632,0.030679799766706043,23.102742196606826,157,-21.998752994901814,8.475868455923287,-2.6852311586878104,-21.690883068314335,9.06510992419412,-3.2814194480904226,1.1858577728271484,1.7589244842529297,2.8489878177642822,Online,true,1780326838.3336086,0.0,map,odom
1780326838,333608520,1780326838.3336086,,x,32,,0.6865676779546207,0.7257618454031997,0.04352662799876012,16.904983520507812,0.7102450984489693,0.7022307412473547,0.04923297854492303,17.037532205160723,143,-17.847090514389784,-6.259056508124291,-2.517323951621156,-18.043084610693356,-5.801345700862962,-3.027310339289869,1.023965835571289,1.012331485748291,1.7710912227630615,Online,true,1780326838.3336086,0.0,map,odom
1780326838,333608520,1780326838.3336086,,x,19,,-0.8399672077241058,0.5424595581786399,0.013882279668834345,-8.929603576660156,-0.8212030176263079,0.5706280933215012,0.0030303388777788605,-8.866314931804103,115,-15.09302167477815,-6.847005898019542,-2.4453635609668236,-15.31148926803876,-6.481980045227647,-2.922994810819314,0.6360197067260742,0.9553680419921875,1.6112558841705322,Online,true,1780326838.3336086,0.0,map,odom
1780326838,333608520,1780326838.3336086,,x,4,,-0.8172933515988549,0.5762215296671213,-0.0005711220477287227,4.3542399406433105,-0.7972393188271267,0.603558348613656,-0.011260032629414262,4.418089480443417,1287,-2.523901083808401,-11.104340828937806,-1.7565064260731766,-2.9022695744261737,-11.160293956797625,-2.082243458088448,6.399871587753296,8.963740348815918,2.8131046295166016,Online,true,1780326838.3336086,0.0,map,odom
1780326838,333608520,1780326838.3336086,,y,70,,-0.5284533461375819,-0.8489487108045627,-0.004811172337817179,-3.3703253269195557,-0.5568348504568172,-0.8305805463143388,-0.008420534478802527,-3.5042361666298447,318,-14.981954250695571,5.077832005308859,-2.8644128869164667,-14.791720185873965,5.430913229834401,-3.373007309685663,3.696929931640625,2.223198175430298,3.4343347549438477,Online,true,1780326838.3336086,0.0,map,odom
1780326838,333608520,1780326838.3336086,,y,58,,-0.5264872915607202,-0.8501827132108878,0.0006971244011049646,-3.3628714084625244,-0.5549728696204344,-0.8318634367998929,-0.0028872999031629753,-3.495108873871624,1377,-14.415704563032827,4.896039502553171,-3.05232967660318,-14.229910291298358,5.229475146766841,-3.5540937082072115,4.644039154052734,2.8775458335876465,2.397854447364807,Online,true,1780326838.3336086,0.0,map,odom
1780326838,333608520,1780326838.3336086,,y,53,,-0.5529016133869524,-0.8330809289471253,0.016612397138883003,-3.864727020263672,-0.5809670792135186,-0.8138281938330131,0.012685574193108519,-3.989893745581902,1102,-14.323432811591672,4.781429998671294,-2.819032088490017,-14.144165043193372,5.112526305591678,-3.3194708191092213,5.106054306030273,3.724724292755127,2.7532265186309814,Online,true,1780326838.3336086,0.0,map,odom
1780326838,333608520,1780326838.3336086,,y,43,,-0.6714021515626858,0.7410865373188595,0.0031456448844647687,6.315307140350342,-0.6458947817403713,0.7633999558750644,-0.0063591108268535,6.407022842698903,451,-2.873480878225187,-10.717746445979353,-1.334450941392429,-3.2431996707855895,-10.760787222539134,-1.6651665821685695,8.45851755142212,7.070703506469727,1.4007952213287354,Online,true,1780326838.3336086,0.0,map,odom
1780326838,333608520,1780326838.3336086,,y,16,,0.5764006293237239,0.8164885522530971,-0.03329802629070259,15.181928634643555,0.6040736317831166,0.7963983969633268,-0.029062702878415524,15.299780607723791,114,-16.591184549164353,-6.979498587156597,-2.3966887258646783,-16.81372885309894,-6.563521867970907,-2.8907037802063575,1.8188037872314453,1.2755436897277832,1.5165596008300781,Online,true,1780326838.3336086,0.0,map,odom
1780326843,534765231,1780326843.5347652,,x,75,,0.8752904684618495,-0.4834434175047214,-0.012208926701054362,12.625422477722168,0.8584865155433309,-0.512834982802951,-0.0010876781542971756,12.571976918001601,209,-10.756134941247092,6.998665209592244,-1.8563093722722177,-10.514774920175524,7.210556275482098,-2.3224451018831953,1.7338552474975586,3.314502239227295,1.8263649940490723,Online,true,1780326843.5347652,0.0,map,odom
1780326843,534765231,1780326843.5347652,,x,63,,0.8853131587405527,-0.4644741742717853,-0.022008007528356667,23.808849334716797,0.8692549769851902,-0.49424552878214073,-0.010823228046135905,23.755125237919952,771,-22.58943976811707,8.47728666288225,-2.745386079900769,-22.280519872318447,9.08627989913047,-3.3484999389227057,1.757659912109375,3.370250701904297,2.8834351301193237,Online,true,1780326843.5347652,0.0,map,odom
1780326843,534765231,1780326843.5347652,,x,61,,0.9215480676543408,-0.38810282909032884,0.01119611783759938,26.059770584106445,0.9076844494936929,-0.41904514708912066,0.022585500844322252,26.028589873229905,123,-25.63513698422812,6.202337020780982,-2.0327970429164606,-25.409321485123748,6.917906015185324,-2.6642443513787795,0.9313011169433594,2.275801181793213,1.081472396850586,Online,true,1780326843.5347652,0.0,map,odom
1780326843,534765231,1780326843.5347652,,x,57,,0.8429455723406448,-0.5376340129317027,0.019809851343626936,23.154233932495117,0.8239685867064848,-0.5658028044444734,0.030707565903000812,23.102817762569778,157,-21.998752994901814,8.475868455923287,-2.6852311586878104,-21.69092832297455,9.065045073448896,-3.281698913263611,1.1858577728271484,1.7589244842529297,2.8489878177642822,Online,true,1780326843.5347652,0.0,map,odom
1780326843,534765231,1780326843.5347652,,x,32,,0.6865676779546207,0.7257618454031997,0.04352662799876012,16.904983520507812,0.7102395897639409,0.7022288115873483,0.04933985517378092,17.03787238703069,143,-17.847090514389784,-6.259056508124291,-2.517323951621156,-18.043119042683767,-5.8014205044941445,-3.028328526580621,1.023965835571289,1.012331485748291,1.7710912227630615,Online,true,1780326843.5347652,0.0,map,odom
1780326843,534765231,1780326843.5347652,,x,19,,-0.8399672077241058,0.5424595581786399,0.013882279668834345,-8.929603576660156,-0.8212044734561583,0.5706261420214238,0.00300313458569112,-8.866417408509923,115,-15.09302167477815,-6.847005898019542,-2.4453635609668236,-15.311530772354658,-6.482056334915462,-2.923837646748105,0.6360197067260742,0.9553680419921875,1.6112558841705322,Online,true,1780326843.5347652,0.0,map,odom
1780326843,534765231,1780326843.5347652,,x,4,,-0.8172933515988549,0.5762215296671213,-0.0005711220477287227,4.3542399406433105,-0.7972396790955767,0.6035574440604949,-0.01128298696021662,4.418014452126259,1287,-2.523901083808401,-11.104340828937806,-1.7565064260731766,-2.902369761588781,-11.160402565140163,-2.0824002719656236,6.399871587753296,8.963740348815918,2.8131046295166016,Online,true,1780326843.5347652,0.0,map,odom
1780326843,534765231,1780326843.5347652,,y,77,,-0.5552481950532302,-0.8316845210335768,0.0005471410055837815,-3.50728702545166,-0.5830849199619629,-0.8124036166615833,-0.0035127977640013425,-3.637942675631911,133,-13.206822094164396,4.5147323680103275,-3.548069848153824,-13.02920338252529,4.8059376908176095,-4.035133736962508,2.864543914794922,1.8626747131347656,1.062330722808838,Online,true,1780326843.5347652,0.0,map,odom
1780326843,534765231,1780326843.5347652,,y,70,,-0.5284577692006907,-0.8489462272001685,-0.004763349035009666,-3.370237350463867,-0.5568372681643633,-0.8305783604366715,-0.008476081499118389,-3.5044942166023643,318,-14.981954250695571,5.077832005308859,-2.8644128869164667,-14.791750278276183,5.430869379138159,-3.3729773803995173,3.696929931640625,2.223198175430298,3.4343347549438477,Online,true,1780326843.5347652,0.0,map,odom
1780326843,534765231,1780326843.5347652,,y,58,,-0.5264876519061841,-0.8501824791807331,0.000710270663213684,-3.362837076187134,-0.5549713651428407,-0.831864122868301,-0.0029774076046211726,-3.495436654150681,1377,-14.415704563032827,4.896039502553171,-3.05232967660318,-14.229925188182195,5.2294451084184805,-3.5540319964368323,4.644039154052734,2.8775458335876465,2.397854447364807,Online,true,1780326843.5347652,0.0,map,odom
1780326843,534765231,1780326843.5347652,,y,53,,-0.5529016133869524,-0.8330809289471253,0.016612397138883003,-3.864727020263672,-0.5809663842397081,-0.813830306133074,0.012581462664844336,-3.9902767092051232,1102,-14.323432811591672,4.781429998671294,-2.819032088490017,-14.144198828375604,5.112480095016992,-3.3194102668639127,5.106054306030273,3.724724292755127,2.7532265186309814,Online,true,1780326843.5347652,0.0,map,odom
1780326843,534765231,1780326843.5347652,,y,43,,-0.6714021515626858,0.7410865373188595,0.0031456448844647687,6.315307140350342,-0.645895881573422,0.7633990297547746,-0.0063585797125552445,6.407027624735566,451,-2.873480878225187,-10.717746445979353,-1.334450941392429,-3.243334722517655,-10.76092562543484,-1.6653233584220284,8.45851755142212,7.070703506469727,1.4007952213287354,Online,true,1780326843.5347652,0.0,map,odom
1780326843,534765231,1780326843.5347652,,y,16,,0.5764006293237239,0.8164885522530971,-0.03329802629070259,15.181928634643555,0.6040743094842466,0.7964016997724058,-0.028957921554448922,15.300180090497452,114,-16.591184549164353,-6.979498587156597,-2.3966887258646783,-16.813772813024837,-6.563603588868417,-2.8916748257905907,1.8188037872314453,1.2755436897277832,1.5165596008300781,Online,true,1780326843.5347652,0.0,map,odom
1780326843,534765231,1780326843.5347652,,x,75,,0.8752904684618495,-0.4834434175047214,-0.012208926701054362,12.625422477722168,0.8584865155433309,-0.512834982802951,-0.0010876781542971756,12.571976918001601,209,-10.756134941247092,6.998665209592244,-1.8563093722722177,-10.514774920175524,7.210556275482098,-2.3224451018831953,1.7338552474975586,3.314502239227295,1.8263649940490723,Online,true,1780326843.5347652,0.0,map,odom
1780326843,534765231,1780326843.5347652,,x,63,,0.8853131587405527,-0.4644741742717853,-0.022008007528356667,23.808849334716797,0.8692549769851902,-0.49424552878214073,-0.010823228046135905,23.755125237919952,771,-22.58943976811707,8.47728666288225,-2.745386079900769,-22.280519872318447,9.08627989913047,-3.3484999389227057,1.757659912109375,3.370250701904297,2.8834351301193237,Online,true,1780326843.5347652,0.0,map,odom
1780326843,534765231,1780326843.5347652,,x,61,,0.9215480676543408,-0.38810282909032884,0.01119611783759938,26.059770584106445,0.9076844494936929,-0.41904514708912066,0.022585500844322252,26.028589873229905,123,-25.63513698422812,6.202337020780982,-2.0327970429164606,-25.409321485123748,6.917906015185324,-2.6642443513787795,0.9313011169433594,2.275801181793213,1.081472396850586,Online,true,1780326843.5347652,0.0,map,odom
1780326843,534765231,1780326843.5347652,,x,57,,0.8429455723406448,-0.5376340129317027,0.019809851343626936,23.154233932495117,0.8239685867064848,-0.5658028044444734,0.030707565903000812,23.102817762569778,157,-21.998752994901814,8.475868455923287,-2.6852311586878104,-21.69092832297455,9.065045073448896,-3.281698913263611,1.1858577728271484,1.7589244842529297,2.8489878177642822,Online,true,1780326843.5347652,0.0,map,odom
1780326843,534765231,1780326843.5347652,,x,32,,0.6865676779546207,0.7257618454031997,0.04352662799876012,16.904983520507812,0.7102395897639409,0.7022288115873483,0.04933985517378092,17.03787238703069,143,-17.847090514389784,-6.259056508124291,-2.517323951621156,-18.043119042683767,-5.8014205044941445,-3.028328526580621,1.023965835571289,1.012331485748291,1.7710912227630615,Online,true,1780326843.5347652,0.0,map,odom
1780326843,534765231,1780326843.5347652,,x,19,,-0.8399672077241058,0.5424595581786399,0.013882279668834345,-8.929603576660156,-0.8212044734561583,0.5706261420214238,0.00300313458569112,-8.866417408509923,115,-15.09302167477815,-6.847005898019542,-2.4453635609668236,-15.311530772354658,-6.482056334915462,-2.923837646748105,0.6360197067260742,0.9553680419921875,1.6112558841705322,Online,true,1780326843.5347652,0.0,map,odom
1780326843,534765231,1780326843.5347652,,x,4,,-0.8172933515988549,0.5762215296671213,-0.0005711220477287227,4.3542399406433105,-0.7972396790955767,0.6035574440604949,-0.01128298696021662,4.418014452126259,1287,-2.523901083808401,-11.104340828937806,-1.7565064260731766,-2.902369761588781,-11.160402565140163,-2.0824002719656236,6.399871587753296,8.963740348815918,2.8131046295166016,Online,true,1780326843.5347652,0.0,map,odom
1780326843,534765231,1780326843.5347652,,y,77,,-0.5552481950532302,-0.8316845210335768,0.0005471410055837815,-3.50728702545166,-0.5830849199619629,-0.8124036166615833,-0.0035127977640013425,-3.637942675631911,133,-13.206822094164396,4.5147323680103275,-3.548069848153824,-13.02920338252529,4.8059376908176095,-4.035133736962508,2.864543914794922,1.8626747131347656,1.062330722808838,Online,true,1780326843.5347652,0.0,map,odom
1780326843,534765231,1780326843.5347652,,y,70,,-0.5284577692006907,-0.8489462272001685,-0.004763349035009666,-3.370237350463867,-0.5568372681643633,-0.8305783604366715,-0.008476081499118389,-3.5044942166023643,318,-14.981954250695571,5.077832005308859,-2.8644128869164667,-14.791750278276183,5.430869379138159,-3.3729773803995173,3.696929931640625,2.223198175430298,3.4343347549438477,Online,true,1780326843.5347652,0.0,map,odom
1780326843,534765231,1780326843.5347652,,y,58,,-0.5264876519061841,-0.8501824791807331,0.000710270663213684,-3.362837076187134,-0.5549713651428407,-0.831864122868301,-0.0029774076046211726,-3.495436654150681,1377,-14.415704563032827,4.896039502553171,-3.05232967660318,-14.229925188182195,5.2294451084184805,-3.5540319964368323,4.644039154052734,2.8775458335876465,2.397854447364807,Online,true,1780326843.5347652,0.0,map,odom
1780326843,534765231,1780326843.5347652,,y,53,,-0.5529016133869524,-0.8330809289471253,0.016612397138883003,-3.864727020263672,-0.5809663842397081,-0.813830306133074,0.012581462664844336,-3.9902767092051232,1102,-14.323432811591672,4.781429998671294,-2.819032088490017,-14.144198828375604,5.112480095016992,-3.3194102668639127,5.106054306030273,3.724724292755127,2.7532265186309814,Online,true,1780326843.5347652,0.0,map,odom
1780326843,534765231,1780326843.5347652,,y,43,,-0.6714021515626858,0.7410865373188595,0.0031456448844647687,6.315307140350342,-0.645895881573422,0.7633990297547746,-0.0063585797125552445,6.407027624735566,451,-2.873480878225187,-10.717746445979353,-1.334450941392429,-3.243334722517655,-10.76092562543484,-1.6653233584220284,8.45851755142212,7.070703506469727,1.4007952213287354,Online,true,1780326843.5347652,0.0,map,odom
1780326843,534765231,1780326843.5347652,,y,16,,0.5764006293237239,0.8164885522530971,-0.03329802629070259,15.181928634643555,0.6040743094842466,0.7964016997724058,-0.028957921554448922,15.300180090497452,114,-16.591184549164353,-6.979498587156597,-2.3966887258646783,-16.813772813024837,-6.563603588868417,-2.8916748257905907,1.8188037872314453,1.2755436897277832,1.5165596008300781,Online,true,1780326843.5347652,0.0,map,odom
1780326843,534765231,1780326843.5347652,,x,75,,0.8752904684618495,-0.4834434175047214,-0.012208926701054362,12.625422477722168,0.8584865155433309,-0.512834982802951,-0.0010876781542971756,12.571976918001601,209,-10.756134941247092,6.998665209592244,-1.8563093722722177,-10.514774920175524,7.210556275482098,-2.3224451018831953,1.7338552474975586,3.314502239227295,1.8263649940490723,Online,true,1780326843.5347652,0.0,map,odom
1780326843,534765231,1780326843.5347652,,x,63,,0.8853131587405527,-0.4644741742717853,-0.022008007528356667,23.808849334716797,0.8692549769851902,-0.49424552878214073,-0.010823228046135905,23.755125237919952,771,-22.58943976811707,8.47728666288225,-2.745386079900769,-22.280519872318447,9.08627989913047,-3.3484999389227057,1.757659912109375,3.370250701904297,2.8834351301193237,Online,true,1780326843.5347652,0.0,map,odom
1780326843,534765231,1780326843.5347652,,x,61,,0.9215480676543408,-0.38810282909032884,0.01119611783759938,26.059770584106445,0.9076844494936929,-0.41904514708912066,0.022585500844322252,26.028589873229905,123,-25.63513698422812,6.202337020780982,-2.0327970429164606,-25.409321485123748,6.917906015185324,-2.6642443513787795,0.9313011169433594,2.275801181793213,1.081472396850586,Online,true,1780326843.5347652,0.0,map,odom
1780326843,534765231,1780326843.5347652,,x,57,,0.8429455723406448,-0.5376340129317027,0.019809851343626936,23.154233932495117,0.8239685867064848,-0.5658028044444734,0.030707565903000812,23.102817762569778,157,-21.998752994901814,8.475868455923287,-2.6852311586878104,-21.69092832297455,9.065045073448896,-3.281698913263611,1.1858577728271484,1.7589244842529297,2.8489878177642822,Online,true,1780326843.5347652,0.0,map,odom
1780326843,534765231,1780326843.5347652,,x,32,,0.6865676779546207,0.7257618454031997,0.04352662799876012,16.904983520507812,0.7102395897639409,0.7022288115873483,0.04933985517378092,17.03787238703069,143,-17.847090514389784,-6.259056508124291,-2.517323951621156,-18.043119042683767,-5.8014205044941445,-3.028328526580621,1.023965835571289,1.012331485748291,1.7710912227630615,Online,true,1780326843.5347652,0.0,map,odom
1780326843,534765231,1780326843.5347652,,x,19,,-0.8399672077241058,0.5424595581786399,0.013882279668834345,-8.929603576660156,-0.8212044734561583,0.5706261420214238,0.00300313458569112,-8.866417408509923,115,-15.09302167477815,-6.847005898019542,-2.4453635609668236,-15.311530772354658,-6.482056334915462,-2.923837646748105,0.6360197067260742,0.9553680419921875,1.6112558841705322,Online,true,1780326843.5347652,0.0,map,odom
1780326843,534765231,1780326843.5347652,,x,4,,-0.8172933515988549,0.5762215296671213,-0.0005711220477287227,4.3542399406433105,-0.7972396790955767,0.6035574440604949,-0.01128298696021662,4.418014452126259,1287,-2.523901083808401,-11.104340828937806,-1.7565064260731766,-2.902369761588781,-11.160402565140163,-2.0824002719656236,6.399871587753296,8.963740348815918,2.8131046295166016,Online,true,1780326843.5347652,0.0,map,odom
1780326843,534765231,1780326843.5347652,,y,77,,-0.5552481950532302,-0.8316845210335768,0.0005471410055837815,-3.50728702545166,-0.5830849199619629,-0.8124036166615833,-0.0035127977640013425,-3.637942675631911,133,-13.206822094164396,4.5147323680103275,-3.548069848153824,-13.02920338252529,4.8059376908176095,-4.035133736962508,2.864543914794922,1.8626747131347656,1.062330722808838,Online,true,1780326843.5347652,0.0,map,odom
1780326843,534765231,1780326843.5347652,,y,70,,-0.5284577692006907,-0.8489462272001685,-0.004763349035009666,-3.370237350463867,-0.5568372681643633,-0.8305783604366715,-0.008476081499118389,-3.5044942166023643,318,-14.981954250695571,5.077832005308859,-2.8644128869164667,-14.791750278276183,5.430869379138159,-3.3729773803995173,3.696929931640625,2.223198175430298,3.4343347549438477,Online,true,1780326843.5347652,0.0,map,odom
1780326843,534765231,1780326843.5347652,,y,58,,-0.5264876519061841,-0.8501824791807331,0.000710270663213684,-3.362837076187134,-0.5549713651428407,-0.831864122868301,-0.0029774076046211726,-3.495436654150681,1377,-14.415704563032827,4.896039502553171,-3.05232967660318,-14.229925188182195,5.2294451084184805,-3.5540319964368323,4.644039154052734,2.8775458335876465,2.397854447364807,Online,true,1780326843.5347652,0.0,map,odom
1780326843,534765231,1780326843.5347652,,y,53,,-0.5529016133869524,-0.8330809289471253,0.016612397138883003,-3.864727020263672,-0.5809663842397081,-0.813830306133074,0.012581462664844336,-3.9902767092051232,1102,-14.323432811591672,4.781429998671294,-2.819032088490017,-14.144198828375604,5.112480095016992,-3.3194102668639127,5.106054306030273,3.724724292755127,2.7532265186309814,Online,true,1780326843.5347652,0.0,map,odom
1780326843,534765231,1780326843.5347652,,y,43,,-0.6714021515626858,0.7410865373188595,0.0031456448844647687,6.315307140350342,-0.645895881573422,0.7633990297547746,-0.0063585797125552445,6.407027624735566,451,-2.873480878225187,-10.717746445979353,-1.334450941392429,-3.243334722517655,-10.76092562543484,-1.6653233584220284,8.45851755142212,7.070703506469727,1.4007952213287354,Online,true,1780326843.5347652,0.0,map,odom
1780326843,534765231,1780326843.5347652,,y,16,,0.5764006293237239,0.8164885522530971,-0.03329802629070259,15.181928634643555,0.6040743094842466,0.7964016997724058,-0.028957921554448922,15.300180090497452,114,-16.591184549164353,-6.979498587156597,-2.3966887258646783,-16.813772813024837,-6.563603588868417,-2.8916748257905907,1.8188037872314453,1.2755436897277832,1.5165596008300781,Online,true,1780326843.5347652,0.0,map,odom
1780326843,534765231,1780326843.5347652,,x,75,,0.8752904684618495,-0.4834434175047214,-0.012208926701054362,12.625422477722168,0.8584865155433309,-0.512834982802951,-0.0010876781542971756,12.571976918001601,209,-10.756134941247092,6.998665209592244,-1.8563093722722177,-10.514774920175524,7.210556275482098,-2.3224451018831953,1.7338552474975586,3.314502239227295,1.8263649940490723,Online,true,1780326843.5347652,0.0,map,odom
1780326843,534765231,1780326843.5347652,,x,63,,0.8853131587405527,-0.4644741742717853,-0.022008007528356667,23.808849334716797,0.8692549769851902,-0.49424552878214073,-0.010823228046135905,23.755125237919952,771,-22.58943976811707,8.47728666288225,-2.745386079900769,-22.280519872318447,9.08627989913047,-3.3484999389227057,1.757659912109375,3.370250701904297,2.8834351301193237,Online,true,1780326843.5347652,0.0,map,odom
1780326843,534765231,1780326843.5347652,,x,61,,0.9215480676543408,-0.38810282909032884,0.01119611783759938,26.059770584106445,0.9076844494936929,-0.41904514708912066,0.022585500844322252,26.028589873229905,123,-25.63513698422812,6.202337020780982,-2.0327970429164606,-25.409321485123748,6.917906015185324,-2.6642443513787795,0.9313011169433594,2.275801181793213,1.081472396850586,Online,true,1780326843.5347652,0.0,map,odom
1780326843,534765231,1780326843.5347652,,x,57,,0.8429455723406448,-0.5376340129317027,0.019809851343626936,23.154233932495117,0.8239685867064848,-0.5658028044444734,0.030707565903000812,23.102817762569778,157,-21.998752994901814,8.475868455923287,-2.6852311586878104,-21.69092832297455,9.065045073448896,-3.281698913263611,1.1858577728271484,1.7589244842529297,2.8489878177642822,Online,true,1780326843.5347652,0.0,map,odom
1780326843,534765231,1780326843.5347652,,x,32,,0.6865676779546207,0.7257618454031997,0.04352662799876012,16.904983520507812,0.7102395897639409,0.7022288115873483,0.04933985517378092,17.03787238703069,143,-17.847090514389784,-6.259056508124291,-2.517323951621156,-18.043119042683767,-5.8014205044941445,-3.028328526580621,1.023965835571289,1.012331485748291,1.7710912227630615,Online,true,1780326843.5347652,0.0,map,odom
1780326843,534765231,1780326843.5347652,,x,19,,-0.8399672077241058,0.5424595581786399,0.013882279668834345,-8.929603576660156,-0.8212044734561583,0.5706261420214238,0.00300313458569112,-8.866417408509923,115,-15.09302167477815,-6.847005898019542,-2.4453635609668236,-15.311530772354658,-6.482056334915462,-2.923837646748105,0.6360197067260742,0.9553680419921875,1.6112558841705322,Online,true,1780326843.5347652,0.0,map,odom
1780326843,534765231,1780326843.5347652,,x,4,,-0.8172933515988549,0.5762215296671213,-0.0005711220477287227,4.3542399406433105,-0.7972396790955767,0.6035574440604949,-0.01128298696021662,4.418014452126259,1287,-2.523901083808401,-11.104340828937806,-1.7565064260731766,-2.902369761588781,-11.160402565140163,-2.0824002719656236,6.399871587753296,8.963740348815918,2.8131046295166016,Online,true,1780326843.5347652,0.0,map,odom
1780326843,534765231,1780326843.5347652,,y,77,,-0.5552481950532302,-0.8316845210335768,0.0005471410055837815,-3.50728702545166,-0.5830849199619629,-0.8124036166615833,-0.0035127977640013425,-3.637942675631911,133,-13.206822094164396,4.5147323680103275,-3.548069848153824,-13.02920338252529,4.8059376908176095,-4.035133736962508,2.864543914794922,1.8626747131347656,1.062330722808838,Online,true,1780326843.5347652,0.0,map,odom
1780326843,534765231,1780326843.5347652,,y,70,,-0.5284577692006907,-0.8489462272001685,-0.004763349035009666,-3.370237350463867,-0.5568372681643633,-0.8305783604366715,-0.008476081499118389,-3.5044942166023643,318,-14.981954250695571,5.077832005308859,-2.8644128869164667,-14.791750278276183,5.430869379138159,-3.3729773803995173,3.696929931640625,2.223198175430298,3.4343347549438477,Online,true,1780326843.5347652,0.0,map,odom
1780326843,534765231,1780326843.5347652,,y,58,,-0.5264876519061841,-0.8501824791807331,0.000710270663213684,-3.362837076187134,-0.5549713651428407,-0.831864122868301,-0.0029774076046211726,-3.495436654150681,1377,-14.415704563032827,4.896039502553171,-3.05232967660318,-14.229925188182195,5.2294451084184805,-3.5540319964368323,4.644039154052734,2.8775458335876465,2.397854447364807,Online,true,1780326843.5347652,0.0,map,odom
1780326843,534765231,1780326843.5347652,,y,53,,-0.5529016133869524,-0.8330809289471253,0.016612397138883003,-3.864727020263672,-0.5809663842397081,-0.813830306133074,0.012581462664844336,-3.9902767092051232,1102,-14.323432811591672,4.781429998671294,-2.819032088490017,-14.144198828375604,5.112480095016992,-3.3194102668639127,5.106054306030273,3.724724292755127,2.7532265186309814,Online,true,1780326843.5347652,0.0,map,odom
1780326843,534765231,1780326843.5347652,,y,43,,-0.6714021515626858,0.7410865373188595,0.0031456448844647687,6.315307140350342,-0.645895881573422,0.7633990297547746,-0.0063585797125552445,6.407027624735566,451,-2.873480878225187,-10.717746445979353,-1.334450941392429,-3.243334722517655,-10.76092562543484,-1.6653233584220284,8.45851755142212,7.070703506469727,1.4007952213287354,Online,true,1780326843.5347652,0.0,map,odom
1780326843,534765231,1780326843.5347652,,y,16,,0.5764006293237239,0.8164885522530971,-0.03329802629070259,15.181928634643555,0.6040743094842466,0.7964016997724058,-0.028957921554448922,15.300180090497452,114,-16.591184549164353,-6.979498587156597,-2.3966887258646783,-16.813772813024837,-6.563603588868417,-2.8916748257905907,1.8188037872314453,1.2755436897277832,1.5165596008300781,Online,true,1780326843.5347652,0.0,map,odom
1780326843,534765231,1780326843.5347652,,x,75,,0.8752904684618495,-0.4834434175047214,-0.012208926701054362,12.625422477722168,0.8584865155433309,-0.512834982802951,-0.0010876781542971756,12.571976918001601,209,-10.756134941247092,6.998665209592244,-1.8563093722722177,-10.514774920175524,7.210556275482098,-2.3224451018831953,1.7338552474975586,3.314502239227295,1.8263649940490723,Online,true,1780326843.5347652,0.0,map,odom
1780326843,534765231,1780326843.5347652,,x,63,,0.8853131587405527,-0.4644741742717853,-0.022008007528356667,23.808849334716797,0.8692549769851902,-0.49424552878214073,-0.010823228046135905,23.755125237919952,771,-22.58943976811707,8.47728666288225,-2.745386079900769,-22.280519872318447,9.08627989913047,-3.3484999389227057,1.757659912109375,3.370250701904297,2.8834351301193237,Online,true,1780326843.5347652,0.0,map,odom
1780326843,534765231,1780326843.5347652,,x,61,,0.9215480676543408,-0.38810282909032884,0.01119611783759938,26.059770584106445,0.9076844494936929,-0.41904514708912066,0.022585500844322252,26.028589873229905,123,-25.63513698422812,6.202337020780982,-2.0327970429164606,-25.409321485123748,6.917906015185324,-2.6642443513787795,0.9313011169433594,2.275801181793213,1.081472396850586,Online,true,1780326843.5347652,0.0,map,odom
1780326843,534765231,1780326843.5347652,,x,57,,0.8429455723406448,-0.5376340129317027,0.019809851343626936,23.154233932495117,0.8239685867064848,-0.5658028044444734,0.030707565903000812,23.102817762569778,157,-21.998752994901814,8.475868455923287,-2.6852311586878104,-21.69092832297455,9.065045073448896,-3.281698913263611,1.1858577728271484,1.7589244842529297,2.8489878177642822,Online,true,1780326843.5347652,0.0,map,odom
1780326843,534765231,1780326843.5347652,,x,32,,0.6865676779546207,0.7257618454031997,0.04352662799876012,16.904983520507812,0.7102395897639409,0.7022288115873483,0.04933985517378092,17.03787238703069,143,-17.847090514389784,-6.259056508124291,-2.517323951621156,-18.043119042683767,-5.8014205044941445,-3.028328526580621,1.023965835571289,1.012331485748291,1.7710912227630615,Online,true,1780326843.5347652,0.0,map,odom
1780326843,534765231,1780326843.5347652,,x,19,,-0.8399672077241058,0.5424595581786399,0.013882279668834345,-8.929603576660156,-0.8212044734561583,0.5706261420214238,0.00300313458569112,-8.866417408509923,115,-15.09302167477815,-6.847005898019542,-2.4453635609668236,-15.311530772354658,-6.482056334915462,-2.923837646748105,0.6360197067260742,0.9553680419921875,1.6112558841705322,Online,true,1780326843.5347652,0.0,map,odom
1780326843,534765231,1780326843.5347652,,x,4,,-0.8172933515988549,0.5762215296671213,-0.0005711220477287227,4.3542399406433105,-0.7972396790955767,0.6035574440604949,-0.01128298696021662,4.418014452126259,1287,-2.523901083808401,-11.104340828937806,-1.7565064260731766,-2.902369761588781,-11.160402565140163,-2.0824002719656236,6.399871587753296,8.963740348815918,2.8131046295166016,Online,true,1780326843.5347652,0.0,map,odom
1780326843,534765231,1780326843.5347652,,y,77,,-0.5552481950532302,-0.8316845210335768,0.0005471410055837815,-3.50728702545166,-0.5830849199619629,-0.8124036166615833,-0.0035127977640013425,-3.637942675631911,133,-13.206822094164396,4.5147323680103275,-3.548069848153824,-13.02920338252529,4.8059376908176095,-4.035133736962508,2.864543914794922,1.8626747131347656,1.062330722808838,Online,true,1780326843.5347652,0.0,map,odom
1780326843,534765231,1780326843.5347652,,y,70,,-0.5284577692006907,-0.8489462272001685,-0.004763349035009666,-3.370237350463867,-0.5568372681643633,-0.8305783604366715,-0.008476081499118389,-3.5044942166023643,318,-14.981954250695571,5.077832005308859,-2.8644128869164667,-14.791750278276183,5.430869379138159,-3.3729773803995173,3.696929931640625,2.223198175430298,3.4343347549438477,Online,true,1780326843.5347652,0.0,map,odom
1780326843,534765231,1780326843.5347652,,y,58,,-0.5264876519061841,-0.8501824791807331,0.000710270663213684,-3.362837076187134,-0.5549713651428407,-0.831864122868301,-0.0029774076046211726,-3.495436654150681,1377,-14.415704563032827,4.896039502553171,-3.05232967660318,-14.229925188182195,5.2294451084184805,-3.5540319964368323,4.644039154052734,2.8775458335876465,2.397854447364807,Online,true,1780326843.5347652,0.0,map,odom
1780326843,534765231,1780326843.5347652,,y,53,,-0.5529016133869524,-0.8330809289471253,0.016612397138883003,-3.864727020263672,-0.5809663842397081,-0.813830306133074,0.012581462664844336,-3.9902767092051232,1102,-14.323432811591672,4.781429998671294,-2.819032088490017,-14.144198828375604,5.112480095016992,-3.3194102668639127,5.106054306030273,3.724724292755127,2.7532265186309814,Online,true,1780326843.5347652,0.0,map,odom
1780326843,534765231,1780326843.5347652,,y,43,,-0.6714021515626858,0.7410865373188595,0.0031456448844647687,6.315307140350342,-0.645895881573422,0.7633990297547746,-0.0063585797125552445,6.407027624735566,451,-2.873480878225187,-10.717746445979353,-1.334450941392429,-3.243334722517655,-10.76092562543484,-1.6653233584220284,8.45851755142212,7.070703506469727,1.4007952213287354,Online,true,1780326843.5347652,0.0,map,odom
1780326843,534765231,1780326843.5347652,,y,16,,0.5764006293237239,0.8164885522530971,-0.03329802629070259,15.181928634643555,0.6040743094842466,0.7964016997724058,-0.028957921554448922,15.300180090497452,114,-16.591184549164353,-6.979498587156597,-2.3966887258646783,-16.813772813024837,-6.563603588868417,-2.8916748257905907,1.8188037872314453,1.2755436897277832,1.5165596008300781,Online,true,1780326843.5347652,0.0,map,odom
1780326843,534765231,1780326843.5347652,,x,75,,0.8752904684618495,-0.4834434175047214,-0.012208926701054362,12.625422477722168,0.8584865155433309,-0.512834982802951,-0.0010876781542971756,12.571976918001601,209,-10.756134941247092,6.998665209592244,-1.8563093722722177,-10.514774920175524,7.210556275482098,-2.3224451018831953,1.7338552474975586,3.314502239227295,1.8263649940490723,Online,true,1780326843.5347652,0.0,map,odom
1780326843,534765231,1780326843.5347652,,x,63,,0.8853131587405527,-0.4644741742717853,-0.022008007528356667,23.808849334716797,0.8692549769851902,-0.49424552878214073,-0.010823228046135905,23.755125237919952,771,-22.58943976811707,8.47728666288225,-2.745386079900769,-22.280519872318447,9.08627989913047,-3.3484999389227057,1.757659912109375,3.370250701904297,2.8834351301193237,Online,true,1780326843.5347652,0.0,map,odom
1780326843,534765231,1780326843.5347652,,x,61,,0.9215480676543408,-0.38810282909032884,0.01119611783759938,26.059770584106445,0.9076844494936929,-0.41904514708912066,0.022585500844322252,26.028589873229905,123,-25.63513698422812,6.202337020780982,-2.0327970429164606,-25.409321485123748,6.917906015185324,-2.6642443513787795,0.9313011169433594,2.275801181793213,1.081472396850586,Online,true,1780326843.5347652,0.0,map,odom
1780326843,534765231,1780326843.5347652,,x,57,,0.8429455723406448,-0.5376340129317027,0.019809851343626936,23.154233932495117,0.8239685867064848,-0.5658028044444734,0.030707565903000812,23.102817762569778,157,-21.998752994901814,8.475868455923287,-2.6852311586878104,-21.69092832297455,9.065045073448896,-3.281698913263611,1.1858577728271484,1.7589244842529297,2.8489878177642822,Online,true,1780326843.5347652,0.0,map,odom
1780326843,534765231,1780326843.5347652,,x,32,,0.6865676779546207,0.7257618454031997,0.04352662799876012,16.904983520507812,0.7102395897639409,0.7022288115873483,0.04933985517378092,17.03787238703069,143,-17.847090514389784,-6.259056508124291,-2.517323951621156,-18.043119042683767,-5.8014205044941445,-3.028328526580621,1.023965835571289,1.012331485748291,1.7710912227630615,Online,true,1780326843.5347652,0.0,map,odom
1780326843,534765231,1780326843.5347652,,x,19,,-0.8399672077241058,0.5424595581786399,0.013882279668834345,-8.929603576660156,-0.8212044734561583,0.5706261420214238,0.00300313458569112,-8.866417408509923,115,-15.09302167477815,-6.847005898019542,-2.4453635609668236,-15.311530772354658,-6.482056334915462,-2.923837646748105,0.6360197067260742,0.9553680419921875,1.6112558841705322,Online,true,1780326843.5347652,0.0,map,odom
1780326843,534765231,1780326843.5347652,,x,4,,-0.8172933515988549,0.5762215296671213,-0.0005711220477287227,4.3542399406433105,-0.7972396790955767,0.6035574440604949,-0.01128298696021662,4.418014452126259,1287,-2.523901083808401,-11.104340828937806,-1.7565064260731766,-2.902369761588781,-11.160402565140163,-2.0824002719656236,6.399871587753296,8.963740348815918,2.8131046295166016,Online,true,1780326843.5347652,0.0,map,odom
1780326843,534765231,1780326843.5347652,,y,77,,-0.5552481950532302,-0.8316845210335768,0.0005471410055837815,-3.50728702545166,-0.5830849199619629,-0.8124036166615833,-0.0035127977640013425,-3.637942675631911,133,-13.206822094164396,4.5147323680103275,-3.548069848153824,-13.02920338252529,4.8059376908176095,-4.035133736962508,2.864543914794922,1.8626747131347656,1.062330722808838,Online,true,1780326843.5347652,0.0,map,odom
1780326843,534765231,1780326843.5347652,,y,70,,-0.5284577692006907,-0.8489462272001685,-0.004763349035009666,-3.370237350463867,-0.5568372681643633,-0.8305783604366715,-0.008476081499118389,-3.5044942166023643,318,-14.981954250695571,5.077832005308859,-2.8644128869164667,-14.791750278276183,5.430869379138159,-3.3729773803995173,3.696929931640625,2.223198175430298,3.4343347549438477,Online,true,1780326843.5347652,0.0,map,odom
1780326843,534765231,1780326843.5347652,,y,58,,-0.5264876519061841,-0.8501824791807331,0.000710270663213684,-3.362837076187134,-0.5549713651428407,-0.831864122868301,-0.0029774076046211726,-3.495436654150681,1377,-14.415704563032827,4.896039502553171,-3.05232967660318,-14.229925188182195,5.2294451084184805,-3.5540319964368323,4.644039154052734,2.8775458335876465,2.397854447364807,Online,true,1780326843.5347652,0.0,map,odom
1780326843,534765231,1780326843.5347652,,y,53,,-0.5529016133869524,-0.8330809289471253,0.016612397138883003,-3.864727020263672,-0.5809663842397081,-0.813830306133074,0.012581462664844336,-3.9902767092051232,1102,-14.323432811591672,4.781429998671294,-2.819032088490017,-14.144198828375604,5.112480095016992,-3.3194102668639127,5.106054306030273,3.724724292755127,2.7532265186309814,Online,true,1780326843.5347652,0.0,map,odom
1780326843,534765231,1780326843.5347652,,y,43,,-0.6714021515626858,0.7410865373188595,0.0031456448844647687,6.315307140350342,-0.645895881573422,0.7633990297547746,-0.0063585797125552445,6.407027624735566,451,-2.873480878225187,-10.717746445979353,-1.334450941392429,-3.243334722517655,-10.76092562543484,-1.6653233584220284,8.45851755142212,7.070703506469727,1.4007952213287354,Online,true,1780326843.5347652,0.0,map,odom
1780326843,534765231,1780326843.5347652,,y,16,,0.5764006293237239,0.8164885522530971,-0.03329802629070259,15.181928634643555,0.6040743094842466,0.7964016997724058,-0.028957921554448922,15.300180090497452,114,-16.591184549164353,-6.979498587156597,-2.3966887258646783,-16.813772813024837,-6.563603588868417,-2.8916748257905907,1.8188037872314453,1.2755436897277832,1.5165596008300781,Online,true,1780326843.5347652,0.0,map,odom
1780326843,534765231,1780326843.5347652,,x,75,,0.8752904684618495,-0.4834434175047214,-0.012208926701054362,12.625422477722168,0.8584865155433309,-0.512834982802951,-0.0010876781542971756,12.571976918001601,209,-10.756134941247092,6.998665209592244,-1.8563093722722177,-10.514774920175524,7.210556275482098,-2.3224451018831953,1.7338552474975586,3.314502239227295,1.8263649940490723,Online,true,1780326843.5347652,0.0,map,odom
1780326843,534765231,1780326843.5347652,,x,63,,0.8853131587405527,-0.4644741742717853,-0.022008007528356667,23.808849334716797,0.8692549769851902,-0.49424552878214073,-0.010823228046135905,23.755125237919952,771,-22.58943976811707,8.47728666288225,-2.745386079900769,-22.280519872318447,9.08627989913047,-3.3484999389227057,1.757659912109375,3.370250701904297,2.8834351301193237,Online,true,1780326843.5347652,0.0,map,odom
1780326843,534765231,1780326843.5347652,,x,61,,0.9215480676543408,-0.38810282909032884,0.01119611783759938,26.059770584106445,0.9076844494936929,-0.41904514708912066,0.022585500844322252,26.028589873229905,123,-25.63513698422812,6.202337020780982,-2.0327970429164606,-25.409321485123748,6.917906015185324,-2.6642443513787795,0.9313011169433594,2.275801181793213,1.081472396850586,Online,true,1780326843.5347652,0.0,map,odom
1780326843,534765231,1780326843.5347652,,x,57,,0.8429455723406448,-0.5376340129317027,0.019809851343626936,23.154233932495117,0.8239685867064848,-0.5658028044444734,0.030707565903000812,23.102817762569778,157,-21.998752994901814,8.475868455923287,-2.6852311586878104,-21.69092832297455,9.065045073448896,-3.281698913263611,1.1858577728271484,1.7589244842529297,2.8489878177642822,Online,true,1780326843.5347652,0.0,map,odom
1780326843,534765231,1780326843.5347652,,x,32,,0.6865676779546207,0.7257618454031997,0.04352662799876012,16.904983520507812,0.7102395897639409,0.7022288115873483,0.04933985517378092,17.03787238703069,143,-17.847090514389784,-6.259056508124291,-2.517323951621156,-18.043119042683767,-5.8014205044941445,-3.028328526580621,1.023965835571289,1.012331485748291,1.7710912227630615,Online,true,1780326843.5347652,0.0,map,odom
1780326843,534765231,1780326843.5347652,,x,19,,-0.8399672077241058,0.5424595581786399,0.013882279668834345,-8.929603576660156,-0.8212044734561583,0.5706261420214238,0.00300313458569112,-8.866417408509923,115,-15.09302167477815,-6.847005898019542,-2.4453635609668236,-15.311530772354658,-6.482056334915462,-2.923837646748105,0.6360197067260742,0.9553680419921875,1.6112558841705322,Online,true,1780326843.5347652,0.0,map,odom
1780326843,534765231,1780326843.5347652,,x,4,,-0.8172933515988549,0.5762215296671213,-0.0005711220477287227,4.3542399406433105,-0.7972396790955767,0.6035574440604949,-0.01128298696021662,4.418014452126259,1287,-2.523901083808401,-11.104340828937806,-1.7565064260731766,-2.902369761588781,-11.160402565140163,-2.0824002719656236,6.399871587753296,8.963740348815918,2.8131046295166016,Online,true,1780326843.5347652,0.0,map,odom
1780326843,534765231,1780326843.5347652,,y,77,,-0.5552481950532302,-0.8316845210335768,0.0005471410055837815,-3.50728702545166,-0.5830849199619629,-0.8124036166615833,-0.0035127977640013425,-3.637942675631911,133,-13.206822094164396,4.5147323680103275,-3.548069848153824,-13.02920338252529,4.8059376908176095,-4.035133736962508,2.864543914794922,1.8626747131347656,1.062330722808838,Online,true,1780326843.5347652,0.0,map,odom
1780326843,534765231,1780326843.5347652,,y,70,,-0.5284577692006907,-0.8489462272001685,-0.004763349035009666,-3.370237350463867,-0.5568372681643633,-0.8305783604366715,-0.008476081499118389,-3.5044942166023643,318,-14.981954250695571,5.077832005308859,-2.8644128869164667,-14.791750278276183,5.430869379138159,-3.3729773803995173,3.696929931640625,2.223198175430298,3.4343347549438477,Online,true,1780326843.5347652,0.0,map,odom
1780326843,534765231,1780326843.5347652,,y,58,,-0.5264876519061841,-0.8501824791807331,0.000710270663213684,-3.362837076187134,-0.5549713651428407,-0.831864122868301,-0.0029774076046211726,-3.495436654150681,1377,-14.415704563032827,4.896039502553171,-3.05232967660318,-14.229925188182195,5.2294451084184805,-3.5540319964368323,4.644039154052734,2.8775458335876465,2.397854447364807,Online,true,1780326843.5347652,0.0,map,odom
1780326843,534765231,1780326843.5347652,,y,53,,-0.5529016133869524,-0.8330809289471253,0.016612397138883003,-3.864727020263672,-0.5809663842397081,-0.813830306133074,0.012581462664844336,-3.9902767092051232,1102,-14.323432811591672,4.781429998671294,-2.819032088490017,-14.144198828375604,5.112480095016992,-3.3194102668639127,5.106054306030273,3.724724292755127,2.7532265186309814,Online,true,1780326843.5347652,0.0,map,odom
1780326843,534765231,1780326843.5347652,,y,43,,-0.6714021515626858,0.7410865373188595,0.0031456448844647687,6.315307140350342,-0.645895881573422,0.7633990297547746,-0.0063585797125552445,6.407027624735566,451,-2.873480878225187,-10.717746445979353,-1.334450941392429,-3.243334722517655,-10.76092562543484,-1.6653233584220284,8.45851755142212,7.070703506469727,1.4007952213287354,Online,true,1780326843.5347652,0.0,map,odom
1780326843,534765231,1780326843.5347652,,y,16,,0.5764006293237239,0.8164885522530971,-0.03329802629070259,15.181928634643555,0.6040743094842466,0.7964016997724058,-0.028957921554448922,15.300180090497452,114,-16.591184549164353,-6.979498587156597,-2.3966887258646783,-16.813772813024837,-6.563603588868417,-2.8916748257905907,1.8188037872314453,1.2755436897277832,1.5165596008300781,Online,true,1780326843.5347652,0.0,map,odom
1780326843,534765231,1780326843.5347652,,x,75,,0.8752904684618495,-0.4834434175047214,-0.012208926701054362,12.625422477722168,0.8584865155433309,-0.512834982802951,-0.0010876781542971756,12.571976918001601,209,-10.756134941247092,6.998665209592244,-1.8563093722722177,-10.514774920175524,7.210556275482098,-2.3224451018831953,1.7338552474975586,3.314502239227295,1.8263649940490723,Online,true,1780326843.5347652,0.0,map,odom
1780326843,534765231,1780326843.5347652,,x,63,,0.8853131587405527,-0.4644741742717853,-0.022008007528356667,23.808849334716797,0.8692549769851902,-0.49424552878214073,-0.010823228046135905,23.755125237919952,771,-22.58943976811707,8.47728666288225,-2.745386079900769,-22.280519872318447,9.08627989913047,-3.3484999389227057,1.757659912109375,3.370250701904297,2.8834351301193237,Online,true,1780326843.5347652,0.0,map,odom
1780326843,534765231,1780326843.5347652,,x,61,,0.9215480676543408,-0.38810282909032884,0.01119611783759938,26.059770584106445,0.9076844494936929,-0.41904514708912066,0.022585500844322252,26.028589873229905,123,-25.63513698422812,6.202337020780982,-2.0327970429164606,-25.409321485123748,6.917906015185324,-2.6642443513787795,0.9313011169433594,2.275801181793213,1.081472396850586,Online,true,1780326843.5347652,0.0,map,odom
1780326843,534765231,1780326843.5347652,,x,57,,0.8429455723406448,-0.5376340129317027,0.019809851343626936,23.154233932495117,0.8239685867064848,-0.5658028044444734,0.030707565903000812,23.102817762569778,157,-21.998752994901814,8.475868455923287,-2.6852311586878104,-21.69092832297455,9.065045073448896,-3.281698913263611,1.1858577728271484,1.7589244842529297,2.8489878177642822,Online,true,1780326843.5347652,0.0,map,odom
1780326843,534765231,1780326843.5347652,,x,32,,0.6865676779546207,0.7257618454031997,0.04352662799876012,16.904983520507812,0.7102395897639409,0.7022288115873483,0.04933985517378092,17.03787238703069,143,-17.847090514389784,-6.259056508124291,-2.517323951621156,-18.043119042683767,-5.8014205044941445,-3.028328526580621,1.023965835571289,1.012331485748291,1.7710912227630615,Online,true,1780326843.5347652,0.0,map,odom
1780326843,534765231,1780326843.5347652,,x,19,,-0.8399672077241058,0.5424595581786399,0.013882279668834345,-8.929603576660156,-0.8212044734561583,0.5706261420214238,0.00300313458569112,-8.866417408509923,115,-15.09302167477815,-6.847005898019542,-2.4453635609668236,-15.311530772354658,-6.482056334915462,-2.923837646748105,0.6360197067260742,0.9553680419921875,1.6112558841705322,Online,true,1780326843.5347652,0.0,map,odom
1780326843,534765231,1780326843.5347652,,x,4,,-0.8172933515988549,0.5762215296671213,-0.0005711220477287227,4.3542399406433105,-0.7972396790955767,0.6035574440604949,-0.01128298696021662,4.418014452126259,1287,-2.523901083808401,-11.104340828937806,-1.7565064260731766,-2.902369761588781,-11.160402565140163,-2.0824002719656236,6.399871587753296,8.963740348815918,2.8131046295166016,Online,true,1780326843.5347652,0.0,map,odom
1780326843,534765231,1780326843.5347652,,y,77,,-0.5552481950532302,-0.8316845210335768,0.0005471410055837815,-3.50728702545166,-0.5830849199619629,-0.8124036166615833,-0.0035127977640013425,-3.637942675631911,133,-13.206822094164396,4.5147323680103275,-3.548069848153824,-13.02920338252529,4.8059376908176095,-4.035133736962508,2.864543914794922,1.8626747131347656,1.062330722808838,Online,true,1780326843.5347652,0.0,map,odom
1780326843,534765231,1780326843.5347652,,y,70,,-0.5284577692006907,-0.8489462272001685,-0.004763349035009666,-3.370237350463867,-0.5568372681643633,-0.8305783604366715,-0.008476081499118389,-3.5044942166023643,318,-14.981954250695571,5.077832005308859,-2.8644128869164667,-14.791750278276183,5.430869379138159,-3.3729773803995173,3.696929931640625,2.223198175430298,3.4343347549438477,Online,true,1780326843.5347652,0.0,map,odom
1780326843,534765231,1780326843.5347652,,y,58,,-0.5264876519061841,-0.8501824791807331,0.000710270663213684,-3.362837076187134,-0.5549713651428407,-0.831864122868301,-0.0029774076046211726,-3.495436654150681,1377,-14.415704563032827,4.896039502553171,-3.05232967660318,-14.229925188182195,5.2294451084184805,-3.5540319964368323,4.644039154052734,2.8775458335876465,2.397854447364807,Online,true,1780326843.5347652,0.0,map,odom
1780326843,534765231,1780326843.5347652,,y,53,,-0.5529016133869524,-0.8330809289471253,0.016612397138883003,-3.864727020263672,-0.5809663842397081,-0.813830306133074,0.012581462664844336,-3.9902767092051232,1102,-14.323432811591672,4.781429998671294,-2.819032088490017,-14.144198828375604,5.112480095016992,-3.3194102668639127,5.106054306030273,3.724724292755127,2.7532265186309814,Online,true,1780326843.5347652,0.0,map,odom
1780326843,534765231,1780326843.5347652,,y,43,,-0.6714021515626858,0.7410865373188595,0.0031456448844647687,6.315307140350342,-0.645895881573422,0.7633990297547746,-0.0063585797125552445,6.407027624735566,451,-2.873480878225187,-10.717746445979353,-1.334450941392429,-3.243334722517655,-10.76092562543484,-1.6653233584220284,8.45851755142212,7.070703506469727,1.4007952213287354,Online,true,1780326843.5347652,0.0,map,odom
1780326843,534765231,1780326843.5347652,,y,16,,0.5764006293237239,0.8164885522530971,-0.03329802629070259,15.181928634643555,0.6040743094842466,0.7964016997724058,-0.028957921554448922,15.300180090497452,114,-16.591184549164353,-6.979498587156597,-2.3966887258646783,-16.813772813024837,-6.563603588868417,-2.8916748257905907,1.8188037872314453,1.2755436897277832,1.5165596008300781,Online,true,1780326843.5347652,0.0,map,odom
1780326843,534765231,1780326843.5347652,,x,75,,0.8752904684618495,-0.4834434175047214,-0.012208926701054362,12.625422477722168,0.8584865155433309,-0.512834982802951,-0.0010876781542971756,12.571976918001601,209,-10.756134941247092,6.998665209592244,-1.8563093722722177,-10.514774920175524,7.210556275482098,-2.3224451018831953,1.7338552474975586,3.314502239227295,1.8263649940490723,Online,true,1780326843.5347652,0.0,map,odom
1780326843,534765231,1780326843.5347652,,x,63,,0.8853131587405527,-0.4644741742717853,-0.022008007528356667,23.808849334716797,0.8692549769851902,-0.49424552878214073,-0.010823228046135905,23.755125237919952,771,-22.58943976811707,8.47728666288225,-2.745386079900769,-22.280519872318447,9.08627989913047,-3.3484999389227057,1.757659912109375,3.370250701904297,2.8834351301193237,Online,true,1780326843.5347652,0.0,map,odom
1780326843,534765231,1780326843.5347652,,x,61,,0.9215480676543408,-0.38810282909032884,0.01119611783759938,26.059770584106445,0.9076844494936929,-0.41904514708912066,0.022585500844322252,26.028589873229905,123,-25.63513698422812,6.202337020780982,-2.0327970429164606,-25.409321485123748,6.917906015185324,-2.6642443513787795,0.9313011169433594,2.275801181793213,1.081472396850586,Online,true,1780326843.5347652,0.0,map,odom
1780326843,534765231,1780326843.5347652,,x,57,,0.8429455723406448,-0.5376340129317027,0.019809851343626936,23.154233932495117,0.8239685867064848,-0.5658028044444734,0.030707565903000812,23.102817762569778,157,-21.998752994901814,8.475868455923287,-2.6852311586878104,-21.69092832297455,9.065045073448896,-3.281698913263611,1.1858577728271484,1.7589244842529297,2.8489878177642822,Online,true,1780326843.5347652,0.0,map,odom
1780326843,534765231,1780326843.5347652,,x,32,,0.6865676779546207,0.7257618454031997,0.04352662799876012,16.904983520507812,0.7102395897639409,0.7022288115873483,0.04933985517378092,17.03787238703069,143,-17.847090514389784,-6.259056508124291,-2.517323951621156,-18.043119042683767,-5.8014205044941445,-3.028328526580621,1.023965835571289,1.012331485748291,1.7710912227630615,Online,true,1780326843.5347652,0.0,map,odom
1780326843,534765231,1780326843.5347652,,x,19,,-0.8399672077241058,0.5424595581786399,0.013882279668834345,-8.929603576660156,-0.8212044734561583,0.5706261420214238,0.00300313458569112,-8.866417408509923,115,-15.09302167477815,-6.847005898019542,-2.4453635609668236,-15.311530772354658,-6.482056334915462,-2.923837646748105,0.6360197067260742,0.9553680419921875,1.6112558841705322,Online,true,1780326843.5347652,0.0,map,odom
1780326843,534765231,1780326843.5347652,,x,4,,-0.8172933515988549,0.5762215296671213,-0.0005711220477287227,4.3542399406433105,-0.7972396790955767,0.6035574440604949,-0.01128298696021662,4.418014452126259,1287,-2.523901083808401,-11.104340828937806,-1.7565064260731766,-2.902369761588781,-11.160402565140163,-2.0824002719656236,6.399871587753296,8.963740348815918,2.8131046295166016,Online,true,1780326843.5347652,0.0,map,odom
1780326843,534765231,1780326843.5347652,,y,77,,-0.5552481950532302,-0.8316845210335768,0.0005471410055837815,-3.50728702545166,-0.5830849199619629,-0.8124036166615833,-0.0035127977640013425,-3.637942675631911,133,-13.206822094164396,4.5147323680103275,-3.548069848153824,-13.02920338252529,4.8059376908176095,-4.035133736962508,2.864543914794922,1.8626747131347656,1.062330722808838,Online,true,1780326843.5347652,0.0,map,odom
1780326843,534765231,1780326843.5347652,,y,70,,-0.5284577692006907,-0.8489462272001685,-0.004763349035009666,-3.370237350463867,-0.5568372681643633,-0.8305783604366715,-0.008476081499118389,-3.5044942166023643,318,-14.981954250695571,5.077832005308859,-2.8644128869164667,-14.791750278276183,5.430869379138159,-3.3729773803995173,3.696929931640625,2.223198175430298,3.4343347549438477,Online,true,1780326843.5347652,0.0,map,odom
1780326843,534765231,1780326843.5347652,,y,58,,-0.5264876519061841,-0.8501824791807331,0.000710270663213684,-3.362837076187134,-0.5549713651428407,-0.831864122868301,-0.0029774076046211726,-3.495436654150681,1377,-14.415704563032827,4.896039502553171,-3.05232967660318,-14.229925188182195,5.2294451084184805,-3.5540319964368323,4.644039154052734,2.8775458335876465,2.397854447364807,Online,true,1780326843.5347652,0.0,map,odom
1780326843,534765231,1780326843.5347652,,y,53,,-0.5529016133869524,-0.8330809289471253,0.016612397138883003,-3.864727020263672,-0.5809663842397081,-0.813830306133074,0.012581462664844336,-3.9902767092051232,1102,-14.323432811591672,4.781429998671294,-2.819032088490017,-14.144198828375604,5.112480095016992,-3.3194102668639127,5.106054306030273,3.724724292755127,2.7532265186309814,Online,true,1780326843.5347652,0.0,map,odom
1780326843,534765231,1780326843.5347652,,y,43,,-0.6714021515626858,0.7410865373188595,0.0031456448844647687,6.315307140350342,-0.645895881573422,0.7633990297547746,-0.0063585797125552445,6.407027624735566,451,-2.873480878225187,-10.717746445979353,-1.334450941392429,-3.243334722517655,-10.76092562543484,-1.6653233584220284,8.45851755142212,7.070703506469727,1.4007952213287354,Online,true,1780326843.5347652,0.0,map,odom
1780326843,534765231,1780326843.5347652,,y,16,,0.5764006293237239,0.8164885522530971,-0.03329802629070259,15.181928634643555,0.6040743094842466,0.7964016997724058,-0.028957921554448922,15.300180090497452,114,-16.591184549164353,-6.979498587156597,-2.3966887258646783,-16.813772813024837,-6.563603588868417,-2.8916748257905907,1.8188037872314453,1.2755436897277832,1.5165596008300781,Online,true,1780326843.5347652,0.0,map,odom
