stamp_sec,stamp_nanosec,stamp,message_frame_id,plane_group,plane_id,plane_frame_id,nx_map,ny_map,nz_map,d_map,nx_odom,ny_odom,nz_odom,d_odom,point_count,centroid_x_map,centroid_y_map,centroid_z_map,centroid_x_odom,centroid_y_odom,centroid_z_odom,extent_x_map,extent_y_map,extent_z_map,data_source,map_to_odom_available,odom2map_stamp,odom2map_dt,odom2map_frame_id,odom2map_child_frame_id
1778158926,474384536,1778158926.4743845,,x,3,,-0.9245688306606293,0.37738296338150346,0.05248405777216032,4.171248912811279,-0.9245688306606293,0.37738296338150346,0.05248405777216032,4.171248616258056,430,2.3675468929978303,-5.381910201283389,0.9355445097005645,2.367546250585513,-5.381910988802573,0.9355445057973178,6.244705319404602,15.457261323928833,2.715783953666687,Online,true,1778158926.4743845,0.0,map,odom
1778158926,474384536,1778158926.4743845,,y,4,,-0.3713471579100103,-0.9283431737486875,-0.016740372348680664,2.786895275115967,-0.3713471579100103,-0.9283431737486875,-0.016740372348680664,2.7868943054045783,180,0.42258465157614816,2.8112579663594564,1.3165822989410825,0.42258400916383104,2.8112571788402723,1.3165822950378359,2.7865735292434692,1.1047182083129883,1.2358481884002686,Online,true,1778158926.4743845,0.0,map,odom
1778158929,876087833,1778158929.876088,,x,3,,-0.9245688306606293,0.37738296338150346,0.05248405777216032,4.171248912811279,-0.9245688306606293,0.37738296338150346,0.05248405777216026,4.171247970742086,430,2.3675468929978303,-5.381910201283389,0.9355445097005645,2.3675453178302,-5.381911563957131,0.9355445090938069,6.244705319404602,15.457261323928833,2.715783953666687,Online,true,1778158929.876088,0.0,map,odom
1778158929,876087833,1778158929.876088,,y,4,,-0.3713471579100103,-0.9283431737486875,-0.016740372348680664,2.786895275115967,-0.3713471579100103,-0.9283431737486875,-0.01674037234868021,2.7868934251429196,180,0.42258465157614816,2.8112579663594564,1.3165822989410825,0.4225830764085183,2.811256603685714,1.3165822983343216,2.7865735292434692,1.1047182083129883,1.2358481884002686,Online,true,1778158929.876088,0.0,map,odom
1778158932,874998280,1778158932.8749983,,x,3,,-0.9245688306606293,0.37738296338150346,0.05248405777216032,4.171248912811279,-0.9245688306606293,0.3773829633815035,0.05248405777216022,4.17124847589543,430,2.3675468929978303,-5.381910201283389,0.9355445097005645,2.3675459140426307,-5.381911442360645,0.9355445128595807,6.244705319404602,15.457261323928833,2.715783953666687,Online,true,1778158932.8749983,0.0,map,odom
1778158932,874998280,1778158932.8749983,,y,4,,-0.3713471579100103,-0.9283431737486875,-0.016740372348680664,2.786895275115967,-0.3713471579100103,-0.9283431737486875,-0.01674037234868011,2.786893759491019,180,0.42258465157614816,2.8112579663594564,1.3165822989410825,0.42258367262094876,2.8112567252822003,1.3165823021000944,2.7865735292434692,1.1047182083129883,1.2358481884002686,Online,true,1778158932.8749983,0.0,map,odom
1778158935,874212786,1778158935.8742127,,x,3,,-0.9245688306606293,0.37738296338150346,0.05248405777216032,4.171248912811279,-0.9245688306606293,0.37738296338150346,0.05248405777216036,4.171247519596612,430,2.3675468929978303,-5.381910201283389,0.9355445097005645,2.3675449045652437,-5.381911380756704,0.9355445075096236,6.244705319404602,15.457261323928833,2.715783953666687,Online,true,1778158935.8742127,0.0,map,odom
1778158935,874212786,1778158935.8742127,,y,4,,-0.3713471579100103,-0.9283431737486875,-0.016740372348680664,2.786895275115967,-0.3713471579100103,-0.9283431737486875,-0.016740372348680168,2.786893441724499,180,0.42258465157614816,2.8112579663594564,1.3165822989410825,0.42258266314356185,2.8112567868861413,1.3165822967501384,2.7865735292434692,1.1047182083129883,1.2358481884002686,Online,true,1778158935.8742127,0.0,map,odom
1778158938,975718897,1778158938.975719,,x,3,,-0.9245688297567782,0.3773829630125769,0.05248407634730378,4.171250343322754,-0.924655903189967,0.3775104901064098,0.04997289821057848,4.1721367301246675,430,2.3675468929978303,-5.381910201283389,0.9355445097005645,2.3660482906053906,-5.379851433246298,0.9393970747452369,6.244705319404602,15.457261323928833,2.715783953666687,Online,true,1778158938.975719,0.0,map,odom
1778158938,975718897,1778158938.975719,,y,4,,-0.3713471578752729,-0.9283431736618463,-0.016740377935050125,2.786895990371704,-0.37132373682929276,-0.9283798745464126,-0.015148960502869867,2.786567391768011,180,0.42258465157614816,2.8112579663594564,1.3165822989410825,0.420482857286741,2.814215094642306,1.2973376031470665,2.7865735292434692,1.1047182083129883,1.2358481884002686,Online,true,1778158938.975719,0.0,map,odom
1778158942,74559401,1778158942.0745595,,x,3,,-0.9245688297567782,0.3773829630125769,0.05248407634730378,4.171250343322754,-0.9246559032546194,0.3775104902360049,0.049972896035302104,4.172136869667597,430,2.3675468929978303,-5.381910201283389,0.9355445097005645,2.366048389558676,-5.37985155349824,0.9393970796439216,6.244705319404602,15.457261323928833,2.715783953666687,Online,true,1778158942.0745595,0.0,map,odom
1778158942,74559401,1778158942.0745595,,y,13,,-0.6551122118411784,-0.75507641404003,0.02622210626567015,-4.770768165588379,-0.6551616767990109,-0.75500949053351,0.026904394775542146,-4.770460304421237,539,-12.710488453866821,4.69664081660184,-0.12317114117415363,-12.710062639920942,4.69615841683071,-0.16971007273447666,4.101860046386719,3.5344574451446533,2.6460131406784058,Online,true,1778158942.0745595,0.0,map,odom
1778158942,74559401,1778158942.0745595,,y,4,,-0.3713471578752729,-0.9283431736618463,-0.016740377935050125,2.786895990371704,-0.3713237369072217,-0.9283798745076192,-0.01514896097010218,2.7865673177784447,180,0.42258465157614816,2.8112579663594564,1.3165822989410825,0.4204829564347727,2.814214974758152,1.2973376006847863,2.7865735292434692,1.1047182083129883,1.2358481884002686,Online,true,1778158942.0745595,0.0,map,odom
1778158945,474499382,1778158945.4744995,,x,3,,-0.9245688297567782,0.3773829630125769,0.05248407634730378,4.171250343322754,-0.9290899380526536,0.3665629724046626,0.04922879514242466,4.139318124772537,430,2.3675468929978303,-5.381910201283389,0.9355445097005645,2.4467161873032675,-5.2170469243253335,0.9471641111024337,6.244705319404602,15.457261323928833,2.715783953666687,Online,true,1778158945.4744995,0.0,map,odom
1778158945,474499382,1778158945.4744995,,y,13,,-0.6378297258175666,-0.7699195205027382,0.01992919497424723,-4.560962200164795,-0.6288748841031163,-0.7773099353476213,0.01748269298960951,-4.441914643378474,948,-12.71847628641732,4.581780092122686,-0.0790418210097506,-12.750732923370677,4.570279975892727,-0.11978374703006678,4.101860046386719,3.5344576835632324,2.7038261890411377,Online,true,1778158945.4744995,0.0,map,odom
1778158945,474499382,1778158945.4744995,,y,4,,-0.3713471578752729,-0.9283431736618463,-0.016740377935050125,2.786895990371704,-0.36043265773412214,-0.9326065292259734,-0.018258173068541918,2.922030287947111,180,0.42258465157614816,2.8112579663594564,1.3165822989410825,0.4049767967648072,2.952792377945595,1.3227950161864972,2.7865735292434692,1.1047182083129883,1.2358481884002686,Online,true,1778158945.4744995,0.0,map,odom
1778158945,474499382,1778158945.4744995,,x,3,,-0.9245688297567782,0.3773829630125769,0.05248407634730378,4.171250343322754,-0.9290899380526536,0.3665629724046626,0.04922879514242466,4.139318124772537,430,2.3675468929978303,-5.381910201283389,0.9355445097005645,2.4467161873032675,-5.2170469243253335,0.9471641111024337,6.244705319404602,15.457261323928833,2.715783953666687,Online,true,1778158945.4744995,0.0,map,odom
1778158945,474499382,1778158945.4744995,,y,13,,-0.6378297258175666,-0.7699195205027382,0.01992919497424723,-4.560962200164795,-0.6288748841031163,-0.7773099353476213,0.01748269298960951,-4.441914643378474,948,-12.71847628641732,4.581780092122686,-0.0790418210097506,-12.750732923370677,4.570279975892727,-0.11978374703006678,4.101860046386719,3.5344576835632324,2.7038261890411377,Online,true,1778158945.4744995,0.0,map,odom
1778158945,474499382,1778158945.4744995,,y,4,,-0.3713471578752729,-0.9283431736618463,-0.016740377935050125,2.786895990371704,-0.36043265773412214,-0.9326065292259734,-0.018258173068541918,2.922030287947111,180,0.42258465157614816,2.8112579663594564,1.3165822989410825,0.4049767967648072,2.952792377945595,1.3227950161864972,2.7865735292434692,1.1047182083129883,1.2358481884002686,Online,true,1778158945.4744995,0.0,map,odom
1778158949,73664916,1778158949.073665,,x,17,,-0.7172382311751899,-0.6968184551972888,-0.0036551658168883267,-5.527134418487549,-0.7090451465172217,-0.7051342874258717,-0.006373138691388251,-5.4162917174154614,105,-10.9355988184611,3.327577150435675,-0.32582460599286217,-10.952480219140144,3.337008538133917,-0.36039098524720253,0.6955575942993164,0.710240364074707,1.986428678035736,Online,true,1778158949.073665,0.0,map,odom
1778158949,73664916,1778158949.073665,,x,3,,-0.9245688297567782,0.3773829630125769,0.05248407634730378,4.171250343322754,-0.9290899428474192,0.3665629605445372,0.049228792963097,4.139313130043875,430,2.3675468929978303,-5.381910201283389,0.9355445097005645,2.446709605955219,-5.217050114250755,0.9471641373811122,6.244705319404602,15.457261323928833,2.715783953666687,Online,true,1778158949.073665,0.0,map,odom
1778158949,73664916,1778158949.073665,,y,13,,-0.6378297612207989,-0.7699194912893953,0.01992919049277618,-4.560962200164795,-0.6288749099145943,-0.7773099145864171,0.017482687595680647,-4.441921330903755,948,-12.71847628641732,4.581780092122686,-0.0790418210097506,-12.750739627781414,4.570276590717526,-0.11978375892984816,4.101860046386719,3.5344576835632324,2.7038261890411377,Online,true,1778158949.073665,0.0,map,odom
1778158949,73664916,1778158949.073665,,y,4,,-0.3713471578752729,-0.9283431736618463,-0.016740377935050125,2.786895990371704,-0.3604326457581057,-0.932606533851942,-0.018258173196635554,2.922024888034448,180,0.42258465157614816,2.8112579663594564,1.3165822989410825,0.4049701100550805,2.9527891621352285,1.322795032760825,2.7865735292434692,1.1047182083129883,1.2358481884002686,Online,true,1778158949.073665,0.0,map,odom
1778158953,74942854,1778158953.0749428,,x,17,,-0.7172382311709172,-0.6968184551931377,-0.0036551674466810207,-5.527134418487549,-0.7090451596581969,-0.705134274212786,-0.006373138605879347,-5.416292790623337,105,-10.9355988184611,3.327577150435675,-0.32582460599286217,-10.952477493668145,3.337004541118552,-0.36039094893152596,0.6955575942993164,0.710240364074707,1.986428678035736,Online,true,1778158953.0749428,0.0,map,odom
1778158953,74942854,1778158953.0749428,,x,3,,-0.9245688297567782,0.3773829630125769,0.05248407634730378,4.171250343322754,-0.9290899358823852,0.36656297783021746,0.04922879570240222,4.1393171452117095,430,2.3675468929978303,-5.381910201283389,0.9355445097005645,2.446712175765212,-5.217054361326208,0.9471641329459686,6.244705319404602,15.457261323928833,2.715783953666687,Online,true,1778158953.0749428,0.0,map,odom
1778158953,74942854,1778158953.0749428,,y,13,,-0.6378297258412435,-0.7699195205313184,0.019929193112341856,-4.560962200164795,-0.6288748886346645,-0.7773099317081652,0.017482691800351217,-4.441922917813634,948,-12.71847628641732,4.581780092122686,-0.0790418210097506,-12.750736878666386,4.570272627103333,-0.11978371711265909,4.101860046386719,3.5344576835632324,2.7038261890411377,Online,true,1778158953.0749428,0.0,map,odom
1778158953,74942854,1778158953.0749428,,y,4,,-0.3713471578752729,-0.9283431736618463,-0.016740377935050125,2.786895990371704,-0.3604326631791273,-0.932606527131874,-0.0182581725434661,2.9220219304110957,180,0.42258465157614816,2.8112579663594564,1.3165822989410825,0.4049728330805696,2.9527849529443517,1.322795037151412,2.7865735292434692,1.1047182083129883,1.2358481884002686,Online,true,1778158953.0749428,0.0,map,odom
1778158956,375239247,1778158956.3752391,,x,17,,-0.7172381998179768,-0.6968184826405168,-0.003656087038883702,-5.527134418487549,-0.7090425907062256,-0.7051488798253133,-0.004864344324780161,-5.415923624918452,105,-10.9355988184611,3.327577150435675,-0.32582460599286217,-10.952594732863187,3.336848746508272,-0.3723853575748592,0.6955575942993164,0.710240364074707,1.986428678035736,Online,true,1778158956.3752391,0.0,map,odom
1778158956,375239247,1778158956.3752391,,x,3,,-0.9245688297567782,0.3773829630125769,0.05248407634730378,4.171250343322754,-0.9290643648673974,0.36663196117238905,0.049197672510265016,4.139894090448635,430,2.3675468929978303,-5.381910201283389,0.9355445097005645,2.447426355717951,-5.215059877606328,0.9407031796010761,6.244705319404602,15.457261323928833,2.715783953666687,Online,true,1778158956.3752391,0.0,map,odom
1778158956,375239247,1778158956.3752391,,y,13,,-0.6378297272144992,-0.7699195221889651,0.01992908512182996,-4.560962200164795,-0.6288578862151326,-0.7772866581065342,0.01905807111465799,-4.44121279974875,948,-12.71847628641732,4.581780092122686,-0.0790418210097506,-12.750724758405584,4.570475978374753,-0.13265406698745386,4.101860046386719,3.5344576835632324,2.7038261890411377,Online,true,1778158956.3752391,0.0,map,odom
1778158956,375239247,1778158956.3752391,,y,4,,-0.3713471578752729,-0.9283431736618463,-0.016740377935050125,2.786895990371704,-0.36043511758485713,-0.9326366243871254,-0.016596772679603144,2.922307611382361,180,0.42258465157614816,2.8112579663594564,1.3165822989410825,0.40583466971569054,2.9553385080763523,1.3047995233641843,2.7865735292434692,1.1047182083129883,1.2358481884002686,Online,true,1778158956.3752391,0.0,map,odom
1778158958,975159058,1778158958.9751592,,x,23,,0.7967197343790882,-0.6043043766613856,-0.00734065384073943,8.04008674621582,0.8037474887472034,-0.5949413864954599,-0.005892450035779951,8.10561839569018,108,-15.169435209698147,-6.695433872717398,0.1006729100589399,-15.069551036820394,-6.7341840592193485,0.05261838339194573,0.932835578918457,1.2333765029907227,1.9294939637184143,Online,true,1778158958.9751592,0.0,map,odom
1778158958,975159058,1778158958.9751592,,x,17,,-0.7172383873594451,-0.6968183123056341,-0.0036517575974278267,-5.527136325836182,-0.7090248627057968,-0.7051778022022377,-0.002830432166285457,-5.415236317262275,105,-10.9355988184611,3.327577150435675,-0.32582460599286217,-10.953181428165506,3.3369941117865394,-0.38884756320689856,0.6955575942993164,0.710240364074707,1.986428678035736,Online,true,1778158958.9751592,0.0,map,odom
1778158958,975159058,1778158958.9751592,,x,3,,-0.9245688297567782,0.3773829630125769,0.05248407634730378,4.171250343322754,-0.9289540497722922,0.36661521846678924,0.051358105496661255,4.142209870057827,430,2.3675468929978303,-5.381910201283389,0.9355445097005645,2.450389510514798,-5.213890892689894,0.8943357939453793,6.244705319404602,15.457261323928833,2.715783953666687,Online,true,1778158958.9751592,0.0,map,odom
1778158958,975159058,1778158958.9751592,,y,13,,-0.6378297625230243,-0.7699194928613017,0.019929088087984312,-4.560962200164795,-0.6287781237991052,-0.7773033901009284,0.02091675809682749,-4.439502303911498,948,-12.71847628641732,4.581780092122686,-0.0790418210097506,-12.750760494613768,4.570644763393138,-0.14513790540900603,4.101860046386719,3.5344576835632324,2.7038261890411377,Online,true,1778158958.9751592,0.0,map,odom
1778158958,975159058,1778158958.9751592,,y,4,,-0.3713471578752729,-0.9283431736618463,-0.016740377935050125,2.786895990371704,-0.3604383744837932,-0.9326568325306078,-0.015343107033932001,2.9224777451720976,180,0.42258465157614816,2.8112579663594564,1.3165822989410825,0.409384272176596,2.956569100411915,1.2603325956529678,2.7865735292434692,1.1047182083129883,1.2358481884002686,Online,true,1778158958.9751592,0.0,map,odom
1778158963,473628011,1778158963.473628,,x,23,,0.7967185181446172,-0.6043097227681042,-0.007025796281004634,8.040109634399414,0.8037484538944285,-0.5949388804888119,-0.006012598858635928,8.10566027100703,108,-15.169435209698147,-6.695433872717398,0.1006729100589399,-15.069374571360147,-6.7340405960304945,0.04459941205719939,0.932835578918457,1.2333765029907227,1.9294939637184143,Online,true,1778158963.473628,0.0,map,odom
1778158963,473628011,1778158963.473628,,x,17,,-0.7172383873594451,-0.6968183123056341,-0.0036517575974278267,-5.527136325836182,-0.7090193846695939,-0.7051853026946918,-0.0022805758366052963,-5.415025210271983,105,-10.9355988184611,3.327577150435675,-0.32582460599286217,-10.953390948689934,3.3371192257558366,-0.4008659077566304,0.6955575942993164,0.710240364074707,1.986428678035736,Online,true,1778158963.473628,0.0,map,odom
1778158963,473628011,1778158963.473628,,x,3,,-0.9245688297567782,0.3773829630125769,0.05248407634730378,4.171250343322754,-0.9289246438552992,0.3666128164056819,0.05190422801082419,4.143135638206959,430,2.3675468929978303,-5.381910201283389,0.9355445097005645,2.451086671114875,-5.213457717485574,0.8748775907367233,6.244705319404602,15.457261323928833,2.715783953666687,Online,true,1778158963.473628,0.0,map,odom
1778158963,473628011,1778158963.473628,,y,13,,-0.6378297625230243,-0.7699194928613017,0.019929088087984312,-4.560962200164795,-0.6287567046483179,-0.7773068764729348,0.021424895511475053,-4.43883546777819,948,-12.71847628641732,4.581780092122686,-0.0790418210097506,-12.750825883099706,4.570784716239737,-0.15617029725489998,4.101860046386719,3.5344576835632324,2.7038261890411377,Online,true,1778158963.473628,0.0,map,odom
1778158963,473628011,1778158963.473628,,y,4,,-0.3713471578752729,-0.9283431736618463,-0.016740377935050125,2.786895990371704,-0.360438685659717,-0.9326625179866149,-0.014986040930243305,2.922493215827149,180,0.42258465157614816,2.8112579663594564,1.3165822989410825,0.4102337190444212,2.95703111984532,1.2410796220499523,2.7865735292434692,1.1047182083129883,1.2358481884002686,Online,true,1778158963.473628,0.0,map,odom
1778158965,672432659,1778158965.6724327,,x,28,,-0.7551772658295186,0.6554157789326603,0.011724073538952745,5.565239906311035,-0.7628087779916803,0.6465370597995749,0.010611245193682697,5.4920247132146836,668,-2.62067665775379,-11.52432435286973,0.7952182211740288,-2.464786133430966,-11.414182089235755,0.7464750848252988,7.370790004730225,8.508409976959229,1.8698677718639374,Online,true,1778158965.6724327,0.0,map,odom
1778158965,672432659,1778158965.6724327,,x,23,,0.7967185439487445,-0.6043096827358483,-0.007026313392589088,8.040108680725098,0.8037484701759233,-0.5949388578537559,-0.006012662100230784,8.105656261791836,108,-15.169435209698147,-6.695433872717398,0.1006729100589399,-15.06937057797842,-6.734039764012805,0.044594432988026816,0.932835578918457,1.2333765029907227,1.9294939637184143,Online,true,1778158965.6724327,0.0,map,odom
1778158965,672432659,1778158965.6724327,,x,17,,-0.7172383873594451,-0.6968183123056341,-0.0036517575974278267,-5.527136325836182,-0.7090193981022853,-0.7051852878610488,-0.0022809864100370074,-5.4150218877380025,105,-10.9355988184611,3.327577150435675,-0.32582460599286217,-10.953386490565425,3.3371199754390304,-0.4008684541495652,0.6955575942993164,0.710240364074707,1.986428678035736,Online,true,1778158965.6724327,0.0,map,odom
1778158965,672432659,1778158965.6724327,,x,3,,-0.9245688297567782,0.3773829630125769,0.05248407634730378,4.171250343322754,-0.9289246658260001,0.36661283538800143,0.05190370072378546,4.143139121421177,430,2.3675468929978303,-5.381910201283389,0.9355445097005645,2.4510902222754685,-5.213457258392864,0.8748826263005379,6.244705319404602,15.457261323928833,2.715783953666687,Online,true,1778158965.6724327,0.0,map,odom
1778158965,672432659,1778158965.6724327,,y,13,,-0.6378297625230243,-0.7699194928613017,0.019929088087984312,-4.560962200164795,-0.6287567331210125,-0.7773068635115848,0.02142453016461273,-4.438832528994452,948,-12.71847628641732,4.581780092122686,-0.0790418210097506,-12.75082153888989,4.570785501465012,-0.15617385961134558,4.101860046386719,3.5344576835632324,2.7038261890411377,Online,true,1778158965.6724327,0.0,map,odom
1778158965,672432659,1778158965.6724327,,y,4,,-0.3713471578752729,-0.9283431736618463,-0.016740377935050125,2.786895990371704,-0.3604386965922514,-0.9326625103318879,-0.014986254378606281,2.922495252891021,180,0.42258465157614816,2.8112579663594564,1.3165822989410825,0.4102372318685,2.9570316185656877,1.2410835598123202,2.7865735292434692,1.1047182083129883,1.2358481884002686,Online,true,1778158965.6724327,0.0,map,odom
1778158967,871684836,1778158967.8716848,,x,28,,-0.723715173727608,0.6898597956795036,-0.018160661371539176,5.982883930206299,-0.7234379789243011,0.6898608782094792,-0.027008505437526507,6.07193583747151,1278,-0.7471472122859507,-9.547951891202135,0.9499653231276779,-0.5918246591535488,-9.502451440232912,0.9296779397041844,11.568079471588135,12.555029153823853,2.131363868713379,Online,true,1778158967.8716848,0.0,map,odom
1778158967,871684836,1778158967.8716848,,x,23,,0.7967185439487445,-0.6043096827358483,-0.007026313392589088,8.040108680725098,0.7966019986720537,-0.6045019162754846,0.0016397960106226865,7.93376178494729,108,-15.169435209698147,-6.695433872717398,0.1006729100589399,-15.008436353887163,-6.653028650661602,-0.02039823540902395,0.932835578918457,1.2333765029907227,1.9294939637184143,Online,true,1778158967.8716848,0.0,map,odom
1778158967,871684836,1778158967.8716848,,x,17,,-0.7172383873594451,-0.6968183123056341,-0.0036517575974278267,-5.527136325836182,-0.717371912007098,-0.6966845804887403,-0.0028522223805880734,-5.383653118796126,105,-10.9355988184611,3.327577150435675,-0.32582460599286217,-10.769892039928445,3.3659446584739765,-0.4925598800251514,0.6955575942993164,0.710240364074707,1.986428678035736,Online,true,1778158967.8716848,0.0,map,odom
1778158967,871684836,1778158967.8716848,,x,3,,-0.9245688297567782,0.3773829630125769,0.05248407634730378,4.171250343322754,-0.9247595011343365,0.3779211573890949,0.044670615167694834,4.311015728479178,430,2.3675468929978303,-5.381910201283389,0.9355445097005645,2.523889966572556,-5.337227826464399,0.9038843391005189,6.244705319404602,15.457261323928833,2.715783953666687,Online,true,1778158967.8716848,0.0,map,odom
1778158967,871684836,1778158967.8716848,,y,13,,-0.6378297625230243,-0.7699194928613017,0.019929088087984312,-4.560962200164795,-0.6381143684460362,-0.7696362802855515,0.02168061002224131,-4.425562434157614,948,-12.71847628641732,4.581780092122686,-0.0790418210097506,-12.55383007481193,4.622181973697143,-0.26449909167411645,4.101860046386719,3.5344576835632324,2.7038261890411377,Online,true,1778158967.8716848,0.0,map,odom
1778158967,871684836,1778158967.8716848,,y,4,,-0.3713471578752729,-0.9283431736618463,-0.016740377935050125,2.786895990371704,-0.3714675681007307,-0.9283632310994255,-0.012391811488385618,2.8821703707592916,180,0.42258465157614816,2.8112579663594564,1.3165822989410825,0.5787623355976852,2.858770719317746,1.2171875108310544,2.7865735292434692,1.1047182083129883,1.2358481884002686,Online,true,1778158967.8716848,0.0,map,odom
1778158972,472679412,1778158972.4726794,,x,28,,-0.7236198205386603,0.6899439114101494,-0.018755117479263818,5.983919620513916,-0.723454322354074,0.6898639526192373,-0.026487173193272547,6.0720662952401545,1278,-0.7471472122859507,-9.547951891202135,0.9499653231276779,-0.5836607810961326,-9.496312964095686,0.9042885037887579,11.568079471588135,12.555029153823853,2.131363868713379,Online,true,1778158972.4726794,0.0,map,odom
1778158972,472679412,1778158972.4726794,,x,23,,0.7967185439487445,-0.6043096827358483,-0.007026313392589088,8.040108680725098,0.7965587891143895,-0.6045609728957133,-0.0003543106070808275,7.932227985270775,108,-15.169435209698147,-6.695433872717398,0.1006729100589399,-15.005747592327026,-6.650262834735885,0.030241365776693646,0.932835578918457,1.2333765029907227,1.9294939637184143,Online,true,1778158972.4726794,0.0,map,odom
1778158972,472679412,1778158972.4726794,,x,17,,-0.7172383873594451,-0.6968183123056341,-0.0036517575974278267,-5.527136325836182,-0.7174194191624897,-0.696623079463891,0.005065783927617531,-5.380196273790809,105,-10.9355988184611,3.327577150435675,-0.32582460599286217,-10.769607309496054,3.3658631904358414,-0.5178057501393106,0.6955575942993164,0.710240364074707,1.986428678035736,Online,true,1778158972.4726794,0.0,map,odom
1778158972,472679412,1778158972.4726794,,x,3,,-0.9245688297567782,0.3773829630125769,0.05248407634730378,4.171250343322754,-0.9244386975944233,0.3782233848575048,0.04858153493723973,4.316900341277804,430,2.3675468929978303,-5.381910201283389,0.9355445097005645,2.532093107621096,-5.33155866045012,0.8384858693454372,6.244705319404602,15.457261323928833,2.715783953666687,Online,true,1778158972.4726794,0.0,map,odom
1778158972,472679412,1778158972.4726794,,y,33,,-0.6176813388986927,0.7858897631013317,0.029104017400538567,6.57087516784668,-0.6174611126643783,0.7863429251025504,0.020163791519276403,6.645121009398768,103,-0.5939090888477067,-8.962351720309952,0.43347229135846627,-0.43059739701469374,-8.91692289670621,0.3807875154860247,4.125342845916748,3.200772285461426,2.2748732566833496,Online,true,1778158972.4726794,0.0,map,odom
1778158972,472679412,1778158972.4726794,,y,32,,-0.6168745270217766,0.7869615099239348,-0.012545908093885227,6.628934860229492,-0.6166802377538175,0.7869201919315992,-0.02149641584614225,6.696389441623266,136,-0.4712555724031785,-8.900674199356752,0.6430949673933142,-0.30779615017839496,-8.852794874652076,0.5895867457480786,3.3181045055389404,2.550381660461426,0.969886988401413,Online,true,1778158972.4726794,0.0,map,odom
1778158972,472679412,1778158972.4726794,,y,13,,-0.6378297625230243,-0.7699194928613017,0.019929088087984312,-4.560962200164795,-0.6380147401175001,-0.7694602949237426,0.029462619175253897,-4.420385914059852,948,-12.71847628641732,4.581780092122686,-0.0790418210097506,-12.552007054769524,4.62337697669218,-0.28480563625377925,4.101860046386719,3.5344576835632324,2.7038261890411377,Online,true,1778158972.4726794,0.0,map,odom
1778158972,472679412,1778158972.4726794,,y,4,,-0.3713471578752729,-0.9283431736618463,-0.016740377935050125,2.786895990371704,-0.37159594783840433,-0.9283783153897243,-0.0054913626920381434,2.8841289292476655,180,0.42258465157614816,2.8112579663594564,1.3165822989410825,0.5894746097945396,2.86606743975067,1.1234985600633423,2.7865735292434692,1.1047182083129883,1.2358481884002686,Online,true,1778158972.4726794,0.0,map,odom
1778158974,772739725,1778158974.7727396,,x,28,,-0.7236198785391492,0.6899438502760032,-0.018755128613557454,5.983919620513916,-0.7233900732047128,0.6898741952954609,-0.0279355804364355,6.071292740875656,1278,-0.7471472122859507,-9.547951891202135,0.9499653231276779,-0.5872444062482087,-9.49716343738551,0.8966610649951994,11.568079471588135,12.555029153823853,2.131363868713379,Online,true,1778158974.7727396,0.0,map,odom
1778158974,772739725,1778158974.7727396,,x,23,,0.7967185439487445,-0.6043096827358483,-0.007026313392589088,8.040108680725098,0.7965624730367146,-0.604554753391188,0.0013329297631532342,7.933114036207044,108,-15.169435209698147,-6.695433872717398,0.1006729100589399,-15.00706230419793,-6.650699737901081,-0.012758489700219353,0.932835578918457,1.2333765029907227,1.9294939637184143,Online,true,1778158974.7727396,0.0,map,odom
1778158974,772739725,1778158974.7727396,,x,17,,-0.7172383873594451,-0.6968183123056341,-0.0036517575974278267,-5.527136325836182,-0.7174238426590558,-0.6966312895253864,0.002806499333974951,-5.381375813870822,105,-10.9355988184611,3.327577150435675,-0.32582460599286217,-10.7696168224841,3.3657825153587986,-0.5439456025356642,0.6955575942993164,0.710240364074707,1.986428678035736,Online,true,1778158974.7727396,0.0,map,odom
1778158974,772739725,1778158974.7727396,,x,3,,-0.9245688297567782,0.3773829630125769,0.05248407634730378,4.171250343322754,-0.9245639021484643,0.3781875157102405,0.0464305266491946,4.315794265634637,430,2.3675468929978303,-5.381910201283389,0.9355445097005645,2.5286310996950037,-5.332347574688108,0.8413496486535781,6.244705319404602,15.457261323928833,2.715783953666687,Online,true,1778158974.7727396,0.0,map,odom
1778158974,772739725,1778158974.7727396,,y,33,,-0.6176813391665711,0.7858897634421593,0.029104002511998957,6.5708746910095215,-0.6175179332874552,0.7863261941773584,0.019045167863299742,6.644541090284908,103,-0.5939090888477067,-8.962351720309952,0.43347229135846627,-0.43284106474714973,-8.91746034242962,0.3739006377229615,4.125342845916748,3.200772285461426,2.2748732566833496,Online,true,1778158974.7727396,0.0,map,odom
1778158974,772739725,1778158974.7727396,,y,32,,-0.6168745269064526,0.7869615097768132,-0.012545922992701242,6.628934860229492,-0.6166299794807113,0.7869282948873301,-0.02261254323018376,6.695792026939459,136,-0.4712555724031785,-8.900674199356752,0.6430949673933142,-0.31057750877191653,-8.85345586239467,0.5830530161720191,3.3181045055389404,2.550381660461426,0.969886988401413,Online,true,1778158974.7727396,0.0,map,odom
1778158974,772739725,1778158974.7727396,,y,13,,-0.6378297625230243,-0.7699194928613017,0.019929088087984312,-4.560962200164795,-0.638081486077499,-0.7694824438599479,0.027363949211557596,-4.421469753447921,948,-12.71847628641732,4.581780092122686,-0.0790418210097506,-12.55262084087423,4.623144010509374,-0.3147784832455985,4.101860046386719,3.5344576835632324,2.7038261890411377,Online,true,1778158974.7727396,0.0,map,odom
1778158974,772739725,1778158974.7727396,,y,4,,-0.3713471578752729,-0.9283431736618463,-0.016740377935050125,2.786895990371704,-0.37157230512879946,-0.928377630546414,-0.006999797303971313,2.883338765373089,180,0.42258465157614816,2.8112579663594564,1.3165822989410825,0.585213116837004,2.865092816264388,1.1262533540455855,2.7865735292434692,1.1047182083129883,1.2358481884002686,Online,true,1778158974.7727396,0.0,map,odom
1778158977,73759393,1778158977.0737593,,x,28,,-0.7236198784885911,0.689943850227798,-0.018755132337537363,5.983919620513916,-0.7234341519000461,0.6897611031399643,-0.029540623889835575,6.069606497809172,1278,-0.7471472122859507,-9.547951891202135,0.9499653231276779,-0.5836675381341518,-9.490041822614701,0.9067862417318812,11.568079471588135,12.555029153823853,2.131363868713379,Online,true,1778158977.0737593,0.0,map,odom
1778158977,73759393,1778158977.0737593,,x,23,,0.7967185439487445,-0.6043096827358483,-0.007026313392589088,8.040108680725098,0.7965409310496074,-0.6045801506205727,0.00232091323199475,7.933407263264245,108,-15.169435209698147,-6.695433872717398,0.1006729100589399,-15.00567513748334,-6.6474672981033205,0.020211594062922264,0.932835578918457,1.2333765029907227,1.9294939637184143,Online,true,1778158977.0737593,0.0,map,odom
1778158977,73759393,1778158977.0737593,,x,17,,-0.7172383873594451,-0.6968183123056341,-0.0036517575974278267,-5.527136325836182,-0.7174399655091172,-0.6965725776780218,0.008157200333022623,-5.378181134571014,105,-10.9355988184611,3.327577150435675,-0.32582460599286217,-10.769242072645767,3.366006066416413,-0.5722466360379828,0.6955575942993164,0.710240364074707,1.986428678035736,Online,true,1778158977.0737593,0.0,map,odom
1778158977,73759393,1778158977.0737593,,x,3,,-0.9245688297567782,0.3773829630125769,0.05248407634730378,4.171250343322754,-0.9244272565977449,0.37846231885713616,0.04690970543977486,4.318191021883906,430,2.3675468929978303,-5.381910201283389,0.9355445097005645,2.532208990050424,-5.32571217866047,0.8225083141176786,6.244705319404602,15.457261323928833,2.715783953666687,Online,true,1778158977.0737593,0.0,map,odom
1778158977,73759393,1778158977.0737593,,y,33,,-0.6176813392000559,0.7858897634847627,0.029104000650931505,6.5708746910095215,-0.617437776067864,0.7864428230265089,0.016681690395928934,6.644253887084154,103,-0.5939090888477067,-8.962351720309952,0.43347229135846627,-0.43058994837573006,-8.912982234913574,0.38072158957785396,4.125342845916748,3.200772285461426,2.2748732566833496,Online,true,1778158977.0737593,0.0,map,odom
1778158977,73759393,1778158977.0737593,,y,32,,-0.6168745268920371,0.7869615097584232,-0.012545924855053243,6.628934860229492,-0.6166571149817768,0.7868354139463332,-0.024980670572550694,6.693872488442158,136,-0.4712555724031785,-8.900674199356752,0.6430949673933142,-0.3077856482812483,-8.847933031563958,0.589233874628486,3.3181045055389404,2.550381660461426,0.969886988401413,Online,true,1778158977.0737593,0.0,map,odom
1778158977,73759393,1778158977.0737593,,y,13,,-0.6378297625230243,-0.7699194928613017,0.019929088087984312,-4.560962200164795,-0.6380373022952623,-0.7693032930395248,0.03287619500987334,-4.4172570186432925,948,-12.71847628641732,4.581780092122686,-0.0790418210097506,-12.551603382726357,4.624592891516883,-0.34481270792330443,4.101860046386719,3.5344576835632324,2.7038261890411377,Online,true,1778158977.0737593,0.0,map,odom
1778158977,73759393,1778158977.0737593,,y,4,,-0.3713471578752729,-0.9283431736618463,-0.016740377935050125,2.786895990371704,-0.37162339785851756,-0.9283825509078103,-0.0013745304642185686,2.886172822355218,180,0.42258465157614816,2.8112579663594564,1.3165822989410825,0.5898341928283125,2.8731540560860487,1.0711951704474207,2.7865735292434692,1.1047182083129883,1.2358481884002686,Online,true,1778158977.0737593,0.0,map,odom
1778158981,572949498,1778158981.5729494,,x,28,,-0.7236198784885911,0.689943850227798,-0.018755132337537363,5.983919620513916,-0.7460236510256666,0.6652262567157816,-0.03037662730198275,5.892257736514962,1278,-0.7471472122859507,-9.547951891202135,0.9499653231276779,-0.3423757229865515,-9.32597508729963,0.8095647052008401,11.568079471588135,12.555029153823853,2.131363868713379,Online,true,1778158981.5729494,0.0,map,odom
1778158981,572949498,1778158981.5729494,,x,23,,0.7967185439487445,-0.6043096827358483,-0.007026313392589088,8.040108680725098,0.8165288495706746,-0.5772816038097716,0.0051563283069157246,8.099759084033515,108,-15.169435209698147,-6.695433872717398,0.1006729100589399,-14.840422761190503,-6.961588854130992,-0.22815276473225488,0.932835578918457,1.2333765029907227,1.9294939637184143,Online,true,1778158981.5729494,0.0,map,odom
1778158981,572949498,1778158981.5729494,,x,17,,-0.7172383873594451,-0.6968183123056341,-0.0036517575974278267,-5.527136325836182,-0.6934076238214667,-0.7204801832792982,-0.00970426339792133,-5.290264932008405,105,-10.9355988184611,3.327577150435675,-0.32582460599286217,-10.939542881144085,3.196149487309033,-0.6422887780150863,0.6955575942993164,0.710240364074707,1.986428678035736,Online,true,1778158981.5729494,0.0,map,odom
1778158981,572949498,1778158981.5729494,,x,3,,-0.9245688297567782,0.3773829630125769,0.05248407634730378,4.171250343322754,-0.9372647882226706,0.3463589719098859,0.039625488456794096,4.185822081100711,430,2.3675468929978303,-5.381910201283389,0.9355445097005645,2.631040481143202,-5.057934232851633,0.8169154379457313,6.244705319404602,15.457261323928833,2.715783953666687,Online,true,1778158981.5729494,0.0,map,odom
1778158981,572949498,1778158981.5729494,,y,42,,-0.6102681689045503,-0.792190006622093,-0.0027848572630283916,-4.301379680633545,-0.5833235155230265,-0.8122084822796168,-0.007145456661327087,-4.052840137680401,413,-12.903447238931356,4.12014846305293,-0.25635074342422853,-12.933532610937775,3.9225457476133054,-0.6001373888970823,3.184713363647461,2.263960361480713,1.831965446472168,Online,true,1778158981.5729494,0.0,map,odom
1778158981,572949498,1778158981.5729494,,y,33,,-0.6176813392000559,0.7858897634847627,0.029104000650931505,6.5708746910095215,-0.6439587819314111,0.7648388856729661,0.018400166736988816,6.453880134002539,103,-0.5939090888477067,-8.962351720309952,0.43347229135846627,-0.20242919988456182,-8.737402209395627,0.29267838060185675,4.125342845916748,3.200772285461426,2.2748732566833496,Online,true,1778158981.5729494,0.0,map,odom
1778158981,572949498,1778158981.5729494,,y,32,,-0.6168745268920371,0.7869615097584232,-0.012545924855053243,6.628934860229492,-0.6426713938912028,0.7657893659924668,-0.02324061975925456,6.504554366089538,136,-0.4712555724031785,-8.900674199356752,0.6430949673933142,-0.08452062591049651,-8.670904467185824,0.5035463166650531,3.3181045055389404,2.550381660461426,0.969886988401413,Online,true,1778158981.5729494,0.0,map,odom
1778158981,572949498,1778158981.5729494,,y,13,,-0.6316850818850388,-0.7750703142290983,0.015490814203866525,-4.486486911773682,-0.6055267487824019,-0.7957516980647746,0.010797756065114815,-4.236695007357835,1211,-12.605290023085502,4.392497548379748,-0.11974180095100777,-12.646378846905895,4.205220035037842,-0.46095507739769737,4.101860046386719,3.7741191387176514,2.709169626235962,Online,true,1778158981.5729494,0.0,map,odom
1778158981,572949498,1778158981.5729494,,y,4,,-0.3713471578752729,-0.9283431736618463,-0.016740377935050125,2.786895990371704,-0.3398234862956889,-0.9403240682135635,-0.017625121280076112,3.0407026964403987,180,0.42258465157614816,2.8112579663594564,1.3165822989410825,0.40829768122371674,3.066724594896302,1.1415782149390405,2.7865735292434692,1.1047182083129883,1.2358481884002686,Online,true,1778158981.5729494,0.0,map,odom
1778158983,872531505,1778158983.8725314,,x,28,,-0.7236198784885911,0.689943850227798,-0.018755132337537363,5.983919620513916,-0.7446290680235177,0.6657661259570923,-0.04778092278841625,5.889398735863698,1278,-0.7471472122859507,-9.547951891202135,0.9499653231276779,-0.3654895034693941,-9.30677511153113,0.9672155710957462,11.568079471588135,12.555029153823853,2.131363868713379,Online,true,1778158983.8725314,0.0,map,odom
1778158983,872531505,1778158983.8725314,,x,23,,0.7967185439487445,-0.6043096827358483,-0.007026313392589088,8.040108680725098,0.815548322366692,-0.578263503622067,0.022186803816818524,8.102934211570371,108,-15.169435209698147,-6.695433872717398,0.1006729100589399,-14.847244958897335,-6.936943293952236,-0.2669658639250171,0.932835578918457,1.2333765029907227,1.9294939637184143,Online,true,1778158983.8725314,0.0,map,odom
1778158983,872531505,1778158983.8725314,,x,17,,-0.7172383873594451,-0.6968183123056341,-0.0036517575974278267,-5.527136325836182,-0.694335756584332,-0.7196075625064317,-0.007925472352817146,-5.2848675279108255,105,-10.9355988184611,3.327577150435675,-0.32582460599286217,-10.926638020011373,3.2090347168833913,-0.7729225059495054,0.6955575942993164,0.710240364074707,1.986428678035736,Online,true,1778158983.8725314,0.0,map,odom
1778158983,872531505,1778158983.8725314,,x,3,,-0.9245688297567782,0.3773829630125769,0.05248407634730378,4.171250343322754,-0.937132231900089,0.3481265420970478,0.02431235532626362,4.182571199073234,430,2.3675468929978303,-5.381910201283389,0.9355445097005645,2.61406858018759,-5.043043678035753,0.9511351286801009,6.244705319404602,15.457261323928833,2.715783953666687,Online,true,1778158983.8725314,0.0,map,odom
1778158983,872531505,1778158983.8725314,,y,42,,-0.6122316133381203,-0.7905011787733531,0.016743296788315157,-4.318422794342041,-0.5869057222531485,-0.8094859142009139,0.01655982780166768,-4.061651038687018,925,-12.964252070865115,4.582625200941756,-0.23384833237609348,-12.99593987509003,4.3992105724727955,-0.7503276433257149,4.334099769592285,3.3263638019561768,1.9131767749786377,Online,true,1778158983.8725314,0.0,map,odom
1778158983,872531505,1778158983.8725314,,y,33,,-0.6176813392000559,0.7858897634847627,0.029104000650931505,6.5708746910095215,-0.6429749263919038,0.7658867951266636,0.0008130694522555798,6.448532882626148,103,-0.5939090888477067,-8.962351720309952,0.43347229135846627,-0.2187973308467409,-8.725386904867301,0.4441059323645833,4.125342845916748,3.200772285461426,2.2748732566833496,Online,true,1778158983.8725314,0.0,map,odom
1778158983,872531505,1778158983.8725314,,y,32,,-0.6168745268920371,0.7869615097584232,-0.012545924855053243,6.628934860229492,-0.6412133461536689,0.766276205233479,-0.04081938274146614,6.50072682487887,136,-0.4712555724031785,-8.900674199356752,0.6430949673933142,-0.10319094467680974,-8.656222608554263,0.6553904125977564,3.3181045055389404,2.550381660461426,0.969886988401413,Online,true,1778158983.8725314,0.0,map,odom
1778158983,872531505,1778158983.8725314,,y,13,,-0.6316938481276061,-0.7750581006260311,0.015742391549763285,-4.486571788787842,-0.6068218131938043,-0.7946994701128877,0.014833719509256988,-4.231654964680713,1211,-12.605290023085502,4.392497548379748,-0.11974180095100777,-12.633903172739698,4.222755894421384,-0.6245669607822164,4.101860046386719,3.7741191387176514,2.709169626235962,Online,true,1778158983.8725314,0.0,map,odom
1778158983,872531505,1778158983.8725314,,y,4,,-0.3713471578752729,-0.9283431736618463,-0.016740377935050125,2.786895990371704,-0.3410155835935618,-0.9400157546909049,-0.008874270630922181,3.0476506524923384,180,0.42258465157614816,2.8112579663594564,1.3165822989410825,0.40000687969950455,3.0882398427706947,1.141481211788444,2.7865735292434692,1.1047182083129883,1.2358481884002686,Online,true,1778158983.8725314,0.0,map,odom
1778158983,872531505,1778158983.8725314,,x,28,,-0.7236198784885911,0.689943850227798,-0.018755132337537363,5.983919620513916,-0.7446290680235177,0.6657661259570923,-0.04778092278841625,5.889398735863698,1278,-0.7471472122859507,-9.547951891202135,0.9499653231276779,-0.3654895034693941,-9.30677511153113,0.9672155710957462,11.568079471588135,12.555029153823853,2.131363868713379,Online,true,1778158983.8725314,0.0,map,odom
1778158983,872531505,1778158983.8725314,,x,23,,0.7967185439487445,-0.6043096827358483,-0.007026313392589088,8.040108680725098,0.815548322366692,-0.578263503622067,0.022186803816818524,8.102934211570371,108,-15.169435209698147,-6.695433872717398,0.1006729100589399,-14.847244958897335,-6.936943293952236,-0.2669658639250171,0.932835578918457,1.2333765029907227,1.9294939637184143,Online,true,1778158983.8725314,0.0,map,odom
1778158983,872531505,1778158983.8725314,,x,17,,-0.7172383873594451,-0.6968183123056341,-0.0036517575974278267,-5.527136325836182,-0.694335756584332,-0.7196075625064317,-0.007925472352817146,-5.2848675279108255,105,-10.9355988184611,3.327577150435675,-0.32582460599286217,-10.926638020011373,3.2090347168833913,-0.7729225059495054,0.6955575942993164,0.710240364074707,1.986428678035736,Online,true,1778158983.8725314,0.0,map,odom
1778158983,872531505,1778158983.8725314,,x,3,,-0.9245688297567782,0.3773829630125769,0.05248407634730378,4.171250343322754,-0.937132231900089,0.3481265420970478,0.02431235532626362,4.182571199073234,430,2.3675468929978303,-5.381910201283389,0.9355445097005645,2.61406858018759,-5.043043678035753,0.9511351286801009,6.244705319404602,15.457261323928833,2.715783953666687,Online,true,1778158983.8725314,0.0,map,odom
1778158983,872531505,1778158983.8725314,,y,42,,-0.6122316133381203,-0.7905011787733531,0.016743296788315157,-4.318422794342041,-0.5869057222531485,-0.8094859142009139,0.01655982780166768,-4.061651038687018,925,-12.964252070865115,4.582625200941756,-0.23384833237609348,-12.99593987509003,4.3992105724727955,-0.7503276433257149,4.334099769592285,3.3263638019561768,1.9131767749786377,Online,true,1778158983.8725314,0.0,map,odom
1778158983,872531505,1778158983.8725314,,y,33,,-0.6176813392000559,0.7858897634847627,0.029104000650931505,6.5708746910095215,-0.6429749263919038,0.7658867951266636,0.0008130694522555798,6.448532882626148,103,-0.5939090888477067,-8.962351720309952,0.43347229135846627,-0.2187973308467409,-8.725386904867301,0.4441059323645833,4.125342845916748,3.200772285461426,2.2748732566833496,Online,true,1778158983.8725314,0.0,map,odom
1778158983,872531505,1778158983.8725314,,y,32,,-0.6168745268920371,0.7869615097584232,-0.012545924855053243,6.628934860229492,-0.6412133461536689,0.766276205233479,-0.04081938274146614,6.50072682487887,136,-0.4712555724031785,-8.900674199356752,0.6430949673933142,-0.10319094467680974,-8.656222608554263,0.6553904125977564,3.3181045055389404,2.550381660461426,0.969886988401413,Online,true,1778158983.8725314,0.0,map,odom
1778158983,872531505,1778158983.8725314,,y,13,,-0.6316938481276061,-0.7750581006260311,0.015742391549763285,-4.486571788787842,-0.6068218131938043,-0.7946994701128877,0.014833719509256988,-4.231654964680713,1211,-12.605290023085502,4.392497548379748,-0.11974180095100777,-12.633903172739698,4.222755894421384,-0.6245669607822164,4.101860046386719,3.7741191387176514,2.709169626235962,Online,true,1778158983.8725314,0.0,map,odom
1778158983,872531505,1778158983.8725314,,y,4,,-0.3713471578752729,-0.9283431736618463,-0.016740377935050125,2.786895990371704,-0.3410155835935618,-0.9400157546909049,-0.008874270630922181,3.0476506524923384,180,0.42258465157614816,2.8112579663594564,1.3165822989410825,0.40000687969950455,3.0882398427706947,1.141481211788444,2.7865735292434692,1.1047182083129883,1.2358481884002686,Online,true,1778158983.8725314,0.0,map,odom
1778158988,873158663,1778158988.8731587,,x,28,,-0.7236198784885911,0.689943850227798,-0.018755132337537363,5.983919620513916,-0.7603997662344251,0.6480250377410293,-0.043078370110410304,5.7396299556146575,1278,-0.7471472122859507,-9.547951891202135,0.9499653231276779,-0.08648870686530476,-9.025496588359742,0.8692390211927974,11.568079471588135,12.555029153823853,2.131363868713379,Online,true,1778158988.8731587,0.0,map,odom
1778158988,873158663,1778158988.8731587,,x,23,,0.7967185439487445,-0.6043096827358483,-0.007026313392589088,8.040108680725098,0.8291827826071378,-0.5586877540145148,0.017997403760017502,8.221724148892319,108,-15.169435209698147,-6.695433872717398,0.1006729100589399,-14.621808502644562,-6.99551352386671,-0.3408002018389495,0.932835578918457,1.2333765029907227,1.9294939637184143,Online,true,1778158988.8731587,0.0,map,odom
1778158988,873158663,1778158988.8731587,,x,17,,-0.7172383873594451,-0.6968183123056341,-0.0036517575974278267,-5.527136325836182,-0.6769052868973192,-0.735971130466684,-0.012071772448532915,-5.0320913188843965,105,-10.9355988184611,3.327577150435675,-0.32582460599286217,-10.945753027953796,3.2444893371538552,-0.7846225114361708,0.6955575942993164,0.710240364074707,1.986428678035736,Online,true,1778158988.8731587,0.0,map,odom
1778158988,873158663,1778158988.8731587,,x,3,,-0.9245688297567782,0.3773829630125769,0.05248407634730378,4.171250343322754,-0.945183070721607,0.32541342907005966,0.027112045333005694,4.140366328777721,430,2.3675468929978303,-5.381910201283389,0.9355445097005645,2.7900693863084847,-4.691588459907809,0.8784347933259187,6.244705319404602,15.457261323928833,2.715783953666687,Online,true,1778158988.8731587,0.0,map,odom
1778158988,873158663,1778158988.8731587,,y,42,,-0.60350460705224,-0.7972118376194861,0.015345202054177385,-4.195631980895996,-0.5582155937800236,-0.8296275651442319,0.010651479412231761,-3.663746298834718,1473,-13.14335978897105,4.688793413022385,-0.1347958872098544,-13.229978788468255,4.481521947287873,-0.659429922579646,4.50296688079834,3.321746349334717,2.0615317821502686,Online,true,1778158988.8731587,0.0,map,odom
1778158988,873158663,1778158988.8731587,,y,33,,-0.6176813392000559,0.7858897634847627,0.029104000650931505,6.5708746910095215,-0.6611353550181576,0.750241943583824,0.006088385055275258,6.2652168179914645,103,-0.5939090888477067,-8.962351720309952,0.43347229135846627,0.045828968747569414,-8.437452168727237,0.3497485710886028,4.125342845916748,3.200772285461426,2.2748732566833496,Online,true,1778158988.8731587,0.0,map,odom
1778158988,873158663,1778158988.8731587,,y,32,,-0.6168745268920371,0.7869615097584232,-0.012545924855053243,6.628934860229492,-0.6594159226789524,0.7509376929940428,-0.03554183673153042,6.315490021488485,136,-0.4712555724031785,-8.900674199356752,0.6430949673933142,0.1599094099903756,-8.366880508104781,0.5613967736275965,3.3181045055389404,2.550381660461426,0.969886988401413,Online,true,1778158988.8731587,0.0,map,odom
1778158988,873158663,1778158988.8731587,,y,13,,-0.6316909815049006,-0.7750591666390224,0.015804812374700657,-4.486528396606445,-0.5875986326856805,-0.8090880428029948,0.010216939812789046,-3.9614435598101223,1211,-12.605290023085502,4.392497548379748,-0.11974180095100777,-12.676694918520665,4.216054719379869,-0.6287534162563482,4.101860046386719,3.7741191387176514,2.709169626235962,Online,true,1778158988.8731587,0.0,map,odom
1778158988,873158663,1778158988.8731587,,y,4,,-0.3713471578752729,-0.9283431736618463,-0.016740377935050125,2.786895990371704,-0.31840776609557975,-0.9478407339414262,-0.014643687083557889,3.342677044068347,180,0.42258465157614816,2.8112579663594564,1.3165822989410825,0.3820179091041959,3.382944472562255,1.121906652586922,2.7865735292434692,1.1047182083129883,1.2358481884002686,Online,true,1778158988.8731587,0.0,map,odom
1778158992,473599750,1778158992.4735997,,x,28,,-0.7236198784885911,0.689943850227798,-0.018755132337537363,5.983919620513916,-0.7534095019736139,0.6561082264945179,-0.04354443089638084,5.81374253504963,1278,-0.7471472122859507,-9.547951891202135,0.9499653231276779,-0.22347549063028552,-9.182426021265588,0.878253776832748,11.568079471588135,12.555029153823853,2.131363868713379,Online,true,1778158992.4735997,0.0,map,odom
1778158992,473599750,1778158992.4735997,,x,23,,0.7967185439487445,-0.6043096827358483,-0.007026313392589088,8.040108680725098,0.8231114962951946,-0.5675914649560752,0.018094020440536162,8.16427513214148,108,-15.169435209698147,-6.695433872717398,0.1006729100589399,-14.738087796672888,-6.9983501636157275,-0.31186805822609914,0.932835578918457,1.2333765029907227,1.9294939637184143,Online,true,1778158992.4735997,0.0,map,odom
1778158992,473599750,1778158992.4735997,,x,17,,-0.7172383873594451,-0.6968183123056341,-0.0036517575974278267,-5.527136325836182,-0.684860428624608,-0.7286207301925857,-0.008833166914623878,-5.177332695109188,105,-10.9355988184611,3.327577150435675,-0.32582460599286217,-10.952095664068477,3.1999365517125438,-0.7906501934670822,0.6955575942993164,0.710240364074707,1.986428678035736,Online,true,1778158992.4735997,0.0,map,odom
1778158992,473599750,1778158992.4735997,,x,3,,-0.9245688297567782,0.3773829630125769,0.05248407634730378,4.171250343322754,-0.941551674814954,0.33571386252731983,0.027868372039694313,4.156441525674299,430,2.3675468929978303,-5.381910201283389,0.9355445097005645,2.6998842017546294,-4.879945804982204,0.8703298308622792,6.244705319404602,15.457261323928833,2.715783953666687,Online,true,1778158992.4735997,0.0,map,odom
1778158992,473599750,1778158992.4735997,,y,42,,-0.6049155526291744,-0.7961127670340614,0.016782024690442546,-4.215585708618164,-0.5686416259883413,-0.822442453245224,0.015333371883350206,-3.838997040483168,1849,-13.213561175641916,4.744263561175539,-0.11304254768231935,-13.295637532612835,4.514507887338188,-0.6453821468165014,4.430390357971191,3.398254156112671,2.049068510532379,Online,true,1778158992.4735997,0.0,map,odom
1778158992,473599750,1778158992.4735997,,y,33,,-0.6176813392000559,0.7858897634847627,0.029104000650931505,6.5708746910095215,-0.6529556021544778,0.7573785874384155,0.005163032526888482,6.360502542391793,103,-0.5939090888477067,-8.962351720309952,0.43347229135846627,-0.08572337072508017,-8.59728848893186,0.35689693530671596,4.125342845916748,3.200772285461426,2.2748732566833496,Online,true,1778158992.4735997,0.0,map,odom
1778158992,473599750,1778158992.4735997,,y,32,,-0.6168745268920371,0.7869615097584232,-0.012545924855053243,6.628934860229492,-0.6513031927453767,0.7579405978779701,-0.03647192355859455,6.410256886961117,136,-0.4712555724031785,-8.900674199356752,0.6430949673933142,0.029493390684027048,-8.527372937572066,0.5681469804276678,3.3181045055389404,2.550381660461426,0.969886988401413,Online,true,1778158992.4735997,0.0,map,odom
1778158992,473599750,1778158992.4735997,,y,13,,-0.6316909814677082,-0.7750591665933889,0.015804816099060422,-4.486528396606445,-0.5963115291570794,-0.802639557817193,0.013501867328876559,-4.114618016995707,1211,-12.605290023085502,4.392497548379748,-0.11974180095100777,-12.672127323916653,4.190635482396848,-0.6344419569612091,4.101860046386719,3.7741191387176514,2.709169626235962,Online,true,1778158992.4735997,0.0,map,odom
1778158992,473599750,1778158992.4735997,,y,4,,-0.3713471578752729,-0.9283431736618463,-0.016740377935050125,2.786895990371704,-0.3286847681250524,-0.9443703276296574,-0.011445850568404624,3.177208867817037,180,0.42258465157614816,2.8112579663594564,1.3165822989410825,0.37990229971225786,3.220858248161845,1.0955635037937037,2.7865735292434692,1.1047182083129883,1.2358481884002686,Online,true,1778158992.4735997,0.0,map,odom
1778158992,473599750,1778158992.4735997,,x,28,,-0.7236198784885911,0.689943850227798,-0.018755132337537363,5.983919620513916,-0.7534095019736139,0.6561082264945179,-0.04354443089638084,5.81374253504963,1278,-0.7471472122859507,-9.547951891202135,0.9499653231276779,-0.22347549063028552,-9.182426021265588,0.878253776832748,11.568079471588135,12.555029153823853,2.131363868713379,Online,true,1778158992.4735997,0.0,map,odom
1778158992,473599750,1778158992.4735997,,x,23,,0.7967185439487445,-0.6043096827358483,-0.007026313392589088,8.040108680725098,0.8231114962951946,-0.5675914649560752,0.018094020440536162,8.16427513214148,108,-15.169435209698147,-6.695433872717398,0.1006729100589399,-14.738087796672888,-6.9983501636157275,-0.31186805822609914,0.932835578918457,1.2333765029907227,1.9294939637184143,Online,true,1778158992.4735997,0.0,map,odom
1778158992,473599750,1778158992.4735997,,x,17,,-0.7172383873594451,-0.6968183123056341,-0.0036517575974278267,-5.527136325836182,-0.684860428624608,-0.7286207301925857,-0.008833166914623878,-5.177332695109188,105,-10.9355988184611,3.327577150435675,-0.32582460599286217,-10.952095664068477,3.1999365517125438,-0.7906501934670822,0.6955575942993164,0.710240364074707,1.986428678035736,Online,true,1778158992.4735997,0.0,map,odom
1778158992,473599750,1778158992.4735997,,x,3,,-0.9245688297567782,0.3773829630125769,0.05248407634730378,4.171250343322754,-0.941551674814954,0.33571386252731983,0.027868372039694313,4.156441525674299,430,2.3675468929978303,-5.381910201283389,0.9355445097005645,2.6998842017546294,-4.879945804982204,0.8703298308622792,6.244705319404602,15.457261323928833,2.715783953666687,Online,true,1778158992.4735997,0.0,map,odom
1778158992,473599750,1778158992.4735997,,y,42,,-0.6049155526291744,-0.7961127670340614,0.016782024690442546,-4.215585708618164,-0.5686416259883413,-0.822442453245224,0.015333371883350206,-3.838997040483168,1849,-13.213561175641916,4.744263561175539,-0.11304254768231935,-13.295637532612835,4.514507887338188,-0.6453821468165014,4.430390357971191,3.398254156112671,2.049068510532379,Online,true,1778158992.4735997,0.0,map,odom
1778158992,473599750,1778158992.4735997,,y,33,,-0.6176813392000559,0.7858897634847627,0.029104000650931505,6.5708746910095215,-0.6529556021544778,0.7573785874384155,0.005163032526888482,6.360502542391793,103,-0.5939090888477067,-8.962351720309952,0.43347229135846627,-0.08572337072508017,-8.59728848893186,0.35689693530671596,4.125342845916748,3.200772285461426,2.2748732566833496,Online,true,1778158992.4735997,0.0,map,odom
1778158992,473599750,1778158992.4735997,,y,32,,-0.6168745268920371,0.7869615097584232,-0.012545924855053243,6.628934860229492,-0.6513031927453767,0.7579405978779701,-0.03647192355859455,6.410256886961117,136,-0.4712555724031785,-8.900674199356752,0.6430949673933142,0.029493390684027048,-8.527372937572066,0.5681469804276678,3.3181045055389404,2.550381660461426,0.969886988401413,Online,true,1778158992.4735997,0.0,map,odom
1778158992,473599750,1778158992.4735997,,y,13,,-0.6316909814677082,-0.7750591665933889,0.015804816099060422,-4.486528396606445,-0.5963115291570794,-0.802639557817193,0.013501867328876559,-4.114618016995707,1211,-12.605290023085502,4.392497548379748,-0.11974180095100777,-12.672127323916653,4.190635482396848,-0.6344419569612091,4.101860046386719,3.7741191387176514,2.709169626235962,Online,true,1778158992.4735997,0.0,map,odom
1778158992,473599750,1778158992.4735997,,y,4,,-0.3713471578752729,-0.9283431736618463,-0.016740377935050125,2.786895990371704,-0.3286847681250524,-0.9443703276296574,-0.011445850568404624,3.177208867817037,180,0.42258465157614816,2.8112579663594564,1.3165822989410825,0.37990229971225786,3.220858248161845,1.0955635037937037,2.7865735292434692,1.1047182083129883,1.2358481884002686,Online,true,1778158992.4735997,0.0,map,odom
1778158998,73932296,1778158998.0739324,,x,28,,-0.7236198784885911,0.689943850227798,-0.018755132337537363,5.983919620513916,-0.7351627729793538,0.6765128752951394,-0.04319753216574228,6.027343887755047,1278,-0.7471472122859507,-9.547951891202135,0.9499653231276779,-0.6583428679540085,-9.688567202310194,0.8724993811541601,11.568079471588135,12.555029153823853,2.131363868713379,Online,true,1778158998.0739324,0.0,map,odom
1778158998,73932296,1778158998.0739324,,x,49,,0.7338182353877541,-0.6790986679117951,-0.018324755191496372,21.925491333007812,0.7460849866454934,-0.6658211166567175,0.006279595225485553,21.87866276617947,432,-20.83910083329236,9.746493054760826,0.3363563078455627,-21.070946308024897,9.232084800515263,-0.4210502667089894,2.2757015228271484,2.3155956268310547,1.9187489748001099,Online,true,1778158998.0739324,0.0,map,odom
1778158998,73932296,1778158998.0739324,,x,23,,0.7967185439487445,-0.6043096827358483,-0.007026313392589088,8.040108680725098,0.8073358674727431,-0.589804704867977,0.01841757876682184,8.009159630679997,108,-15.169435209698147,-6.695433872717398,0.1006729100589399,-15.103776193267665,-7.105809344864049,-0.3601261186201647,0.932835578918457,1.2333765029907227,1.9294939637184143,Online,true,1778158998.0739324,0.0,map,odom
1778158998,73932296,1778158998.0739324,,x,17,,-0.7172383873594451,-0.6968183123056341,-0.0036517575974278267,-5.527136325836182,-0.704337666291618,-0.7097117869455251,-0.014752332475485477,-5.668449604831657,105,-10.9355988184611,3.327577150435675,-0.32582460599286217,-11.040723526082711,2.988036174994784,-0.777146902414566,0.6955575942993164,0.710240364074707,1.986428678035736,Online,true,1778158998.0739324,0.0,map,odom
1778158998,73932296,1778158998.0739324,,x,3,,-0.9245688297567782,0.3773829630125769,0.05248407634730378,4.171250343322754,-0.9321954385271869,0.36101870931901286,0.026022219558292457,4.170008481758985,430,2.3675468929978303,-5.381910201283389,0.9355445097005645,2.3806758585688077,-5.467042709407552,0.8954520968369877,6.244705319404602,15.457261323928833,2.715783953666687,Online,true,1778158998.0739324,0.0,map,odom
1778158998,73932296,1778158998.0739324,,y,48,,-0.6873210685961672,-0.7263536471632912,-0.00035765403390123685,-2.907008409500122,-0.673987714615889,-0.7386687950033054,-0.010438957573239482,-3.0498777505911248,290,-16.98811299554233,12.167134067930025,-0.06245957481963881,-17.25517182412064,11.718432059413043,-0.747557151105261,4.649208068847656,4.6517181396484375,2.483618378639221,Online,true,1778158998.0739324,0.0,map,odom
1778158998,73932296,1778158998.0739324,,y,42,,-0.606107109068446,-0.795227101625381,0.01574894209737885,-4.2331695556640625,-0.5919799466229058,-0.8059097001111009,0.008324545824087976,-4.377666486440117,2167,-13.433652161341634,4.824584061394213,-0.12045613608233215,-13.569509502128772,4.441307270730851,-0.6478371447839703,4.727011680603027,3.352051258087158,2.096318781375885,Online,true,1778158998.0739324,0.0,map,odom
1778158998,73932296,1778158998.0739324,,y,33,,-0.6176813392000559,0.7858897634847627,0.029104000650931505,6.5708746910095215,-0.6321824416351092,0.7747935376375132,0.006350946655340592,6.641288978109773,103,-0.5939090888477067,-8.962351720309952,0.43347229135846627,-0.502805265986127,-9.10499062260321,0.354405794548843,4.125342845916748,3.200772285461426,2.2748732566833496,Online,true,1778158998.0739324,0.0,map,odom
1778158998,73932296,1778158998.0739324,,y,32,,-0.6168745268920371,0.7869615097584232,-0.012545924855053243,6.628934860229492,-0.630358687860207,0.7755021766335369,-0.03527461801075612,6.693332004198075,136,-0.4712555724031785,-8.900674199356752,0.6430949673933142,-0.38653008738394323,-9.039202046110079,0.5664001672080935,3.3181045055389404,2.550381660461426,0.969886988401413,Online,true,1778158998.0739324,0.0,map,odom
1778158998,73932296,1778158998.0739324,,y,13,,-0.6316909814677082,-0.7750591665933889,0.015804816099060422,-4.486528396606445,-0.6179141837617773,-0.7862092377989359,0.007556183271522132,-4.6299537746828,1211,-12.605290023085502,4.392497548379748,-0.11974180095100777,-12.733820271113627,4.024334212414239,-0.6225374431383883,4.101860046386719,3.7741191387176514,2.709169626235962,Online,true,1778158998.0739324,0.0,map,odom
1778158998,73932296,1778158998.0739324,,y,4,,-0.3713471578752729,-0.9283431736618463,-0.016740377935050125,2.786895990371704,-0.3541390687007189,-0.9350367078728771,-0.017084348101103694,2.634815338432782,180,0.42258465157614816,2.8112579663594564,1.3165822989410825,0.2804907601724752,2.6926337419229904,1.1503546325975287,2.7865735292434692,1.1047182083129883,1.2358481884002686,Online,true,1778158998.0739324,0.0,map,odom
1778158998,73932296,1778158998.0739324,,x,28,,-0.7236198784885911,0.689943850227798,-0.018755132337537363,5.983919620513916,-0.7351627729793538,0.6765128752951394,-0.04319753216574228,6.027343887755047,1278,-0.7471472122859507,-9.547951891202135,0.9499653231276779,-0.6583428679540085,-9.688567202310194,0.8724993811541601,11.568079471588135,12.555029153823853,2.131363868713379,Online,true,1778158998.0739324,0.0,map,odom
1778158998,73932296,1778158998.0739324,,x,49,,0.7338182353877541,-0.6790986679117951,-0.018324755191496372,21.925491333007812,0.7460849866454934,-0.6658211166567175,0.006279595225485553,21.87866276617947,432,-20.83910083329236,9.746493054760826,0.3363563078455627,-21.070946308024897,9.232084800515263,-0.4210502667089894,2.2757015228271484,2.3155956268310547,1.9187489748001099,Online,true,1778158998.0739324,0.0,map,odom
1778158998,73932296,1778158998.0739324,,x,23,,0.7967185439487445,-0.6043096827358483,-0.007026313392589088,8.040108680725098,0.8073358674727431,-0.589804704867977,0.01841757876682184,8.009159630679997,108,-15.169435209698147,-6.695433872717398,0.1006729100589399,-15.103776193267665,-7.105809344864049,-0.3601261186201647,0.932835578918457,1.2333765029907227,1.9294939637184143,Online,true,1778158998.0739324,0.0,map,odom
1778158998,73932296,1778158998.0739324,,x,17,,-0.7172383873594451,-0.6968183123056341,-0.0036517575974278267,-5.527136325836182,-0.704337666291618,-0.7097117869455251,-0.014752332475485477,-5.668449604831657,105,-10.9355988184611,3.327577150435675,-0.32582460599286217,-11.040723526082711,2.988036174994784,-0.777146902414566,0.6955575942993164,0.710240364074707,1.986428678035736,Online,true,1778158998.0739324,0.0,map,odom
1778158998,73932296,1778158998.0739324,,x,3,,-0.9245688297567782,0.3773829630125769,0.05248407634730378,4.171250343322754,-0.9321954385271869,0.36101870931901286,0.026022219558292457,4.170008481758985,430,2.3675468929978303,-5.381910201283389,0.9355445097005645,2.3806758585688077,-5.467042709407552,0.8954520968369877,6.244705319404602,15.457261323928833,2.715783953666687,Online,true,1778158998.0739324,0.0,map,odom
1778158998,73932296,1778158998.0739324,,y,48,,-0.6873210685961672,-0.7263536471632912,-0.00035765403390123685,-2.907008409500122,-0.673987714615889,-0.7386687950033054,-0.010438957573239482,-3.0498777505911248,290,-16.98811299554233,12.167134067930025,-0.06245957481963881,-17.25517182412064,11.718432059413043,-0.747557151105261,4.649208068847656,4.6517181396484375,2.483618378639221,Online,true,1778158998.0739324,0.0,map,odom
1778158998,73932296,1778158998.0739324,,y,42,,-0.606107109068446,-0.795227101625381,0.01574894209737885,-4.2331695556640625,-0.5919799466229058,-0.8059097001111009,0.008324545824087976,-4.377666486440117,2167,-13.433652161341634,4.824584061394213,-0.12045613608233215,-13.569509502128772,4.441307270730851,-0.6478371447839703,4.727011680603027,3.352051258087158,2.096318781375885,Online,true,1778158998.0739324,0.0,map,odom
1778158998,73932296,1778158998.0739324,,y,33,,-0.6176813392000559,0.7858897634847627,0.029104000650931505,6.5708746910095215,-0.6321824416351092,0.7747935376375132,0.006350946655340592,6.641288978109773,103,-0.5939090888477067,-8.962351720309952,0.43347229135846627,-0.502805265986127,-9.10499062260321,0.354405794548843,4.125342845916748,3.200772285461426,2.2748732566833496,Online,true,1778158998.0739324,0.0,map,odom
1778158998,73932296,1778158998.0739324,,y,32,,-0.6168745268920371,0.7869615097584232,-0.012545924855053243,6.628934860229492,-0.630358687860207,0.7755021766335369,-0.03527461801075612,6.693332004198075,136,-0.4712555724031785,-8.900674199356752,0.6430949673933142,-0.38653008738394323,-9.039202046110079,0.5664001672080935,3.3181045055389404,2.550381660461426,0.969886988401413,Online,true,1778158998.0739324,0.0,map,odom
1778158998,73932296,1778158998.0739324,,y,13,,-0.6316909814677082,-0.7750591665933889,0.015804816099060422,-4.486528396606445,-0.6179141837617773,-0.7862092377989359,0.007556183271522132,-4.6299537746828,1211,-12.605290023085502,4.392497548379748,-0.11974180095100777,-12.733820271113627,4.024334212414239,-0.6225374431383883,4.101860046386719,3.7741191387176514,2.709169626235962,Online,true,1778158998.0739324,0.0,map,odom
1778158998,73932296,1778158998.0739324,,y,4,,-0.3713471578752729,-0.9283431736618463,-0.016740377935050125,2.786895990371704,-0.3541390687007189,-0.9350367078728771,-0.017084348101103694,2.634815338432782,180,0.42258465157614816,2.8112579663594564,1.3165822989410825,0.2804907601724752,2.6926337419229904,1.1503546325975287,2.7865735292434692,1.1047182083129883,1.2358481884002686,Online,true,1778158998.0739324,0.0,map,odom
1778159004,574114783,1778159004.5741148,,x,51,,0.8848923385409623,-0.46469896720170467,-0.03194399901665451,23.782075881958008,0.9336725305680582,-0.35810631957912853,-0.003933133627229524,23.957023889642866,148,-22.450791539372624,8.328776646304775,0.8815824484100213,-22.837052453918027,7.308876773943759,0.0846888015091094,1.2214775085449219,3.0157370567321777,1.1672379672527313,Online,true,1778159004.5741148,0.0,map,odom
1778159004,574114783,1778159004.5741148,,x,28,,-0.7236198784885911,0.689943850227798,-0.018755132337537363,5.983919620513916,-0.7983454833733497,0.6007050927707369,-0.0424014232859359,5.340866442792794,1278,-0.7471472122859507,-9.547951891202135,0.9499653231276779,0.7938692978791636,-7.910042224194975,0.8556091517920216,11.568079471588135,12.555029153823853,2.131363868713379,Online,true,1778159004.5741148,0.0,map,odom
1778159004,574114783,1778159004.5741148,,x,49,,0.696531457215704,-0.7173251330733599,-0.016987718218008593,21.506786346435547,0.7757408359749665,-0.6310238547444287,0.005920316236676246,22.206895282567846,432,-20.83910083329236,9.746493054760826,0.3363563078455627,-21.386146774321336,8.905769675665068,-0.4148550509923514,2.2757015228271484,2.3155956268310547,1.9187489748001099,Online,true,1778159004.5741148,0.0,map,odom
1778159004,574114783,1778159004.5741148,,x,23,,0.7967185439487445,-0.6043096827358483,-0.007026313392589088,8.040108680725098,0.8616919663716978,-0.5070892480081097,0.01864000120833586,8.496970950580081,108,-15.169435209698147,-6.695433872717398,0.1006729100589399,-13.83031555481115,-6.760962456893503,-0.4379830604981215,0.932835578918457,1.2333765029907227,1.9294939637184143,Online,true,1778159004.5741148,0.0,map,odom
1778159004,574114783,1778159004.5741148,,x,17,,-0.7172383873594451,-0.6968183123056341,-0.0036517575974278267,-5.527136325836182,-0.6304940167822457,-0.7758320381018733,-0.023705346580103422,-3.9575868108280576,105,-10.9355988184611,3.327577150435675,-0.32582460599286217,-10.785160194405407,3.68849155203974,-0.7604120222721036,0.6955575942993164,0.710240364074707,1.986428678035736,Online,true,1778159004.5741148,0.0,map,odom
1778159004,574114783,1778159004.5741148,,x,3,,-0.9245688297567782,0.3773829630125769,0.05248407634730378,4.171250343322754,-0.9634852660631655,0.2667304094793604,0.023474043924383407,4.16330861051871,430,2.3675468929978303,-5.381910201283389,0.9355445097005645,3.3996300557438994,-3.4086470422922437,0.9254874789438765,6.244705319404602,15.457261323928833,2.715783953666687,Online,true,1778159004.5741148,0.0,map,odom
1778159004,574114783,1778159004.5741148,,y,48,,-0.7250222563611535,-0.6886934637897937,0.006636317819236044,-3.7648918628692627,-0.6394830107858618,-0.7686835403334316,-0.013678221255384964,-2.202227294348474,290,-16.98811299554233,12.167134067930025,-0.06245957481963881,-17.833913489912195,11.760157167911848,-0.702561649183024,4.649208068847656,4.6517181396484375,2.483618378639221,Online,true,1778159004.5741148,0.0,map,odom
1778159004,574114783,1778159004.5741148,,y,42,,-0.6158822337860796,-0.7876429761168899,0.017538993140914807,-4.380167484283447,-0.5199151705302892,-0.8542175457289051,0.0007746104482211532,-2.7277890392867596,2167,-13.433652161341634,4.824584061394213,-0.12045613608233215,-13.446052122712349,4.8831917429555345,-0.6346264767418099,4.727011680603027,3.352051258087158,2.096318781375885,Online,true,1778159004.5741148,0.0,map,odom
1778159004,574114783,1778159004.5741148,,y,33,,-0.6176813392000559,0.7858897634847627,0.029104000650931505,6.5708746910095215,-0.7058443160407387,0.7083170131744503,0.008414889221355177,5.712349477199551,103,-0.5939090888477067,-8.962351720309952,0.43347229135846627,0.8933033944008876,-7.3099789651282725,0.3425677498982412,4.125342845916748,3.200772285461426,2.2748732566833496,Online,true,1778159004.5741148,0.0,map,odom
1778159004,574114783,1778159004.5741148,,y,32,,-0.6168745268920371,0.7869615097584232,-0.012545924855053243,6.628934860229492,-0.7039012975462439,0.7095217615195802,-0.03319387357429295,5.763595817844942,136,-0.4712555724031785,-8.900674199356752,0.6430949673933142,1.001477947281872,-7.234627091354844,0.5556640408631094,3.3181045055389404,2.550381660461426,0.969886988401413,Online,true,1778159004.5741148,0.0,map,odom
1778159004,574114783,1778159004.5741148,,y,13,,-0.609356628001792,-0.7927980839897707,0.012477897757001937,-4.218079090118408,-0.5126811532668596,-0.8585694160568048,-0.004073437963209513,-2.5621816841039866,1624,-13.050530800091222,4.971250411178091,-0.12455457345504552,-13.08273791771664,5.073615400909989,-0.6274562791312628,5.425820350646973,4.198419570922852,2.8695333003997803,Online,true,1778159004.5741148,0.0,map,odom
1778159004,574114783,1778159004.5741148,,y,4,,-0.3713471578752729,-0.9283431736618463,-0.016740377935050125,2.786895990371704,-0.25969083328040626,-0.9653491815807606,-0.025722144768356187,4.504436060837011,180,0.42258465157614816,2.8112579663594564,1.3165822989410825,0.5003174623385725,4.500779537512453,1.2271996017722706,2.7865735292434692,1.1047182083129883,1.2358481884002686,Online,true,1778159004.5741148,0.0,map,odom
1778159006,774343799,1778159006.7743437,,x,51,,0.887127899175353,-0.4603729664875981,-0.03257026607403937,23.794401168823242,0.9320953942802456,-0.3621941566241883,-0.0036835945551211904,23.94465514818829,148,-22.450791539372624,8.328776646304775,0.8815824484100213,-22.804981885128175,7.380904192234415,0.08023371960125814,1.2214775085449219,3.0157370567321777,1.1672379672527313,Online,true,1778159006.7743437,0.0,map,odom
1778159006,774343799,1778159006.7743437,,x,28,,-0.7236198784885911,0.689943850227798,-0.018755132337537363,5.983919620513916,-0.7926552090600054,0.6082075435672984,-0.042205491323666286,5.397389709486045,1278,-0.7471472122859507,-9.547951891202135,0.9499653231276779,0.6822394983749954,-8.058769100376503,0.8530188111361734,11.568079471588135,12.555029153823853,2.131363868713379,Online,true,1778159006.7743437,0.0,map,odom
1778159006,774343799,1778159006.7743437,,x,49,,0.6983375037436131,-0.7155673590118511,-0.01697308404338623,21.528017044067383,0.7714497194769598,-0.6362650887806264,0.005662783582456948,22.163677634732238,432,-20.83910083329236,9.746493054760826,0.3363563078455627,-21.338323977697392,8.965748194148345,-0.4116223196968717,2.2757015228271484,2.3155956268310547,1.9187489748001099,Online,true,1778159006.7743437,0.0,map,odom
1778159006,774343799,1778159006.7743437,,x,23,,0.7967185439487445,-0.6043096827358483,-0.007026313392589088,8.040108680725098,0.8569148962470922,-0.515113087798995,0.018851190095598408,8.456208621830793,108,-15.169435209698147,-6.695433872717398,0.1006729100589399,-13.928006183078299,-6.770255111504516,-0.466450990349521,0.932835578918457,1.2333765029907227,1.9294939637184143,Online,true,1778159006.7743437,0.0,map,odom
1778159006,774343799,1778159006.7743437,,x,17,,-0.7172383873594451,-0.6968183123056341,-0.0036517575974278267,-5.527136325836182,-0.6376088902304744,-0.7698767360388701,-0.02728945593446081,-4.087513447259987,105,-10.9355988184611,3.327577150435675,-0.32582460599286217,-10.78547302820847,3.6514165246238175,-0.7515235573769057,0.6955575942993164,0.710240364074707,1.986428678035736,Online,true,1778159006.7743437,0.0,map,odom
1778159006,774343799,1778159006.7743437,,x,3,,-0.9245688297567782,0.3773829630125769,0.05248407634730378,4.171250343322754,-0.9610171844909619,0.27558466748372856,0.02233969921345248,4.166123945253011,430,2.3675468929978303,-5.381910201283389,0.9355445097005645,3.3294658334005045,-3.581964449671705,0.9415825851398657,6.244705319404602,15.457261323928833,2.715783953666687,Online,true,1778159006.7743437,0.0,map,odom
1778159006,774343799,1778159006.7743437,,y,48,,-0.7232655481471506,-0.6905266828440688,0.007736093572889663,-3.723484992980957,-0.644644498609912,-0.764312871543193,-0.016102943997099686,-2.288517485629357,290,-16.98811299554233,12.167134067930025,-0.06245957481963881,-17.759207541680087,11.787907055483467,-0.6836687279067509,4.649208068847656,4.6517181396484375,2.483618378639221,Online,true,1778159006.7743437,0.0,map,odom
1778159006,774343799,1778159006.7743437,,y,42,,-0.6155243056873483,-0.7879174527000569,0.017774049588132248,-4.374574661254883,-0.5274338061926048,-0.8495922229880062,-0.002575795698388443,-2.859438905776082,2167,-13.433652161341634,4.824584061394213,-0.12045613608233215,-13.435426748803252,4.870366965031793,-0.6275013565308507,4.727011680603027,3.352051258087158,2.096318781375885,Online,true,1778159006.7743437,0.0,map,odom
1778159006,774343799,1778159006.7743437,,y,33,,-0.6176813392000559,0.7858897634847627,0.029104000650931505,6.5708746910095215,-0.6992640096607108,0.7148053658618829,0.009117769918413895,5.786123012633484,103,-0.5939090888477067,-8.962351720309952,0.43347229135846627,0.7882741623261221,-7.458131968107583,0.3419745666029635,4.125342845916748,3.200772285461426,2.2748732566833496,Online,true,1778159006.7743437,0.0,map,odom
1778159006,774343799,1778159006.7743437,,y,32,,-0.6168745268920371,0.7869615097584232,-0.012545924855053243,6.628934860229492,-0.6972253335572939,0.7161156850440137,-0.03248322459152363,5.83843653273805,136,-0.4712555724031785,-8.900674199356752,0.6430949673933142,0.8967091467763942,-7.384420291386806,0.555511708237463,3.3181045055389404,2.550381660461426,0.969886988401413,Online,true,1778159006.7743437,0.0,map,odom
1778159006,774343799,1778159006.7743437,,y,13,,-0.6112110138892649,-0.7913820303097978,0.011643822533818963,-4.240363121032715,-0.5225760635657379,-0.8525496686603505,-0.008562724757014363,-2.7232344648653557,2373,-13.26414333613573,5.136411208017336,-0.1396339188725874,-13.29991711987908,5.198682394382346,-0.6410408493481404,5.342236518859863,4.082286834716797,2.8695333003997803,Online,true,1778159006.7743437,0.0,map,odom
1778159006,774343799,1778159006.7743437,,y,4,,-0.3713471578752729,-0.9283431736618463,-0.016740377935050125,2.786895990371704,-0.2685750016971866,-0.962818228155069,-0.029129503869613445,4.361170869141866,180,0.42258465157614816,2.8112579663594564,1.3165822989410825,0.5029856395827343,4.353082510578923,1.261132257701896,2.7865735292434692,1.1047182083129883,1.2358481884002686,Online,true,1778159006.7743437,0.0,map,odom
1778159009,972809577,1778159009.9728096,,x,51,,0.8871278989600759,-0.4603729663758806,-0.032570273516716416,23.794401168823242,0.9320953942288644,-0.36219415681701705,-0.0036835885964507896,23.9446542129284,148,-22.450791539372624,8.328776646304775,0.8815824484100213,-22.804981954588506,7.380901434072608,0.08023372254743777,1.2214775085449219,3.0157370567321777,1.1672379672527313,Online,true,1778159009.9728096,0.0,map,odom
1778159009,972809577,1778159009.9728096,,x,54,,-0.7224707641122865,-0.6913951671408769,0.002952601776020153,-6.519241809844971,-0.6436060035781972,-0.765072709168366,-0.020858136155433554,-5.083897766302663,377,-13.514956732327489,4.69355556376733,-0.38219513398266597,-13.49362150865777,4.732347623310844,-0.8917946478915655,3.7485342025756836,3.913433074951172,2.4349993467330933,Online,true,1778159009.9728096,0.0,map,odom
1778159009,972809577,1778159009.9728096,,x,28,,-0.7236198784885911,0.689943850227798,-0.018755132337537363,5.983919620513916,-0.7926552085454935,0.6082075431210462,-0.04220550741741193,5.3973913484055585,1278,-0.7471472122859507,-9.547951891202135,0.9499653231276779,0.6822394183332997,-8.058771852787613,0.8530192505759183,11.568079471588135,12.555029153823853,2.131363868713379,Online,true,1778159009.9728096,0.0,map,odom
1778159009,972809577,1778159009.9728096,,x,49,,0.6983375036994575,-0.7155673589666058,-0.01697308776760337,21.528017044067383,0.7714497193305072,-0.6362650888457628,0.0056627962152323375,22.163675927590944,432,-20.83910083329236,9.746493054760826,0.3363563078455627,-21.338324042645883,8.965745427899066,-0.411622329356114,2.2757015228271484,2.3155956268310547,1.9187489748001099,Online,true,1778159009.9728096,0.0,map,odom
1778159009,972809577,1778159009.9728096,,x,23,,0.7967185439487445,-0.6043096827358483,-0.007026313392589088,8.040108680725098,0.8569148959516236,-0.515113087735301,0.01885120526709927,8.456207252106061,108,-15.169435209698147,-6.695433872717398,0.1006729100589399,-13.928006251815507,-6.770257880609807,-0.46645069238477427,0.932835578918457,1.2333765029907227,1.9294939637184143,Online,true,1778159009.9728096,0.0,map,odom
1778159009,972809577,1778159009.9728096,,x,17,,-0.7172383873594451,-0.6968183123056341,-0.0036517575974278267,-5.527136325836182,-0.6376088902114979,-0.7698767362936733,-0.027289449189458758,-4.087515613140459,105,-10.9355988184611,3.327577150435675,-0.32582460599286217,-10.785473091767674,3.6514137502128583,-0.7515233962961148,0.6955575942993164,0.710240364074707,1.986428678035736,Online,true,1778159009.9728096,0.0,map,odom
1778159009,972809577,1778159009.9728096,,x,3,,-0.9245688297567782,0.3773829630125769,0.05248407634730378,4.171250343322754,-0.9610171846021466,0.27558466809227666,0.02233968692335465,4.166124632500609,430,2.3675468929978303,-5.381910201283389,0.9355445097005645,3.32946575383077,-3.581967201411768,0.9415829765516579,6.244705319404602,15.457261323928833,2.715783953666687,Online,true,1778159009.9728096,0.0,map,odom
1778159009,972809577,1778159009.9728096,,y,48,,-0.7232655765796431,-0.6905266530829356,0.007736091842486541,-3.7234857082366943,-0.644644530080403,-0.764312845083232,-0.016102940048075897,-2.288520382332328,290,-16.98811299554233,12.167134067930025,-0.06245957481963881,-17.759207603608342,11.787904284014482,-0.6836687519792133,4.649208068847656,4.6517181396484375,2.483618378639221,Online,true,1778159009.9728096,0.0,map,odom
1778159009,972809577,1778159009.9728096,,y,42,,-0.6155243056465923,-0.7879174526478862,0.017774053312245748,-4.374574661254883,-0.5274338064863802,-0.8495922228439197,-0.002575783068380442,-2.8594412916907954,2167,-13.433652161341634,4.824584061394213,-0.12045613608233215,-13.435426813063593,4.870364193275057,-0.6275012365180738,4.727011680603027,3.352051258087158,2.096318781375885,Online,true,1778159009.9728096,0.0,map,odom
1778159009,972809577,1778159009.9728096,,y,33,,-0.6176813392000559,0.7858897634847627,0.029104000650931505,6.5708746910095215,-0.6992640095436412,0.714805366193064,0.009117752933160621,5.786124937172519,103,-0.5939090888477067,-8.962351720309952,0.43347229135846627,0.7882740866901669,-7.458134728539278,0.34197499753013744,4.125342845916748,3.200772285461426,2.2748732566833496,Online,true,1778159009.9728096,0.0,map,odom
1778159009,972809577,1778159009.9728096,,y,32,,-0.6168745268920371,0.7869615097584232,-0.012545924855053243,6.628934860229492,-0.6972253330944134,0.716115684724066,-0.03248324158033907,5.838438473847746,136,-0.4712555724031785,-8.900674199356752,0.6430949673933142,0.8967090693870914,-7.384423048508337,0.5555121389123453,3.3181045055389404,2.550381660461426,0.969886988401413,Online,true,1778159009.9728096,0.0,map,odom
1778159009,972809577,1778159009.9728096,,y,13,,-0.6112110138627526,-0.7913820302754704,0.011643826258604264,-4.240363121032715,-0.5225760638228508,-0.8525496686304748,-0.008562712040216318,-2.7232368567382563,2373,-13.26414333613573,5.136411208017336,-0.1396339188725874,-13.299917183938442,5.198679622377324,-0.6410407333444572,5.342236518859863,4.082286834716797,2.8695333003997803,Online,true,1778159009.9728096,0.0,map,odom
1778159009,972809577,1778159009.9728096,,y,4,,-0.3713471578752729,-0.9283431736618463,-0.016740377935050125,2.786895990371704,-0.2685750017149668,-0.9628182285381768,-0.029129491042803754,4.361168196356976,180,0.42258465157614816,2.8112579663594564,1.3165822989410825,0.5029855594995317,4.353079764598456,1.2611325015498127,2.7865735292434692,1.1047182083129883,1.2358481884002686,Online,true,1778159009.9728096,0.0,map,odom
1778159012,772968422,1778159012.7729685,,x,51,,0.887127899175353,-0.4603729664875981,-0.03257026607403937,23.794401168823242,0.9320953942376977,-0.36219415676488953,-0.003683591486793144,23.94465115629373,148,-22.450791539372624,8.328776646304775,0.8815824484100213,-22.804979407081007,7.380899547508313,0.08023381527846363,1.2214775085449219,3.0157370567321777,1.1672379672527313,Online,true,1778159012.7729685,0.0,map,odom
1778159012,772968422,1778159012.7729685,,x,54,,-0.7224707641063265,-0.6913951671351732,0.0029526045699635336,-6.519241809844971,-0.6436060037150949,-0.7650727090969732,-0.02085813454994085,-5.083897569537122,377,-13.514956732327489,4.69355556376733,-0.38219513398266597,-13.493618968439613,4.73234574609642,-0.8917946504636378,3.7485342025756836,3.913433074951172,2.4349993467330933,Online,true,1778159012.7729685,0.0,map,odom
1778159012,772968422,1778159012.7729685,,x,28,,-0.7236198784885911,0.689943850227798,-0.018755132337537363,5.983919620513916,-0.7926552089691384,0.6082075433496918,-0.042205496166073594,5.397394506785477,1278,-0.7471472122859507,-9.547951891202135,0.9499653231276779,0.6822419742352958,-8.058773742208999,0.8530190310909467,11.568079471588135,12.555029153823853,2.131363868713379,Online,true,1778159012.7729685,0.0,map,odom
1778159012,772968422,1778159012.7729685,,x,49,,0.6983375036994575,-0.7155673589666058,-0.01697308776760337,21.528017044067383,0.7714497194695202,-0.636265088777908,0.005662784901410552,22.16367276501399,432,-20.83910083329236,9.746493054760826,0.3363563078455627,-21.338321499260196,8.96574354558516,-0.411622235220384,2.2757015228271484,2.3155956268310547,1.9187489748001099,Online,true,1778159012.7729685,0.0,map,odom
1778159012,772968422,1778159012.7729685,,x,23,,0.7967185439487445,-0.6043096827358483,-0.007026313392589088,8.040108680725098,0.8569148961769132,-0.5151130877629265,0.018851194271285034,8.456204101790748,108,-15.169435209698147,-6.695433872717398,0.1006729100589399,-13.928003706531872,-6.770259761376309,-0.46645078584279265,0.932835578918457,1.2333765029907227,1.9294939637184143,Online,true,1778159012.7729685,0.0,map,odom
1778159012,772968422,1778159012.7729685,,x,17,,-0.7172383873594451,-0.6968183123056341,-0.0036517575974278267,-5.527136325836182,-0.6376088903131047,-0.7698767361643661,-0.027289450463398476,-4.087515441887745,105,-10.9355988184611,3.327577150435675,-0.32582460599286217,-10.785470550280849,3.6514118722494473,-0.7515234291334798,0.6955575942993164,0.710240364074707,1.986428678035736,Online,true,1778159012.7729685,0.0,map,odom
1778159012,772968422,1778159012.7729685,,x,3,,-0.9245688297567782,0.3773829630125769,0.05248407634730378,4.171250343322754,-0.9610171844664283,0.27558466776672375,0.02233969677778604,4.166127603242972,430,2.3675468929978303,-5.381910201283389,0.9355445097005645,3.329468309769437,-3.5819690911671747,0.941582772855058,6.244705319404602,15.457261323928833,2.715783953666687,Online,true,1778159012.7729685,0.0,map,odom
1778159012,772968422,1778159012.7729685,,y,48,,-0.7232655765796431,-0.6905266530829356,0.007736091842486541,-3.723485231399536,-0.6446445300944297,-0.7643128450466941,-0.016102941220791905,-2.2885197041859464,290,-16.98811299554233,12.167134067930025,-0.06245957481963881,-17.759205062790674,11.787902404461537,-0.6836686629873506,4.649208068847656,4.6517181396484375,2.483618378639221,Online,true,1778159012.7729685,0.0,map,odom
1778159012,772968422,1778159012.7729685,,y,42,,-0.6155243056669703,-0.7879174526739715,0.017774051450188996,-4.374574661254883,-0.5274338063378567,-0.8495922229219961,-0.002575787728392801,-2.859441547684789,2167,-13.433652161341634,4.824584061394213,-0.12045613608233215,-13.435424270777233,4.870362313902108,-0.6275012384183405,4.727011680603027,3.352051258087158,2.096318781375885,Online,true,1778159012.7729685,0.0,map,odom
1778159012,772968422,1778159012.7729685,,y,33,,-0.6176813392000559,0.7858897634847627,0.029104000650931505,6.5708746910095215,-0.6992640095774824,0.7148053660147062,0.009117764320527952,5.786128065864652,103,-0.5939090888477067,-8.962351720309952,0.43347229135846627,0.7882766384645141,-7.458136613754506,0.34197478213228794,4.125342845916748,3.200772285461426,2.2748732566833496,Online,true,1778159012.7729685,0.0,map,odom
1778159012,772968422,1778159012.7729685,,y,58,,-0.6678432295774783,-0.743553228974063,0.033376884063200725,-5.651083946228027,-0.5847008574746486,-0.8111699844311689,0.011320937520700505,-4.1687742765750775,255,-14.171077122407802,5.113450814228432,-0.15220619977689256,-14.198225082835867,5.078385698721246,-0.6832581494887252,3.390446662902832,3.05039119720459,3.1172831058502197,Online,true,1778159012.7729685,0.0,map,odom
1778159012,772968422,1778159012.7729685,,y,32,,-0.6168745268920371,0.7869615097584232,-0.012545924855053243,6.628934860229492,-0.6972253334572118,0.7161156848871288,-0.032483230198338604,5.838441593654611,136,-0.4712555724031785,-8.900674199356752,0.6430949673933142,0.8967116228380536,-7.384424935458457,0.5555119232619783,3.3181045055389404,2.550381660461426,0.969886988401413,Online,true,1778159012.7729685,0.0,map,odom
1778159012,772968422,1778159012.7729685,,y,13,,-0.6112110138428684,-0.7913820302497248,0.011643829052193242,-4.240363121032715,-0.5225760638379298,-0.8525496686205473,-0.008562712108380466,-2.7232371312484394,2373,-13.26414333613573,5.136411208017336,-0.1396339188725874,-13.299914641807721,5.198677743135472,-0.6410407336235127,5.342236518859863,4.082286834716797,2.8695333003997803,Online,true,1778159012.7729685,0.0,map,odom
1778159012,772968422,1778159012.7729685,,y,4,,-0.3713471578752729,-0.9283431736618463,-0.016740377935050125,2.786895990371704,-0.2685750018025313,-0.9628182283391102,-0.02912949681521085,4.36116706383347,180,0.42258465157614816,2.8112579663594564,1.3165822989410825,0.5029881167879673,4.353077871804078,1.261132385255847,2.7865735292434692,1.1047182083129883,1.2358481884002686,Online,true,1778159012.7729685,0.0,map,odom
1778159015,571876212,1778159015.5718763,,x,51,,0.887127899175353,-0.4603729664875981,-0.03257026607403937,23.794401168823242,0.9317706516789896,-0.3615312477274693,-0.03314528000078036,23.90951576433031,148,-22.450791539372624,8.328776646304775,0.8815824484100213,-22.781131039561817,7.360284701581598,0.21520074436007683,1.2214775085449219,3.0157370567321777,1.1672379672527313,Online,true,1778159015.5718763,0.0,map,odom
1778159015,571876212,1778159015.5718763,,x,54,,-0.7222823590419037,-0.6915763106484218,0.005513652762019614,-6.514186382293701,-0.6436527045503567,-0.765127226776477,-0.017074037904048246,-5.081407631299598,377,-13.514956732327489,4.69355556376733,-0.38219513398266597,-13.495842238067388,4.73579556874056,-1.0324283912101822,3.7485342025756836,3.913433074951172,2.4349993467330933,Online,true,1778159015.5718763,0.0,map,odom
1778159015,571876212,1778159015.5718763,,x,28,,-0.7236198784885911,0.689943850227798,-0.018755132337537363,5.983919620513916,-0.793513545929508,0.6084444231945285,-0.011473286793950571,5.4066215063294365,1278,-0.7471472122859507,-9.547951891202135,0.9499653231276779,0.719631527964916,-8.07786677340521,0.12623851615594278,11.568079471588135,12.555029153823853,2.131363868713379,Online,true,1778159015.5718763,0.0,map,odom
1778159015,571876212,1778159015.5718763,,x,49,,0.6983375036994575,-0.7155673589666058,-0.01697308776760337,21.528017044067383,0.7714296213429207,-0.6358207649842844,-0.02506579600805407,22.134278758927987,432,-20.83910083329236,9.746493054760826,0.3363563078455627,-21.32702978733959,8.954943898868253,-0.2821822911574951,2.2757015228271484,2.3155956268310547,1.9187489748001099,Online,true,1778159015.5718763,0.0,map,odom
1778159015,571876212,1778159015.5718763,,x,23,,0.7967185439487445,-0.6043096827358483,-0.007026313392589088,8.040108680725098,0.8571766423929496,-0.5148901451222901,-0.011676565929102125,8.433496365932868,108,-15.169435209698147,-6.695433872717398,0.1006729100589399,-13.918499324539752,-6.773025460698271,-0.8134752820721483,0.932835578918457,1.2333765029907227,1.9294939637184143,Online,true,1778159015.5718763,0.0,map,odom
1778159015,571876212,1778159015.5718763,,x,17,,-0.7172383873594451,-0.6968183123056341,-0.0036517575974278267,-5.527136325836182,-0.6379989422426959,-0.7695880873603987,-0.026296872250604324,-4.095721192777728,105,-10.9355988184611,3.327577150435675,-0.32582460599286217,-10.784966382487218,3.6539493083912347,-0.978366625240644,0.6955575942993164,0.710240364074707,1.986428678035736,Online,true,1778159015.5718763,0.0,map,odom
1778159015,571876212,1778159015.5718763,,x,3,,-0.9245688297567782,0.3773829630125769,0.05248407634730378,4.171250343322754,-0.9602211348718984,0.2745693369936919,0.05086306447873547,4.211182093167311,430,2.3675468929978303,-5.381910201283389,0.9355445097005645,3.3677353961071224,-3.6020219675171106,0.23481967762190165,6.244705319404602,15.457261323928833,2.715783953666687,Online,true,1778159015.5718763,0.0,map,odom
1778159015,571876212,1778159015.5718763,,y,48,,-0.7232655765796431,-0.6905266530829356,0.007736091842486541,-3.723485231399536,-0.6447613485922677,-0.7642398706269085,-0.014839929435364309,-2.2901989826167224,290,-16.98811299554233,12.167134067930025,-0.06245957481963881,-17.755889558319755,11.783757692841855,-0.5878525924663789,4.649208068847656,4.6517181396484375,2.483618378639221,Online,true,1778159015.5718763,0.0,map,odom
1778159015,571876212,1778159015.5718763,,y,42,,-0.6155243056669703,-0.7879174526739715,0.017774051450188996,-4.374574661254883,-0.5272472009813016,-0.8496923343100958,-0.005772873811469594,-2.8583537343420975,2167,-13.433652161341634,4.824584061394213,-0.12045613608233215,-13.431259065769881,4.868842850689969,-0.7670727089697439,4.727011680603027,3.352051258087158,2.096318781375885,Online,true,1778159015.5718763,0.0,map,odom
1778159015,571876212,1778159015.5718763,,y,33,,-0.6176813392000559,0.7858897634847627,0.029104000650931505,6.5708746910095215,-0.6989147776835375,0.7141096996802012,0.039566025302324705,5.822833088186207,103,-0.5939090888477067,-8.962351720309952,0.43347229135846627,0.8131532919888582,-7.467650839065602,-0.37582196587971006,4.125342845916748,3.200772285461426,2.2748732566833496,Online,true,1778159015.5718763,0.0,map,odom
1778159015,571876212,1778159015.5718763,,y,58,,-0.6682395911016394,-0.7430658313719773,0.036180369425778944,-5.660433769226074,-0.5846334043068855,-0.811192769894576,0.013041190103183919,-4.165666308531956,255,-14.171077122407802,5.113450814228432,-0.15220619977689256,-14.195212205250096,5.077446350481122,-0.8003566569663103,3.390446662902832,3.05039119720459,3.1172831058502197,Online,true,1778159015.5718763,0.0,map,odom
1778159015,571876212,1778159015.5718763,,y,32,,-0.6168745268920371,0.7869615097584232,-0.012545924855053243,6.628934860229492,-0.6978875173741973,0.7162044756524759,-0.002040134466541124,5.851925855227687,136,-0.4712555724031785,-8.900674199356752,0.6430949673933142,0.9267359080776881,-7.397912537284321,-0.16363048022999818,3.3181045055389404,2.550381660461426,0.969886988401413,Online,true,1778159015.5718763,0.0,map,odom
1778159015,571876212,1778159015.5718763,,y,13,,-0.611206542118671,-0.7913755315620268,0.012301663150030798,-4.240198612213135,-0.5225376480546218,-0.8525416876913224,-0.011272848529814814,-2.7250962296846963,2373,-13.26414333613573,5.136411208017336,-0.1396339188725874,-13.296154501465535,5.197431937699545,-0.7777107139001779,5.342236518859863,4.082286834716797,2.8695333003997803,Online,true,1778159015.5718763,0.0,map,odom
1778159015,571876212,1778159015.5718763,,y,4,,-0.3713471578752729,-0.9283431736618463,-0.016740377935050125,2.786895990371704,-0.2690974445328073,-0.962251137499596,-0.040734674745802904,4.338076965080644,180,0.42258465157614816,2.8112579663594564,1.3165822989410825,0.5489793835764917,4.323992802952399,0.7723854324676993,2.7865735292434692,1.1047182083129883,1.2358481884002686,Online,true,1778159015.5718763,0.0,map,odom
1778159015,571876212,1778159015.5718763,,x,51,,0.887127899175353,-0.4603729664875981,-0.03257026607403937,23.794401168823242,0.9317706516789896,-0.3615312477274693,-0.03314528000078036,23.90951576433031,148,-22.450791539372624,8.328776646304775,0.8815824484100213,-22.781131039561817,7.360284701581598,0.21520074436007683,1.2214775085449219,3.0157370567321777,1.1672379672527313,Online,true,1778159015.5718763,0.0,map,odom
1778159015,571876212,1778159015.5718763,,x,54,,-0.7222823590419037,-0.6915763106484218,0.005513652762019614,-6.514186382293701,-0.6436527045503567,-0.765127226776477,-0.017074037904048246,-5.081407631299598,377,-13.514956732327489,4.69355556376733,-0.38219513398266597,-13.495842238067388,4.73579556874056,-1.0324283912101822,3.7485342025756836,3.913433074951172,2.4349993467330933,Online,true,1778159015.5718763,0.0,map,odom
1778159015,571876212,1778159015.5718763,,x,28,,-0.7236198784885911,0.689943850227798,-0.018755132337537363,5.983919620513916,-0.793513545929508,0.6084444231945285,-0.011473286793950571,5.4066215063294365,1278,-0.7471472122859507,-9.547951891202135,0.9499653231276779,0.719631527964916,-8.07786677340521,0.12623851615594278,11.568079471588135,12.555029153823853,2.131363868713379,Online,true,1778159015.5718763,0.0,map,odom
1778159015,571876212,1778159015.5718763,,x,49,,0.6983375036994575,-0.7155673589666058,-0.01697308776760337,21.528017044067383,0.7714296213429207,-0.6358207649842844,-0.02506579600805407,22.134278758927987,432,-20.83910083329236,9.746493054760826,0.3363563078455627,-21.32702978733959,8.954943898868253,-0.2821822911574951,2.2757015228271484,2.3155956268310547,1.9187489748001099,Online,true,1778159015.5718763,0.0,map,odom
1778159015,571876212,1778159015.5718763,,x,23,,0.7967185439487445,-0.6043096827358483,-0.007026313392589088,8.040108680725098,0.8571766423929496,-0.5148901451222901,-0.011676565929102125,8.433496365932868,108,-15.169435209698147,-6.695433872717398,0.1006729100589399,-13.918499324539752,-6.773025460698271,-0.8134752820721483,0.932835578918457,1.2333765029907227,1.9294939637184143,Online,true,1778159015.5718763,0.0,map,odom
1778159015,571876212,1778159015.5718763,,x,17,,-0.7172383873594451,-0.6968183123056341,-0.0036517575974278267,-5.527136325836182,-0.6379989422426959,-0.7695880873603987,-0.026296872250604324,-4.095721192777728,105,-10.9355988184611,3.327577150435675,-0.32582460599286217,-10.784966382487218,3.6539493083912347,-0.978366625240644,0.6955575942993164,0.710240364074707,1.986428678035736,Online,true,1778159015.5718763,0.0,map,odom
1778159015,571876212,1778159015.5718763,,x,3,,-0.9245688297567782,0.3773829630125769,0.05248407634730378,4.171250343322754,-0.9602211348718984,0.2745693369936919,0.05086306447873547,4.211182093167311,430,2.3675468929978303,-5.381910201283389,0.9355445097005645,3.3677353961071224,-3.6020219675171106,0.23481967762190165,6.244705319404602,15.457261323928833,2.715783953666687,Online,true,1778159015.5718763,0.0,map,odom
1778159015,571876212,1778159015.5718763,,y,48,,-0.7232655765796431,-0.6905266530829356,0.007736091842486541,-3.723485231399536,-0.6447613485922677,-0.7642398706269085,-0.014839929435364309,-2.2901989826167224,290,-16.98811299554233,12.167134067930025,-0.06245957481963881,-17.755889558319755,11.783757692841855,-0.5878525924663789,4.649208068847656,4.6517181396484375,2.483618378639221,Online,true,1778159015.5718763,0.0,map,odom
1778159015,571876212,1778159015.5718763,,y,42,,-0.6155243056669703,-0.7879174526739715,0.017774051450188996,-4.374574661254883,-0.5272472009813016,-0.8496923343100958,-0.005772873811469594,-2.8583537343420975,2167,-13.433652161341634,4.824584061394213,-0.12045613608233215,-13.431259065769881,4.868842850689969,-0.7670727089697439,4.727011680603027,3.352051258087158,2.096318781375885,Online,true,1778159015.5718763,0.0,map,odom
1778159015,571876212,1778159015.5718763,,y,33,,-0.6176813392000559,0.7858897634847627,0.029104000650931505,6.5708746910095215,-0.6989147776835375,0.7141096996802012,0.039566025302324705,5.822833088186207,103,-0.5939090888477067,-8.962351720309952,0.43347229135846627,0.8131532919888582,-7.467650839065602,-0.37582196587971006,4.125342845916748,3.200772285461426,2.2748732566833496,Online,true,1778159015.5718763,0.0,map,odom
1778159015,571876212,1778159015.5718763,,y,58,,-0.6682395911016394,-0.7430658313719773,0.036180369425778944,-5.660433769226074,-0.5846334043068855,-0.811192769894576,0.013041190103183919,-4.165666308531956,255,-14.171077122407802,5.113450814228432,-0.15220619977689256,-14.195212205250096,5.077446350481122,-0.8003566569663103,3.390446662902832,3.05039119720459,3.1172831058502197,Online,true,1778159015.5718763,0.0,map,odom
1778159015,571876212,1778159015.5718763,,y,32,,-0.6168745268920371,0.7869615097584232,-0.012545924855053243,6.628934860229492,-0.6978875173741973,0.7162044756524759,-0.002040134466541124,5.851925855227687,136,-0.4712555724031785,-8.900674199356752,0.6430949673933142,0.9267359080776881,-7.397912537284321,-0.16363048022999818,3.3181045055389404,2.550381660461426,0.969886988401413,Online,true,1778159015.5718763,0.0,map,odom
1778159015,571876212,1778159015.5718763,,y,13,,-0.611206542118671,-0.7913755315620268,0.012301663150030798,-4.240198612213135,-0.5225376480546218,-0.8525416876913224,-0.011272848529814814,-2.7250962296846963,2373,-13.26414333613573,5.136411208017336,-0.1396339188725874,-13.296154501465535,5.197431937699545,-0.7777107139001779,5.342236518859863,4.082286834716797,2.8695333003997803,Online,true,1778159015.5718763,0.0,map,odom
1778159015,571876212,1778159015.5718763,,y,4,,-0.3713471578752729,-0.9283431736618463,-0.016740377935050125,2.786895990371704,-0.2690974445328073,-0.962251137499596,-0.040734674745802904,4.338076965080644,180,0.42258465157614816,2.8112579663594564,1.3165822989410825,0.5489793835764917,4.323992802952399,0.7723854324676993,2.7865735292434692,1.1047182083129883,1.2358481884002686,Online,true,1778159015.5718763,0.0,map,odom
1778159015,571876212,1778159015.5718763,,x,51,,0.887127899175353,-0.4603729664875981,-0.03257026607403937,23.794401168823242,0.9317706516789896,-0.3615312477274693,-0.03314528000078036,23.90951576433031,148,-22.450791539372624,8.328776646304775,0.8815824484100213,-22.781131039561817,7.360284701581598,0.21520074436007683,1.2214775085449219,3.0157370567321777,1.1672379672527313,Online,true,1778159015.5718763,0.0,map,odom
1778159015,571876212,1778159015.5718763,,x,54,,-0.7222823590419037,-0.6915763106484218,0.005513652762019614,-6.514186382293701,-0.6436527045503567,-0.765127226776477,-0.017074037904048246,-5.081407631299598,377,-13.514956732327489,4.69355556376733,-0.38219513398266597,-13.495842238067388,4.73579556874056,-1.0324283912101822,3.7485342025756836,3.913433074951172,2.4349993467330933,Online,true,1778159015.5718763,0.0,map,odom
1778159015,571876212,1778159015.5718763,,x,28,,-0.7236198784885911,0.689943850227798,-0.018755132337537363,5.983919620513916,-0.793513545929508,0.6084444231945285,-0.011473286793950571,5.4066215063294365,1278,-0.7471472122859507,-9.547951891202135,0.9499653231276779,0.719631527964916,-8.07786677340521,0.12623851615594278,11.568079471588135,12.555029153823853,2.131363868713379,Online,true,1778159015.5718763,0.0,map,odom
1778159015,571876212,1778159015.5718763,,x,49,,0.6983375036994575,-0.7155673589666058,-0.01697308776760337,21.528017044067383,0.7714296213429207,-0.6358207649842844,-0.02506579600805407,22.134278758927987,432,-20.83910083329236,9.746493054760826,0.3363563078455627,-21.32702978733959,8.954943898868253,-0.2821822911574951,2.2757015228271484,2.3155956268310547,1.9187489748001099,Online,true,1778159015.5718763,0.0,map,odom
1778159015,571876212,1778159015.5718763,,x,23,,0.7967185439487445,-0.6043096827358483,-0.007026313392589088,8.040108680725098,0.8571766423929496,-0.5148901451222901,-0.011676565929102125,8.433496365932868,108,-15.169435209698147,-6.695433872717398,0.1006729100589399,-13.918499324539752,-6.773025460698271,-0.8134752820721483,0.932835578918457,1.2333765029907227,1.9294939637184143,Online,true,1778159015.5718763,0.0,map,odom
1778159015,571876212,1778159015.5718763,,x,17,,-0.7172383873594451,-0.6968183123056341,-0.0036517575974278267,-5.527136325836182,-0.6379989422426959,-0.7695880873603987,-0.026296872250604324,-4.095721192777728,105,-10.9355988184611,3.327577150435675,-0.32582460599286217,-10.784966382487218,3.6539493083912347,-0.978366625240644,0.6955575942993164,0.710240364074707,1.986428678035736,Online,true,1778159015.5718763,0.0,map,odom
1778159015,571876212,1778159015.5718763,,x,3,,-0.9245688297567782,0.3773829630125769,0.05248407634730378,4.171250343322754,-0.9602211348718984,0.2745693369936919,0.05086306447873547,4.211182093167311,430,2.3675468929978303,-5.381910201283389,0.9355445097005645,3.3677353961071224,-3.6020219675171106,0.23481967762190165,6.244705319404602,15.457261323928833,2.715783953666687,Online,true,1778159015.5718763,0.0,map,odom
1778159015,571876212,1778159015.5718763,,y,48,,-0.7232655765796431,-0.6905266530829356,0.007736091842486541,-3.723485231399536,-0.6447613485922677,-0.7642398706269085,-0.014839929435364309,-2.2901989826167224,290,-16.98811299554233,12.167134067930025,-0.06245957481963881,-17.755889558319755,11.783757692841855,-0.5878525924663789,4.649208068847656,4.6517181396484375,2.483618378639221,Online,true,1778159015.5718763,0.0,map,odom
1778159015,571876212,1778159015.5718763,,y,42,,-0.6155243056669703,-0.7879174526739715,0.017774051450188996,-4.374574661254883,-0.5272472009813016,-0.8496923343100958,-0.005772873811469594,-2.8583537343420975,2167,-13.433652161341634,4.824584061394213,-0.12045613608233215,-13.431259065769881,4.868842850689969,-0.7670727089697439,4.727011680603027,3.352051258087158,2.096318781375885,Online,true,1778159015.5718763,0.0,map,odom
1778159015,571876212,1778159015.5718763,,y,33,,-0.6176813392000559,0.7858897634847627,0.029104000650931505,6.5708746910095215,-0.6989147776835375,0.7141096996802012,0.039566025302324705,5.822833088186207,103,-0.5939090888477067,-8.962351720309952,0.43347229135846627,0.8131532919888582,-7.467650839065602,-0.37582196587971006,4.125342845916748,3.200772285461426,2.2748732566833496,Online,true,1778159015.5718763,0.0,map,odom
1778159015,571876212,1778159015.5718763,,y,58,,-0.6682395911016394,-0.7430658313719773,0.036180369425778944,-5.660433769226074,-0.5846334043068855,-0.811192769894576,0.013041190103183919,-4.165666308531956,255,-14.171077122407802,5.113450814228432,-0.15220619977689256,-14.195212205250096,5.077446350481122,-0.8003566569663103,3.390446662902832,3.05039119720459,3.1172831058502197,Online,true,1778159015.5718763,0.0,map,odom
1778159015,571876212,1778159015.5718763,,y,32,,-0.6168745268920371,0.7869615097584232,-0.012545924855053243,6.628934860229492,-0.6978875173741973,0.7162044756524759,-0.002040134466541124,5.851925855227687,136,-0.4712555724031785,-8.900674199356752,0.6430949673933142,0.9267359080776881,-7.397912537284321,-0.16363048022999818,3.3181045055389404,2.550381660461426,0.969886988401413,Online,true,1778159015.5718763,0.0,map,odom
1778159015,571876212,1778159015.5718763,,y,13,,-0.611206542118671,-0.7913755315620268,0.012301663150030798,-4.240198612213135,-0.5225376480546218,-0.8525416876913224,-0.011272848529814814,-2.7250962296846963,2373,-13.26414333613573,5.136411208017336,-0.1396339188725874,-13.296154501465535,5.197431937699545,-0.7777107139001779,5.342236518859863,4.082286834716797,2.8695333003997803,Online,true,1778159015.5718763,0.0,map,odom
1778159015,571876212,1778159015.5718763,,y,4,,-0.3713471578752729,-0.9283431736618463,-0.016740377935050125,2.786895990371704,-0.2690974445328073,-0.962251137499596,-0.040734674745802904,4.338076965080644,180,0.42258465157614816,2.8112579663594564,1.3165822989410825,0.5489793835764917,4.323992802952399,0.7723854324676993,2.7865735292434692,1.1047182083129883,1.2358481884002686,Online,true,1778159015.5718763,0.0,map,odom
1778159015,571876212,1778159015.5718763,,x,51,,0.887127899175353,-0.4603729664875981,-0.03257026607403937,23.794401168823242,0.9317706516789896,-0.3615312477274693,-0.03314528000078036,23.90951576433031,148,-22.450791539372624,8.328776646304775,0.8815824484100213,-22.781131039561817,7.360284701581598,0.21520074436007683,1.2214775085449219,3.0157370567321777,1.1672379672527313,Online,true,1778159015.5718763,0.0,map,odom
1778159015,571876212,1778159015.5718763,,x,54,,-0.7222823590419037,-0.6915763106484218,0.005513652762019614,-6.514186382293701,-0.6436527045503567,-0.765127226776477,-0.017074037904048246,-5.081407631299598,377,-13.514956732327489,4.69355556376733,-0.38219513398266597,-13.495842238067388,4.73579556874056,-1.0324283912101822,3.7485342025756836,3.913433074951172,2.4349993467330933,Online,true,1778159015.5718763,0.0,map,odom
1778159015,571876212,1778159015.5718763,,x,28,,-0.7236198784885911,0.689943850227798,-0.018755132337537363,5.983919620513916,-0.793513545929508,0.6084444231945285,-0.011473286793950571,5.4066215063294365,1278,-0.7471472122859507,-9.547951891202135,0.9499653231276779,0.719631527964916,-8.07786677340521,0.12623851615594278,11.568079471588135,12.555029153823853,2.131363868713379,Online,true,1778159015.5718763,0.0,map,odom
1778159015,571876212,1778159015.5718763,,x,49,,0.6983375036994575,-0.7155673589666058,-0.01697308776760337,21.528017044067383,0.7714296213429207,-0.6358207649842844,-0.02506579600805407,22.134278758927987,432,-20.83910083329236,9.746493054760826,0.3363563078455627,-21.32702978733959,8.954943898868253,-0.2821822911574951,2.2757015228271484,2.3155956268310547,1.9187489748001099,Online,true,1778159015.5718763,0.0,map,odom
1778159015,571876212,1778159015.5718763,,x,23,,0.7967185439487445,-0.6043096827358483,-0.007026313392589088,8.040108680725098,0.8571766423929496,-0.5148901451222901,-0.011676565929102125,8.433496365932868,108,-15.169435209698147,-6.695433872717398,0.1006729100589399,-13.918499324539752,-6.773025460698271,-0.8134752820721483,0.932835578918457,1.2333765029907227,1.9294939637184143,Online,true,1778159015.5718763,0.0,map,odom
1778159015,571876212,1778159015.5718763,,x,17,,-0.7172383873594451,-0.6968183123056341,-0.0036517575974278267,-5.527136325836182,-0.6379989422426959,-0.7695880873603987,-0.026296872250604324,-4.095721192777728,105,-10.9355988184611,3.327577150435675,-0.32582460599286217,-10.784966382487218,3.6539493083912347,-0.978366625240644,0.6955575942993164,0.710240364074707,1.986428678035736,Online,true,1778159015.5718763,0.0,map,odom
1778159015,571876212,1778159015.5718763,,x,3,,-0.9245688297567782,0.3773829630125769,0.05248407634730378,4.171250343322754,-0.9602211348718984,0.2745693369936919,0.05086306447873547,4.211182093167311,430,2.3675468929978303,-5.381910201283389,0.9355445097005645,3.3677353961071224,-3.6020219675171106,0.23481967762190165,6.244705319404602,15.457261323928833,2.715783953666687,Online,true,1778159015.5718763,0.0,map,odom
1778159015,571876212,1778159015.5718763,,y,48,,-0.7232655765796431,-0.6905266530829356,0.007736091842486541,-3.723485231399536,-0.6447613485922677,-0.7642398706269085,-0.014839929435364309,-2.2901989826167224,290,-16.98811299554233,12.167134067930025,-0.06245957481963881,-17.755889558319755,11.783757692841855,-0.5878525924663789,4.649208068847656,4.6517181396484375,2.483618378639221,Online,true,1778159015.5718763,0.0,map,odom
1778159015,571876212,1778159015.5718763,,y,42,,-0.6155243056669703,-0.7879174526739715,0.017774051450188996,-4.374574661254883,-0.5272472009813016,-0.8496923343100958,-0.005772873811469594,-2.8583537343420975,2167,-13.433652161341634,4.824584061394213,-0.12045613608233215,-13.431259065769881,4.868842850689969,-0.7670727089697439,4.727011680603027,3.352051258087158,2.096318781375885,Online,true,1778159015.5718763,0.0,map,odom
1778159015,571876212,1778159015.5718763,,y,33,,-0.6176813392000559,0.7858897634847627,0.029104000650931505,6.5708746910095215,-0.6989147776835375,0.7141096996802012,0.039566025302324705,5.822833088186207,103,-0.5939090888477067,-8.962351720309952,0.43347229135846627,0.8131532919888582,-7.467650839065602,-0.37582196587971006,4.125342845916748,3.200772285461426,2.2748732566833496,Online,true,1778159015.5718763,0.0,map,odom
1778159015,571876212,1778159015.5718763,,y,58,,-0.6682395911016394,-0.7430658313719773,0.036180369425778944,-5.660433769226074,-0.5846334043068855,-0.811192769894576,0.013041190103183919,-4.165666308531956,255,-14.171077122407802,5.113450814228432,-0.15220619977689256,-14.195212205250096,5.077446350481122,-0.8003566569663103,3.390446662902832,3.05039119720459,3.1172831058502197,Online,true,1778159015.5718763,0.0,map,odom
1778159015,571876212,1778159015.5718763,,y,32,,-0.6168745268920371,0.7869615097584232,-0.012545924855053243,6.628934860229492,-0.6978875173741973,0.7162044756524759,-0.002040134466541124,5.851925855227687,136,-0.4712555724031785,-8.900674199356752,0.6430949673933142,0.9267359080776881,-7.397912537284321,-0.16363048022999818,3.3181045055389404,2.550381660461426,0.969886988401413,Online,true,1778159015.5718763,0.0,map,odom
1778159015,571876212,1778159015.5718763,,y,13,,-0.611206542118671,-0.7913755315620268,0.012301663150030798,-4.240198612213135,-0.5225376480546218,-0.8525416876913224,-0.011272848529814814,-2.7250962296846963,2373,-13.26414333613573,5.136411208017336,-0.1396339188725874,-13.296154501465535,5.197431937699545,-0.7777107139001779,5.342236518859863,4.082286834716797,2.8695333003997803,Online,true,1778159015.5718763,0.0,map,odom
1778159015,571876212,1778159015.5718763,,y,4,,-0.3713471578752729,-0.9283431736618463,-0.016740377935050125,2.786895990371704,-0.2690974445328073,-0.962251137499596,-0.040734674745802904,4.338076965080644,180,0.42258465157614816,2.8112579663594564,1.3165822989410825,0.5489793835764917,4.323992802952399,0.7723854324676993,2.7865735292434692,1.1047182083129883,1.2358481884002686,Online,true,1778159015.5718763,0.0,map,odom
1778159015,571876212,1778159015.5718763,,x,51,,0.887127899175353,-0.4603729664875981,-0.03257026607403937,23.794401168823242,0.9317706516789896,-0.3615312477274693,-0.03314528000078036,23.90951576433031,148,-22.450791539372624,8.328776646304775,0.8815824484100213,-22.781131039561817,7.360284701581598,0.21520074436007683,1.2214775085449219,3.0157370567321777,1.1672379672527313,Online,true,1778159015.5718763,0.0,map,odom
1778159015,571876212,1778159015.5718763,,x,54,,-0.7222823590419037,-0.6915763106484218,0.005513652762019614,-6.514186382293701,-0.6436527045503567,-0.765127226776477,-0.017074037904048246,-5.081407631299598,377,-13.514956732327489,4.69355556376733,-0.38219513398266597,-13.495842238067388,4.73579556874056,-1.0324283912101822,3.7485342025756836,3.913433074951172,2.4349993467330933,Online,true,1778159015.5718763,0.0,map,odom
1778159015,571876212,1778159015.5718763,,x,28,,-0.7236198784885911,0.689943850227798,-0.018755132337537363,5.983919620513916,-0.793513545929508,0.6084444231945285,-0.011473286793950571,5.4066215063294365,1278,-0.7471472122859507,-9.547951891202135,0.9499653231276779,0.719631527964916,-8.07786677340521,0.12623851615594278,11.568079471588135,12.555029153823853,2.131363868713379,Online,true,1778159015.5718763,0.0,map,odom
1778159015,571876212,1778159015.5718763,,x,49,,0.6983375036994575,-0.7155673589666058,-0.01697308776760337,21.528017044067383,0.7714296213429207,-0.6358207649842844,-0.02506579600805407,22.134278758927987,432,-20.83910083329236,9.746493054760826,0.3363563078455627,-21.32702978733959,8.954943898868253,-0.2821822911574951,2.2757015228271484,2.3155956268310547,1.9187489748001099,Online,true,1778159015.5718763,0.0,map,odom
1778159015,571876212,1778159015.5718763,,x,23,,0.7967185439487445,-0.6043096827358483,-0.007026313392589088,8.040108680725098,0.8571766423929496,-0.5148901451222901,-0.011676565929102125,8.433496365932868,108,-15.169435209698147,-6.695433872717398,0.1006729100589399,-13.918499324539752,-6.773025460698271,-0.8134752820721483,0.932835578918457,1.2333765029907227,1.9294939637184143,Online,true,1778159015.5718763,0.0,map,odom
1778159015,571876212,1778159015.5718763,,x,17,,-0.7172383873594451,-0.6968183123056341,-0.0036517575974278267,-5.527136325836182,-0.6379989422426959,-0.7695880873603987,-0.026296872250604324,-4.095721192777728,105,-10.9355988184611,3.327577150435675,-0.32582460599286217,-10.784966382487218,3.6539493083912347,-0.978366625240644,0.6955575942993164,0.710240364074707,1.986428678035736,Online,true,1778159015.5718763,0.0,map,odom
1778159015,571876212,1778159015.5718763,,x,3,,-0.9245688297567782,0.3773829630125769,0.05248407634730378,4.171250343322754,-0.9602211348718984,0.2745693369936919,0.05086306447873547,4.211182093167311,430,2.3675468929978303,-5.381910201283389,0.9355445097005645,3.3677353961071224,-3.6020219675171106,0.23481967762190165,6.244705319404602,15.457261323928833,2.715783953666687,Online,true,1778159015.5718763,0.0,map,odom
1778159015,571876212,1778159015.5718763,,y,48,,-0.7232655765796431,-0.6905266530829356,0.007736091842486541,-3.723485231399536,-0.6447613485922677,-0.7642398706269085,-0.014839929435364309,-2.2901989826167224,290,-16.98811299554233,12.167134067930025,-0.06245957481963881,-17.755889558319755,11.783757692841855,-0.5878525924663789,4.649208068847656,4.6517181396484375,2.483618378639221,Online,true,1778159015.5718763,0.0,map,odom
1778159015,571876212,1778159015.5718763,,y,42,,-0.6155243056669703,-0.7879174526739715,0.017774051450188996,-4.374574661254883,-0.5272472009813016,-0.8496923343100958,-0.005772873811469594,-2.8583537343420975,2167,-13.433652161341634,4.824584061394213,-0.12045613608233215,-13.431259065769881,4.868842850689969,-0.7670727089697439,4.727011680603027,3.352051258087158,2.096318781375885,Online,true,1778159015.5718763,0.0,map,odom
1778159015,571876212,1778159015.5718763,,y,33,,-0.6176813392000559,0.7858897634847627,0.029104000650931505,6.5708746910095215,-0.6989147776835375,0.7141096996802012,0.039566025302324705,5.822833088186207,103,-0.5939090888477067,-8.962351720309952,0.43347229135846627,0.8131532919888582,-7.467650839065602,-0.37582196587971006,4.125342845916748,3.200772285461426,2.2748732566833496,Online,true,1778159015.5718763,0.0,map,odom
1778159015,571876212,1778159015.5718763,,y,58,,-0.6682395911016394,-0.7430658313719773,0.036180369425778944,-5.660433769226074,-0.5846334043068855,-0.811192769894576,0.013041190103183919,-4.165666308531956,255,-14.171077122407802,5.113450814228432,-0.15220619977689256,-14.195212205250096,5.077446350481122,-0.8003566569663103,3.390446662902832,3.05039119720459,3.1172831058502197,Online,true,1778159015.5718763,0.0,map,odom
1778159015,571876212,1778159015.5718763,,y,32,,-0.6168745268920371,0.7869615097584232,-0.012545924855053243,6.628934860229492,-0.6978875173741973,0.7162044756524759,-0.002040134466541124,5.851925855227687,136,-0.4712555724031785,-8.900674199356752,0.6430949673933142,0.9267359080776881,-7.397912537284321,-0.16363048022999818,3.3181045055389404,2.550381660461426,0.969886988401413,Online,true,1778159015.5718763,0.0,map,odom
1778159015,571876212,1778159015.5718763,,y,13,,-0.611206542118671,-0.7913755315620268,0.012301663150030798,-4.240198612213135,-0.5225376480546218,-0.8525416876913224,-0.011272848529814814,-2.7250962296846963,2373,-13.26414333613573,5.136411208017336,-0.1396339188725874,-13.296154501465535,5.197431937699545,-0.7777107139001779,5.342236518859863,4.082286834716797,2.8695333003997803,Online,true,1778159015.5718763,0.0,map,odom
1778159015,571876212,1778159015.5718763,,y,4,,-0.3713471578752729,-0.9283431736618463,-0.016740377935050125,2.786895990371704,-0.2690974445328073,-0.962251137499596,-0.040734674745802904,4.338076965080644,180,0.42258465157614816,2.8112579663594564,1.3165822989410825,0.5489793835764917,4.323992802952399,0.7723854324676993,2.7865735292434692,1.1047182083129883,1.2358481884002686,Online,true,1778159015.5718763,0.0,map,odom
1778159015,571876212,1778159015.5718763,,x,51,,0.887127899175353,-0.4603729664875981,-0.03257026607403937,23.794401168823242,0.9317706516789896,-0.3615312477274693,-0.03314528000078036,23.90951576433031,148,-22.450791539372624,8.328776646304775,0.8815824484100213,-22.781131039561817,7.360284701581598,0.21520074436007683,1.2214775085449219,3.0157370567321777,1.1672379672527313,Online,true,1778159015.5718763,0.0,map,odom
1778159015,571876212,1778159015.5718763,,x,54,,-0.7222823590419037,-0.6915763106484218,0.005513652762019614,-6.514186382293701,-0.6436527045503567,-0.765127226776477,-0.017074037904048246,-5.081407631299598,377,-13.514956732327489,4.69355556376733,-0.38219513398266597,-13.495842238067388,4.73579556874056,-1.0324283912101822,3.7485342025756836,3.913433074951172,2.4349993467330933,Online,true,1778159015.5718763,0.0,map,odom
1778159015,571876212,1778159015.5718763,,x,28,,-0.7236198784885911,0.689943850227798,-0.018755132337537363,5.983919620513916,-0.793513545929508,0.6084444231945285,-0.011473286793950571,5.4066215063294365,1278,-0.7471472122859507,-9.547951891202135,0.9499653231276779,0.719631527964916,-8.07786677340521,0.12623851615594278,11.568079471588135,12.555029153823853,2.131363868713379,Online,true,1778159015.5718763,0.0,map,odom
1778159015,571876212,1778159015.5718763,,x,49,,0.6983375036994575,-0.7155673589666058,-0.01697308776760337,21.528017044067383,0.7714296213429207,-0.6358207649842844,-0.02506579600805407,22.134278758927987,432,-20.83910083329236,9.746493054760826,0.3363563078455627,-21.32702978733959,8.954943898868253,-0.2821822911574951,2.2757015228271484,2.3155956268310547,1.9187489748001099,Online,true,1778159015.5718763,0.0,map,odom
1778159015,571876212,1778159015.5718763,,x,23,,0.7967185439487445,-0.6043096827358483,-0.007026313392589088,8.040108680725098,0.8571766423929496,-0.5148901451222901,-0.011676565929102125,8.433496365932868,108,-15.169435209698147,-6.695433872717398,0.1006729100589399,-13.918499324539752,-6.773025460698271,-0.8134752820721483,0.932835578918457,1.2333765029907227,1.9294939637184143,Online,true,1778159015.5718763,0.0,map,odom
1778159015,571876212,1778159015.5718763,,x,17,,-0.7172383873594451,-0.6968183123056341,-0.0036517575974278267,-5.527136325836182,-0.6379989422426959,-0.7695880873603987,-0.026296872250604324,-4.095721192777728,105,-10.9355988184611,3.327577150435675,-0.32582460599286217,-10.784966382487218,3.6539493083912347,-0.978366625240644,0.6955575942993164,0.710240364074707,1.986428678035736,Online,true,1778159015.5718763,0.0,map,odom
1778159015,571876212,1778159015.5718763,,x,3,,-0.9245688297567782,0.3773829630125769,0.05248407634730378,4.171250343322754,-0.9602211348718984,0.2745693369936919,0.05086306447873547,4.211182093167311,430,2.3675468929978303,-5.381910201283389,0.9355445097005645,3.3677353961071224,-3.6020219675171106,0.23481967762190165,6.244705319404602,15.457261323928833,2.715783953666687,Online,true,1778159015.5718763,0.0,map,odom
1778159015,571876212,1778159015.5718763,,y,48,,-0.7232655765796431,-0.6905266530829356,0.007736091842486541,-3.723485231399536,-0.6447613485922677,-0.7642398706269085,-0.014839929435364309,-2.2901989826167224,290,-16.98811299554233,12.167134067930025,-0.06245957481963881,-17.755889558319755,11.783757692841855,-0.5878525924663789,4.649208068847656,4.6517181396484375,2.483618378639221,Online,true,1778159015.5718763,0.0,map,odom
1778159015,571876212,1778159015.5718763,,y,42,,-0.6155243056669703,-0.7879174526739715,0.017774051450188996,-4.374574661254883,-0.5272472009813016,-0.8496923343100958,-0.005772873811469594,-2.8583537343420975,2167,-13.433652161341634,4.824584061394213,-0.12045613608233215,-13.431259065769881,4.868842850689969,-0.7670727089697439,4.727011680603027,3.352051258087158,2.096318781375885,Online,true,1778159015.5718763,0.0,map,odom
1778159015,571876212,1778159015.5718763,,y,33,,-0.6176813392000559,0.7858897634847627,0.029104000650931505,6.5708746910095215,-0.6989147776835375,0.7141096996802012,0.039566025302324705,5.822833088186207,103,-0.5939090888477067,-8.962351720309952,0.43347229135846627,0.8131532919888582,-7.467650839065602,-0.37582196587971006,4.125342845916748,3.200772285461426,2.2748732566833496,Online,true,1778159015.5718763,0.0,map,odom
1778159015,571876212,1778159015.5718763,,y,58,,-0.6682395911016394,-0.7430658313719773,0.036180369425778944,-5.660433769226074,-0.5846334043068855,-0.811192769894576,0.013041190103183919,-4.165666308531956,255,-14.171077122407802,5.113450814228432,-0.15220619977689256,-14.195212205250096,5.077446350481122,-0.8003566569663103,3.390446662902832,3.05039119720459,3.1172831058502197,Online,true,1778159015.5718763,0.0,map,odom
1778159015,571876212,1778159015.5718763,,y,32,,-0.6168745268920371,0.7869615097584232,-0.012545924855053243,6.628934860229492,-0.6978875173741973,0.7162044756524759,-0.002040134466541124,5.851925855227687,136,-0.4712555724031785,-8.900674199356752,0.6430949673933142,0.9267359080776881,-7.397912537284321,-0.16363048022999818,3.3181045055389404,2.550381660461426,0.969886988401413,Online,true,1778159015.5718763,0.0,map,odom
1778159015,571876212,1778159015.5718763,,y,13,,-0.611206542118671,-0.7913755315620268,0.012301663150030798,-4.240198612213135,-0.5225376480546218,-0.8525416876913224,-0.011272848529814814,-2.7250962296846963,2373,-13.26414333613573,5.136411208017336,-0.1396339188725874,-13.296154501465535,5.197431937699545,-0.7777107139001779,5.342236518859863,4.082286834716797,2.8695333003997803,Online,true,1778159015.5718763,0.0,map,odom
1778159015,571876212,1778159015.5718763,,y,4,,-0.3713471578752729,-0.9283431736618463,-0.016740377935050125,2.786895990371704,-0.2690974445328073,-0.962251137499596,-0.040734674745802904,4.338076965080644,180,0.42258465157614816,2.8112579663594564,1.3165822989410825,0.5489793835764917,4.323992802952399,0.7723854324676993,2.7865735292434692,1.1047182083129883,1.2358481884002686,Online,true,1778159015.5718763,0.0,map,odom
1778159015,571876212,1778159015.5718763,,x,51,,0.887127899175353,-0.4603729664875981,-0.03257026607403937,23.794401168823242,0.9317706516789896,-0.3615312477274693,-0.03314528000078036,23.90951576433031,148,-22.450791539372624,8.328776646304775,0.8815824484100213,-22.781131039561817,7.360284701581598,0.21520074436007683,1.2214775085449219,3.0157370567321777,1.1672379672527313,Online,true,1778159015.5718763,0.0,map,odom
1778159015,571876212,1778159015.5718763,,x,54,,-0.7222823590419037,-0.6915763106484218,0.005513652762019614,-6.514186382293701,-0.6436527045503567,-0.765127226776477,-0.017074037904048246,-5.081407631299598,377,-13.514956732327489,4.69355556376733,-0.38219513398266597,-13.495842238067388,4.73579556874056,-1.0324283912101822,3.7485342025756836,3.913433074951172,2.4349993467330933,Online,true,1778159015.5718763,0.0,map,odom
1778159015,571876212,1778159015.5718763,,x,28,,-0.7236198784885911,0.689943850227798,-0.018755132337537363,5.983919620513916,-0.793513545929508,0.6084444231945285,-0.011473286793950571,5.4066215063294365,1278,-0.7471472122859507,-9.547951891202135,0.9499653231276779,0.719631527964916,-8.07786677340521,0.12623851615594278,11.568079471588135,12.555029153823853,2.131363868713379,Online,true,1778159015.5718763,0.0,map,odom
1778159015,571876212,1778159015.5718763,,x,49,,0.6983375036994575,-0.7155673589666058,-0.01697308776760337,21.528017044067383,0.7714296213429207,-0.6358207649842844,-0.02506579600805407,22.134278758927987,432,-20.83910083329236,9.746493054760826,0.3363563078455627,-21.32702978733959,8.954943898868253,-0.2821822911574951,2.2757015228271484,2.3155956268310547,1.9187489748001099,Online,true,1778159015.5718763,0.0,map,odom
1778159015,571876212,1778159015.5718763,,x,23,,0.7967185439487445,-0.6043096827358483,-0.007026313392589088,8.040108680725098,0.8571766423929496,-0.5148901451222901,-0.011676565929102125,8.433496365932868,108,-15.169435209698147,-6.695433872717398,0.1006729100589399,-13.918499324539752,-6.773025460698271,-0.8134752820721483,0.932835578918457,1.2333765029907227,1.9294939637184143,Online,true,1778159015.5718763,0.0,map,odom
1778159015,571876212,1778159015.5718763,,x,17,,-0.7172383873594451,-0.6968183123056341,-0.0036517575974278267,-5.527136325836182,-0.6379989422426959,-0.7695880873603987,-0.026296872250604324,-4.095721192777728,105,-10.9355988184611,3.327577150435675,-0.32582460599286217,-10.784966382487218,3.6539493083912347,-0.978366625240644,0.6955575942993164,0.710240364074707,1.986428678035736,Online,true,1778159015.5718763,0.0,map,odom
1778159015,571876212,1778159015.5718763,,x,3,,-0.9245688297567782,0.3773829630125769,0.05248407634730378,4.171250343322754,-0.9602211348718984,0.2745693369936919,0.05086306447873547,4.211182093167311,430,2.3675468929978303,-5.381910201283389,0.9355445097005645,3.3677353961071224,-3.6020219675171106,0.23481967762190165,6.244705319404602,15.457261323928833,2.715783953666687,Online,true,1778159015.5718763,0.0,map,odom
1778159015,571876212,1778159015.5718763,,y,48,,-0.7232655765796431,-0.6905266530829356,0.007736091842486541,-3.723485231399536,-0.6447613485922677,-0.7642398706269085,-0.014839929435364309,-2.2901989826167224,290,-16.98811299554233,12.167134067930025,-0.06245957481963881,-17.755889558319755,11.783757692841855,-0.5878525924663789,4.649208068847656,4.6517181396484375,2.483618378639221,Online,true,1778159015.5718763,0.0,map,odom
1778159015,571876212,1778159015.5718763,,y,42,,-0.6155243056669703,-0.7879174526739715,0.017774051450188996,-4.374574661254883,-0.5272472009813016,-0.8496923343100958,-0.005772873811469594,-2.8583537343420975,2167,-13.433652161341634,4.824584061394213,-0.12045613608233215,-13.431259065769881,4.868842850689969,-0.7670727089697439,4.727011680603027,3.352051258087158,2.096318781375885,Online,true,1778159015.5718763,0.0,map,odom
1778159015,571876212,1778159015.5718763,,y,33,,-0.6176813392000559,0.7858897634847627,0.029104000650931505,6.5708746910095215,-0.6989147776835375,0.7141096996802012,0.039566025302324705,5.822833088186207,103,-0.5939090888477067,-8.962351720309952,0.43347229135846627,0.8131532919888582,-7.467650839065602,-0.37582196587971006,4.125342845916748,3.200772285461426,2.2748732566833496,Online,true,1778159015.5718763,0.0,map,odom
1778159015,571876212,1778159015.5718763,,y,58,,-0.6682395911016394,-0.7430658313719773,0.036180369425778944,-5.660433769226074,-0.5846334043068855,-0.811192769894576,0.013041190103183919,-4.165666308531956,255,-14.171077122407802,5.113450814228432,-0.15220619977689256,-14.195212205250096,5.077446350481122,-0.8003566569663103,3.390446662902832,3.05039119720459,3.1172831058502197,Online,true,1778159015.5718763,0.0,map,odom
1778159015,571876212,1778159015.5718763,,y,32,,-0.6168745268920371,0.7869615097584232,-0.012545924855053243,6.628934860229492,-0.6978875173741973,0.7162044756524759,-0.002040134466541124,5.851925855227687,136,-0.4712555724031785,-8.900674199356752,0.6430949673933142,0.9267359080776881,-7.397912537284321,-0.16363048022999818,3.3181045055389404,2.550381660461426,0.969886988401413,Online,true,1778159015.5718763,0.0,map,odom
1778159015,571876212,1778159015.5718763,,y,13,,-0.611206542118671,-0.7913755315620268,0.012301663150030798,-4.240198612213135,-0.5225376480546218,-0.8525416876913224,-0.011272848529814814,-2.7250962296846963,2373,-13.26414333613573,5.136411208017336,-0.1396339188725874,-13.296154501465535,5.197431937699545,-0.7777107139001779,5.342236518859863,4.082286834716797,2.8695333003997803,Online,true,1778159015.5718763,0.0,map,odom
1778159015,571876212,1778159015.5718763,,y,4,,-0.3713471578752729,-0.9283431736618463,-0.016740377935050125,2.786895990371704,-0.2690974445328073,-0.962251137499596,-0.040734674745802904,4.338076965080644,180,0.42258465157614816,2.8112579663594564,1.3165822989410825,0.5489793835764917,4.323992802952399,0.7723854324676993,2.7865735292434692,1.1047182083129883,1.2358481884002686,Online,true,1778159015.5718763,0.0,map,odom
1778159015,571876212,1778159015.5718763,,x,51,,0.887127899175353,-0.4603729664875981,-0.03257026607403937,23.794401168823242,0.9317706516789896,-0.3615312477274693,-0.03314528000078036,23.90951576433031,148,-22.450791539372624,8.328776646304775,0.8815824484100213,-22.781131039561817,7.360284701581598,0.21520074436007683,1.2214775085449219,3.0157370567321777,1.1672379672527313,Online,true,1778159015.5718763,0.0,map,odom
1778159015,571876212,1778159015.5718763,,x,54,,-0.7222823590419037,-0.6915763106484218,0.005513652762019614,-6.514186382293701,-0.6436527045503567,-0.765127226776477,-0.017074037904048246,-5.081407631299598,377,-13.514956732327489,4.69355556376733,-0.38219513398266597,-13.495842238067388,4.73579556874056,-1.0324283912101822,3.7485342025756836,3.913433074951172,2.4349993467330933,Online,true,1778159015.5718763,0.0,map,odom
1778159015,571876212,1778159015.5718763,,x,28,,-0.7236198784885911,0.689943850227798,-0.018755132337537363,5.983919620513916,-0.793513545929508,0.6084444231945285,-0.011473286793950571,5.4066215063294365,1278,-0.7471472122859507,-9.547951891202135,0.9499653231276779,0.719631527964916,-8.07786677340521,0.12623851615594278,11.568079471588135,12.555029153823853,2.131363868713379,Online,true,1778159015.5718763,0.0,map,odom
1778159015,571876212,1778159015.5718763,,x,49,,0.6983375036994575,-0.7155673589666058,-0.01697308776760337,21.528017044067383,0.7714296213429207,-0.6358207649842844,-0.02506579600805407,22.134278758927987,432,-20.83910083329236,9.746493054760826,0.3363563078455627,-21.32702978733959,8.954943898868253,-0.2821822911574951,2.2757015228271484,2.3155956268310547,1.9187489748001099,Online,true,1778159015.5718763,0.0,map,odom
1778159015,571876212,1778159015.5718763,,x,23,,0.7967185439487445,-0.6043096827358483,-0.007026313392589088,8.040108680725098,0.8571766423929496,-0.5148901451222901,-0.011676565929102125,8.433496365932868,108,-15.169435209698147,-6.695433872717398,0.1006729100589399,-13.918499324539752,-6.773025460698271,-0.8134752820721483,0.932835578918457,1.2333765029907227,1.9294939637184143,Online,true,1778159015.5718763,0.0,map,odom
1778159015,571876212,1778159015.5718763,,x,17,,-0.7172383873594451,-0.6968183123056341,-0.0036517575974278267,-5.527136325836182,-0.6379989422426959,-0.7695880873603987,-0.026296872250604324,-4.095721192777728,105,-10.9355988184611,3.327577150435675,-0.32582460599286217,-10.784966382487218,3.6539493083912347,-0.978366625240644,0.6955575942993164,0.710240364074707,1.986428678035736,Online,true,1778159015.5718763,0.0,map,odom
1778159015,571876212,1778159015.5718763,,x,3,,-0.9245688297567782,0.3773829630125769,0.05248407634730378,4.171250343322754,-0.9602211348718984,0.2745693369936919,0.05086306447873547,4.211182093167311,430,2.3675468929978303,-5.381910201283389,0.9355445097005645,3.3677353961071224,-3.6020219675171106,0.23481967762190165,6.244705319404602,15.457261323928833,2.715783953666687,Online,true,1778159015.5718763,0.0,map,odom
1778159015,571876212,1778159015.5718763,,y,48,,-0.7232655765796431,-0.6905266530829356,0.007736091842486541,-3.723485231399536,-0.6447613485922677,-0.7642398706269085,-0.014839929435364309,-2.2901989826167224,290,-16.98811299554233,12.167134067930025,-0.06245957481963881,-17.755889558319755,11.783757692841855,-0.5878525924663789,4.649208068847656,4.6517181396484375,2.483618378639221,Online,true,1778159015.5718763,0.0,map,odom
1778159015,571876212,1778159015.5718763,,y,42,,-0.6155243056669703,-0.7879174526739715,0.017774051450188996,-4.374574661254883,-0.5272472009813016,-0.8496923343100958,-0.005772873811469594,-2.8583537343420975,2167,-13.433652161341634,4.824584061394213,-0.12045613608233215,-13.431259065769881,4.868842850689969,-0.7670727089697439,4.727011680603027,3.352051258087158,2.096318781375885,Online,true,1778159015.5718763,0.0,map,odom
1778159015,571876212,1778159015.5718763,,y,33,,-0.6176813392000559,0.7858897634847627,0.029104000650931505,6.5708746910095215,-0.6989147776835375,0.7141096996802012,0.039566025302324705,5.822833088186207,103,-0.5939090888477067,-8.962351720309952,0.43347229135846627,0.8131532919888582,-7.467650839065602,-0.37582196587971006,4.125342845916748,3.200772285461426,2.2748732566833496,Online,true,1778159015.5718763,0.0,map,odom
1778159015,571876212,1778159015.5718763,,y,58,,-0.6682395911016394,-0.7430658313719773,0.036180369425778944,-5.660433769226074,-0.5846334043068855,-0.811192769894576,0.013041190103183919,-4.165666308531956,255,-14.171077122407802,5.113450814228432,-0.15220619977689256,-14.195212205250096,5.077446350481122,-0.8003566569663103,3.390446662902832,3.05039119720459,3.1172831058502197,Online,true,1778159015.5718763,0.0,map,odom
1778159015,571876212,1778159015.5718763,,y,32,,-0.6168745268920371,0.7869615097584232,-0.012545924855053243,6.628934860229492,-0.6978875173741973,0.7162044756524759,-0.002040134466541124,5.851925855227687,136,-0.4712555724031785,-8.900674199356752,0.6430949673933142,0.9267359080776881,-7.397912537284321,-0.16363048022999818,3.3181045055389404,2.550381660461426,0.969886988401413,Online,true,1778159015.5718763,0.0,map,odom
1778159015,571876212,1778159015.5718763,,y,13,,-0.611206542118671,-0.7913755315620268,0.012301663150030798,-4.240198612213135,-0.5225376480546218,-0.8525416876913224,-0.011272848529814814,-2.7250962296846963,2373,-13.26414333613573,5.136411208017336,-0.1396339188725874,-13.296154501465535,5.197431937699545,-0.7777107139001779,5.342236518859863,4.082286834716797,2.8695333003997803,Online,true,1778159015.5718763,0.0,map,odom
1778159015,571876212,1778159015.5718763,,y,4,,-0.3713471578752729,-0.9283431736618463,-0.016740377935050125,2.786895990371704,-0.2690974445328073,-0.962251137499596,-0.040734674745802904,4.338076965080644,180,0.42258465157614816,2.8112579663594564,1.3165822989410825,0.5489793835764917,4.323992802952399,0.7723854324676993,2.7865735292434692,1.1047182083129883,1.2358481884002686,Online,true,1778159015.5718763,0.0,map,odom
1778159015,571876212,1778159015.5718763,,x,51,,0.887127899175353,-0.4603729664875981,-0.03257026607403937,23.794401168823242,0.9317706516789896,-0.3615312477274693,-0.03314528000078036,23.90951576433031,148,-22.450791539372624,8.328776646304775,0.8815824484100213,-22.781131039561817,7.360284701581598,0.21520074436007683,1.2214775085449219,3.0157370567321777,1.1672379672527313,Online,true,1778159015.5718763,0.0,map,odom
1778159015,571876212,1778159015.5718763,,x,54,,-0.7222823590419037,-0.6915763106484218,0.005513652762019614,-6.514186382293701,-0.6436527045503567,-0.765127226776477,-0.017074037904048246,-5.081407631299598,377,-13.514956732327489,4.69355556376733,-0.38219513398266597,-13.495842238067388,4.73579556874056,-1.0324283912101822,3.7485342025756836,3.913433074951172,2.4349993467330933,Online,true,1778159015.5718763,0.0,map,odom
1778159015,571876212,1778159015.5718763,,x,28,,-0.7236198784885911,0.689943850227798,-0.018755132337537363,5.983919620513916,-0.793513545929508,0.6084444231945285,-0.011473286793950571,5.4066215063294365,1278,-0.7471472122859507,-9.547951891202135,0.9499653231276779,0.719631527964916,-8.07786677340521,0.12623851615594278,11.568079471588135,12.555029153823853,2.131363868713379,Online,true,1778159015.5718763,0.0,map,odom
1778159015,571876212,1778159015.5718763,,x,49,,0.6983375036994575,-0.7155673589666058,-0.01697308776760337,21.528017044067383,0.7714296213429207,-0.6358207649842844,-0.02506579600805407,22.134278758927987,432,-20.83910083329236,9.746493054760826,0.3363563078455627,-21.32702978733959,8.954943898868253,-0.2821822911574951,2.2757015228271484,2.3155956268310547,1.9187489748001099,Online,true,1778159015.5718763,0.0,map,odom
1778159015,571876212,1778159015.5718763,,x,23,,0.7967185439487445,-0.6043096827358483,-0.007026313392589088,8.040108680725098,0.8571766423929496,-0.5148901451222901,-0.011676565929102125,8.433496365932868,108,-15.169435209698147,-6.695433872717398,0.1006729100589399,-13.918499324539752,-6.773025460698271,-0.8134752820721483,0.932835578918457,1.2333765029907227,1.9294939637184143,Online,true,1778159015.5718763,0.0,map,odom
1778159015,571876212,1778159015.5718763,,x,17,,-0.7172383873594451,-0.6968183123056341,-0.0036517575974278267,-5.527136325836182,-0.6379989422426959,-0.7695880873603987,-0.026296872250604324,-4.095721192777728,105,-10.9355988184611,3.327577150435675,-0.32582460599286217,-10.784966382487218,3.6539493083912347,-0.978366625240644,0.6955575942993164,0.710240364074707,1.986428678035736,Online,true,1778159015.5718763,0.0,map,odom
1778159015,571876212,1778159015.5718763,,x,3,,-0.9245688297567782,0.3773829630125769,0.05248407634730378,4.171250343322754,-0.9602211348718984,0.2745693369936919,0.05086306447873547,4.211182093167311,430,2.3675468929978303,-5.381910201283389,0.9355445097005645,3.3677353961071224,-3.6020219675171106,0.23481967762190165,6.244705319404602,15.457261323928833,2.715783953666687,Online,true,1778159015.5718763,0.0,map,odom
1778159015,571876212,1778159015.5718763,,y,48,,-0.7232655765796431,-0.6905266530829356,0.007736091842486541,-3.723485231399536,-0.6447613485922677,-0.7642398706269085,-0.014839929435364309,-2.2901989826167224,290,-16.98811299554233,12.167134067930025,-0.06245957481963881,-17.755889558319755,11.783757692841855,-0.5878525924663789,4.649208068847656,4.6517181396484375,2.483618378639221,Online,true,1778159015.5718763,0.0,map,odom
1778159015,571876212,1778159015.5718763,,y,42,,-0.6155243056669703,-0.7879174526739715,0.017774051450188996,-4.374574661254883,-0.5272472009813016,-0.8496923343100958,-0.005772873811469594,-2.8583537343420975,2167,-13.433652161341634,4.824584061394213,-0.12045613608233215,-13.431259065769881,4.868842850689969,-0.7670727089697439,4.727011680603027,3.352051258087158,2.096318781375885,Online,true,1778159015.5718763,0.0,map,odom
1778159015,571876212,1778159015.5718763,,y,33,,-0.6176813392000559,0.7858897634847627,0.029104000650931505,6.5708746910095215,-0.6989147776835375,0.7141096996802012,0.039566025302324705,5.822833088186207,103,-0.5939090888477067,-8.962351720309952,0.43347229135846627,0.8131532919888582,-7.467650839065602,-0.37582196587971006,4.125342845916748,3.200772285461426,2.2748732566833496,Online,true,1778159015.5718763,0.0,map,odom
1778159015,571876212,1778159015.5718763,,y,58,,-0.6682395911016394,-0.7430658313719773,0.036180369425778944,-5.660433769226074,-0.5846334043068855,-0.811192769894576,0.013041190103183919,-4.165666308531956,255,-14.171077122407802,5.113450814228432,-0.15220619977689256,-14.195212205250096,5.077446350481122,-0.8003566569663103,3.390446662902832,3.05039119720459,3.1172831058502197,Online,true,1778159015.5718763,0.0,map,odom
1778159015,571876212,1778159015.5718763,,y,32,,-0.6168745268920371,0.7869615097584232,-0.012545924855053243,6.628934860229492,-0.6978875173741973,0.7162044756524759,-0.002040134466541124,5.851925855227687,136,-0.4712555724031785,-8.900674199356752,0.6430949673933142,0.9267359080776881,-7.397912537284321,-0.16363048022999818,3.3181045055389404,2.550381660461426,0.969886988401413,Online,true,1778159015.5718763,0.0,map,odom
1778159015,571876212,1778159015.5718763,,y,13,,-0.611206542118671,-0.7913755315620268,0.012301663150030798,-4.240198612213135,-0.5225376480546218,-0.8525416876913224,-0.011272848529814814,-2.7250962296846963,2373,-13.26414333613573,5.136411208017336,-0.1396339188725874,-13.296154501465535,5.197431937699545,-0.7777107139001779,5.342236518859863,4.082286834716797,2.8695333003997803,Online,true,1778159015.5718763,0.0,map,odom
1778159015,571876212,1778159015.5718763,,y,4,,-0.3713471578752729,-0.9283431736618463,-0.016740377935050125,2.786895990371704,-0.2690974445328073,-0.962251137499596,-0.040734674745802904,4.338076965080644,180,0.42258465157614816,2.8112579663594564,1.3165822989410825,0.5489793835764917,4.323992802952399,0.7723854324676993,2.7865735292434692,1.1047182083129883,1.2358481884002686,Online,true,1778159015.5718763,0.0,map,odom
1778159015,571876212,1778159015.5718763,,x,51,,0.887127899175353,-0.4603729664875981,-0.03257026607403937,23.794401168823242,0.9317706516789896,-0.3615312477274693,-0.03314528000078036,23.90951576433031,148,-22.450791539372624,8.328776646304775,0.8815824484100213,-22.781131039561817,7.360284701581598,0.21520074436007683,1.2214775085449219,3.0157370567321777,1.1672379672527313,Online,true,1778159015.5718763,0.0,map,odom
1778159015,571876212,1778159015.5718763,,x,54,,-0.7222823590419037,-0.6915763106484218,0.005513652762019614,-6.514186382293701,-0.6436527045503567,-0.765127226776477,-0.017074037904048246,-5.081407631299598,377,-13.514956732327489,4.69355556376733,-0.38219513398266597,-13.495842238067388,4.73579556874056,-1.0324283912101822,3.7485342025756836,3.913433074951172,2.4349993467330933,Online,true,1778159015.5718763,0.0,map,odom
1778159015,571876212,1778159015.5718763,,x,28,,-0.7236198784885911,0.689943850227798,-0.018755132337537363,5.983919620513916,-0.793513545929508,0.6084444231945285,-0.011473286793950571,5.4066215063294365,1278,-0.7471472122859507,-9.547951891202135,0.9499653231276779,0.719631527964916,-8.07786677340521,0.12623851615594278,11.568079471588135,12.555029153823853,2.131363868713379,Online,true,1778159015.5718763,0.0,map,odom
1778159015,571876212,1778159015.5718763,,x,49,,0.6983375036994575,-0.7155673589666058,-0.01697308776760337,21.528017044067383,0.7714296213429207,-0.6358207649842844,-0.02506579600805407,22.134278758927987,432,-20.83910083329236,9.746493054760826,0.3363563078455627,-21.32702978733959,8.954943898868253,-0.2821822911574951,2.2757015228271484,2.3155956268310547,1.9187489748001099,Online,true,1778159015.5718763,0.0,map,odom
1778159015,571876212,1778159015.5718763,,x,23,,0.7967185439487445,-0.6043096827358483,-0.007026313392589088,8.040108680725098,0.8571766423929496,-0.5148901451222901,-0.011676565929102125,8.433496365932868,108,-15.169435209698147,-6.695433872717398,0.1006729100589399,-13.918499324539752,-6.773025460698271,-0.8134752820721483,0.932835578918457,1.2333765029907227,1.9294939637184143,Online,true,1778159015.5718763,0.0,map,odom
1778159015,571876212,1778159015.5718763,,x,17,,-0.7172383873594451,-0.6968183123056341,-0.0036517575974278267,-5.527136325836182,-0.6379989422426959,-0.7695880873603987,-0.026296872250604324,-4.095721192777728,105,-10.9355988184611,3.327577150435675,-0.32582460599286217,-10.784966382487218,3.6539493083912347,-0.978366625240644,0.6955575942993164,0.710240364074707,1.986428678035736,Online,true,1778159015.5718763,0.0,map,odom
1778159015,571876212,1778159015.5718763,,x,3,,-0.9245688297567782,0.3773829630125769,0.05248407634730378,4.171250343322754,-0.9602211348718984,0.2745693369936919,0.05086306447873547,4.211182093167311,430,2.3675468929978303,-5.381910201283389,0.9355445097005645,3.3677353961071224,-3.6020219675171106,0.23481967762190165,6.244705319404602,15.457261323928833,2.715783953666687,Online,true,1778159015.5718763,0.0,map,odom
1778159015,571876212,1778159015.5718763,,y,48,,-0.7232655765796431,-0.6905266530829356,0.007736091842486541,-3.723485231399536,-0.6447613485922677,-0.7642398706269085,-0.014839929435364309,-2.2901989826167224,290,-16.98811299554233,12.167134067930025,-0.06245957481963881,-17.755889558319755,11.783757692841855,-0.5878525924663789,4.649208068847656,4.6517181396484375,2.483618378639221,Online,true,1778159015.5718763,0.0,map,odom
1778159015,571876212,1778159015.5718763,,y,42,,-0.6155243056669703,-0.7879174526739715,0.017774051450188996,-4.374574661254883,-0.5272472009813016,-0.8496923343100958,-0.005772873811469594,-2.8583537343420975,2167,-13.433652161341634,4.824584061394213,-0.12045613608233215,-13.431259065769881,4.868842850689969,-0.7670727089697439,4.727011680603027,3.352051258087158,2.096318781375885,Online,true,1778159015.5718763,0.0,map,odom
1778159015,571876212,1778159015.5718763,,y,33,,-0.6176813392000559,0.7858897634847627,0.029104000650931505,6.5708746910095215,-0.6989147776835375,0.7141096996802012,0.039566025302324705,5.822833088186207,103,-0.5939090888477067,-8.962351720309952,0.43347229135846627,0.8131532919888582,-7.467650839065602,-0.37582196587971006,4.125342845916748,3.200772285461426,2.2748732566833496,Online,true,1778159015.5718763,0.0,map,odom
1778159015,571876212,1778159015.5718763,,y,58,,-0.6682395911016394,-0.7430658313719773,0.036180369425778944,-5.660433769226074,-0.5846334043068855,-0.811192769894576,0.013041190103183919,-4.165666308531956,255,-14.171077122407802,5.113450814228432,-0.15220619977689256,-14.195212205250096,5.077446350481122,-0.8003566569663103,3.390446662902832,3.05039119720459,3.1172831058502197,Online,true,1778159015.5718763,0.0,map,odom
1778159015,571876212,1778159015.5718763,,y,32,,-0.6168745268920371,0.7869615097584232,-0.012545924855053243,6.628934860229492,-0.6978875173741973,0.7162044756524759,-0.002040134466541124,5.851925855227687,136,-0.4712555724031785,-8.900674199356752,0.6430949673933142,0.9267359080776881,-7.397912537284321,-0.16363048022999818,3.3181045055389404,2.550381660461426,0.969886988401413,Online,true,1778159015.5718763,0.0,map,odom
1778159015,571876212,1778159015.5718763,,y,13,,-0.611206542118671,-0.7913755315620268,0.012301663150030798,-4.240198612213135,-0.5225376480546218,-0.8525416876913224,-0.011272848529814814,-2.7250962296846963,2373,-13.26414333613573,5.136411208017336,-0.1396339188725874,-13.296154501465535,5.197431937699545,-0.7777107139001779,5.342236518859863,4.082286834716797,2.8695333003997803,Online,true,1778159015.5718763,0.0,map,odom
1778159015,571876212,1778159015.5718763,,y,4,,-0.3713471578752729,-0.9283431736618463,-0.016740377935050125,2.786895990371704,-0.2690974445328073,-0.962251137499596,-0.040734674745802904,4.338076965080644,180,0.42258465157614816,2.8112579663594564,1.3165822989410825,0.5489793835764917,4.323992802952399,0.7723854324676993,2.7865735292434692,1.1047182083129883,1.2358481884002686,Online,true,1778159015.5718763,0.0,map,odom
1778159015,571876212,1778159015.5718763,,x,51,,0.887127899175353,-0.4603729664875981,-0.03257026607403937,23.794401168823242,0.9317706516789896,-0.3615312477274693,-0.03314528000078036,23.90951576433031,148,-22.450791539372624,8.328776646304775,0.8815824484100213,-22.781131039561817,7.360284701581598,0.21520074436007683,1.2214775085449219,3.0157370567321777,1.1672379672527313,Online,true,1778159015.5718763,0.0,map,odom
1778159015,571876212,1778159015.5718763,,x,54,,-0.7222823590419037,-0.6915763106484218,0.005513652762019614,-6.514186382293701,-0.6436527045503567,-0.765127226776477,-0.017074037904048246,-5.081407631299598,377,-13.514956732327489,4.69355556376733,-0.38219513398266597,-13.495842238067388,4.73579556874056,-1.0324283912101822,3.7485342025756836,3.913433074951172,2.4349993467330933,Online,true,1778159015.5718763,0.0,map,odom
1778159015,571876212,1778159015.5718763,,x,28,,-0.7236198784885911,0.689943850227798,-0.018755132337537363,5.983919620513916,-0.793513545929508,0.6084444231945285,-0.011473286793950571,5.4066215063294365,1278,-0.7471472122859507,-9.547951891202135,0.9499653231276779,0.719631527964916,-8.07786677340521,0.12623851615594278,11.568079471588135,12.555029153823853,2.131363868713379,Online,true,1778159015.5718763,0.0,map,odom
1778159015,571876212,1778159015.5718763,,x,49,,0.6983375036994575,-0.7155673589666058,-0.01697308776760337,21.528017044067383,0.7714296213429207,-0.6358207649842844,-0.02506579600805407,22.134278758927987,432,-20.83910083329236,9.746493054760826,0.3363563078455627,-21.32702978733959,8.954943898868253,-0.2821822911574951,2.2757015228271484,2.3155956268310547,1.9187489748001099,Online,true,1778159015.5718763,0.0,map,odom
1778159015,571876212,1778159015.5718763,,x,23,,0.7967185439487445,-0.6043096827358483,-0.007026313392589088,8.040108680725098,0.8571766423929496,-0.5148901451222901,-0.011676565929102125,8.433496365932868,108,-15.169435209698147,-6.695433872717398,0.1006729100589399,-13.918499324539752,-6.773025460698271,-0.8134752820721483,0.932835578918457,1.2333765029907227,1.9294939637184143,Online,true,1778159015.5718763,0.0,map,odom
1778159015,571876212,1778159015.5718763,,x,17,,-0.7172383873594451,-0.6968183123056341,-0.0036517575974278267,-5.527136325836182,-0.6379989422426959,-0.7695880873603987,-0.026296872250604324,-4.095721192777728,105,-10.9355988184611,3.327577150435675,-0.32582460599286217,-10.784966382487218,3.6539493083912347,-0.978366625240644,0.6955575942993164,0.710240364074707,1.986428678035736,Online,true,1778159015.5718763,0.0,map,odom
1778159015,571876212,1778159015.5718763,,x,3,,-0.9245688297567782,0.3773829630125769,0.05248407634730378,4.171250343322754,-0.9602211348718984,0.2745693369936919,0.05086306447873547,4.211182093167311,430,2.3675468929978303,-5.381910201283389,0.9355445097005645,3.3677353961071224,-3.6020219675171106,0.23481967762190165,6.244705319404602,15.457261323928833,2.715783953666687,Online,true,1778159015.5718763,0.0,map,odom
1778159015,571876212,1778159015.5718763,,y,48,,-0.7232655765796431,-0.6905266530829356,0.007736091842486541,-3.723485231399536,-0.6447613485922677,-0.7642398706269085,-0.014839929435364309,-2.2901989826167224,290,-16.98811299554233,12.167134067930025,-0.06245957481963881,-17.755889558319755,11.783757692841855,-0.5878525924663789,4.649208068847656,4.6517181396484375,2.483618378639221,Online,true,1778159015.5718763,0.0,map,odom
1778159015,571876212,1778159015.5718763,,y,42,,-0.6155243056669703,-0.7879174526739715,0.017774051450188996,-4.374574661254883,-0.5272472009813016,-0.8496923343100958,-0.005772873811469594,-2.8583537343420975,2167,-13.433652161341634,4.824584061394213,-0.12045613608233215,-13.431259065769881,4.868842850689969,-0.7670727089697439,4.727011680603027,3.352051258087158,2.096318781375885,Online,true,1778159015.5718763,0.0,map,odom
1778159015,571876212,1778159015.5718763,,y,33,,-0.6176813392000559,0.7858897634847627,0.029104000650931505,6.5708746910095215,-0.6989147776835375,0.7141096996802012,0.039566025302324705,5.822833088186207,103,-0.5939090888477067,-8.962351720309952,0.43347229135846627,0.8131532919888582,-7.467650839065602,-0.37582196587971006,4.125342845916748,3.200772285461426,2.2748732566833496,Online,true,1778159015.5718763,0.0,map,odom
1778159015,571876212,1778159015.5718763,,y,58,,-0.6682395911016394,-0.7430658313719773,0.036180369425778944,-5.660433769226074,-0.5846334043068855,-0.811192769894576,0.013041190103183919,-4.165666308531956,255,-14.171077122407802,5.113450814228432,-0.15220619977689256,-14.195212205250096,5.077446350481122,-0.8003566569663103,3.390446662902832,3.05039119720459,3.1172831058502197,Online,true,1778159015.5718763,0.0,map,odom
1778159015,571876212,1778159015.5718763,,y,32,,-0.6168745268920371,0.7869615097584232,-0.012545924855053243,6.628934860229492,-0.6978875173741973,0.7162044756524759,-0.002040134466541124,5.851925855227687,136,-0.4712555724031785,-8.900674199356752,0.6430949673933142,0.9267359080776881,-7.397912537284321,-0.16363048022999818,3.3181045055389404,2.550381660461426,0.969886988401413,Online,true,1778159015.5718763,0.0,map,odom
1778159015,571876212,1778159015.5718763,,y,13,,-0.611206542118671,-0.7913755315620268,0.012301663150030798,-4.240198612213135,-0.5225376480546218,-0.8525416876913224,-0.011272848529814814,-2.7250962296846963,2373,-13.26414333613573,5.136411208017336,-0.1396339188725874,-13.296154501465535,5.197431937699545,-0.7777107139001779,5.342236518859863,4.082286834716797,2.8695333003997803,Online,true,1778159015.5718763,0.0,map,odom
1778159015,571876212,1778159015.5718763,,y,4,,-0.3713471578752729,-0.9283431736618463,-0.016740377935050125,2.786895990371704,-0.2690974445328073,-0.962251137499596,-0.040734674745802904,4.338076965080644,180,0.42258465157614816,2.8112579663594564,1.3165822989410825,0.5489793835764917,4.323992802952399,0.7723854324676993,2.7865735292434692,1.1047182083129883,1.2358481884002686,Online,true,1778159015.5718763,0.0,map,odom
1778159015,571876212,1778159015.5718763,,x,51,,0.887127899175353,-0.4603729664875981,-0.03257026607403937,23.794401168823242,0.9317706516789896,-0.3615312477274693,-0.03314528000078036,23.90951576433031,148,-22.450791539372624,8.328776646304775,0.8815824484100213,-22.781131039561817,7.360284701581598,0.21520074436007683,1.2214775085449219,3.0157370567321777,1.1672379672527313,Online,true,1778159015.5718763,0.0,map,odom
1778159015,571876212,1778159015.5718763,,x,54,,-0.7222823590419037,-0.6915763106484218,0.005513652762019614,-6.514186382293701,-0.6436527045503567,-0.765127226776477,-0.017074037904048246,-5.081407631299598,377,-13.514956732327489,4.69355556376733,-0.38219513398266597,-13.495842238067388,4.73579556874056,-1.0324283912101822,3.7485342025756836,3.913433074951172,2.4349993467330933,Online,true,1778159015.5718763,0.0,map,odom
1778159015,571876212,1778159015.5718763,,x,28,,-0.7236198784885911,0.689943850227798,-0.018755132337537363,5.983919620513916,-0.793513545929508,0.6084444231945285,-0.011473286793950571,5.4066215063294365,1278,-0.7471472122859507,-9.547951891202135,0.9499653231276779,0.719631527964916,-8.07786677340521,0.12623851615594278,11.568079471588135,12.555029153823853,2.131363868713379,Online,true,1778159015.5718763,0.0,map,odom
1778159015,571876212,1778159015.5718763,,x,49,,0.6983375036994575,-0.7155673589666058,-0.01697308776760337,21.528017044067383,0.7714296213429207,-0.6358207649842844,-0.02506579600805407,22.134278758927987,432,-20.83910083329236,9.746493054760826,0.3363563078455627,-21.32702978733959,8.954943898868253,-0.2821822911574951,2.2757015228271484,2.3155956268310547,1.9187489748001099,Online,true,1778159015.5718763,0.0,map,odom
1778159015,571876212,1778159015.5718763,,x,23,,0.7967185439487445,-0.6043096827358483,-0.007026313392589088,8.040108680725098,0.8571766423929496,-0.5148901451222901,-0.011676565929102125,8.433496365932868,108,-15.169435209698147,-6.695433872717398,0.1006729100589399,-13.918499324539752,-6.773025460698271,-0.8134752820721483,0.932835578918457,1.2333765029907227,1.9294939637184143,Online,true,1778159015.5718763,0.0,map,odom
1778159015,571876212,1778159015.5718763,,x,17,,-0.7172383873594451,-0.6968183123056341,-0.0036517575974278267,-5.527136325836182,-0.6379989422426959,-0.7695880873603987,-0.026296872250604324,-4.095721192777728,105,-10.9355988184611,3.327577150435675,-0.32582460599286217,-10.784966382487218,3.6539493083912347,-0.978366625240644,0.6955575942993164,0.710240364074707,1.986428678035736,Online,true,1778159015.5718763,0.0,map,odom
1778159015,571876212,1778159015.5718763,,x,3,,-0.9245688297567782,0.3773829630125769,0.05248407634730378,4.171250343322754,-0.9602211348718984,0.2745693369936919,0.05086306447873547,4.211182093167311,430,2.3675468929978303,-5.381910201283389,0.9355445097005645,3.3677353961071224,-3.6020219675171106,0.23481967762190165,6.244705319404602,15.457261323928833,2.715783953666687,Online,true,1778159015.5718763,0.0,map,odom
1778159015,571876212,1778159015.5718763,,y,48,,-0.7232655765796431,-0.6905266530829356,0.007736091842486541,-3.723485231399536,-0.6447613485922677,-0.7642398706269085,-0.014839929435364309,-2.2901989826167224,290,-16.98811299554233,12.167134067930025,-0.06245957481963881,-17.755889558319755,11.783757692841855,-0.5878525924663789,4.649208068847656,4.6517181396484375,2.483618378639221,Online,true,1778159015.5718763,0.0,map,odom
1778159015,571876212,1778159015.5718763,,y,42,,-0.6155243056669703,-0.7879174526739715,0.017774051450188996,-4.374574661254883,-0.5272472009813016,-0.8496923343100958,-0.005772873811469594,-2.8583537343420975,2167,-13.433652161341634,4.824584061394213,-0.12045613608233215,-13.431259065769881,4.868842850689969,-0.7670727089697439,4.727011680603027,3.352051258087158,2.096318781375885,Online,true,1778159015.5718763,0.0,map,odom
1778159015,571876212,1778159015.5718763,,y,33,,-0.6176813392000559,0.7858897634847627,0.029104000650931505,6.5708746910095215,-0.6989147776835375,0.7141096996802012,0.039566025302324705,5.822833088186207,103,-0.5939090888477067,-8.962351720309952,0.43347229135846627,0.8131532919888582,-7.467650839065602,-0.37582196587971006,4.125342845916748,3.200772285461426,2.2748732566833496,Online,true,1778159015.5718763,0.0,map,odom
1778159015,571876212,1778159015.5718763,,y,58,,-0.6682395911016394,-0.7430658313719773,0.036180369425778944,-5.660433769226074,-0.5846334043068855,-0.811192769894576,0.013041190103183919,-4.165666308531956,255,-14.171077122407802,5.113450814228432,-0.15220619977689256,-14.195212205250096,5.077446350481122,-0.8003566569663103,3.390446662902832,3.05039119720459,3.1172831058502197,Online,true,1778159015.5718763,0.0,map,odom
1778159015,571876212,1778159015.5718763,,y,32,,-0.6168745268920371,0.7869615097584232,-0.012545924855053243,6.628934860229492,-0.6978875173741973,0.7162044756524759,-0.002040134466541124,5.851925855227687,136,-0.4712555724031785,-8.900674199356752,0.6430949673933142,0.9267359080776881,-7.397912537284321,-0.16363048022999818,3.3181045055389404,2.550381660461426,0.969886988401413,Online,true,1778159015.5718763,0.0,map,odom
1778159015,571876212,1778159015.5718763,,y,13,,-0.611206542118671,-0.7913755315620268,0.012301663150030798,-4.240198612213135,-0.5225376480546218,-0.8525416876913224,-0.011272848529814814,-2.7250962296846963,2373,-13.26414333613573,5.136411208017336,-0.1396339188725874,-13.296154501465535,5.197431937699545,-0.7777107139001779,5.342236518859863,4.082286834716797,2.8695333003997803,Online,true,1778159015.5718763,0.0,map,odom
1778159015,571876212,1778159015.5718763,,y,4,,-0.3713471578752729,-0.9283431736618463,-0.016740377935050125,2.786895990371704,-0.2690974445328073,-0.962251137499596,-0.040734674745802904,4.338076965080644,180,0.42258465157614816,2.8112579663594564,1.3165822989410825,0.5489793835764917,4.323992802952399,0.7723854324676993,2.7865735292434692,1.1047182083129883,1.2358481884002686,Online,true,1778159015.5718763,0.0,map,odom
1778159015,571876212,1778159015.5718763,,x,51,,0.887127899175353,-0.4603729664875981,-0.03257026607403937,23.794401168823242,0.9317706516789896,-0.3615312477274693,-0.03314528000078036,23.90951576433031,148,-22.450791539372624,8.328776646304775,0.8815824484100213,-22.781131039561817,7.360284701581598,0.21520074436007683,1.2214775085449219,3.0157370567321777,1.1672379672527313,Online,true,1778159015.5718763,0.0,map,odom
1778159015,571876212,1778159015.5718763,,x,54,,-0.7222823590419037,-0.6915763106484218,0.005513652762019614,-6.514186382293701,-0.6436527045503567,-0.765127226776477,-0.017074037904048246,-5.081407631299598,377,-13.514956732327489,4.69355556376733,-0.38219513398266597,-13.495842238067388,4.73579556874056,-1.0324283912101822,3.7485342025756836,3.913433074951172,2.4349993467330933,Online,true,1778159015.5718763,0.0,map,odom
1778159015,571876212,1778159015.5718763,,x,28,,-0.7236198784885911,0.689943850227798,-0.018755132337537363,5.983919620513916,-0.793513545929508,0.6084444231945285,-0.011473286793950571,5.4066215063294365,1278,-0.7471472122859507,-9.547951891202135,0.9499653231276779,0.719631527964916,-8.07786677340521,0.12623851615594278,11.568079471588135,12.555029153823853,2.131363868713379,Online,true,1778159015.5718763,0.0,map,odom
1778159015,571876212,1778159015.5718763,,x,49,,0.6983375036994575,-0.7155673589666058,-0.01697308776760337,21.528017044067383,0.7714296213429207,-0.6358207649842844,-0.02506579600805407,22.134278758927987,432,-20.83910083329236,9.746493054760826,0.3363563078455627,-21.32702978733959,8.954943898868253,-0.2821822911574951,2.2757015228271484,2.3155956268310547,1.9187489748001099,Online,true,1778159015.5718763,0.0,map,odom
1778159015,571876212,1778159015.5718763,,x,23,,0.7967185439487445,-0.6043096827358483,-0.007026313392589088,8.040108680725098,0.8571766423929496,-0.5148901451222901,-0.011676565929102125,8.433496365932868,108,-15.169435209698147,-6.695433872717398,0.1006729100589399,-13.918499324539752,-6.773025460698271,-0.8134752820721483,0.932835578918457,1.2333765029907227,1.9294939637184143,Online,true,1778159015.5718763,0.0,map,odom
1778159015,571876212,1778159015.5718763,,x,17,,-0.7172383873594451,-0.6968183123056341,-0.0036517575974278267,-5.527136325836182,-0.6379989422426959,-0.7695880873603987,-0.026296872250604324,-4.095721192777728,105,-10.9355988184611,3.327577150435675,-0.32582460599286217,-10.784966382487218,3.6539493083912347,-0.978366625240644,0.6955575942993164,0.710240364074707,1.986428678035736,Online,true,1778159015.5718763,0.0,map,odom
1778159015,571876212,1778159015.5718763,,x,3,,-0.9245688297567782,0.3773829630125769,0.05248407634730378,4.171250343322754,-0.9602211348718984,0.2745693369936919,0.05086306447873547,4.211182093167311,430,2.3675468929978303,-5.381910201283389,0.9355445097005645,3.3677353961071224,-3.6020219675171106,0.23481967762190165,6.244705319404602,15.457261323928833,2.715783953666687,Online,true,1778159015.5718763,0.0,map,odom
1778159015,571876212,1778159015.5718763,,y,48,,-0.7232655765796431,-0.6905266530829356,0.007736091842486541,-3.723485231399536,-0.6447613485922677,-0.7642398706269085,-0.014839929435364309,-2.2901989826167224,290,-16.98811299554233,12.167134067930025,-0.06245957481963881,-17.755889558319755,11.783757692841855,-0.5878525924663789,4.649208068847656,4.6517181396484375,2.483618378639221,Online,true,1778159015.5718763,0.0,map,odom
1778159015,571876212,1778159015.5718763,,y,42,,-0.6155243056669703,-0.7879174526739715,0.017774051450188996,-4.374574661254883,-0.5272472009813016,-0.8496923343100958,-0.005772873811469594,-2.8583537343420975,2167,-13.433652161341634,4.824584061394213,-0.12045613608233215,-13.431259065769881,4.868842850689969,-0.7670727089697439,4.727011680603027,3.352051258087158,2.096318781375885,Online,true,1778159015.5718763,0.0,map,odom
1778159015,571876212,1778159015.5718763,,y,33,,-0.6176813392000559,0.7858897634847627,0.029104000650931505,6.5708746910095215,-0.6989147776835375,0.7141096996802012,0.039566025302324705,5.822833088186207,103,-0.5939090888477067,-8.962351720309952,0.43347229135846627,0.8131532919888582,-7.467650839065602,-0.37582196587971006,4.125342845916748,3.200772285461426,2.2748732566833496,Online,true,1778159015.5718763,0.0,map,odom
1778159015,571876212,1778159015.5718763,,y,58,,-0.6682395911016394,-0.7430658313719773,0.036180369425778944,-5.660433769226074,-0.5846334043068855,-0.811192769894576,0.013041190103183919,-4.165666308531956,255,-14.171077122407802,5.113450814228432,-0.15220619977689256,-14.195212205250096,5.077446350481122,-0.8003566569663103,3.390446662902832,3.05039119720459,3.1172831058502197,Online,true,1778159015.5718763,0.0,map,odom
1778159015,571876212,1778159015.5718763,,y,32,,-0.6168745268920371,0.7869615097584232,-0.012545924855053243,6.628934860229492,-0.6978875173741973,0.7162044756524759,-0.002040134466541124,5.851925855227687,136,-0.4712555724031785,-8.900674199356752,0.6430949673933142,0.9267359080776881,-7.397912537284321,-0.16363048022999818,3.3181045055389404,2.550381660461426,0.969886988401413,Online,true,1778159015.5718763,0.0,map,odom
1778159015,571876212,1778159015.5718763,,y,13,,-0.611206542118671,-0.7913755315620268,0.012301663150030798,-4.240198612213135,-0.5225376480546218,-0.8525416876913224,-0.011272848529814814,-2.7250962296846963,2373,-13.26414333613573,5.136411208017336,-0.1396339188725874,-13.296154501465535,5.197431937699545,-0.7777107139001779,5.342236518859863,4.082286834716797,2.8695333003997803,Online,true,1778159015.5718763,0.0,map,odom
1778159015,571876212,1778159015.5718763,,y,4,,-0.3713471578752729,-0.9283431736618463,-0.016740377935050125,2.786895990371704,-0.2690974445328073,-0.962251137499596,-0.040734674745802904,4.338076965080644,180,0.42258465157614816,2.8112579663594564,1.3165822989410825,0.5489793835764917,4.323992802952399,0.7723854324676993,2.7865735292434692,1.1047182083129883,1.2358481884002686,Online,true,1778159015.5718763,0.0,map,odom
1778159015,571876212,1778159015.5718763,,x,51,,0.887127899175353,-0.4603729664875981,-0.03257026607403937,23.794401168823242,0.9317706516789896,-0.3615312477274693,-0.03314528000078036,23.90951576433031,148,-22.450791539372624,8.328776646304775,0.8815824484100213,-22.781131039561817,7.360284701581598,0.21520074436007683,1.2214775085449219,3.0157370567321777,1.1672379672527313,Online,true,1778159015.5718763,0.0,map,odom
1778159015,571876212,1778159015.5718763,,x,54,,-0.7222823590419037,-0.6915763106484218,0.005513652762019614,-6.514186382293701,-0.6436527045503567,-0.765127226776477,-0.017074037904048246,-5.081407631299598,377,-13.514956732327489,4.69355556376733,-0.38219513398266597,-13.495842238067388,4.73579556874056,-1.0324283912101822,3.7485342025756836,3.913433074951172,2.4349993467330933,Online,true,1778159015.5718763,0.0,map,odom
1778159015,571876212,1778159015.5718763,,x,28,,-0.7236198784885911,0.689943850227798,-0.018755132337537363,5.983919620513916,-0.793513545929508,0.6084444231945285,-0.011473286793950571,5.4066215063294365,1278,-0.7471472122859507,-9.547951891202135,0.9499653231276779,0.719631527964916,-8.07786677340521,0.12623851615594278,11.568079471588135,12.555029153823853,2.131363868713379,Online,true,1778159015.5718763,0.0,map,odom
1778159015,571876212,1778159015.5718763,,x,49,,0.6983375036994575,-0.7155673589666058,-0.01697308776760337,21.528017044067383,0.7714296213429207,-0.6358207649842844,-0.02506579600805407,22.134278758927987,432,-20.83910083329236,9.746493054760826,0.3363563078455627,-21.32702978733959,8.954943898868253,-0.2821822911574951,2.2757015228271484,2.3155956268310547,1.9187489748001099,Online,true,1778159015.5718763,0.0,map,odom
1778159015,571876212,1778159015.5718763,,x,23,,0.7967185439487445,-0.6043096827358483,-0.007026313392589088,8.040108680725098,0.8571766423929496,-0.5148901451222901,-0.011676565929102125,8.433496365932868,108,-15.169435209698147,-6.695433872717398,0.1006729100589399,-13.918499324539752,-6.773025460698271,-0.8134752820721483,0.932835578918457,1.2333765029907227,1.9294939637184143,Online,true,1778159015.5718763,0.0,map,odom
1778159015,571876212,1778159015.5718763,,x,17,,-0.7172383873594451,-0.6968183123056341,-0.0036517575974278267,-5.527136325836182,-0.6379989422426959,-0.7695880873603987,-0.026296872250604324,-4.095721192777728,105,-10.9355988184611,3.327577150435675,-0.32582460599286217,-10.784966382487218,3.6539493083912347,-0.978366625240644,0.6955575942993164,0.710240364074707,1.986428678035736,Online,true,1778159015.5718763,0.0,map,odom
1778159015,571876212,1778159015.5718763,,x,3,,-0.9245688297567782,0.3773829630125769,0.05248407634730378,4.171250343322754,-0.9602211348718984,0.2745693369936919,0.05086306447873547,4.211182093167311,430,2.3675468929978303,-5.381910201283389,0.9355445097005645,3.3677353961071224,-3.6020219675171106,0.23481967762190165,6.244705319404602,15.457261323928833,2.715783953666687,Online,true,1778159015.5718763,0.0,map,odom
1778159015,571876212,1778159015.5718763,,y,48,,-0.7232655765796431,-0.6905266530829356,0.007736091842486541,-3.723485231399536,-0.6447613485922677,-0.7642398706269085,-0.014839929435364309,-2.2901989826167224,290,-16.98811299554233,12.167134067930025,-0.06245957481963881,-17.755889558319755,11.783757692841855,-0.5878525924663789,4.649208068847656,4.6517181396484375,2.483618378639221,Online,true,1778159015.5718763,0.0,map,odom
1778159015,571876212,1778159015.5718763,,y,42,,-0.6155243056669703,-0.7879174526739715,0.017774051450188996,-4.374574661254883,-0.5272472009813016,-0.8496923343100958,-0.005772873811469594,-2.8583537343420975,2167,-13.433652161341634,4.824584061394213,-0.12045613608233215,-13.431259065769881,4.868842850689969,-0.7670727089697439,4.727011680603027,3.352051258087158,2.096318781375885,Online,true,1778159015.5718763,0.0,map,odom
1778159015,571876212,1778159015.5718763,,y,33,,-0.6176813392000559,0.7858897634847627,0.029104000650931505,6.5708746910095215,-0.6989147776835375,0.7141096996802012,0.039566025302324705,5.822833088186207,103,-0.5939090888477067,-8.962351720309952,0.43347229135846627,0.8131532919888582,-7.467650839065602,-0.37582196587971006,4.125342845916748,3.200772285461426,2.2748732566833496,Online,true,1778159015.5718763,0.0,map,odom
1778159015,571876212,1778159015.5718763,,y,58,,-0.6682395911016394,-0.7430658313719773,0.036180369425778944,-5.660433769226074,-0.5846334043068855,-0.811192769894576,0.013041190103183919,-4.165666308531956,255,-14.171077122407802,5.113450814228432,-0.15220619977689256,-14.195212205250096,5.077446350481122,-0.8003566569663103,3.390446662902832,3.05039119720459,3.1172831058502197,Online,true,1778159015.5718763,0.0,map,odom
1778159015,571876212,1778159015.5718763,,y,32,,-0.6168745268920371,0.7869615097584232,-0.012545924855053243,6.628934860229492,-0.6978875173741973,0.7162044756524759,-0.002040134466541124,5.851925855227687,136,-0.4712555724031785,-8.900674199356752,0.6430949673933142,0.9267359080776881,-7.397912537284321,-0.16363048022999818,3.3181045055389404,2.550381660461426,0.969886988401413,Online,true,1778159015.5718763,0.0,map,odom
1778159015,571876212,1778159015.5718763,,y,13,,-0.611206542118671,-0.7913755315620268,0.012301663150030798,-4.240198612213135,-0.5225376480546218,-0.8525416876913224,-0.011272848529814814,-2.7250962296846963,2373,-13.26414333613573,5.136411208017336,-0.1396339188725874,-13.296154501465535,5.197431937699545,-0.7777107139001779,5.342236518859863,4.082286834716797,2.8695333003997803,Online,true,1778159015.5718763,0.0,map,odom
1778159015,571876212,1778159015.5718763,,y,4,,-0.3713471578752729,-0.9283431736618463,-0.016740377935050125,2.786895990371704,-0.2690974445328073,-0.962251137499596,-0.040734674745802904,4.338076965080644,180,0.42258465157614816,2.8112579663594564,1.3165822989410825,0.5489793835764917,4.323992802952399,0.7723854324676993,2.7865735292434692,1.1047182083129883,1.2358481884002686,Online,true,1778159015.5718763,0.0,map,odom
1778159015,571876212,1778159015.5718763,,x,51,,0.887127899175353,-0.4603729664875981,-0.03257026607403937,23.794401168823242,0.9317706516789896,-0.3615312477274693,-0.03314528000078036,23.90951576433031,148,-22.450791539372624,8.328776646304775,0.8815824484100213,-22.781131039561817,7.360284701581598,0.21520074436007683,1.2214775085449219,3.0157370567321777,1.1672379672527313,Online,true,1778159015.5718763,0.0,map,odom
1778159015,571876212,1778159015.5718763,,x,54,,-0.7222823590419037,-0.6915763106484218,0.005513652762019614,-6.514186382293701,-0.6436527045503567,-0.765127226776477,-0.017074037904048246,-5.081407631299598,377,-13.514956732327489,4.69355556376733,-0.38219513398266597,-13.495842238067388,4.73579556874056,-1.0324283912101822,3.7485342025756836,3.913433074951172,2.4349993467330933,Online,true,1778159015.5718763,0.0,map,odom
1778159015,571876212,1778159015.5718763,,x,28,,-0.7236198784885911,0.689943850227798,-0.018755132337537363,5.983919620513916,-0.793513545929508,0.6084444231945285,-0.011473286793950571,5.4066215063294365,1278,-0.7471472122859507,-9.547951891202135,0.9499653231276779,0.719631527964916,-8.07786677340521,0.12623851615594278,11.568079471588135,12.555029153823853,2.131363868713379,Online,true,1778159015.5718763,0.0,map,odom
1778159015,571876212,1778159015.5718763,,x,49,,0.6983375036994575,-0.7155673589666058,-0.01697308776760337,21.528017044067383,0.7714296213429207,-0.6358207649842844,-0.02506579600805407,22.134278758927987,432,-20.83910083329236,9.746493054760826,0.3363563078455627,-21.32702978733959,8.954943898868253,-0.2821822911574951,2.2757015228271484,2.3155956268310547,1.9187489748001099,Online,true,1778159015.5718763,0.0,map,odom
1778159015,571876212,1778159015.5718763,,x,23,,0.7967185439487445,-0.6043096827358483,-0.007026313392589088,8.040108680725098,0.8571766423929496,-0.5148901451222901,-0.011676565929102125,8.433496365932868,108,-15.169435209698147,-6.695433872717398,0.1006729100589399,-13.918499324539752,-6.773025460698271,-0.8134752820721483,0.932835578918457,1.2333765029907227,1.9294939637184143,Online,true,1778159015.5718763,0.0,map,odom
1778159015,571876212,1778159015.5718763,,x,17,,-0.7172383873594451,-0.6968183123056341,-0.0036517575974278267,-5.527136325836182,-0.6379989422426959,-0.7695880873603987,-0.026296872250604324,-4.095721192777728,105,-10.9355988184611,3.327577150435675,-0.32582460599286217,-10.784966382487218,3.6539493083912347,-0.978366625240644,0.6955575942993164,0.710240364074707,1.986428678035736,Online,true,1778159015.5718763,0.0,map,odom
1778159015,571876212,1778159015.5718763,,x,3,,-0.9245688297567782,0.3773829630125769,0.05248407634730378,4.171250343322754,-0.9602211348718984,0.2745693369936919,0.05086306447873547,4.211182093167311,430,2.3675468929978303,-5.381910201283389,0.9355445097005645,3.3677353961071224,-3.6020219675171106,0.23481967762190165,6.244705319404602,15.457261323928833,2.715783953666687,Online,true,1778159015.5718763,0.0,map,odom
1778159015,571876212,1778159015.5718763,,y,48,,-0.7232655765796431,-0.6905266530829356,0.007736091842486541,-3.723485231399536,-0.6447613485922677,-0.7642398706269085,-0.014839929435364309,-2.2901989826167224,290,-16.98811299554233,12.167134067930025,-0.06245957481963881,-17.755889558319755,11.783757692841855,-0.5878525924663789,4.649208068847656,4.6517181396484375,2.483618378639221,Online,true,1778159015.5718763,0.0,map,odom
1778159015,571876212,1778159015.5718763,,y,42,,-0.6155243056669703,-0.7879174526739715,0.017774051450188996,-4.374574661254883,-0.5272472009813016,-0.8496923343100958,-0.005772873811469594,-2.8583537343420975,2167,-13.433652161341634,4.824584061394213,-0.12045613608233215,-13.431259065769881,4.868842850689969,-0.7670727089697439,4.727011680603027,3.352051258087158,2.096318781375885,Online,true,1778159015.5718763,0.0,map,odom
1778159015,571876212,1778159015.5718763,,y,33,,-0.6176813392000559,0.7858897634847627,0.029104000650931505,6.5708746910095215,-0.6989147776835375,0.7141096996802012,0.039566025302324705,5.822833088186207,103,-0.5939090888477067,-8.962351720309952,0.43347229135846627,0.8131532919888582,-7.467650839065602,-0.37582196587971006,4.125342845916748,3.200772285461426,2.2748732566833496,Online,true,1778159015.5718763,0.0,map,odom
1778159015,571876212,1778159015.5718763,,y,58,,-0.6682395911016394,-0.7430658313719773,0.036180369425778944,-5.660433769226074,-0.5846334043068855,-0.811192769894576,0.013041190103183919,-4.165666308531956,255,-14.171077122407802,5.113450814228432,-0.15220619977689256,-14.195212205250096,5.077446350481122,-0.8003566569663103,3.390446662902832,3.05039119720459,3.1172831058502197,Online,true,1778159015.5718763,0.0,map,odom
1778159015,571876212,1778159015.5718763,,y,32,,-0.6168745268920371,0.7869615097584232,-0.012545924855053243,6.628934860229492,-0.6978875173741973,0.7162044756524759,-0.002040134466541124,5.851925855227687,136,-0.4712555724031785,-8.900674199356752,0.6430949673933142,0.9267359080776881,-7.397912537284321,-0.16363048022999818,3.3181045055389404,2.550381660461426,0.969886988401413,Online,true,1778159015.5718763,0.0,map,odom
1778159015,571876212,1778159015.5718763,,y,13,,-0.611206542118671,-0.7913755315620268,0.012301663150030798,-4.240198612213135,-0.5225376480546218,-0.8525416876913224,-0.011272848529814814,-2.7250962296846963,2373,-13.26414333613573,5.136411208017336,-0.1396339188725874,-13.296154501465535,5.197431937699545,-0.7777107139001779,5.342236518859863,4.082286834716797,2.8695333003997803,Online,true,1778159015.5718763,0.0,map,odom
1778159015,571876212,1778159015.5718763,,y,4,,-0.3713471578752729,-0.9283431736618463,-0.016740377935050125,2.786895990371704,-0.2690974445328073,-0.962251137499596,-0.040734674745802904,4.338076965080644,180,0.42258465157614816,2.8112579663594564,1.3165822989410825,0.5489793835764917,4.323992802952399,0.7723854324676993,2.7865735292434692,1.1047182083129883,1.2358481884002686,Online,true,1778159015.5718763,0.0,map,odom
1778159015,571876212,1778159015.5718763,,x,51,,0.887127899175353,-0.4603729664875981,-0.03257026607403937,23.794401168823242,0.9317706516789896,-0.3615312477274693,-0.03314528000078036,23.90951576433031,148,-22.450791539372624,8.328776646304775,0.8815824484100213,-22.781131039561817,7.360284701581598,0.21520074436007683,1.2214775085449219,3.0157370567321777,1.1672379672527313,Online,true,1778159015.5718763,0.0,map,odom
1778159015,571876212,1778159015.5718763,,x,54,,-0.7222823590419037,-0.6915763106484218,0.005513652762019614,-6.514186382293701,-0.6436527045503567,-0.765127226776477,-0.017074037904048246,-5.081407631299598,377,-13.514956732327489,4.69355556376733,-0.38219513398266597,-13.495842238067388,4.73579556874056,-1.0324283912101822,3.7485342025756836,3.913433074951172,2.4349993467330933,Online,true,1778159015.5718763,0.0,map,odom
1778159015,571876212,1778159015.5718763,,x,28,,-0.7236198784885911,0.689943850227798,-0.018755132337537363,5.983919620513916,-0.793513545929508,0.6084444231945285,-0.011473286793950571,5.4066215063294365,1278,-0.7471472122859507,-9.547951891202135,0.9499653231276779,0.719631527964916,-8.07786677340521,0.12623851615594278,11.568079471588135,12.555029153823853,2.131363868713379,Online,true,1778159015.5718763,0.0,map,odom
1778159015,571876212,1778159015.5718763,,x,49,,0.6983375036994575,-0.7155673589666058,-0.01697308776760337,21.528017044067383,0.7714296213429207,-0.6358207649842844,-0.02506579600805407,22.134278758927987,432,-20.83910083329236,9.746493054760826,0.3363563078455627,-21.32702978733959,8.954943898868253,-0.2821822911574951,2.2757015228271484,2.3155956268310547,1.9187489748001099,Online,true,1778159015.5718763,0.0,map,odom
1778159015,571876212,1778159015.5718763,,x,23,,0.7967185439487445,-0.6043096827358483,-0.007026313392589088,8.040108680725098,0.8571766423929496,-0.5148901451222901,-0.011676565929102125,8.433496365932868,108,-15.169435209698147,-6.695433872717398,0.1006729100589399,-13.918499324539752,-6.773025460698271,-0.8134752820721483,0.932835578918457,1.2333765029907227,1.9294939637184143,Online,true,1778159015.5718763,0.0,map,odom
1778159015,571876212,1778159015.5718763,,x,17,,-0.7172383873594451,-0.6968183123056341,-0.0036517575974278267,-5.527136325836182,-0.6379989422426959,-0.7695880873603987,-0.026296872250604324,-4.095721192777728,105,-10.9355988184611,3.327577150435675,-0.32582460599286217,-10.784966382487218,3.6539493083912347,-0.978366625240644,0.6955575942993164,0.710240364074707,1.986428678035736,Online,true,1778159015.5718763,0.0,map,odom
1778159015,571876212,1778159015.5718763,,x,3,,-0.9245688297567782,0.3773829630125769,0.05248407634730378,4.171250343322754,-0.9602211348718984,0.2745693369936919,0.05086306447873547,4.211182093167311,430,2.3675468929978303,-5.381910201283389,0.9355445097005645,3.3677353961071224,-3.6020219675171106,0.23481967762190165,6.244705319404602,15.457261323928833,2.715783953666687,Online,true,1778159015.5718763,0.0,map,odom
1778159015,571876212,1778159015.5718763,,y,48,,-0.7232655765796431,-0.6905266530829356,0.007736091842486541,-3.723485231399536,-0.6447613485922677,-0.7642398706269085,-0.014839929435364309,-2.2901989826167224,290,-16.98811299554233,12.167134067930025,-0.06245957481963881,-17.755889558319755,11.783757692841855,-0.5878525924663789,4.649208068847656,4.6517181396484375,2.483618378639221,Online,true,1778159015.5718763,0.0,map,odom
1778159015,571876212,1778159015.5718763,,y,42,,-0.6155243056669703,-0.7879174526739715,0.017774051450188996,-4.374574661254883,-0.5272472009813016,-0.8496923343100958,-0.005772873811469594,-2.8583537343420975,2167,-13.433652161341634,4.824584061394213,-0.12045613608233215,-13.431259065769881,4.868842850689969,-0.7670727089697439,4.727011680603027,3.352051258087158,2.096318781375885,Online,true,1778159015.5718763,0.0,map,odom
1778159015,571876212,1778159015.5718763,,y,33,,-0.6176813392000559,0.7858897634847627,0.029104000650931505,6.5708746910095215,-0.6989147776835375,0.7141096996802012,0.039566025302324705,5.822833088186207,103,-0.5939090888477067,-8.962351720309952,0.43347229135846627,0.8131532919888582,-7.467650839065602,-0.37582196587971006,4.125342845916748,3.200772285461426,2.2748732566833496,Online,true,1778159015.5718763,0.0,map,odom
1778159015,571876212,1778159015.5718763,,y,58,,-0.6682395911016394,-0.7430658313719773,0.036180369425778944,-5.660433769226074,-0.5846334043068855,-0.811192769894576,0.013041190103183919,-4.165666308531956,255,-14.171077122407802,5.113450814228432,-0.15220619977689256,-14.195212205250096,5.077446350481122,-0.8003566569663103,3.390446662902832,3.05039119720459,3.1172831058502197,Online,true,1778159015.5718763,0.0,map,odom
1778159015,571876212,1778159015.5718763,,y,32,,-0.6168745268920371,0.7869615097584232,-0.012545924855053243,6.628934860229492,-0.6978875173741973,0.7162044756524759,-0.002040134466541124,5.851925855227687,136,-0.4712555724031785,-8.900674199356752,0.6430949673933142,0.9267359080776881,-7.397912537284321,-0.16363048022999818,3.3181045055389404,2.550381660461426,0.969886988401413,Online,true,1778159015.5718763,0.0,map,odom
1778159015,571876212,1778159015.5718763,,y,13,,-0.611206542118671,-0.7913755315620268,0.012301663150030798,-4.240198612213135,-0.5225376480546218,-0.8525416876913224,-0.011272848529814814,-2.7250962296846963,2373,-13.26414333613573,5.136411208017336,-0.1396339188725874,-13.296154501465535,5.197431937699545,-0.7777107139001779,5.342236518859863,4.082286834716797,2.8695333003997803,Online,true,1778159015.5718763,0.0,map,odom
1778159015,571876212,1778159015.5718763,,y,4,,-0.3713471578752729,-0.9283431736618463,-0.016740377935050125,2.786895990371704,-0.2690974445328073,-0.962251137499596,-0.040734674745802904,4.338076965080644,180,0.42258465157614816,2.8112579663594564,1.3165822989410825,0.5489793835764917,4.323992802952399,0.7723854324676993,2.7865735292434692,1.1047182083129883,1.2358481884002686,Online,true,1778159015.5718763,0.0,map,odom
1778159015,571876212,1778159015.5718763,,x,51,,0.887127899175353,-0.4603729664875981,-0.03257026607403937,23.794401168823242,0.9317706516789896,-0.3615312477274693,-0.03314528000078036,23.90951576433031,148,-22.450791539372624,8.328776646304775,0.8815824484100213,-22.781131039561817,7.360284701581598,0.21520074436007683,1.2214775085449219,3.0157370567321777,1.1672379672527313,Online,true,1778159015.5718763,0.0,map,odom
1778159015,571876212,1778159015.5718763,,x,54,,-0.7222823590419037,-0.6915763106484218,0.005513652762019614,-6.514186382293701,-0.6436527045503567,-0.765127226776477,-0.017074037904048246,-5.081407631299598,377,-13.514956732327489,4.69355556376733,-0.38219513398266597,-13.495842238067388,4.73579556874056,-1.0324283912101822,3.7485342025756836,3.913433074951172,2.4349993467330933,Online,true,1778159015.5718763,0.0,map,odom
1778159015,571876212,1778159015.5718763,,x,28,,-0.7236198784885911,0.689943850227798,-0.018755132337537363,5.983919620513916,-0.793513545929508,0.6084444231945285,-0.011473286793950571,5.4066215063294365,1278,-0.7471472122859507,-9.547951891202135,0.9499653231276779,0.719631527964916,-8.07786677340521,0.12623851615594278,11.568079471588135,12.555029153823853,2.131363868713379,Online,true,1778159015.5718763,0.0,map,odom
1778159015,571876212,1778159015.5718763,,x,49,,0.6983375036994575,-0.7155673589666058,-0.01697308776760337,21.528017044067383,0.7714296213429207,-0.6358207649842844,-0.02506579600805407,22.134278758927987,432,-20.83910083329236,9.746493054760826,0.3363563078455627,-21.32702978733959,8.954943898868253,-0.2821822911574951,2.2757015228271484,2.3155956268310547,1.9187489748001099,Online,true,1778159015.5718763,0.0,map,odom
1778159015,571876212,1778159015.5718763,,x,23,,0.7967185439487445,-0.6043096827358483,-0.007026313392589088,8.040108680725098,0.8571766423929496,-0.5148901451222901,-0.011676565929102125,8.433496365932868,108,-15.169435209698147,-6.695433872717398,0.1006729100589399,-13.918499324539752,-6.773025460698271,-0.8134752820721483,0.932835578918457,1.2333765029907227,1.9294939637184143,Online,true,1778159015.5718763,0.0,map,odom
1778159015,571876212,1778159015.5718763,,x,17,,-0.7172383873594451,-0.6968183123056341,-0.0036517575974278267,-5.527136325836182,-0.6379989422426959,-0.7695880873603987,-0.026296872250604324,-4.095721192777728,105,-10.9355988184611,3.327577150435675,-0.32582460599286217,-10.784966382487218,3.6539493083912347,-0.978366625240644,0.6955575942993164,0.710240364074707,1.986428678035736,Online,true,1778159015.5718763,0.0,map,odom
1778159015,571876212,1778159015.5718763,,x,3,,-0.9245688297567782,0.3773829630125769,0.05248407634730378,4.171250343322754,-0.9602211348718984,0.2745693369936919,0.05086306447873547,4.211182093167311,430,2.3675468929978303,-5.381910201283389,0.9355445097005645,3.3677353961071224,-3.6020219675171106,0.23481967762190165,6.244705319404602,15.457261323928833,2.715783953666687,Online,true,1778159015.5718763,0.0,map,odom
1778159015,571876212,1778159015.5718763,,y,48,,-0.7232655765796431,-0.6905266530829356,0.007736091842486541,-3.723485231399536,-0.6447613485922677,-0.7642398706269085,-0.014839929435364309,-2.2901989826167224,290,-16.98811299554233,12.167134067930025,-0.06245957481963881,-17.755889558319755,11.783757692841855,-0.5878525924663789,4.649208068847656,4.6517181396484375,2.483618378639221,Online,true,1778159015.5718763,0.0,map,odom
1778159015,571876212,1778159015.5718763,,y,42,,-0.6155243056669703,-0.7879174526739715,0.017774051450188996,-4.374574661254883,-0.5272472009813016,-0.8496923343100958,-0.005772873811469594,-2.8583537343420975,2167,-13.433652161341634,4.824584061394213,-0.12045613608233215,-13.431259065769881,4.868842850689969,-0.7670727089697439,4.727011680603027,3.352051258087158,2.096318781375885,Online,true,1778159015.5718763,0.0,map,odom
1778159015,571876212,1778159015.5718763,,y,33,,-0.6176813392000559,0.7858897634847627,0.029104000650931505,6.5708746910095215,-0.6989147776835375,0.7141096996802012,0.039566025302324705,5.822833088186207,103,-0.5939090888477067,-8.962351720309952,0.43347229135846627,0.8131532919888582,-7.467650839065602,-0.37582196587971006,4.125342845916748,3.200772285461426,2.2748732566833496,Online,true,1778159015.5718763,0.0,map,odom
1778159015,571876212,1778159015.5718763,,y,58,,-0.6682395911016394,-0.7430658313719773,0.036180369425778944,-5.660433769226074,-0.5846334043068855,-0.811192769894576,0.013041190103183919,-4.165666308531956,255,-14.171077122407802,5.113450814228432,-0.15220619977689256,-14.195212205250096,5.077446350481122,-0.8003566569663103,3.390446662902832,3.05039119720459,3.1172831058502197,Online,true,1778159015.5718763,0.0,map,odom
1778159015,571876212,1778159015.5718763,,y,32,,-0.6168745268920371,0.7869615097584232,-0.012545924855053243,6.628934860229492,-0.6978875173741973,0.7162044756524759,-0.002040134466541124,5.851925855227687,136,-0.4712555724031785,-8.900674199356752,0.6430949673933142,0.9267359080776881,-7.397912537284321,-0.16363048022999818,3.3181045055389404,2.550381660461426,0.969886988401413,Online,true,1778159015.5718763,0.0,map,odom
1778159015,571876212,1778159015.5718763,,y,13,,-0.611206542118671,-0.7913755315620268,0.012301663150030798,-4.240198612213135,-0.5225376480546218,-0.8525416876913224,-0.011272848529814814,-2.7250962296846963,2373,-13.26414333613573,5.136411208017336,-0.1396339188725874,-13.296154501465535,5.197431937699545,-0.7777107139001779,5.342236518859863,4.082286834716797,2.8695333003997803,Online,true,1778159015.5718763,0.0,map,odom
1778159015,571876212,1778159015.5718763,,y,4,,-0.3713471578752729,-0.9283431736618463,-0.016740377935050125,2.786895990371704,-0.2690974445328073,-0.962251137499596,-0.040734674745802904,4.338076965080644,180,0.42258465157614816,2.8112579663594564,1.3165822989410825,0.5489793835764917,4.323992802952399,0.7723854324676993,2.7865735292434692,1.1047182083129883,1.2358481884002686,Online,true,1778159015.5718763,0.0,map,odom
1778159015,571876212,1778159015.5718763,,x,51,,0.887127899175353,-0.4603729664875981,-0.03257026607403937,23.794401168823242,0.9317706516789896,-0.3615312477274693,-0.03314528000078036,23.90951576433031,148,-22.450791539372624,8.328776646304775,0.8815824484100213,-22.781131039561817,7.360284701581598,0.21520074436007683,1.2214775085449219,3.0157370567321777,1.1672379672527313,Online,true,1778159015.5718763,0.0,map,odom
1778159015,571876212,1778159015.5718763,,x,54,,-0.7222823590419037,-0.6915763106484218,0.005513652762019614,-6.514186382293701,-0.6436527045503567,-0.765127226776477,-0.017074037904048246,-5.081407631299598,377,-13.514956732327489,4.69355556376733,-0.38219513398266597,-13.495842238067388,4.73579556874056,-1.0324283912101822,3.7485342025756836,3.913433074951172,2.4349993467330933,Online,true,1778159015.5718763,0.0,map,odom
1778159015,571876212,1778159015.5718763,,x,28,,-0.7236198784885911,0.689943850227798,-0.018755132337537363,5.983919620513916,-0.793513545929508,0.6084444231945285,-0.011473286793950571,5.4066215063294365,1278,-0.7471472122859507,-9.547951891202135,0.9499653231276779,0.719631527964916,-8.07786677340521,0.12623851615594278,11.568079471588135,12.555029153823853,2.131363868713379,Online,true,1778159015.5718763,0.0,map,odom
1778159015,571876212,1778159015.5718763,,x,49,,0.6983375036994575,-0.7155673589666058,-0.01697308776760337,21.528017044067383,0.7714296213429207,-0.6358207649842844,-0.02506579600805407,22.134278758927987,432,-20.83910083329236,9.746493054760826,0.3363563078455627,-21.32702978733959,8.954943898868253,-0.2821822911574951,2.2757015228271484,2.3155956268310547,1.9187489748001099,Online,true,1778159015.5718763,0.0,map,odom
1778159015,571876212,1778159015.5718763,,x,23,,0.7967185439487445,-0.6043096827358483,-0.007026313392589088,8.040108680725098,0.8571766423929496,-0.5148901451222901,-0.011676565929102125,8.433496365932868,108,-15.169435209698147,-6.695433872717398,0.1006729100589399,-13.918499324539752,-6.773025460698271,-0.8134752820721483,0.932835578918457,1.2333765029907227,1.9294939637184143,Online,true,1778159015.5718763,0.0,map,odom
1778159015,571876212,1778159015.5718763,,x,17,,-0.7172383873594451,-0.6968183123056341,-0.0036517575974278267,-5.527136325836182,-0.6379989422426959,-0.7695880873603987,-0.026296872250604324,-4.095721192777728,105,-10.9355988184611,3.327577150435675,-0.32582460599286217,-10.784966382487218,3.6539493083912347,-0.978366625240644,0.6955575942993164,0.710240364074707,1.986428678035736,Online,true,1778159015.5718763,0.0,map,odom
1778159015,571876212,1778159015.5718763,,x,3,,-0.9245688297567782,0.3773829630125769,0.05248407634730378,4.171250343322754,-0.9602211348718984,0.2745693369936919,0.05086306447873547,4.211182093167311,430,2.3675468929978303,-5.381910201283389,0.9355445097005645,3.3677353961071224,-3.6020219675171106,0.23481967762190165,6.244705319404602,15.457261323928833,2.715783953666687,Online,true,1778159015.5718763,0.0,map,odom
1778159015,571876212,1778159015.5718763,,y,48,,-0.7232655765796431,-0.6905266530829356,0.007736091842486541,-3.723485231399536,-0.6447613485922677,-0.7642398706269085,-0.014839929435364309,-2.2901989826167224,290,-16.98811299554233,12.167134067930025,-0.06245957481963881,-17.755889558319755,11.783757692841855,-0.5878525924663789,4.649208068847656,4.6517181396484375,2.483618378639221,Online,true,1778159015.5718763,0.0,map,odom
1778159015,571876212,1778159015.5718763,,y,42,,-0.6155243056669703,-0.7879174526739715,0.017774051450188996,-4.374574661254883,-0.5272472009813016,-0.8496923343100958,-0.005772873811469594,-2.8583537343420975,2167,-13.433652161341634,4.824584061394213,-0.12045613608233215,-13.431259065769881,4.868842850689969,-0.7670727089697439,4.727011680603027,3.352051258087158,2.096318781375885,Online,true,1778159015.5718763,0.0,map,odom
1778159015,571876212,1778159015.5718763,,y,33,,-0.6176813392000559,0.7858897634847627,0.029104000650931505,6.5708746910095215,-0.6989147776835375,0.7141096996802012,0.039566025302324705,5.822833088186207,103,-0.5939090888477067,-8.962351720309952,0.43347229135846627,0.8131532919888582,-7.467650839065602,-0.37582196587971006,4.125342845916748,3.200772285461426,2.2748732566833496,Online,true,1778159015.5718763,0.0,map,odom
1778159015,571876212,1778159015.5718763,,y,58,,-0.6682395911016394,-0.7430658313719773,0.036180369425778944,-5.660433769226074,-0.5846334043068855,-0.811192769894576,0.013041190103183919,-4.165666308531956,255,-14.171077122407802,5.113450814228432,-0.15220619977689256,-14.195212205250096,5.077446350481122,-0.8003566569663103,3.390446662902832,3.05039119720459,3.1172831058502197,Online,true,1778159015.5718763,0.0,map,odom
1778159015,571876212,1778159015.5718763,,y,32,,-0.6168745268920371,0.7869615097584232,-0.012545924855053243,6.628934860229492,-0.6978875173741973,0.7162044756524759,-0.002040134466541124,5.851925855227687,136,-0.4712555724031785,-8.900674199356752,0.6430949673933142,0.9267359080776881,-7.397912537284321,-0.16363048022999818,3.3181045055389404,2.550381660461426,0.969886988401413,Online,true,1778159015.5718763,0.0,map,odom
1778159015,571876212,1778159015.5718763,,y,13,,-0.611206542118671,-0.7913755315620268,0.012301663150030798,-4.240198612213135,-0.5225376480546218,-0.8525416876913224,-0.011272848529814814,-2.7250962296846963,2373,-13.26414333613573,5.136411208017336,-0.1396339188725874,-13.296154501465535,5.197431937699545,-0.7777107139001779,5.342236518859863,4.082286834716797,2.8695333003997803,Online,true,1778159015.5718763,0.0,map,odom
1778159015,571876212,1778159015.5718763,,y,4,,-0.3713471578752729,-0.9283431736618463,-0.016740377935050125,2.786895990371704,-0.2690974445328073,-0.962251137499596,-0.040734674745802904,4.338076965080644,180,0.42258465157614816,2.8112579663594564,1.3165822989410825,0.5489793835764917,4.323992802952399,0.7723854324676993,2.7865735292434692,1.1047182083129883,1.2358481884002686,Online,true,1778159015.5718763,0.0,map,odom
1778159015,571876212,1778159015.5718763,,x,51,,0.887127899175353,-0.4603729664875981,-0.03257026607403937,23.794401168823242,0.9317706516789896,-0.3615312477274693,-0.03314528000078036,23.90951576433031,148,-22.450791539372624,8.328776646304775,0.8815824484100213,-22.781131039561817,7.360284701581598,0.21520074436007683,1.2214775085449219,3.0157370567321777,1.1672379672527313,Online,true,1778159015.5718763,0.0,map,odom
1778159015,571876212,1778159015.5718763,,x,54,,-0.7222823590419037,-0.6915763106484218,0.005513652762019614,-6.514186382293701,-0.6436527045503567,-0.765127226776477,-0.017074037904048246,-5.081407631299598,377,-13.514956732327489,4.69355556376733,-0.38219513398266597,-13.495842238067388,4.73579556874056,-1.0324283912101822,3.7485342025756836,3.913433074951172,2.4349993467330933,Online,true,1778159015.5718763,0.0,map,odom
1778159015,571876212,1778159015.5718763,,x,28,,-0.7236198784885911,0.689943850227798,-0.018755132337537363,5.983919620513916,-0.793513545929508,0.6084444231945285,-0.011473286793950571,5.4066215063294365,1278,-0.7471472122859507,-9.547951891202135,0.9499653231276779,0.719631527964916,-8.07786677340521,0.12623851615594278,11.568079471588135,12.555029153823853,2.131363868713379,Online,true,1778159015.5718763,0.0,map,odom
1778159015,571876212,1778159015.5718763,,x,49,,0.6983375036994575,-0.7155673589666058,-0.01697308776760337,21.528017044067383,0.7714296213429207,-0.6358207649842844,-0.02506579600805407,22.134278758927987,432,-20.83910083329236,9.746493054760826,0.3363563078455627,-21.32702978733959,8.954943898868253,-0.2821822911574951,2.2757015228271484,2.3155956268310547,1.9187489748001099,Online,true,1778159015.5718763,0.0,map,odom
1778159015,571876212,1778159015.5718763,,x,23,,0.7967185439487445,-0.6043096827358483,-0.007026313392589088,8.040108680725098,0.8571766423929496,-0.5148901451222901,-0.011676565929102125,8.433496365932868,108,-15.169435209698147,-6.695433872717398,0.1006729100589399,-13.918499324539752,-6.773025460698271,-0.8134752820721483,0.932835578918457,1.2333765029907227,1.9294939637184143,Online,true,1778159015.5718763,0.0,map,odom
1778159015,571876212,1778159015.5718763,,x,17,,-0.7172383873594451,-0.6968183123056341,-0.0036517575974278267,-5.527136325836182,-0.6379989422426959,-0.7695880873603987,-0.026296872250604324,-4.095721192777728,105,-10.9355988184611,3.327577150435675,-0.32582460599286217,-10.784966382487218,3.6539493083912347,-0.978366625240644,0.6955575942993164,0.710240364074707,1.986428678035736,Online,true,1778159015.5718763,0.0,map,odom
1778159015,571876212,1778159015.5718763,,x,3,,-0.9245688297567782,0.3773829630125769,0.05248407634730378,4.171250343322754,-0.9602211348718984,0.2745693369936919,0.05086306447873547,4.211182093167311,430,2.3675468929978303,-5.381910201283389,0.9355445097005645,3.3677353961071224,-3.6020219675171106,0.23481967762190165,6.244705319404602,15.457261323928833,2.715783953666687,Online,true,1778159015.5718763,0.0,map,odom
1778159015,571876212,1778159015.5718763,,y,48,,-0.7232655765796431,-0.6905266530829356,0.007736091842486541,-3.723485231399536,-0.6447613485922677,-0.7642398706269085,-0.014839929435364309,-2.2901989826167224,290,-16.98811299554233,12.167134067930025,-0.06245957481963881,-17.755889558319755,11.783757692841855,-0.5878525924663789,4.649208068847656,4.6517181396484375,2.483618378639221,Online,true,1778159015.5718763,0.0,map,odom
1778159015,571876212,1778159015.5718763,,y,42,,-0.6155243056669703,-0.7879174526739715,0.017774051450188996,-4.374574661254883,-0.5272472009813016,-0.8496923343100958,-0.005772873811469594,-2.8583537343420975,2167,-13.433652161341634,4.824584061394213,-0.12045613608233215,-13.431259065769881,4.868842850689969,-0.7670727089697439,4.727011680603027,3.352051258087158,2.096318781375885,Online,true,1778159015.5718763,0.0,map,odom
1778159015,571876212,1778159015.5718763,,y,33,,-0.6176813392000559,0.7858897634847627,0.029104000650931505,6.5708746910095215,-0.6989147776835375,0.7141096996802012,0.039566025302324705,5.822833088186207,103,-0.5939090888477067,-8.962351720309952,0.43347229135846627,0.8131532919888582,-7.467650839065602,-0.37582196587971006,4.125342845916748,3.200772285461426,2.2748732566833496,Online,true,1778159015.5718763,0.0,map,odom
1778159015,571876212,1778159015.5718763,,y,58,,-0.6682395911016394,-0.7430658313719773,0.036180369425778944,-5.660433769226074,-0.5846334043068855,-0.811192769894576,0.013041190103183919,-4.165666308531956,255,-14.171077122407802,5.113450814228432,-0.15220619977689256,-14.195212205250096,5.077446350481122,-0.8003566569663103,3.390446662902832,3.05039119720459,3.1172831058502197,Online,true,1778159015.5718763,0.0,map,odom
1778159015,571876212,1778159015.5718763,,y,32,,-0.6168745268920371,0.7869615097584232,-0.012545924855053243,6.628934860229492,-0.6978875173741973,0.7162044756524759,-0.002040134466541124,5.851925855227687,136,-0.4712555724031785,-8.900674199356752,0.6430949673933142,0.9267359080776881,-7.397912537284321,-0.16363048022999818,3.3181045055389404,2.550381660461426,0.969886988401413,Online,true,1778159015.5718763,0.0,map,odom
1778159015,571876212,1778159015.5718763,,y,13,,-0.611206542118671,-0.7913755315620268,0.012301663150030798,-4.240198612213135,-0.5225376480546218,-0.8525416876913224,-0.011272848529814814,-2.7250962296846963,2373,-13.26414333613573,5.136411208017336,-0.1396339188725874,-13.296154501465535,5.197431937699545,-0.7777107139001779,5.342236518859863,4.082286834716797,2.8695333003997803,Online,true,1778159015.5718763,0.0,map,odom
1778159015,571876212,1778159015.5718763,,y,4,,-0.3713471578752729,-0.9283431736618463,-0.016740377935050125,2.786895990371704,-0.2690974445328073,-0.962251137499596,-0.040734674745802904,4.338076965080644,180,0.42258465157614816,2.8112579663594564,1.3165822989410825,0.5489793835764917,4.323992802952399,0.7723854324676993,2.7865735292434692,1.1047182083129883,1.2358481884002686,Online,true,1778159015.5718763,0.0,map,odom
1778159015,571876212,1778159015.5718763,,x,51,,0.887127899175353,-0.4603729664875981,-0.03257026607403937,23.794401168823242,0.9317706516789896,-0.3615312477274693,-0.03314528000078036,23.90951576433031,148,-22.450791539372624,8.328776646304775,0.8815824484100213,-22.781131039561817,7.360284701581598,0.21520074436007683,1.2214775085449219,3.0157370567321777,1.1672379672527313,Online,true,1778159015.5718763,0.0,map,odom
1778159015,571876212,1778159015.5718763,,x,54,,-0.7222823590419037,-0.6915763106484218,0.005513652762019614,-6.514186382293701,-0.6436527045503567,-0.765127226776477,-0.017074037904048246,-5.081407631299598,377,-13.514956732327489,4.69355556376733,-0.38219513398266597,-13.495842238067388,4.73579556874056,-1.0324283912101822,3.7485342025756836,3.913433074951172,2.4349993467330933,Online,true,1778159015.5718763,0.0,map,odom
1778159015,571876212,1778159015.5718763,,x,28,,-0.7236198784885911,0.689943850227798,-0.018755132337537363,5.983919620513916,-0.793513545929508,0.6084444231945285,-0.011473286793950571,5.4066215063294365,1278,-0.7471472122859507,-9.547951891202135,0.9499653231276779,0.719631527964916,-8.07786677340521,0.12623851615594278,11.568079471588135,12.555029153823853,2.131363868713379,Online,true,1778159015.5718763,0.0,map,odom
1778159015,571876212,1778159015.5718763,,x,49,,0.6983375036994575,-0.7155673589666058,-0.01697308776760337,21.528017044067383,0.7714296213429207,-0.6358207649842844,-0.02506579600805407,22.134278758927987,432,-20.83910083329236,9.746493054760826,0.3363563078455627,-21.32702978733959,8.954943898868253,-0.2821822911574951,2.2757015228271484,2.3155956268310547,1.9187489748001099,Online,true,1778159015.5718763,0.0,map,odom
1778159015,571876212,1778159015.5718763,,x,23,,0.7967185439487445,-0.6043096827358483,-0.007026313392589088,8.040108680725098,0.8571766423929496,-0.5148901451222901,-0.011676565929102125,8.433496365932868,108,-15.169435209698147,-6.695433872717398,0.1006729100589399,-13.918499324539752,-6.773025460698271,-0.8134752820721483,0.932835578918457,1.2333765029907227,1.9294939637184143,Online,true,1778159015.5718763,0.0,map,odom
1778159015,571876212,1778159015.5718763,,x,17,,-0.7172383873594451,-0.6968183123056341,-0.0036517575974278267,-5.527136325836182,-0.6379989422426959,-0.7695880873603987,-0.026296872250604324,-4.095721192777728,105,-10.9355988184611,3.327577150435675,-0.32582460599286217,-10.784966382487218,3.6539493083912347,-0.978366625240644,0.6955575942993164,0.710240364074707,1.986428678035736,Online,true,1778159015.5718763,0.0,map,odom
1778159015,571876212,1778159015.5718763,,x,3,,-0.9245688297567782,0.3773829630125769,0.05248407634730378,4.171250343322754,-0.9602211348718984,0.2745693369936919,0.05086306447873547,4.211182093167311,430,2.3675468929978303,-5.381910201283389,0.9355445097005645,3.3677353961071224,-3.6020219675171106,0.23481967762190165,6.244705319404602,15.457261323928833,2.715783953666687,Online,true,1778159015.5718763,0.0,map,odom
1778159015,571876212,1778159015.5718763,,y,48,,-0.7232655765796431,-0.6905266530829356,0.007736091842486541,-3.723485231399536,-0.6447613485922677,-0.7642398706269085,-0.014839929435364309,-2.2901989826167224,290,-16.98811299554233,12.167134067930025,-0.06245957481963881,-17.755889558319755,11.783757692841855,-0.5878525924663789,4.649208068847656,4.6517181396484375,2.483618378639221,Online,true,1778159015.5718763,0.0,map,odom
1778159015,571876212,1778159015.5718763,,y,42,,-0.6155243056669703,-0.7879174526739715,0.017774051450188996,-4.374574661254883,-0.5272472009813016,-0.8496923343100958,-0.005772873811469594,-2.8583537343420975,2167,-13.433652161341634,4.824584061394213,-0.12045613608233215,-13.431259065769881,4.868842850689969,-0.7670727089697439,4.727011680603027,3.352051258087158,2.096318781375885,Online,true,1778159015.5718763,0.0,map,odom
1778159015,571876212,1778159015.5718763,,y,33,,-0.6176813392000559,0.7858897634847627,0.029104000650931505,6.5708746910095215,-0.6989147776835375,0.7141096996802012,0.039566025302324705,5.822833088186207,103,-0.5939090888477067,-8.962351720309952,0.43347229135846627,0.8131532919888582,-7.467650839065602,-0.37582196587971006,4.125342845916748,3.200772285461426,2.2748732566833496,Online,true,1778159015.5718763,0.0,map,odom
1778159015,571876212,1778159015.5718763,,y,58,,-0.6682395911016394,-0.7430658313719773,0.036180369425778944,-5.660433769226074,-0.5846334043068855,-0.811192769894576,0.013041190103183919,-4.165666308531956,255,-14.171077122407802,5.113450814228432,-0.15220619977689256,-14.195212205250096,5.077446350481122,-0.8003566569663103,3.390446662902832,3.05039119720459,3.1172831058502197,Online,true,1778159015.5718763,0.0,map,odom
1778159015,571876212,1778159015.5718763,,y,32,,-0.6168745268920371,0.7869615097584232,-0.012545924855053243,6.628934860229492,-0.6978875173741973,0.7162044756524759,-0.002040134466541124,5.851925855227687,136,-0.4712555724031785,-8.900674199356752,0.6430949673933142,0.9267359080776881,-7.397912537284321,-0.16363048022999818,3.3181045055389404,2.550381660461426,0.969886988401413,Online,true,1778159015.5718763,0.0,map,odom
1778159015,571876212,1778159015.5718763,,y,13,,-0.611206542118671,-0.7913755315620268,0.012301663150030798,-4.240198612213135,-0.5225376480546218,-0.8525416876913224,-0.011272848529814814,-2.7250962296846963,2373,-13.26414333613573,5.136411208017336,-0.1396339188725874,-13.296154501465535,5.197431937699545,-0.7777107139001779,5.342236518859863,4.082286834716797,2.8695333003997803,Online,true,1778159015.5718763,0.0,map,odom
1778159015,571876212,1778159015.5718763,,y,4,,-0.3713471578752729,-0.9283431736618463,-0.016740377935050125,2.786895990371704,-0.2690974445328073,-0.962251137499596,-0.040734674745802904,4.338076965080644,180,0.42258465157614816,2.8112579663594564,1.3165822989410825,0.5489793835764917,4.323992802952399,0.7723854324676993,2.7865735292434692,1.1047182083129883,1.2358481884002686,Online,true,1778159015.5718763,0.0,map,odom
1778159015,571876212,1778159015.5718763,,x,51,,0.887127899175353,-0.4603729664875981,-0.03257026607403937,23.794401168823242,0.9317706516789896,-0.3615312477274693,-0.03314528000078036,23.90951576433031,148,-22.450791539372624,8.328776646304775,0.8815824484100213,-22.781131039561817,7.360284701581598,0.21520074436007683,1.2214775085449219,3.0157370567321777,1.1672379672527313,Online,true,1778159015.5718763,0.0,map,odom
1778159015,571876212,1778159015.5718763,,x,54,,-0.7222823590419037,-0.6915763106484218,0.005513652762019614,-6.514186382293701,-0.6436527045503567,-0.765127226776477,-0.017074037904048246,-5.081407631299598,377,-13.514956732327489,4.69355556376733,-0.38219513398266597,-13.495842238067388,4.73579556874056,-1.0324283912101822,3.7485342025756836,3.913433074951172,2.4349993467330933,Online,true,1778159015.5718763,0.0,map,odom
1778159015,571876212,1778159015.5718763,,x,28,,-0.7236198784885911,0.689943850227798,-0.018755132337537363,5.983919620513916,-0.793513545929508,0.6084444231945285,-0.011473286793950571,5.4066215063294365,1278,-0.7471472122859507,-9.547951891202135,0.9499653231276779,0.719631527964916,-8.07786677340521,0.12623851615594278,11.568079471588135,12.555029153823853,2.131363868713379,Online,true,1778159015.5718763,0.0,map,odom
1778159015,571876212,1778159015.5718763,,x,49,,0.6983375036994575,-0.7155673589666058,-0.01697308776760337,21.528017044067383,0.7714296213429207,-0.6358207649842844,-0.02506579600805407,22.134278758927987,432,-20.83910083329236,9.746493054760826,0.3363563078455627,-21.32702978733959,8.954943898868253,-0.2821822911574951,2.2757015228271484,2.3155956268310547,1.9187489748001099,Online,true,1778159015.5718763,0.0,map,odom
1778159015,571876212,1778159015.5718763,,x,23,,0.7967185439487445,-0.6043096827358483,-0.007026313392589088,8.040108680725098,0.8571766423929496,-0.5148901451222901,-0.011676565929102125,8.433496365932868,108,-15.169435209698147,-6.695433872717398,0.1006729100589399,-13.918499324539752,-6.773025460698271,-0.8134752820721483,0.932835578918457,1.2333765029907227,1.9294939637184143,Online,true,1778159015.5718763,0.0,map,odom
1778159015,571876212,1778159015.5718763,,x,17,,-0.7172383873594451,-0.6968183123056341,-0.0036517575974278267,-5.527136325836182,-0.6379989422426959,-0.7695880873603987,-0.026296872250604324,-4.095721192777728,105,-10.9355988184611,3.327577150435675,-0.32582460599286217,-10.784966382487218,3.6539493083912347,-0.978366625240644,0.6955575942993164,0.710240364074707,1.986428678035736,Online,true,1778159015.5718763,0.0,map,odom
1778159015,571876212,1778159015.5718763,,x,3,,-0.9245688297567782,0.3773829630125769,0.05248407634730378,4.171250343322754,-0.9602211348718984,0.2745693369936919,0.05086306447873547,4.211182093167311,430,2.3675468929978303,-5.381910201283389,0.9355445097005645,3.3677353961071224,-3.6020219675171106,0.23481967762190165,6.244705319404602,15.457261323928833,2.715783953666687,Online,true,1778159015.5718763,0.0,map,odom
1778159015,571876212,1778159015.5718763,,y,48,,-0.7232655765796431,-0.6905266530829356,0.007736091842486541,-3.723485231399536,-0.6447613485922677,-0.7642398706269085,-0.014839929435364309,-2.2901989826167224,290,-16.98811299554233,12.167134067930025,-0.06245957481963881,-17.755889558319755,11.783757692841855,-0.5878525924663789,4.649208068847656,4.6517181396484375,2.483618378639221,Online,true,1778159015.5718763,0.0,map,odom
1778159015,571876212,1778159015.5718763,,y,42,,-0.6155243056669703,-0.7879174526739715,0.017774051450188996,-4.374574661254883,-0.5272472009813016,-0.8496923343100958,-0.005772873811469594,-2.8583537343420975,2167,-13.433652161341634,4.824584061394213,-0.12045613608233215,-13.431259065769881,4.868842850689969,-0.7670727089697439,4.727011680603027,3.352051258087158,2.096318781375885,Online,true,1778159015.5718763,0.0,map,odom
1778159015,571876212,1778159015.5718763,,y,33,,-0.6176813392000559,0.7858897634847627,0.029104000650931505,6.5708746910095215,-0.6989147776835375,0.7141096996802012,0.039566025302324705,5.822833088186207,103,-0.5939090888477067,-8.962351720309952,0.43347229135846627,0.8131532919888582,-7.467650839065602,-0.37582196587971006,4.125342845916748,3.200772285461426,2.2748732566833496,Online,true,1778159015.5718763,0.0,map,odom
1778159015,571876212,1778159015.5718763,,y,58,,-0.6682395911016394,-0.7430658313719773,0.036180369425778944,-5.660433769226074,-0.5846334043068855,-0.811192769894576,0.013041190103183919,-4.165666308531956,255,-14.171077122407802,5.113450814228432,-0.15220619977689256,-14.195212205250096,5.077446350481122,-0.8003566569663103,3.390446662902832,3.05039119720459,3.1172831058502197,Online,true,1778159015.5718763,0.0,map,odom
1778159015,571876212,1778159015.5718763,,y,32,,-0.6168745268920371,0.7869615097584232,-0.012545924855053243,6.628934860229492,-0.6978875173741973,0.7162044756524759,-0.002040134466541124,5.851925855227687,136,-0.4712555724031785,-8.900674199356752,0.6430949673933142,0.9267359080776881,-7.397912537284321,-0.16363048022999818,3.3181045055389404,2.550381660461426,0.969886988401413,Online,true,1778159015.5718763,0.0,map,odom
1778159015,571876212,1778159015.5718763,,y,13,,-0.611206542118671,-0.7913755315620268,0.012301663150030798,-4.240198612213135,-0.5225376480546218,-0.8525416876913224,-0.011272848529814814,-2.7250962296846963,2373,-13.26414333613573,5.136411208017336,-0.1396339188725874,-13.296154501465535,5.197431937699545,-0.7777107139001779,5.342236518859863,4.082286834716797,2.8695333003997803,Online,true,1778159015.5718763,0.0,map,odom
1778159015,571876212,1778159015.5718763,,y,4,,-0.3713471578752729,-0.9283431736618463,-0.016740377935050125,2.786895990371704,-0.2690974445328073,-0.962251137499596,-0.040734674745802904,4.338076965080644,180,0.42258465157614816,2.8112579663594564,1.3165822989410825,0.5489793835764917,4.323992802952399,0.7723854324676993,2.7865735292434692,1.1047182083129883,1.2358481884002686,Online,true,1778159015.5718763,0.0,map,odom
1778159015,571876212,1778159015.5718763,,x,51,,0.887127899175353,-0.4603729664875981,-0.03257026607403937,23.794401168823242,0.9317706516789896,-0.3615312477274693,-0.03314528000078036,23.90951576433031,148,-22.450791539372624,8.328776646304775,0.8815824484100213,-22.781131039561817,7.360284701581598,0.21520074436007683,1.2214775085449219,3.0157370567321777,1.1672379672527313,Online,true,1778159015.5718763,0.0,map,odom
1778159015,571876212,1778159015.5718763,,x,54,,-0.7222823590419037,-0.6915763106484218,0.005513652762019614,-6.514186382293701,-0.6436527045503567,-0.765127226776477,-0.017074037904048246,-5.081407631299598,377,-13.514956732327489,4.69355556376733,-0.38219513398266597,-13.495842238067388,4.73579556874056,-1.0324283912101822,3.7485342025756836,3.913433074951172,2.4349993467330933,Online,true,1778159015.5718763,0.0,map,odom
1778159015,571876212,1778159015.5718763,,x,28,,-0.7236198784885911,0.689943850227798,-0.018755132337537363,5.983919620513916,-0.793513545929508,0.6084444231945285,-0.011473286793950571,5.4066215063294365,1278,-0.7471472122859507,-9.547951891202135,0.9499653231276779,0.719631527964916,-8.07786677340521,0.12623851615594278,11.568079471588135,12.555029153823853,2.131363868713379,Online,true,1778159015.5718763,0.0,map,odom
1778159015,571876212,1778159015.5718763,,x,49,,0.6983375036994575,-0.7155673589666058,-0.01697308776760337,21.528017044067383,0.7714296213429207,-0.6358207649842844,-0.02506579600805407,22.134278758927987,432,-20.83910083329236,9.746493054760826,0.3363563078455627,-21.32702978733959,8.954943898868253,-0.2821822911574951,2.2757015228271484,2.3155956268310547,1.9187489748001099,Online,true,1778159015.5718763,0.0,map,odom
1778159015,571876212,1778159015.5718763,,x,23,,0.7967185439487445,-0.6043096827358483,-0.007026313392589088,8.040108680725098,0.8571766423929496,-0.5148901451222901,-0.011676565929102125,8.433496365932868,108,-15.169435209698147,-6.695433872717398,0.1006729100589399,-13.918499324539752,-6.773025460698271,-0.8134752820721483,0.932835578918457,1.2333765029907227,1.9294939637184143,Online,true,1778159015.5718763,0.0,map,odom
1778159015,571876212,1778159015.5718763,,x,17,,-0.7172383873594451,-0.6968183123056341,-0.0036517575974278267,-5.527136325836182,-0.6379989422426959,-0.7695880873603987,-0.026296872250604324,-4.095721192777728,105,-10.9355988184611,3.327577150435675,-0.32582460599286217,-10.784966382487218,3.6539493083912347,-0.978366625240644,0.6955575942993164,0.710240364074707,1.986428678035736,Online,true,1778159015.5718763,0.0,map,odom
1778159015,571876212,1778159015.5718763,,x,3,,-0.9245688297567782,0.3773829630125769,0.05248407634730378,4.171250343322754,-0.9602211348718984,0.2745693369936919,0.05086306447873547,4.211182093167311,430,2.3675468929978303,-5.381910201283389,0.9355445097005645,3.3677353961071224,-3.6020219675171106,0.23481967762190165,6.244705319404602,15.457261323928833,2.715783953666687,Online,true,1778159015.5718763,0.0,map,odom
1778159015,571876212,1778159015.5718763,,y,48,,-0.7232655765796431,-0.6905266530829356,0.007736091842486541,-3.723485231399536,-0.6447613485922677,-0.7642398706269085,-0.014839929435364309,-2.2901989826167224,290,-16.98811299554233,12.167134067930025,-0.06245957481963881,-17.755889558319755,11.783757692841855,-0.5878525924663789,4.649208068847656,4.6517181396484375,2.483618378639221,Online,true,1778159015.5718763,0.0,map,odom
1778159015,571876212,1778159015.5718763,,y,42,,-0.6155243056669703,-0.7879174526739715,0.017774051450188996,-4.374574661254883,-0.5272472009813016,-0.8496923343100958,-0.005772873811469594,-2.8583537343420975,2167,-13.433652161341634,4.824584061394213,-0.12045613608233215,-13.431259065769881,4.868842850689969,-0.7670727089697439,4.727011680603027,3.352051258087158,2.096318781375885,Online,true,1778159015.5718763,0.0,map,odom
1778159015,571876212,1778159015.5718763,,y,33,,-0.6176813392000559,0.7858897634847627,0.029104000650931505,6.5708746910095215,-0.6989147776835375,0.7141096996802012,0.039566025302324705,5.822833088186207,103,-0.5939090888477067,-8.962351720309952,0.43347229135846627,0.8131532919888582,-7.467650839065602,-0.37582196587971006,4.125342845916748,3.200772285461426,2.2748732566833496,Online,true,1778159015.5718763,0.0,map,odom
1778159015,571876212,1778159015.5718763,,y,58,,-0.6682395911016394,-0.7430658313719773,0.036180369425778944,-5.660433769226074,-0.5846334043068855,-0.811192769894576,0.013041190103183919,-4.165666308531956,255,-14.171077122407802,5.113450814228432,-0.15220619977689256,-14.195212205250096,5.077446350481122,-0.8003566569663103,3.390446662902832,3.05039119720459,3.1172831058502197,Online,true,1778159015.5718763,0.0,map,odom
1778159015,571876212,1778159015.5718763,,y,32,,-0.6168745268920371,0.7869615097584232,-0.012545924855053243,6.628934860229492,-0.6978875173741973,0.7162044756524759,-0.002040134466541124,5.851925855227687,136,-0.4712555724031785,-8.900674199356752,0.6430949673933142,0.9267359080776881,-7.397912537284321,-0.16363048022999818,3.3181045055389404,2.550381660461426,0.969886988401413,Online,true,1778159015.5718763,0.0,map,odom
1778159015,571876212,1778159015.5718763,,y,13,,-0.611206542118671,-0.7913755315620268,0.012301663150030798,-4.240198612213135,-0.5225376480546218,-0.8525416876913224,-0.011272848529814814,-2.7250962296846963,2373,-13.26414333613573,5.136411208017336,-0.1396339188725874,-13.296154501465535,5.197431937699545,-0.7777107139001779,5.342236518859863,4.082286834716797,2.8695333003997803,Online,true,1778159015.5718763,0.0,map,odom
1778159015,571876212,1778159015.5718763,,y,4,,-0.3713471578752729,-0.9283431736618463,-0.016740377935050125,2.786895990371704,-0.2690974445328073,-0.962251137499596,-0.040734674745802904,4.338076965080644,180,0.42258465157614816,2.8112579663594564,1.3165822989410825,0.5489793835764917,4.323992802952399,0.7723854324676993,2.7865735292434692,1.1047182083129883,1.2358481884002686,Online,true,1778159015.5718763,0.0,map,odom
1778159015,571876212,1778159015.5718763,,x,51,,0.887127899175353,-0.4603729664875981,-0.03257026607403937,23.794401168823242,0.9317706516789896,-0.3615312477274693,-0.03314528000078036,23.90951576433031,148,-22.450791539372624,8.328776646304775,0.8815824484100213,-22.781131039561817,7.360284701581598,0.21520074436007683,1.2214775085449219,3.0157370567321777,1.1672379672527313,Online,true,1778159015.5718763,0.0,map,odom
1778159015,571876212,1778159015.5718763,,x,54,,-0.7222823590419037,-0.6915763106484218,0.005513652762019614,-6.514186382293701,-0.6436527045503567,-0.765127226776477,-0.017074037904048246,-5.081407631299598,377,-13.514956732327489,4.69355556376733,-0.38219513398266597,-13.495842238067388,4.73579556874056,-1.0324283912101822,3.7485342025756836,3.913433074951172,2.4349993467330933,Online,true,1778159015.5718763,0.0,map,odom
1778159015,571876212,1778159015.5718763,,x,28,,-0.7236198784885911,0.689943850227798,-0.018755132337537363,5.983919620513916,-0.793513545929508,0.6084444231945285,-0.011473286793950571,5.4066215063294365,1278,-0.7471472122859507,-9.547951891202135,0.9499653231276779,0.719631527964916,-8.07786677340521,0.12623851615594278,11.568079471588135,12.555029153823853,2.131363868713379,Online,true,1778159015.5718763,0.0,map,odom
1778159015,571876212,1778159015.5718763,,x,49,,0.6983375036994575,-0.7155673589666058,-0.01697308776760337,21.528017044067383,0.7714296213429207,-0.6358207649842844,-0.02506579600805407,22.134278758927987,432,-20.83910083329236,9.746493054760826,0.3363563078455627,-21.32702978733959,8.954943898868253,-0.2821822911574951,2.2757015228271484,2.3155956268310547,1.9187489748001099,Online,true,1778159015.5718763,0.0,map,odom
1778159015,571876212,1778159015.5718763,,x,23,,0.7967185439487445,-0.6043096827358483,-0.007026313392589088,8.040108680725098,0.8571766423929496,-0.5148901451222901,-0.011676565929102125,8.433496365932868,108,-15.169435209698147,-6.695433872717398,0.1006729100589399,-13.918499324539752,-6.773025460698271,-0.8134752820721483,0.932835578918457,1.2333765029907227,1.9294939637184143,Online,true,1778159015.5718763,0.0,map,odom
1778159015,571876212,1778159015.5718763,,x,17,,-0.7172383873594451,-0.6968183123056341,-0.0036517575974278267,-5.527136325836182,-0.6379989422426959,-0.7695880873603987,-0.026296872250604324,-4.095721192777728,105,-10.9355988184611,3.327577150435675,-0.32582460599286217,-10.784966382487218,3.6539493083912347,-0.978366625240644,0.6955575942993164,0.710240364074707,1.986428678035736,Online,true,1778159015.5718763,0.0,map,odom
1778159015,571876212,1778159015.5718763,,x,3,,-0.9245688297567782,0.3773829630125769,0.05248407634730378,4.171250343322754,-0.9602211348718984,0.2745693369936919,0.05086306447873547,4.211182093167311,430,2.3675468929978303,-5.381910201283389,0.9355445097005645,3.3677353961071224,-3.6020219675171106,0.23481967762190165,6.244705319404602,15.457261323928833,2.715783953666687,Online,true,1778159015.5718763,0.0,map,odom
1778159015,571876212,1778159015.5718763,,y,48,,-0.7232655765796431,-0.6905266530829356,0.007736091842486541,-3.723485231399536,-0.6447613485922677,-0.7642398706269085,-0.014839929435364309,-2.2901989826167224,290,-16.98811299554233,12.167134067930025,-0.06245957481963881,-17.755889558319755,11.783757692841855,-0.5878525924663789,4.649208068847656,4.6517181396484375,2.483618378639221,Online,true,1778159015.5718763,0.0,map,odom
1778159015,571876212,1778159015.5718763,,y,42,,-0.6155243056669703,-0.7879174526739715,0.017774051450188996,-4.374574661254883,-0.5272472009813016,-0.8496923343100958,-0.005772873811469594,-2.8583537343420975,2167,-13.433652161341634,4.824584061394213,-0.12045613608233215,-13.431259065769881,4.868842850689969,-0.7670727089697439,4.727011680603027,3.352051258087158,2.096318781375885,Online,true,1778159015.5718763,0.0,map,odom
1778159015,571876212,1778159015.5718763,,y,33,,-0.6176813392000559,0.7858897634847627,0.029104000650931505,6.5708746910095215,-0.6989147776835375,0.7141096996802012,0.039566025302324705,5.822833088186207,103,-0.5939090888477067,-8.962351720309952,0.43347229135846627,0.8131532919888582,-7.467650839065602,-0.37582196587971006,4.125342845916748,3.200772285461426,2.2748732566833496,Online,true,1778159015.5718763,0.0,map,odom
1778159015,571876212,1778159015.5718763,,y,58,,-0.6682395911016394,-0.7430658313719773,0.036180369425778944,-5.660433769226074,-0.5846334043068855,-0.811192769894576,0.013041190103183919,-4.165666308531956,255,-14.171077122407802,5.113450814228432,-0.15220619977689256,-14.195212205250096,5.077446350481122,-0.8003566569663103,3.390446662902832,3.05039119720459,3.1172831058502197,Online,true,1778159015.5718763,0.0,map,odom
1778159015,571876212,1778159015.5718763,,y,32,,-0.6168745268920371,0.7869615097584232,-0.012545924855053243,6.628934860229492,-0.6978875173741973,0.7162044756524759,-0.002040134466541124,5.851925855227687,136,-0.4712555724031785,-8.900674199356752,0.6430949673933142,0.9267359080776881,-7.397912537284321,-0.16363048022999818,3.3181045055389404,2.550381660461426,0.969886988401413,Online,true,1778159015.5718763,0.0,map,odom
1778159015,571876212,1778159015.5718763,,y,13,,-0.611206542118671,-0.7913755315620268,0.012301663150030798,-4.240198612213135,-0.5225376480546218,-0.8525416876913224,-0.011272848529814814,-2.7250962296846963,2373,-13.26414333613573,5.136411208017336,-0.1396339188725874,-13.296154501465535,5.197431937699545,-0.7777107139001779,5.342236518859863,4.082286834716797,2.8695333003997803,Online,true,1778159015.5718763,0.0,map,odom
1778159015,571876212,1778159015.5718763,,y,4,,-0.3713471578752729,-0.9283431736618463,-0.016740377935050125,2.786895990371704,-0.2690974445328073,-0.962251137499596,-0.040734674745802904,4.338076965080644,180,0.42258465157614816,2.8112579663594564,1.3165822989410825,0.5489793835764917,4.323992802952399,0.7723854324676993,2.7865735292434692,1.1047182083129883,1.2358481884002686,Online,true,1778159015.5718763,0.0,map,odom
1778159015,571876212,1778159015.5718763,,x,51,,0.887127899175353,-0.4603729664875981,-0.03257026607403937,23.794401168823242,0.9317706516789896,-0.3615312477274693,-0.03314528000078036,23.90951576433031,148,-22.450791539372624,8.328776646304775,0.8815824484100213,-22.781131039561817,7.360284701581598,0.21520074436007683,1.2214775085449219,3.0157370567321777,1.1672379672527313,Online,true,1778159015.5718763,0.0,map,odom
1778159015,571876212,1778159015.5718763,,x,54,,-0.7222823590419037,-0.6915763106484218,0.005513652762019614,-6.514186382293701,-0.6436527045503567,-0.765127226776477,-0.017074037904048246,-5.081407631299598,377,-13.514956732327489,4.69355556376733,-0.38219513398266597,-13.495842238067388,4.73579556874056,-1.0324283912101822,3.7485342025756836,3.913433074951172,2.4349993467330933,Online,true,1778159015.5718763,0.0,map,odom
1778159015,571876212,1778159015.5718763,,x,28,,-0.7236198784885911,0.689943850227798,-0.018755132337537363,5.983919620513916,-0.793513545929508,0.6084444231945285,-0.011473286793950571,5.4066215063294365,1278,-0.7471472122859507,-9.547951891202135,0.9499653231276779,0.719631527964916,-8.07786677340521,0.12623851615594278,11.568079471588135,12.555029153823853,2.131363868713379,Online,true,1778159015.5718763,0.0,map,odom
1778159015,571876212,1778159015.5718763,,x,49,,0.6983375036994575,-0.7155673589666058,-0.01697308776760337,21.528017044067383,0.7714296213429207,-0.6358207649842844,-0.02506579600805407,22.134278758927987,432,-20.83910083329236,9.746493054760826,0.3363563078455627,-21.32702978733959,8.954943898868253,-0.2821822911574951,2.2757015228271484,2.3155956268310547,1.9187489748001099,Online,true,1778159015.5718763,0.0,map,odom
1778159015,571876212,1778159015.5718763,,x,23,,0.7967185439487445,-0.6043096827358483,-0.007026313392589088,8.040108680725098,0.8571766423929496,-0.5148901451222901,-0.011676565929102125,8.433496365932868,108,-15.169435209698147,-6.695433872717398,0.1006729100589399,-13.918499324539752,-6.773025460698271,-0.8134752820721483,0.932835578918457,1.2333765029907227,1.9294939637184143,Online,true,1778159015.5718763,0.0,map,odom
1778159015,571876212,1778159015.5718763,,x,17,,-0.7172383873594451,-0.6968183123056341,-0.0036517575974278267,-5.527136325836182,-0.6379989422426959,-0.7695880873603987,-0.026296872250604324,-4.095721192777728,105,-10.9355988184611,3.327577150435675,-0.32582460599286217,-10.784966382487218,3.6539493083912347,-0.978366625240644,0.6955575942993164,0.710240364074707,1.986428678035736,Online,true,1778159015.5718763,0.0,map,odom
1778159015,571876212,1778159015.5718763,,x,3,,-0.9245688297567782,0.3773829630125769,0.05248407634730378,4.171250343322754,-0.9602211348718984,0.2745693369936919,0.05086306447873547,4.211182093167311,430,2.3675468929978303,-5.381910201283389,0.9355445097005645,3.3677353961071224,-3.6020219675171106,0.23481967762190165,6.244705319404602,15.457261323928833,2.715783953666687,Online,true,1778159015.5718763,0.0,map,odom
1778159015,571876212,1778159015.5718763,,y,48,,-0.7232655765796431,-0.6905266530829356,0.007736091842486541,-3.723485231399536,-0.6447613485922677,-0.7642398706269085,-0.014839929435364309,-2.2901989826167224,290,-16.98811299554233,12.167134067930025,-0.06245957481963881,-17.755889558319755,11.783757692841855,-0.5878525924663789,4.649208068847656,4.6517181396484375,2.483618378639221,Online,true,1778159015.5718763,0.0,map,odom
1778159015,571876212,1778159015.5718763,,y,42,,-0.6155243056669703,-0.7879174526739715,0.017774051450188996,-4.374574661254883,-0.5272472009813016,-0.8496923343100958,-0.005772873811469594,-2.8583537343420975,2167,-13.433652161341634,4.824584061394213,-0.12045613608233215,-13.431259065769881,4.868842850689969,-0.7670727089697439,4.727011680603027,3.352051258087158,2.096318781375885,Online,true,1778159015.5718763,0.0,map,odom
1778159015,571876212,1778159015.5718763,,y,33,,-0.6176813392000559,0.7858897634847627,0.029104000650931505,6.5708746910095215,-0.6989147776835375,0.7141096996802012,0.039566025302324705,5.822833088186207,103,-0.5939090888477067,-8.962351720309952,0.43347229135846627,0.8131532919888582,-7.467650839065602,-0.37582196587971006,4.125342845916748,3.200772285461426,2.2748732566833496,Online,true,1778159015.5718763,0.0,map,odom
1778159015,571876212,1778159015.5718763,,y,58,,-0.6682395911016394,-0.7430658313719773,0.036180369425778944,-5.660433769226074,-0.5846334043068855,-0.811192769894576,0.013041190103183919,-4.165666308531956,255,-14.171077122407802,5.113450814228432,-0.15220619977689256,-14.195212205250096,5.077446350481122,-0.8003566569663103,3.390446662902832,3.05039119720459,3.1172831058502197,Online,true,1778159015.5718763,0.0,map,odom
1778159015,571876212,1778159015.5718763,,y,32,,-0.6168745268920371,0.7869615097584232,-0.012545924855053243,6.628934860229492,-0.6978875173741973,0.7162044756524759,-0.002040134466541124,5.851925855227687,136,-0.4712555724031785,-8.900674199356752,0.6430949673933142,0.9267359080776881,-7.397912537284321,-0.16363048022999818,3.3181045055389404,2.550381660461426,0.969886988401413,Online,true,1778159015.5718763,0.0,map,odom
1778159015,571876212,1778159015.5718763,,y,13,,-0.611206542118671,-0.7913755315620268,0.012301663150030798,-4.240198612213135,-0.5225376480546218,-0.8525416876913224,-0.011272848529814814,-2.7250962296846963,2373,-13.26414333613573,5.136411208017336,-0.1396339188725874,-13.296154501465535,5.197431937699545,-0.7777107139001779,5.342236518859863,4.082286834716797,2.8695333003997803,Online,true,1778159015.5718763,0.0,map,odom
1778159015,571876212,1778159015.5718763,,y,4,,-0.3713471578752729,-0.9283431736618463,-0.016740377935050125,2.786895990371704,-0.2690974445328073,-0.962251137499596,-0.040734674745802904,4.338076965080644,180,0.42258465157614816,2.8112579663594564,1.3165822989410825,0.5489793835764917,4.323992802952399,0.7723854324676993,2.7865735292434692,1.1047182083129883,1.2358481884002686,Online,true,1778159015.5718763,0.0,map,odom
